#include "eff_large_words.h"
#include <stdexcept>

static const char words_blob[] = {
    0x61, 0x62, 0x61, 0x63, 0x75, 0x73, 0x0, 0x61, 0x62, 0x64, 0x6f, 0x6d, 0x65, 0x6e, 0x0, 0x61,
    0x62, 0x64, 0x6f, 0x6d, 0x69, 0x6e, 0x61, 0x6c, 0x0, 0x61, 0x62, 0x69, 0x64, 0x65, 0x0, 0x61,
    0x62, 0x69, 0x64, 0x69, 0x6e, 0x67, 0x0, 0x61, 0x62, 0x69, 0x6c, 0x69, 0x74, 0x79, 0x0, 0x61,
    0x62, 0x6c, 0x61, 0x7a, 0x65, 0x0, 0x61, 0x62, 0x6c, 0x65, 0x0, 0x61, 0x62, 0x6e, 0x6f, 0x72,
    0x6d, 0x61, 0x6c, 0x0, 0x61, 0x62, 0x72, 0x61, 0x73, 0x69, 0x6f, 0x6e, 0x0, 0x61, 0x62, 0x72,
    0x61, 0x73, 0x69, 0x76, 0x65, 0x0, 0x61, 0x62, 0x72, 0x65, 0x61, 0x73, 0x74, 0x0, 0x61, 0x62,
    0x72, 0x69, 0x64, 0x67, 0x65, 0x0, 0x61, 0x62, 0x72, 0x6f, 0x61, 0x64, 0x0, 0x61, 0x62, 0x72,
    0x75, 0x70, 0x74, 0x6c, 0x79, 0x0, 0x61, 0x62, 0x73, 0x65, 0x6e, 0x63, 0x65, 0x0, 0x61, 0x62,
    0x73, 0x65, 0x6e, 0x74, 0x65, 0x65, 0x0, 0x61, 0x62, 0x73, 0x65, 0x6e, 0x74, 0x6c, 0x79, 0x0,
    0x61, 0x62, 0x73, 0x69, 0x6e, 0x74, 0x68, 0x65, 0x0, 0x61, 0x62, 0x73, 0x6f, 0x6c, 0x75, 0x74,
    0x65, 0x0, 0x61, 0x62, 0x73, 0x6f, 0x6c, 0x76, 0x65, 0x0, 0x61, 0x62, 0x73, 0x74, 0x61, 0x69,
    0x6e, 0x0, 0x61, 0x62, 0x73, 0x74, 0x72, 0x61, 0x63, 0x74, 0x0, 0x61, 0x62, 0x73, 0x75, 0x72,
    0x64, 0x0, 0x61, 0x63, 0x63, 0x65, 0x6e, 0x74, 0x0, 0x61, 0x63, 0x63, 0x6c, 0x61, 0x69, 0x6d,
    0x0, 0x61, 0x63, 0x63, 0x6c, 0x69, 0x6d, 0x61, 0x74, 0x65, 0x0, 0x61, 0x63, 0x63, 0x6f, 0x6d,
    0x70, 0x61, 0x6e, 0x79, 0x0, 0x61, 0x63, 0x63, 0x6f, 0x75, 0x6e, 0x74, 0x0, 0x61, 0x63, 0x63,
    0x75, 0x72, 0x61, 0x63, 0x79, 0x0, 0x61, 0x63, 0x63, 0x75, 0x72, 0x61, 0x74, 0x65, 0x0, 0x61,
    0x63, 0x63, 0x75, 0x73, 0x74, 0x6f, 0x6d, 0x0, 0x61, 0x63, 0x65, 0x74, 0x6f, 0x6e, 0x65, 0x0,
    0x61, 0x63, 0x68, 0x69, 0x6e, 0x65, 0x73, 0x73, 0x0, 0x61, 0x63, 0x68, 0x69, 0x6e, 0x67, 0x0,
    0x61, 0x63, 0x69, 0x64, 0x0, 0x61, 0x63, 0x6f, 0x72, 0x6e, 0x0, 0x61, 0x63, 0x71, 0x75, 0x61,
    0x69, 0x6e, 0x74, 0x0, 0x61, 0x63, 0x71, 0x75, 0x69, 0x72, 0x65, 0x0, 0x61, 0x63, 0x72, 0x65,
    0x0, 0x61, 0x63, 0x72, 0x6f, 0x62, 0x61, 0x74, 0x0, 0x61, 0x63, 0x72, 0x6f, 0x6e, 0x79, 0x6d,
    0x0, 0x61, 0x63, 0x74, 0x69, 0x6e, 0x67, 0x0, 0x61, 0x63, 0x74, 0x69, 0x6f, 0x6e, 0x0, 0x61,
    0x63, 0x74, 0x69, 0x76, 0x61, 0x74, 0x65, 0x0, 0x61, 0x63, 0x74, 0x69, 0x76, 0x61, 0x74, 0x6f,
    0x72, 0x0, 0x61, 0x63, 0x74, 0x69, 0x76, 0x65, 0x0, 0x61, 0x63, 0x74, 0x69, 0x76, 0x69, 0x73,
    0x6d, 0x0, 0x61, 0x63, 0x74, 0x69, 0x76, 0x69, 0x73, 0x74, 0x0, 0x61, 0x63, 0x74, 0x69, 0x76,
    0x69, 0x74, 0x79, 0x0, 0x61, 0x63, 0x74, 0x72, 0x65, 0x73, 0x73, 0x0, 0x61, 0x63, 0x74, 0x73,
    0x0, 0x61, 0x63, 0x75, 0x74, 0x65, 0x6c, 0x79, 0x0, 0x61, 0x63, 0x75, 0x74, 0x65, 0x6e, 0x65,
    0x73, 0x73, 0x0, 0x61, 0x65, 0x72, 0x61, 0x74, 0x69, 0x6f, 0x6e, 0x0, 0x61, 0x65, 0x72, 0x6f,
    0x62, 0x69, 0x63, 0x73, 0x0, 0x61, 0x65, 0x72, 0x6f, 0x73, 0x6f, 0x6c, 0x0, 0x61, 0x65, 0x72,
    0x6f, 0x73, 0x70, 0x61, 0x63, 0x65, 0x0, 0x61, 0x66, 0x61, 0x72, 0x0, 0x61, 0x66, 0x66, 0x61,
    0x69, 0x72, 0x0, 0x61, 0x66, 0x66, 0x65, 0x63, 0x74, 0x65, 0x64, 0x0, 0x61, 0x66, 0x66, 0x65,
    0x63, 0x74, 0x69, 0x6e, 0x67, 0x0, 0x61, 0x66, 0x66, 0x65, 0x63, 0x74, 0x69, 0x6f, 0x6e, 0x0,
    0x61, 0x66, 0x66, 0x69, 0x64, 0x61, 0x76, 0x69, 0x74, 0x0, 0x61, 0x66, 0x66, 0x69, 0x6c, 0x69,
    0x61, 0x74, 0x65, 0x0, 0x61, 0x66, 0x66, 0x69, 0x72, 0x6d, 0x0, 0x61, 0x66, 0x66, 0x69, 0x78,
    0x0, 0x61, 0x66, 0x66, 0x6c, 0x69, 0x63, 0x74, 0x65, 0x64, 0x0, 0x61, 0x66, 0x66, 0x6c, 0x75,
    0x65, 0x6e, 0x74, 0x0, 0x61, 0x66, 0x66, 0x6f, 0x72, 0x64, 0x0, 0x61, 0x66, 0x66, 0x72, 0x6f,
    0x6e, 0x74, 0x0, 0x61, 0x66, 0x6c, 0x61, 0x6d, 0x65, 0x0, 0x61, 0x66, 0x6c, 0x6f, 0x61, 0x74,
    0x0, 0x61, 0x66, 0x6c, 0x75, 0x74, 0x74, 0x65, 0x72, 0x0, 0x61, 0x66, 0x6f, 0x6f, 0x74, 0x0,
    0x61, 0x66, 0x72, 0x61, 0x69, 0x64, 0x0, 0x61, 0x66, 0x74, 0x65, 0x72, 0x67, 0x6c, 0x6f, 0x77,
    0x0, 0x61, 0x66, 0x74, 0x65, 0x72, 0x6c, 0x69, 0x66, 0x65, 0x0, 0x61, 0x66, 0x74, 0x65, 0x72,
    0x6d, 0x61, 0x74, 0x68, 0x0, 0x61, 0x66, 0x74, 0x65, 0x72, 0x6d, 0x6f, 0x73, 0x74, 0x0, 0x61,
    0x66, 0x74, 0x65, 0x72, 0x6e, 0x6f, 0x6f, 0x6e, 0x0, 0x61, 0x67, 0x65, 0x64, 0x0, 0x61, 0x67,
    0x65, 0x6c, 0x65, 0x73, 0x73, 0x0, 0x61, 0x67, 0x65, 0x6e, 0x63, 0x79, 0x0, 0x61, 0x67, 0x65,
    0x6e, 0x64, 0x61, 0x0, 0x61, 0x67, 0x65, 0x6e, 0x74, 0x0, 0x61, 0x67, 0x67, 0x72, 0x65, 0x67,
    0x61, 0x74, 0x65, 0x0, 0x61, 0x67, 0x68, 0x61, 0x73, 0x74, 0x0, 0x61, 0x67, 0x69, 0x6c, 0x65,
    0x0, 0x61, 0x67, 0x69, 0x6c, 0x69, 0x74, 0x79, 0x0, 0x61, 0x67, 0x69, 0x6e, 0x67, 0x0, 0x61,
    0x67, 0x6e, 0x6f, 0x73, 0x74, 0x69, 0x63, 0x0, 0x61, 0x67, 0x6f, 0x6e, 0x69, 0x7a, 0x65, 0x0,
    0x61, 0x67, 0x6f, 0x6e, 0x69, 0x7a, 0x69, 0x6e, 0x67, 0x0, 0x61, 0x67, 0x6f, 0x6e, 0x79, 0x0,
    0x61, 0x67, 0x72, 0x65, 0x65, 0x61, 0x62, 0x6c, 0x65, 0x0, 0x61, 0x67, 0x72, 0x65, 0x65, 0x61,
    0x62, 0x6c, 0x79, 0x0, 0x61, 0x67, 0x72, 0x65, 0x65, 0x64, 0x0, 0x61, 0x67, 0x72, 0x65, 0x65,
    0x69, 0x6e, 0x67, 0x0, 0x61, 0x67, 0x72, 0x65, 0x65, 0x6d, 0x65, 0x6e, 0x74, 0x0, 0x61, 0x67,
    0x72, 0x6f, 0x75, 0x6e, 0x64, 0x0, 0x61, 0x68, 0x65, 0x61, 0x64, 0x0, 0x61, 0x68, 0x6f, 0x79,
    0x0, 0x61, 0x69, 0x64, 0x65, 0x0, 0x61, 0x69, 0x64, 0x73, 0x0, 0x61, 0x69, 0x6d, 0x0, 0x61,
    0x6a, 0x61, 0x72, 0x0, 0x61, 0x6c, 0x61, 0x62, 0x61, 0x73, 0x74, 0x65, 0x72, 0x0, 0x61, 0x6c,
    0x61, 0x72, 0x6d, 0x0, 0x61, 0x6c, 0x62, 0x61, 0x74, 0x72, 0x6f, 0x73, 0x73, 0x0, 0x61, 0x6c,
    0x62, 0x75, 0x6d, 0x0, 0x61, 0x6c, 0x66, 0x61, 0x6c, 0x66, 0x61, 0x0, 0x61, 0x6c, 0x67, 0x65,
    0x62, 0x72, 0x61, 0x0, 0x61, 0x6c, 0x67, 0x6f, 0x72, 0x69, 0x74, 0x68, 0x6d, 0x0, 0x61, 0x6c,
    0x69, 0x61, 0x73, 0x0, 0x61, 0x6c, 0x69, 0x62, 0x69, 0x0, 0x61, 0x6c, 0x69, 0x65, 0x6e, 0x61,
    0x62, 0x6c, 0x65, 0x0, 0x61, 0x6c, 0x69, 0x65, 0x6e, 0x61, 0x74, 0x65, 0x0, 0x61, 0x6c, 0x69,
    0x65, 0x6e, 0x73, 0x0, 0x61, 0x6c, 0x69, 0x6b, 0x65, 0x0, 0x61, 0x6c, 0x69, 0x76, 0x65, 0x0,
    0x61, 0x6c, 0x6b, 0x61, 0x6c, 0x69, 0x6e, 0x65, 0x0, 0x61, 0x6c, 0x6b, 0x61, 0x6c, 0x69, 0x7a,
    0x65, 0x0, 0x61, 0x6c, 0x6d, 0x61, 0x6e, 0x61, 0x63, 0x0, 0x61, 0x6c, 0x6d, 0x69, 0x67, 0x68,
    0x74, 0x79, 0x0, 0x61, 0x6c, 0x6d, 0x6f, 0x73, 0x74, 0x0, 0x61, 0x6c, 0x6f, 0x65, 0x0, 0x61,
    0x6c, 0x6f, 0x66, 0x74, 0x0, 0x61, 0x6c, 0x6f, 0x68, 0x61, 0x0, 0x61, 0x6c, 0x6f, 0x6e, 0x65,
    0x0, 0x61, 0x6c, 0x6f, 0x6e, 0x67, 0x73, 0x69, 0x64, 0x65, 0x0, 0x61, 0x6c, 0x6f, 0x6f, 0x66,
    0x0, 0x61, 0x6c, 0x70, 0x68, 0x61, 0x62, 0x65, 0x74, 0x0, 0x61, 0x6c, 0x72, 0x69, 0x67, 0x68,
    0x74, 0x0, 0x61, 0x6c, 0x74, 0x68, 0x6f, 0x75, 0x67, 0x68, 0x0, 0x61, 0x6c, 0x74, 0x69, 0x74,
    0x75, 0x64, 0x65, 0x0, 0x61, 0x6c, 0x74, 0x6f, 0x0, 0x61, 0x6c, 0x75, 0x6d, 0x69, 0x6e, 0x75,
    0x6d, 0x0, 0x61, 0x6c, 0x75, 0x6d, 0x6e, 0x69, 0x0, 0x61, 0x6c, 0x77, 0x61, 0x79, 0x73, 0x0,
    0x61, 0x6d, 0x61, 0x72, 0x65, 0x74, 0x74, 0x6f, 0x0, 0x61, 0x6d, 0x61, 0x7a, 0x65, 0x0, 0x61,
    0x6d, 0x61, 0x7a, 0x69, 0x6e, 0x67, 0x6c, 0x79, 0x0, 0x61, 0x6d, 0x62, 0x65, 0x72, 0x0, 0x61,
    0x6d, 0x62, 0x69, 0x61, 0x6e, 0x63, 0x65, 0x0, 0x61, 0x6d, 0x62, 0x69, 0x67, 0x75, 0x69, 0x74,
    0x79, 0x0, 0x61, 0x6d, 0x62, 0x69, 0x67, 0x75, 0x6f, 0x75, 0x73, 0x0, 0x61, 0x6d, 0x62, 0x69,
    0x74, 0x69, 0x6f, 0x6e, 0x0, 0x61, 0x6d, 0x62, 0x69, 0x74, 0x69, 0x6f, 0x75, 0x73, 0x0, 0x61,
    0x6d, 0x62, 0x75, 0x6c, 0x61, 0x6e, 0x63, 0x65, 0x0, 0x61, 0x6d, 0x62, 0x75, 0x73, 0x68, 0x0,
    0x61, 0x6d, 0x65, 0x6e, 0x64, 0x61, 0x62, 0x6c, 0x65, 0x0, 0x61, 0x6d, 0x65, 0x6e, 0x64, 0x6d,
    0x65, 0x6e, 0x74, 0x0, 0x61, 0x6d, 0x65, 0x6e, 0x64, 0x73, 0x0, 0x61, 0x6d, 0x65, 0x6e, 0x69,
    0x74, 0x79, 0x0, 0x61, 0x6d, 0x69, 0x61, 0x62, 0x6c, 0x65, 0x0, 0x61, 0x6d, 0x69, 0x63, 0x61,
    0x62, 0x6c, 0x79, 0x0, 0x61, 0x6d, 0x69, 0x64, 0x0, 0x61, 0x6d, 0x69, 0x67, 0x6f, 0x0, 0x61,
    0x6d, 0x69, 0x6e, 0x6f, 0x0, 0x61, 0x6d, 0x69, 0x73, 0x73, 0x0, 0x61, 0x6d, 0x6d, 0x6f, 0x6e,
    0x69, 0x61, 0x0, 0x61, 0x6d, 0x6d, 0x6f, 0x6e, 0x69, 0x75, 0x6d, 0x0, 0x61, 0x6d, 0x6e, 0x65,
    0x73, 0x74, 0x79, 0x0, 0x61, 0x6d, 0x6e, 0x69, 0x6f, 0x74, 0x69, 0x63, 0x0, 0x61, 0x6d, 0x6f,
    0x6e, 0x67, 0x0, 0x61, 0x6d, 0x6f, 0x75, 0x6e, 0x74, 0x0, 0x61, 0x6d, 0x70, 0x65, 0x72, 0x61,
    0x67, 0x65, 0x0, 0x61, 0x6d, 0x70, 0x6c, 0x65, 0x0, 0x61, 0x6d, 0x70, 0x6c, 0x69, 0x66, 0x69,
    0x65, 0x72, 0x0, 0x61, 0x6d, 0x70, 0x6c, 0x69, 0x66, 0x79, 0x0, 0x61, 0x6d, 0x70, 0x6c, 0x79,
    0x0, 0x61, 0x6d, 0x75, 0x63, 0x6b, 0x0, 0x61, 0x6d, 0x75, 0x6c, 0x65, 0x74, 0x0, 0x61, 0x6d,
    0x75, 0x73, 0x61, 0x62, 0x6c, 0x65, 0x0, 0x61, 0x6d, 0x75, 0x73, 0x65, 0x64, 0x0, 0x61, 0x6d,
    0x75, 0x73, 0x65, 0x6d, 0x65, 0x6e, 0x74, 0x0, 0x61, 0x6d, 0x75, 0x73, 0x65, 0x72, 0x0, 0x61,
    0x6d, 0x75, 0x73, 0x69, 0x6e, 0x67, 0x0, 0x61, 0x6e, 0x61, 0x63, 0x6f, 0x6e, 0x64, 0x61, 0x0,
    0x61, 0x6e, 0x61, 0x65, 0x72, 0x6f, 0x62, 0x69, 0x63, 0x0, 0x61, 0x6e, 0x61, 0x67, 0x72, 0x61,
    0x6d, 0x0, 0x61, 0x6e, 0x61, 0x74, 0x6f, 0x6d, 0x69, 0x73, 0x74, 0x0, 0x61, 0x6e, 0x61, 0x74,
    0x6f, 0x6d, 0x79, 0x0, 0x61, 0x6e, 0x63, 0x68, 0x6f, 0x72, 0x0, 0x61, 0x6e, 0x63, 0x68, 0x6f,
    0x76, 0x79, 0x0, 0x61, 0x6e, 0x63, 0x69, 0x65, 0x6e, 0x74, 0x0, 0x61, 0x6e, 0x64, 0x72, 0x6f,
    0x69, 0x64, 0x0, 0x61, 0x6e, 0x65, 0x6d, 0x69, 0x61, 0x0, 0x61, 0x6e, 0x65, 0x6d, 0x69, 0x63,
    0x0, 0x61, 0x6e, 0x65, 0x75, 0x72, 0x69, 0x73, 0x6d, 0x0, 0x61, 0x6e, 0x65, 0x77, 0x0, 0x61,
    0x6e, 0x67, 0x65, 0x6c, 0x66, 0x69, 0x73, 0x68, 0x0, 0x61, 0x6e, 0x67, 0x65, 0x6c, 0x69, 0x63,
    0x0, 0x61, 0x6e, 0x67, 0x65, 0x72, 0x0, 0x61, 0x6e, 0x67, 0x6c, 0x65, 0x64, 0x0, 0x61, 0x6e,
    0x67, 0x6c, 0x65, 0x72, 0x0, 0x61, 0x6e, 0x67, 0x6c, 0x65, 0x73, 0x0, 0x61, 0x6e, 0x67, 0x6c,
    0x69, 0x6e, 0x67, 0x0, 0x61, 0x6e, 0x67, 0x72, 0x69, 0x6c, 0x79, 0x0, 0x61, 0x6e, 0x67, 0x72,
    0x69, 0x6e, 0x65, 0x73, 0x73, 0x0, 0x61, 0x6e, 0x67, 0x75, 0x69, 0x73, 0x68, 0x65, 0x64, 0x0,
    0x61, 0x6e, 0x67, 0x75, 0x6c, 0x61, 0x72, 0x0, 0x61, 0x6e, 0x69, 0x6d, 0x61, 0x6c, 0x0, 0x61,
    0x6e, 0x69, 0x6d, 0x61, 0x74, 0x65, 0x0, 0x61, 0x6e, 0x69, 0x6d, 0x61, 0x74, 0x69, 0x6e, 0x67,
    0x0, 0x61, 0x6e, 0x69, 0x6d, 0x61, 0x74, 0x69, 0x6f, 0x6e, 0x0, 0x61, 0x6e, 0x69, 0x6d, 0x61,
    0x74, 0x6f, 0x72, 0x0, 0x61, 0x6e, 0x69, 0x6d, 0x65, 0x0, 0x61, 0x6e, 0x69, 0x6d, 0x6f, 0x73,
    0x69, 0x74, 0x79, 0x0, 0x61, 0x6e, 0x6b, 0x6c, 0x65, 0x0, 0x61, 0x6e, 0x6e, 0x65, 0x78, 0x0,
    0x61, 0x6e, 0x6e, 0x6f, 0x74, 0x61, 0x74, 0x65, 0x0, 0x61, 0x6e, 0x6e, 0x6f, 0x75, 0x6e, 0x63,
    0x65, 0x72, 0x0, 0x61, 0x6e, 0x6e, 0x6f, 0x79, 0x69, 0x6e, 0x67, 0x0, 0x61, 0x6e, 0x6e, 0x75,
    0x61, 0x6c, 0x6c, 0x79, 0x0, 0x61, 0x6e, 0x6e, 0x75, 0x69, 0x74, 0x79, 0x0, 0x61, 0x6e, 0x6f,
    0x69, 0x6e, 0x74, 0x65, 0x72, 0x0, 0x61, 0x6e, 0x6f, 0x74, 0x68, 0x65, 0x72, 0x0, 0x61, 0x6e,
    0x73, 0x77, 0x65, 0x72, 0x69, 0x6e, 0x67, 0x0, 0x61, 0x6e, 0x74, 0x61, 0x63, 0x69, 0x64, 0x0,
    0x61, 0x6e, 0x74, 0x61, 0x72, 0x63, 0x74, 0x69, 0x63, 0x0, 0x61, 0x6e, 0x74, 0x65, 0x61, 0x74,
    0x65, 0x72, 0x0, 0x61, 0x6e, 0x74, 0x65, 0x6c, 0x6f, 0x70, 0x65, 0x0, 0x61, 0x6e, 0x74, 0x65,
    0x6e, 0x6e, 0x61, 0x65, 0x0, 0x61, 0x6e, 0x74, 0x68, 0x65, 0x6d, 0x0, 0x61, 0x6e, 0x74, 0x68,
    0x69, 0x6c, 0x6c, 0x0, 0x61, 0x6e, 0x74, 0x68, 0x6f, 0x6c, 0x6f, 0x67, 0x79, 0x0, 0x61, 0x6e,
    0x74, 0x69, 0x62, 0x6f, 0x64, 0x79, 0x0, 0x61, 0x6e, 0x74, 0x69, 0x63, 0x73, 0x0, 0x61, 0x6e,
    0x74, 0x69, 0x64, 0x6f, 0x74, 0x65, 0x0, 0x61, 0x6e, 0x74, 0x69, 0x68, 0x65, 0x72, 0x6f, 0x0,
    0x61, 0x6e, 0x74, 0x69, 0x71, 0x75, 0x65, 0x6c, 0x79, 0x0, 0x61, 0x6e, 0x74, 0x69, 0x71, 0x75,
    0x65, 0x73, 0x0, 0x61, 0x6e, 0x74, 0x69, 0x71, 0x75, 0x69, 0x74, 0x79, 0x0, 0x61, 0x6e, 0x74,
    0x69, 0x72, 0x75, 0x73, 0x74, 0x0, 0x61, 0x6e, 0x74, 0x69, 0x74, 0x6f, 0x78, 0x69, 0x63, 0x0,
    0x61, 0x6e, 0x74, 0x69, 0x74, 0x72, 0x75, 0x73, 0x74, 0x0, 0x61, 0x6e, 0x74, 0x69, 0x76, 0x69,
    0x72, 0x61, 0x6c, 0x0, 0x61, 0x6e, 0x74, 0x69, 0x76, 0x69, 0x72, 0x75, 0x73, 0x0, 0x61, 0x6e,
    0x74, 0x6c, 0x65, 0x72, 0x0, 0x61, 0x6e, 0x74, 0x6f, 0x6e, 0x79, 0x6d, 0x0, 0x61, 0x6e, 0x74,
    0x73, 0x79, 0x0, 0x61, 0x6e, 0x76, 0x69, 0x6c, 0x0, 0x61, 0x6e, 0x79, 0x62, 0x6f, 0x64, 0x79,
    0x0, 0x61, 0x6e, 0x79, 0x68, 0x6f, 0x77, 0x0, 0x61, 0x6e, 0x79, 0x6d, 0x6f, 0x72, 0x65, 0x0,
    0x61, 0x6e, 0x79, 0x6f, 0x6e, 0x65, 0x0, 0x61, 0x6e, 0x79, 0x70, 0x6c, 0x61, 0x63, 0x65, 0x0,
    0x61, 0x6e, 0x79, 0x74, 0x68, 0x69, 0x6e, 0x67, 0x0, 0x61, 0x6e, 0x79, 0x74, 0x69, 0x6d, 0x65,
    0x0, 0x61, 0x6e, 0x79, 0x77, 0x61, 0x79, 0x0, 0x61, 0x6e, 0x79, 0x77, 0x68, 0x65, 0x72, 0x65,
    0x0, 0x61, 0x6f, 0x72, 0x74, 0x61, 0x0, 0x61, 0x70, 0x61, 0x63, 0x68, 0x65, 0x0, 0x61, 0x70,
    0x6f, 0x73, 0x74, 0x6c, 0x65, 0x0, 0x61, 0x70, 0x70, 0x65, 0x61, 0x6c, 0x69, 0x6e, 0x67, 0x0,
    0x61, 0x70, 0x70, 0x65, 0x61, 0x72, 0x0, 0x61, 0x70, 0x70, 0x65, 0x61, 0x73, 0x65, 0x0, 0x61,
    0x70, 0x70, 0x65, 0x61, 0x73, 0x69, 0x6e, 0x67, 0x0, 0x61, 0x70, 0x70, 0x65, 0x6e, 0x64, 0x61,
    0x67, 0x65, 0x0, 0x61, 0x70, 0x70, 0x65, 0x6e, 0x64, 0x69, 0x78, 0x0, 0x61, 0x70, 0x70, 0x65,
    0x74, 0x69, 0x74, 0x65, 0x0, 0x61, 0x70, 0x70, 0x65, 0x74, 0x69, 0x7a, 0x65, 0x72, 0x0, 0x61,
    0x70, 0x70, 0x6c, 0x61, 0x75, 0x64, 0x0, 0x61, 0x70, 0x70, 0x6c, 0x61, 0x75, 0x73, 0x65, 0x0,
    0x61, 0x70, 0x70, 0x6c, 0x65, 0x0, 0x61, 0x70, 0x70, 0x6c, 0x69, 0x61, 0x6e, 0x63, 0x65, 0x0,
    0x61, 0x70, 0x70, 0x6c, 0x69, 0x63, 0x61, 0x6e, 0x74, 0x0, 0x61, 0x70, 0x70, 0x6c, 0x69, 0x65,
    0x64, 0x0, 0x61, 0x70, 0x70, 0x6c, 0x79, 0x0, 0x61, 0x70, 0x70, 0x6f, 0x69, 0x6e, 0x74, 0x65,
    0x65, 0x0, 0x61, 0x70, 0x70, 0x72, 0x61, 0x69, 0x73, 0x61, 0x6c, 0x0, 0x61, 0x70, 0x70, 0x72,
    0x61, 0x69, 0x73, 0x65, 0x72, 0x0, 0x61, 0x70, 0x70, 0x72, 0x65, 0x68, 0x65, 0x6e, 0x64, 0x0,
    0x61, 0x70, 0x70, 0x72, 0x6f, 0x61, 0x63, 0x68, 0x0, 0x61, 0x70, 0x70, 0x72, 0x6f, 0x76, 0x61,
    0x6c, 0x0, 0x61, 0x70, 0x70, 0x72, 0x6f, 0x76, 0x65, 0x0, 0x61, 0x70, 0x72, 0x69, 0x63, 0x6f,
    0x74, 0x0, 0x61, 0x70, 0x72, 0x69, 0x6c, 0x0, 0x61, 0x70, 0x72, 0x6f, 0x6e, 0x0, 0x61, 0x70,
    0x74, 0x69, 0x74, 0x75, 0x64, 0x65, 0x0, 0x61, 0x70, 0x74, 0x6c, 0x79, 0x0, 0x61, 0x71, 0x75,
    0x61, 0x0, 0x61, 0x71, 0x75, 0x65, 0x64, 0x75, 0x63, 0x74, 0x0, 0x61, 0x72, 0x62, 0x69, 0x74,
    0x72, 0x61, 0x72, 0x79, 0x0, 0x61, 0x72, 0x62, 0x69, 0x74, 0x72, 0x61, 0x74, 0x65, 0x0, 0x61,
    0x72, 0x64, 0x65, 0x6e, 0x74, 0x6c, 0x79, 0x0, 0x61, 0x72, 0x65, 0x61, 0x0, 0x61, 0x72, 0x65,
    0x6e, 0x61, 0x0, 0x61, 0x72, 0x67, 0x75, 0x61, 0x62, 0x6c, 0x65, 0x0, 0x61, 0x72, 0x67, 0x75,
    0x61, 0x62, 0x6c, 0x79, 0x0, 0x61, 0x72, 0x67, 0x75, 0x65, 0x0, 0x61, 0x72, 0x69, 0x73, 0x65,
    0x0, 0x61, 0x72, 0x6d, 0x61, 0x64, 0x69, 0x6c, 0x6c, 0x6f, 0x0, 0x61, 0x72, 0x6d, 0x62, 0x61,
    0x6e, 0x64, 0x0, 0x61, 0x72, 0x6d, 0x63, 0x68, 0x61, 0x69, 0x72, 0x0, 0x61, 0x72, 0x6d, 0x65,
    0x64, 0x0, 0x61, 0x72, 0x6d, 0x66, 0x75, 0x6c, 0x0, 0x61, 0x72, 0x6d, 0x68, 0x6f, 0x6c, 0x65,
    0x0, 0x61, 0x72, 0x6d, 0x69, 0x6e, 0x67, 0x0, 0x61, 0x72, 0x6d, 0x6c, 0x65, 0x73, 0x73, 0x0,
    0x61, 0x72, 0x6d, 0x6f, 0x69, 0x72, 0x65, 0x0, 0x61, 0x72, 0x6d, 0x6f, 0x72, 0x65, 0x64, 0x0,
    0x61, 0x72, 0x6d, 0x6f, 0x72, 0x79, 0x0, 0x61, 0x72, 0x6d, 0x72, 0x65, 0x73, 0x74, 0x0, 0x61,
    0x72, 0x6d, 0x79, 0x0, 0x61, 0x72, 0x6f, 0x6d, 0x61, 0x0, 0x61, 0x72, 0x6f, 0x73, 0x65, 0x0,
    0x61, 0x72, 0x6f, 0x75, 0x6e, 0x64, 0x0, 0x61, 0x72, 0x6f, 0x75, 0x73, 0x61, 0x6c, 0x0, 0x61,
    0x72, 0x72, 0x61, 0x6e, 0x67, 0x65, 0x0, 0x61, 0x72, 0x72, 0x61, 0x79, 0x0, 0x61, 0x72, 0x72,
    0x65, 0x73, 0x74, 0x0, 0x61, 0x72, 0x72, 0x69, 0x76, 0x61, 0x6c, 0x0, 0x61, 0x72, 0x72, 0x69,
    0x76, 0x65, 0x0, 0x61, 0x72, 0x72, 0x6f, 0x67, 0x61, 0x6e, 0x63, 0x65, 0x0, 0x61, 0x72, 0x72,
    0x6f, 0x67, 0x61, 0x6e, 0x74, 0x0, 0x61, 0x72, 0x73, 0x6f, 0x6e, 0x0, 0x61, 0x72, 0x74, 0x0,
    0x61, 0x73, 0x63, 0x65, 0x6e, 0x64, 0x0, 0x61, 0x73, 0x63, 0x65, 0x6e, 0x73, 0x69, 0x6f, 0x6e,
    0x0, 0x61, 0x73, 0x63, 0x65, 0x6e, 0x74, 0x0, 0x61, 0x73, 0x63, 0x65, 0x72, 0x74, 0x61, 0x69,
    0x6e, 0x0, 0x61, 0x73, 0x68, 0x61, 0x6d, 0x65, 0x64, 0x0, 0x61, 0x73, 0x68, 0x65, 0x6e, 0x0,
    0x61, 0x73, 0x68, 0x65, 0x73, 0x0, 0x61, 0x73, 0x68, 0x79, 0x0, 0x61, 0x73, 0x69, 0x64, 0x65,
    0x0, 0x61, 0x73, 0x6b, 0x65, 0x77, 0x0, 0x61, 0x73, 0x6c, 0x65, 0x65, 0x70, 0x0, 0x61, 0x73,
    0x70, 0x61, 0x72, 0x61, 0x67, 0x75, 0x73, 0x0, 0x61, 0x73, 0x70, 0x65, 0x63, 0x74, 0x0, 0x61,
    0x73, 0x70, 0x69, 0x72, 0x61, 0x74, 0x65, 0x0, 0x61, 0x73, 0x70, 0x69, 0x72, 0x65, 0x0, 0x61,
    0x73, 0x70, 0x69, 0x72, 0x69, 0x6e, 0x0, 0x61, 0x73, 0x74, 0x6f, 0x6e, 0x69, 0x73, 0x68, 0x0,
    0x61, 0x73, 0x74, 0x6f, 0x75, 0x6e, 0x64, 0x0, 0x61, 0x73, 0x74, 0x72, 0x69, 0x64, 0x65, 0x0,
    0x61, 0x73, 0x74, 0x72, 0x6f, 0x6c, 0x6f, 0x67, 0x79, 0x0, 0x61, 0x73, 0x74, 0x72, 0x6f, 0x6e,
    0x61, 0x75, 0x74, 0x0, 0x61, 0x73, 0x74, 0x72, 0x6f, 0x6e, 0x6f, 0x6d, 0x79, 0x0, 0x61, 0x73,
    0x74, 0x75, 0x74, 0x65, 0x0, 0x61, 0x74, 0x6c, 0x61, 0x6e, 0x74, 0x69, 0x63, 0x0, 0x61, 0x74,
    0x6c, 0x61, 0x73, 0x0, 0x61, 0x74, 0x6f, 0x6d, 0x0, 0x61, 0x74, 0x6f, 0x6e, 0x61, 0x62, 0x6c,
    0x65, 0x0, 0x61, 0x74, 0x6f, 0x70, 0x0, 0x61, 0x74, 0x72, 0x69, 0x75, 0x6d, 0x0, 0x61, 0x74,
    0x72, 0x6f, 0x63, 0x69, 0x6f, 0x75, 0x73, 0x0, 0x61, 0x74, 0x72, 0x6f, 0x70, 0x68, 0x79, 0x0,
    0x61, 0x74, 0x74, 0x61, 0x63, 0x68, 0x0, 0x61, 0x74, 0x74, 0x61, 0x69, 0x6e, 0x0, 0x61, 0x74,
    0x74, 0x65, 0x6d, 0x70, 0x74, 0x0, 0x61, 0x74, 0x74, 0x65, 0x6e, 0x64, 0x61, 0x6e, 0x74, 0x0,
    0x61, 0x74, 0x74, 0x65, 0x6e, 0x64, 0x65, 0x65, 0x0, 0x61, 0x74, 0x74, 0x65, 0x6e, 0x74, 0x69,
    0x6f, 0x6e, 0x0, 0x61, 0x74, 0x74, 0x65, 0x6e, 0x74, 0x69, 0x76, 0x65, 0x0, 0x61, 0x74, 0x74,
    0x65, 0x73, 0x74, 0x0, 0x61, 0x74, 0x74, 0x69, 0x63, 0x0, 0x61, 0x74, 0x74, 0x69, 0x72, 0x65,
    0x0, 0x61, 0x74, 0x74, 0x69, 0x74, 0x75, 0x64, 0x65, 0x0, 0x61, 0x74, 0x74, 0x72, 0x61, 0x63,
    0x74, 0x6f, 0x72, 0x0, 0x61, 0x74, 0x74, 0x72, 0x69, 0x62, 0x75, 0x74, 0x65, 0x0, 0x61, 0x74,
    0x79, 0x70, 0x69, 0x63, 0x61, 0x6c, 0x0, 0x61, 0x75, 0x63, 0x74, 0x69, 0x6f, 0x6e, 0x0, 0x61,
    0x75, 0x64, 0x61, 0x63, 0x69, 0x6f, 0x75, 0x73, 0x0, 0x61, 0x75, 0x64, 0x61, 0x63, 0x69, 0x74,
    0x79, 0x0, 0x61, 0x75, 0x64, 0x69, 0x62, 0x6c, 0x65, 0x0, 0x61, 0x75, 0x64, 0x69, 0x62, 0x6c,
    0x79, 0x0, 0x61, 0x75, 0x64, 0x69, 0x65, 0x6e, 0x63, 0x65, 0x0, 0x61, 0x75, 0x64, 0x69, 0x6f,
    0x0, 0x61, 0x75, 0x64, 0x69, 0x74, 0x69, 0x6f, 0x6e, 0x0, 0x61, 0x75, 0x67, 0x6d, 0x65, 0x6e,
    0x74, 0x65, 0x64, 0x0, 0x61, 0x75, 0x67, 0x75, 0x73, 0x74, 0x0, 0x61, 0x75, 0x74, 0x68, 0x65,
    0x6e, 0x74, 0x69, 0x63, 0x0, 0x61, 0x75, 0x74, 0x68, 0x6f, 0x72, 0x0, 0x61, 0x75, 0x74, 0x69,
    0x73, 0x6d, 0x0, 0x61, 0x75, 0x74, 0x69, 0x73, 0x74, 0x69, 0x63, 0x0, 0x61, 0x75, 0x74, 0x6f,
    0x67, 0x72, 0x61, 0x70, 0x68, 0x0, 0x61, 0x75, 0x74, 0x6f, 0x6d, 0x61, 0x6b, 0x65, 0x72, 0x0,
    0x61, 0x75, 0x74, 0x6f, 0x6d, 0x61, 0x74, 0x65, 0x64, 0x0, 0x61, 0x75, 0x74, 0x6f, 0x6d, 0x61,
    0x74, 0x69, 0x63, 0x0, 0x61, 0x75, 0x74, 0x6f, 0x70, 0x69, 0x6c, 0x6f, 0x74, 0x0, 0x61, 0x76,
    0x61, 0x69, 0x6c, 0x61, 0x62, 0x6c, 0x65, 0x0, 0x61, 0x76, 0x61, 0x6c, 0x61, 0x6e, 0x63, 0x68,
    0x65, 0x0, 0x61, 0x76, 0x61, 0x74, 0x61, 0x72, 0x0, 0x61, 0x76, 0x65, 0x6e, 0x67, 0x65, 0x0,
    0x61, 0x76, 0x65, 0x6e, 0x67, 0x69, 0x6e, 0x67, 0x0, 0x61, 0x76, 0x65, 0x6e, 0x75, 0x65, 0x0,
    0x61, 0x76, 0x65, 0x72, 0x61, 0x67, 0x65, 0x0, 0x61, 0x76, 0x65, 0x72, 0x73, 0x69, 0x6f, 0x6e,
    0x0, 0x61, 0x76, 0x65, 0x72, 0x74, 0x0, 0x61, 0x76, 0x69, 0x61, 0x74, 0x69, 0x6f, 0x6e, 0x0,
    0x61, 0x76, 0x69, 0x61, 0x74, 0x6f, 0x72, 0x0, 0x61, 0x76, 0x69, 0x64, 0x0, 0x61, 0x76, 0x6f,
    0x69, 0x64, 0x0, 0x61, 0x77, 0x61, 0x69, 0x74, 0x0, 0x61, 0x77, 0x61, 0x6b, 0x65, 0x6e, 0x0,
    0x61, 0x77, 0x61, 0x72, 0x64, 0x0, 0x61, 0x77, 0x61, 0x72, 0x65, 0x0, 0x61, 0x77, 0x68, 0x69,
    0x6c, 0x65, 0x0, 0x61, 0x77, 0x6b, 0x77, 0x61, 0x72, 0x64, 0x0, 0x61, 0x77, 0x6e, 0x69, 0x6e,
    0x67, 0x0, 0x61, 0x77, 0x6f, 0x6b, 0x65, 0x0, 0x61, 0x77, 0x72, 0x79, 0x0, 0x61, 0x78, 0x69,
    0x73, 0x0, 0x62, 0x61, 0x62, 0x62, 0x6c, 0x65, 0x0, 0x62, 0x61, 0x62, 0x62, 0x6c, 0x69, 0x6e,
    0x67, 0x0, 0x62, 0x61, 0x62, 0x69, 0x65, 0x64, 0x0, 0x62, 0x61, 0x62, 0x6f, 0x6f, 0x6e, 0x0,
    0x62, 0x61, 0x63, 0x6b, 0x61, 0x63, 0x68, 0x65, 0x0, 0x62, 0x61, 0x63, 0x6b, 0x62, 0x6f, 0x61,
    0x72, 0x64, 0x0, 0x62, 0x61, 0x63, 0x6b, 0x62, 0x6f, 0x6e, 0x65, 0x64, 0x0, 0x62, 0x61, 0x63,
    0x6b, 0x64, 0x72, 0x6f, 0x70, 0x0, 0x62, 0x61, 0x63, 0x6b, 0x65, 0x64, 0x0, 0x62, 0x61, 0x63,
    0x6b, 0x65, 0x72, 0x0, 0x62, 0x61, 0x63, 0x6b, 0x66, 0x69, 0x65, 0x6c, 0x64, 0x0, 0x62, 0x61,
    0x63, 0x6b, 0x66, 0x69, 0x72, 0x65, 0x0, 0x62, 0x61, 0x63, 0x6b, 0x68, 0x61, 0x6e, 0x64, 0x0,
    0x62, 0x61, 0x63, 0x6b, 0x69, 0x6e, 0x67, 0x0, 0x62, 0x61, 0x63, 0x6b, 0x6c, 0x61, 0x6e, 0x64,
    0x73, 0x0, 0x62, 0x61, 0x63, 0x6b, 0x6c, 0x61, 0x73, 0x68, 0x0, 0x62, 0x61, 0x63, 0x6b, 0x6c,
    0x65, 0x73, 0x73, 0x0, 0x62, 0x61, 0x63, 0x6b, 0x6c, 0x69, 0x67, 0x68, 0x74, 0x0, 0x62, 0x61,
    0x63, 0x6b, 0x6c, 0x69, 0x74, 0x0, 0x62, 0x61, 0x63, 0x6b, 0x6c, 0x6f, 0x67, 0x0, 0x62, 0x61,
    0x63, 0x6b, 0x70, 0x61, 0x63, 0x6b, 0x0, 0x62, 0x61, 0x63, 0x6b, 0x70, 0x65, 0x64, 0x61, 0x6c,
    0x0, 0x62, 0x61, 0x63, 0x6b, 0x72, 0x65, 0x73, 0x74, 0x0, 0x62, 0x61, 0x63, 0x6b, 0x72, 0x6f,
    0x6f, 0x6d, 0x0, 0x62, 0x61, 0x63, 0x6b, 0x73, 0x68, 0x69, 0x66, 0x74, 0x0, 0x62, 0x61, 0x63,
    0x6b, 0x73, 0x69, 0x64, 0x65, 0x0, 0x62, 0x61, 0x63, 0x6b, 0x73, 0x6c, 0x69, 0x64, 0x0, 0x62,
    0x61, 0x63, 0x6b, 0x73, 0x70, 0x61, 0x63, 0x65, 0x0, 0x62, 0x61, 0x63, 0x6b, 0x73, 0x70, 0x69,
    0x6e, 0x0, 0x62, 0x61, 0x63, 0x6b, 0x73, 0x74, 0x61, 0x62, 0x0, 0x62, 0x61, 0x63, 0x6b, 0x73,
    0x74, 0x61, 0x67, 0x65, 0x0, 0x62, 0x61, 0x63, 0x6b, 0x74, 0x61, 0x6c, 0x6b, 0x0, 0x62, 0x61,
    0x63, 0x6b, 0x74, 0x72, 0x61, 0x63, 0x6b, 0x0, 0x62, 0x61, 0x63, 0x6b, 0x75, 0x70, 0x0, 0x62,
    0x61, 0x63, 0x6b, 0x77, 0x61, 0x72, 0x64, 0x0, 0x62, 0x61, 0x63, 0x6b, 0x77, 0x61, 0x73, 0x68,
    0x0, 0x62, 0x61, 0x63, 0x6b, 0x77, 0x61, 0x74, 0x65, 0x72, 0x0, 0x62, 0x61, 0x63, 0x6b, 0x79,
    0x61, 0x72, 0x64, 0x0, 0x62, 0x61, 0x63, 0x6f, 0x6e, 0x0, 0x62, 0x61, 0x63, 0x74, 0x65, 0x72,
    0x69, 0x61, 0x0, 0x62, 0x61, 0x63, 0x74, 0x65, 0x72, 0x69, 0x75, 0x6d, 0x0, 0x62, 0x61, 0x64,
    0x61, 0x73, 0x73, 0x0, 0x62, 0x61, 0x64, 0x67, 0x65, 0x0, 0x62, 0x61, 0x64, 0x6c, 0x61, 0x6e,
    0x64, 0x0, 0x62, 0x61, 0x64, 0x6c, 0x79, 0x0, 0x62, 0x61, 0x64, 0x6e, 0x65, 0x73, 0x73, 0x0,
    0x62, 0x61, 0x66, 0x66, 0x6c, 0x65, 0x0, 0x62, 0x61, 0x66, 0x66, 0x6c, 0x69, 0x6e, 0x67, 0x0,
    0x62, 0x61, 0x67, 0x65, 0x6c, 0x0, 0x62, 0x61, 0x67, 0x66, 0x75, 0x6c, 0x0, 0x62, 0x61, 0x67,
    0x67, 0x61, 0x67, 0x65, 0x0, 0x62, 0x61, 0x67, 0x67, 0x65, 0x64, 0x0, 0x62, 0x61, 0x67, 0x67,
    0x69, 0x65, 0x0, 0x62, 0x61, 0x67, 0x67, 0x69, 0x6e, 0x65, 0x73, 0x73, 0x0, 0x62, 0x61, 0x67,
    0x67, 0x69, 0x6e, 0x67, 0x0, 0x62, 0x61, 0x67, 0x67, 0x79, 0x0, 0x62, 0x61, 0x67, 0x70, 0x69,
    0x70, 0x65, 0x0, 0x62, 0x61, 0x67, 0x75, 0x65, 0x74, 0x74, 0x65, 0x0, 0x62, 0x61, 0x6b, 0x65,
    0x64, 0x0, 0x62, 0x61, 0x6b, 0x65, 0x72, 0x79, 0x0, 0x62, 0x61, 0x6b, 0x65, 0x73, 0x68, 0x6f,
    0x70, 0x0, 0x62, 0x61, 0x6b, 0x69, 0x6e, 0x67, 0x0, 0x62, 0x61, 0x6c, 0x61, 0x6e, 0x63, 0x65,
    0x0, 0x62, 0x61, 0x6c, 0x61, 0x6e, 0x63, 0x69, 0x6e, 0x67, 0x0, 0x62, 0x61, 0x6c, 0x63, 0x6f,
    0x6e, 0x79, 0x0, 0x62, 0x61, 0x6c, 0x6d, 0x79, 0x0, 0x62, 0x61, 0x6c, 0x73, 0x61, 0x6d, 0x69,
    0x63, 0x0, 0x62, 0x61, 0x6d, 0x62, 0x6f, 0x6f, 0x0, 0x62, 0x61, 0x6e, 0x61, 0x6e, 0x61, 0x0,
    0x62, 0x61, 0x6e, 0x69, 0x73, 0x68, 0x0, 0x62, 0x61, 0x6e, 0x69, 0x73, 0x74, 0x65, 0x72, 0x0,
    0x62, 0x61, 0x6e, 0x6a, 0x6f, 0x0, 0x62, 0x61, 0x6e, 0x6b, 0x61, 0x62, 0x6c, 0x65, 0x0, 0x62,
    0x61, 0x6e, 0x6b, 0x62, 0x6f, 0x6f, 0x6b, 0x0, 0x62, 0x61, 0x6e, 0x6b, 0x65, 0x64, 0x0, 0x62,
    0x61, 0x6e, 0x6b, 0x65, 0x72, 0x0, 0x62, 0x61, 0x6e, 0x6b, 0x69, 0x6e, 0x67, 0x0, 0x62, 0x61,
    0x6e, 0x6b, 0x6e, 0x6f, 0x74, 0x65, 0x0, 0x62, 0x61, 0x6e, 0x6b, 0x72, 0x6f, 0x6c, 0x6c, 0x0,
    0x62, 0x61, 0x6e, 0x6e, 0x65, 0x72, 0x0, 0x62, 0x61, 0x6e, 0x6e, 0x69, 0x73, 0x74, 0x65, 0x72,
    0x0, 0x62, 0x61, 0x6e, 0x73, 0x68, 0x65, 0x65, 0x0, 0x62, 0x61, 0x6e, 0x74, 0x65, 0x72, 0x0,
    0x62, 0x61, 0x72, 0x62, 0x65, 0x63, 0x75, 0x65, 0x0, 0x62, 0x61, 0x72, 0x62, 0x65, 0x64, 0x0,
    0x62, 0x61, 0x72, 0x62, 0x65, 0x6c, 0x6c, 0x0, 0x62, 0x61, 0x72, 0x62, 0x65, 0x72, 0x0, 0x62,
    0x61, 0x72, 0x63, 0x6f, 0x64, 0x65, 0x0, 0x62, 0x61, 0x72, 0x67, 0x65, 0x0, 0x62, 0x61, 0x72,
    0x67, 0x72, 0x61, 0x70, 0x68, 0x0, 0x62, 0x61, 0x72, 0x69, 0x73, 0x74, 0x61, 0x0, 0x62, 0x61,
    0x72, 0x69, 0x74, 0x6f, 0x6e, 0x65, 0x0, 0x62, 0x61, 0x72, 0x6c, 0x65, 0x79, 0x0, 0x62, 0x61,
    0x72, 0x6d, 0x61, 0x69, 0x64, 0x0, 0x62, 0x61, 0x72, 0x6d, 0x61, 0x6e, 0x0, 0x62, 0x61, 0x72,
    0x6e, 0x0, 0x62, 0x61, 0x72, 0x6f, 0x6d, 0x65, 0x74, 0x65, 0x72, 0x0, 0x62, 0x61, 0x72, 0x72,
    0x61, 0x63, 0x6b, 0x0, 0x62, 0x61, 0x72, 0x72, 0x61, 0x63, 0x75, 0x64, 0x61, 0x0, 0x62, 0x61,
    0x72, 0x72, 0x65, 0x6c, 0x0, 0x62, 0x61, 0x72, 0x72, 0x65, 0x74, 0x74, 0x65, 0x0, 0x62, 0x61,
    0x72, 0x72, 0x69, 0x63, 0x61, 0x64, 0x65, 0x0, 0x62, 0x61, 0x72, 0x72, 0x69, 0x65, 0x72, 0x0,
    0x62, 0x61, 0x72, 0x73, 0x74, 0x6f, 0x6f, 0x6c, 0x0, 0x62, 0x61, 0x72, 0x74, 0x65, 0x6e, 0x64,
    0x65, 0x72, 0x0, 0x62, 0x61, 0x72, 0x74, 0x65, 0x72, 0x65, 0x72, 0x0, 0x62, 0x61, 0x73, 0x68,
    0x0, 0x62, 0x61, 0x73, 0x69, 0x63, 0x61, 0x6c, 0x6c, 0x79, 0x0, 0x62, 0x61, 0x73, 0x69, 0x63,
    0x73, 0x0, 0x62, 0x61, 0x73, 0x69, 0x6c, 0x0, 0x62, 0x61, 0x73, 0x69, 0x6e, 0x0, 0x62, 0x61,
    0x73, 0x69, 0x73, 0x0, 0x62, 0x61, 0x73, 0x6b, 0x65, 0x74, 0x0, 0x62, 0x61, 0x74, 0x62, 0x6f,
    0x79, 0x0, 0x62, 0x61, 0x74, 0x63, 0x68, 0x0, 0x62, 0x61, 0x74, 0x68, 0x0, 0x62, 0x61, 0x74,
    0x6f, 0x6e, 0x0, 0x62, 0x61, 0x74, 0x73, 0x0, 0x62, 0x61, 0x74, 0x74, 0x61, 0x6c, 0x69, 0x6f,
    0x6e, 0x0, 0x62, 0x61, 0x74, 0x74, 0x65, 0x72, 0x65, 0x64, 0x0, 0x62, 0x61, 0x74, 0x74, 0x65,
    0x72, 0x69, 0x6e, 0x67, 0x0, 0x62, 0x61, 0x74, 0x74, 0x65, 0x72, 0x79, 0x0, 0x62, 0x61, 0x74,
    0x74, 0x69, 0x6e, 0x67, 0x0, 0x62, 0x61, 0x74, 0x74, 0x6c, 0x65, 0x0, 0x62, 0x61, 0x75, 0x62,
    0x6c, 0x65, 0x0, 0x62, 0x61, 0x7a, 0x6f, 0x6f, 0x6b, 0x61, 0x0, 0x62, 0x6c, 0x61, 0x62, 0x62,
    0x65, 0x72, 0x0, 0x62, 0x6c, 0x61, 0x64, 0x64, 0x65, 0x72, 0x0, 0x62, 0x6c, 0x61, 0x64, 0x65,
    0x0, 0x62, 0x6c, 0x61, 0x68, 0x0, 0x62, 0x6c, 0x61, 0x6d, 0x65, 0x0, 0x62, 0x6c, 0x61, 0x6d,
    0x69, 0x6e, 0x67, 0x0, 0x62, 0x6c, 0x61, 0x6e, 0x63, 0x68, 0x69, 0x6e, 0x67, 0x0, 0x62, 0x6c,
    0x61, 0x6e, 0x64, 0x6e, 0x65, 0x73, 0x73, 0x0, 0x62, 0x6c, 0x61, 0x6e, 0x6b, 0x0, 0x62, 0x6c,
    0x61, 0x73, 0x70, 0x68, 0x65, 0x6d, 0x65, 0x0, 0x62, 0x6c, 0x61, 0x73, 0x70, 0x68, 0x65, 0x6d,
    0x79, 0x0, 0x62, 0x6c, 0x61, 0x73, 0x74, 0x0, 0x62, 0x6c, 0x61, 0x74, 0x61, 0x6e, 0x63, 0x79,
    0x0, 0x62, 0x6c, 0x61, 0x74, 0x61, 0x6e, 0x74, 0x6c, 0x79, 0x0, 0x62, 0x6c, 0x61, 0x7a, 0x65,
    0x72, 0x0, 0x62, 0x6c, 0x61, 0x7a, 0x69, 0x6e, 0x67, 0x0, 0x62, 0x6c, 0x65, 0x61, 0x63, 0x68,
    0x0, 0x62, 0x6c, 0x65, 0x61, 0x6b, 0x0, 0x62, 0x6c, 0x65, 0x65, 0x70, 0x0, 0x62, 0x6c, 0x65,
    0x6d, 0x69, 0x73, 0x68, 0x0, 0x62, 0x6c, 0x65, 0x6e, 0x64, 0x0, 0x62, 0x6c, 0x65, 0x73, 0x73,
    0x0, 0x62, 0x6c, 0x69, 0x67, 0x68, 0x74, 0x65, 0x64, 0x0, 0x62, 0x6c, 0x69, 0x6d, 0x70, 0x0,
    0x62, 0x6c, 0x69, 0x6e, 0x67, 0x0, 0x62, 0x6c, 0x69, 0x6e, 0x6b, 0x65, 0x64, 0x0, 0x62, 0x6c,
    0x69, 0x6e, 0x6b, 0x65, 0x72, 0x0, 0x62, 0x6c, 0x69, 0x6e, 0x6b, 0x69, 0x6e, 0x67, 0x0, 0x62,
    0x6c, 0x69, 0x6e, 0x6b, 0x73, 0x0, 0x62, 0x6c, 0x69, 0x70, 0x0, 0x62, 0x6c, 0x69, 0x73, 0x73,
    0x66, 0x75, 0x6c, 0x0, 0x62, 0x6c, 0x69, 0x74, 0x7a, 0x0, 0x62, 0x6c, 0x69, 0x7a, 0x7a, 0x61,
    0x72, 0x64, 0x0, 0x62, 0x6c, 0x6f, 0x61, 0x74, 0x65, 0x64, 0x0, 0x62, 0x6c, 0x6f, 0x61, 0x74,
    0x69, 0x6e, 0x67, 0x0, 0x62, 0x6c, 0x6f, 0x62, 0x0, 0x62, 0x6c, 0x6f, 0x67, 0x0, 0x62, 0x6c,
    0x6f, 0x6f, 0x6d, 0x65, 0x72, 0x73, 0x0, 0x62, 0x6c, 0x6f, 0x6f, 0x6d, 0x69, 0x6e, 0x67, 0x0,
    0x62, 0x6c, 0x6f, 0x6f, 0x70, 0x65, 0x72, 0x0, 0x62, 0x6c, 0x6f, 0x74, 0x0, 0x62, 0x6c, 0x6f,
    0x75, 0x73, 0x65, 0x0, 0x62, 0x6c, 0x75, 0x62, 0x62, 0x65, 0x72, 0x0, 0x62, 0x6c, 0x75, 0x66,
    0x66, 0x0, 0x62, 0x6c, 0x75, 0x69, 0x73, 0x68, 0x0, 0x62, 0x6c, 0x75, 0x6e, 0x64, 0x65, 0x72,
    0x65, 0x72, 0x0, 0x62, 0x6c, 0x75, 0x6e, 0x74, 0x0, 0x62, 0x6c, 0x75, 0x72, 0x62, 0x0, 0x62,
    0x6c, 0x75, 0x72, 0x72, 0x65, 0x64, 0x0, 0x62, 0x6c, 0x75, 0x72, 0x72, 0x79, 0x0, 0x62, 0x6c,
    0x75, 0x72, 0x74, 0x0, 0x62, 0x6c, 0x75, 0x73, 0x68, 0x0, 0x62, 0x6c, 0x75, 0x73, 0x74, 0x65,
    0x72, 0x79, 0x0, 0x62, 0x6f, 0x61, 0x73, 0x74, 0x65, 0x72, 0x0, 0x62, 0x6f, 0x61, 0x73, 0x74,
    0x66, 0x75, 0x6c, 0x0, 0x62, 0x6f, 0x61, 0x73, 0x74, 0x69, 0x6e, 0x67, 0x0, 0x62, 0x6f, 0x61,
    0x74, 0x0, 0x62, 0x6f, 0x62, 0x62, 0x65, 0x64, 0x0, 0x62, 0x6f, 0x62, 0x62, 0x69, 0x6e, 0x67,
    0x0, 0x62, 0x6f, 0x62, 0x62, 0x6c, 0x65, 0x0, 0x62, 0x6f, 0x62, 0x63, 0x61, 0x74, 0x0, 0x62,
    0x6f, 0x62, 0x73, 0x6c, 0x65, 0x64, 0x0, 0x62, 0x6f, 0x62, 0x74, 0x61, 0x69, 0x6c, 0x0, 0x62,
    0x6f, 0x64, 0x61, 0x63, 0x69, 0x6f, 0x75, 0x73, 0x0, 0x62, 0x6f, 0x64, 0x79, 0x0, 0x62, 0x6f,
    0x67, 0x67, 0x65, 0x64, 0x0, 0x62, 0x6f, 0x67, 0x67, 0x6c, 0x65, 0x0, 0x62, 0x6f, 0x67, 0x75,
    0x73, 0x0, 0x62, 0x6f, 0x69, 0x6c, 0x0, 0x62, 0x6f, 0x6b, 0x0, 0x62, 0x6f, 0x6c, 0x73, 0x74,
    0x65, 0x72, 0x0, 0x62, 0x6f, 0x6c, 0x74, 0x0, 0x62, 0x6f, 0x6e, 0x61, 0x6e, 0x7a, 0x61, 0x0,
    0x62, 0x6f, 0x6e, 0x64, 0x65, 0x64, 0x0, 0x62, 0x6f, 0x6e, 0x64, 0x69, 0x6e, 0x67, 0x0, 0x62,
    0x6f, 0x6e, 0x64, 0x6c, 0x65, 0x73, 0x73, 0x0, 0x62, 0x6f, 0x6e, 0x65, 0x64, 0x0, 0x62, 0x6f,
    0x6e, 0x65, 0x68, 0x65, 0x61, 0x64, 0x0, 0x62, 0x6f, 0x6e, 0x65, 0x6c, 0x65, 0x73, 0x73, 0x0,
    0x62, 0x6f, 0x6e, 0x65, 0x6c, 0x69, 0x6b, 0x65, 0x0, 0x62, 0x6f, 0x6e, 0x65, 0x79, 0x0, 0x62,
    0x6f, 0x6e, 0x66, 0x69, 0x72, 0x65, 0x0, 0x62, 0x6f, 0x6e, 0x6e, 0x65, 0x74, 0x0, 0x62, 0x6f,
    0x6e, 0x73, 0x61, 0x69, 0x0, 0x62, 0x6f, 0x6e, 0x75, 0x73, 0x0, 0x62, 0x6f, 0x6e, 0x79, 0x0,
    0x62, 0x6f, 0x6f, 0x67, 0x65, 0x79, 0x6d, 0x61, 0x6e, 0x0, 0x62, 0x6f, 0x6f, 0x67, 0x69, 0x65,
    0x6d, 0x61, 0x6e, 0x0, 0x62, 0x6f, 0x6f, 0x6b, 0x0, 0x62, 0x6f, 0x6f, 0x6e, 0x64, 0x6f, 0x63,
    0x6b, 0x73, 0x0, 0x62, 0x6f, 0x6f, 0x74, 0x65, 0x64, 0x0, 0x62, 0x6f, 0x6f, 0x74, 0x68, 0x0,
    0x62, 0x6f, 0x6f, 0x74, 0x69, 0x65, 0x0, 0x62, 0x6f, 0x6f, 0x74, 0x69, 0x6e, 0x67, 0x0, 0x62,
    0x6f, 0x6f, 0x74, 0x6c, 0x61, 0x63, 0x65, 0x0, 0x62, 0x6f, 0x6f, 0x74, 0x6c, 0x65, 0x67, 0x0,
    0x62, 0x6f, 0x6f, 0x74, 0x73, 0x0, 0x62, 0x6f, 0x6f, 0x7a, 0x79, 0x0, 0x62, 0x6f, 0x72, 0x61,
    0x78, 0x0, 0x62, 0x6f, 0x72, 0x69, 0x6e, 0x67, 0x0, 0x62, 0x6f, 0x72, 0x6f, 0x75, 0x67, 0x68,
    0x0, 0x62, 0x6f, 0x72, 0x72, 0x6f, 0x77, 0x65, 0x72, 0x0, 0x62, 0x6f, 0x72, 0x72, 0x6f, 0x77,
    0x69, 0x6e, 0x67, 0x0, 0x62, 0x6f, 0x73, 0x73, 0x0, 0x62, 0x6f, 0x74, 0x61, 0x6e, 0x69, 0x63,
    0x61, 0x6c, 0x0, 0x62, 0x6f, 0x74, 0x61, 0x6e, 0x69, 0x73, 0x74, 0x0, 0x62, 0x6f, 0x74, 0x61,
    0x6e, 0x79, 0x0, 0x62, 0x6f, 0x74, 0x63, 0x68, 0x0, 0x62, 0x6f, 0x74, 0x68, 0x0, 0x62, 0x6f,
    0x74, 0x74, 0x6c, 0x65, 0x0, 0x62, 0x6f, 0x74, 0x74, 0x6c, 0x69, 0x6e, 0x67, 0x0, 0x62, 0x6f,
    0x74, 0x74, 0x6f, 0x6d, 0x0, 0x62, 0x6f, 0x75, 0x6e, 0x63, 0x65, 0x0, 0x62, 0x6f, 0x75, 0x6e,
    0x63, 0x69, 0x6e, 0x67, 0x0, 0x62, 0x6f, 0x75, 0x6e, 0x63, 0x79, 0x0, 0x62, 0x6f, 0x75, 0x6e,
    0x64, 0x69, 0x6e, 0x67, 0x0, 0x62, 0x6f, 0x75, 0x6e, 0x64, 0x6c, 0x65, 0x73, 0x73, 0x0, 0x62,
    0x6f, 0x75, 0x6e, 0x74, 0x69, 0x66, 0x75, 0x6c, 0x0, 0x62, 0x6f, 0x76, 0x69, 0x6e, 0x65, 0x0,
    0x62, 0x6f, 0x78, 0x63, 0x61, 0x72, 0x0, 0x62, 0x6f, 0x78, 0x65, 0x72, 0x0, 0x62, 0x6f, 0x78,
    0x69, 0x6e, 0x67, 0x0, 0x62, 0x6f, 0x78, 0x6c, 0x69, 0x6b, 0x65, 0x0, 0x62, 0x6f, 0x78, 0x79,
    0x0, 0x62, 0x72, 0x65, 0x61, 0x63, 0x68, 0x0, 0x62, 0x72, 0x65, 0x61, 0x74, 0x68, 0x0, 0x62,
    0x72, 0x65, 0x65, 0x63, 0x68, 0x65, 0x73, 0x0, 0x62, 0x72, 0x65, 0x65, 0x63, 0x68, 0x69, 0x6e,
    0x67, 0x0, 0x62, 0x72, 0x65, 0x65, 0x64, 0x65, 0x72, 0x0, 0x62, 0x72, 0x65, 0x65, 0x64, 0x69,
    0x6e, 0x67, 0x0, 0x62, 0x72, 0x65, 0x65, 0x7a, 0x65, 0x0, 0x62, 0x72, 0x65, 0x65, 0x7a, 0x79,
    0x0, 0x62, 0x72, 0x65, 0x74, 0x68, 0x72, 0x65, 0x6e, 0x0, 0x62, 0x72, 0x65, 0x77, 0x65, 0x72,
    0x79, 0x0, 0x62, 0x72, 0x65, 0x77, 0x69, 0x6e, 0x67, 0x0, 0x62, 0x72, 0x69, 0x61, 0x72, 0x0,
    0x62, 0x72, 0x69, 0x62, 0x65, 0x0, 0x62, 0x72, 0x69, 0x63, 0x6b, 0x0, 0x62, 0x72, 0x69, 0x64,
    0x65, 0x0, 0x62, 0x72, 0x69, 0x64, 0x67, 0x65, 0x64, 0x0, 0x62, 0x72, 0x69, 0x67, 0x61, 0x64,
    0x65, 0x0, 0x62, 0x72, 0x69, 0x67, 0x68, 0x74, 0x0, 0x62, 0x72, 0x69, 0x6c, 0x6c, 0x69, 0x61,
    0x6e, 0x74, 0x0, 0x62, 0x72, 0x69, 0x6d, 0x0, 0x62, 0x72, 0x69, 0x6e, 0x67, 0x0, 0x62, 0x72,
    0x69, 0x6e, 0x6b, 0x0, 0x62, 0x72, 0x69, 0x73, 0x6b, 0x65, 0x74, 0x0, 0x62, 0x72, 0x69, 0x73,
    0x6b, 0x6c, 0x79, 0x0, 0x62, 0x72, 0x69, 0x73, 0x6b, 0x6e, 0x65, 0x73, 0x73, 0x0, 0x62, 0x72,
    0x69, 0x73, 0x74, 0x6c, 0x65, 0x0, 0x62, 0x72, 0x69, 0x74, 0x74, 0x6c, 0x65, 0x0, 0x62, 0x72,
    0x6f, 0x61, 0x64, 0x62, 0x61, 0x6e, 0x64, 0x0, 0x62, 0x72, 0x6f, 0x61, 0x64, 0x63, 0x61, 0x73,
    0x74, 0x0, 0x62, 0x72, 0x6f, 0x61, 0x64, 0x65, 0x6e, 0x0, 0x62, 0x72, 0x6f, 0x61, 0x64, 0x6c,
    0x79, 0x0, 0x62, 0x72, 0x6f, 0x61, 0x64, 0x6e, 0x65, 0x73, 0x73, 0x0, 0x62, 0x72, 0x6f, 0x61,
    0x64, 0x73, 0x69, 0x64, 0x65, 0x0, 0x62, 0x72, 0x6f, 0x61, 0x64, 0x77, 0x61, 0x79, 0x73, 0x0,
    0x62, 0x72, 0x6f, 0x69, 0x6c, 0x65, 0x72, 0x0, 0x62, 0x72, 0x6f, 0x69, 0x6c, 0x69, 0x6e, 0x67,
    0x0, 0x62, 0x72, 0x6f, 0x6b, 0x65, 0x6e, 0x0, 0x62, 0x72, 0x6f, 0x6b, 0x65, 0x72, 0x0, 0x62,
    0x72, 0x6f, 0x6e, 0x63, 0x68, 0x69, 0x61, 0x6c, 0x0, 0x62, 0x72, 0x6f, 0x6e, 0x63, 0x6f, 0x0,
    0x62, 0x72, 0x6f, 0x6e, 0x7a, 0x65, 0x0, 0x62, 0x72, 0x6f, 0x6e, 0x7a, 0x69, 0x6e, 0x67, 0x0,
    0x62, 0x72, 0x6f, 0x6f, 0x6b, 0x0, 0x62, 0x72, 0x6f, 0x6f, 0x6d, 0x0, 0x62, 0x72, 0x6f, 0x75,
    0x67, 0x68, 0x74, 0x0, 0x62, 0x72, 0x6f, 0x77, 0x62, 0x65, 0x61, 0x74, 0x0, 0x62, 0x72, 0x6f,
    0x77, 0x6e, 0x6e, 0x6f, 0x73, 0x65, 0x0, 0x62, 0x72, 0x6f, 0x77, 0x73, 0x65, 0x0, 0x62, 0x72,
    0x6f, 0x77, 0x73, 0x69, 0x6e, 0x67, 0x0, 0x62, 0x72, 0x75, 0x69, 0x73, 0x69, 0x6e, 0x67, 0x0,
    0x62, 0x72, 0x75, 0x6e, 0x63, 0x68, 0x0, 0x62, 0x72, 0x75, 0x6e, 0x65, 0x74, 0x74, 0x65, 0x0,
    0x62, 0x72, 0x75, 0x6e, 0x74, 0x0, 0x62, 0x72, 0x75, 0x73, 0x68, 0x0, 0x62, 0x72, 0x75, 0x73,
    0x73, 0x65, 0x6c, 0x73, 0x0, 0x62, 0x72, 0x75, 0x74, 0x65, 0x0, 0x62, 0x72, 0x75, 0x74, 0x69,
    0x73, 0x68, 0x6c, 0x79, 0x0, 0x62, 0x75, 0x62, 0x62, 0x6c, 0x65, 0x0, 0x62, 0x75, 0x62, 0x62,
    0x6c, 0x69, 0x6e, 0x67, 0x0, 0x62, 0x75, 0x62, 0x62, 0x6c, 0x79, 0x0, 0x62, 0x75, 0x63, 0x63,
    0x61, 0x6e, 0x65, 0x65, 0x72, 0x0, 0x62, 0x75, 0x63, 0x6b, 0x65, 0x64, 0x0, 0x62, 0x75, 0x63,
    0x6b, 0x65, 0x74, 0x0, 0x62, 0x75, 0x63, 0x6b, 0x6c, 0x65, 0x0, 0x62, 0x75, 0x63, 0x6b, 0x73,
    0x68, 0x6f, 0x74, 0x0, 0x62, 0x75, 0x63, 0x6b, 0x73, 0x6b, 0x69, 0x6e, 0x0, 0x62, 0x75, 0x63,
    0x6b, 0x74, 0x6f, 0x6f, 0x74, 0x68, 0x0, 0x62, 0x75, 0x63, 0x6b, 0x77, 0x68, 0x65, 0x61, 0x74,
    0x0, 0x62, 0x75, 0x64, 0x64, 0x68, 0x69, 0x73, 0x6d, 0x0, 0x62, 0x75, 0x64, 0x64, 0x68, 0x69,
    0x73, 0x74, 0x0, 0x62, 0x75, 0x64, 0x64, 0x69, 0x6e, 0x67, 0x0, 0x62, 0x75, 0x64, 0x64, 0x79,
    0x0, 0x62, 0x75, 0x64, 0x67, 0x65, 0x74, 0x0, 0x62, 0x75, 0x66, 0x66, 0x61, 0x6c, 0x6f, 0x0,
    0x62, 0x75, 0x66, 0x66, 0x65, 0x64, 0x0, 0x62, 0x75, 0x66, 0x66, 0x65, 0x72, 0x0, 0x62, 0x75,
    0x66, 0x66, 0x69, 0x6e, 0x67, 0x0, 0x62, 0x75, 0x66, 0x66, 0x6f, 0x6f, 0x6e, 0x0, 0x62, 0x75,
    0x67, 0x67, 0x79, 0x0, 0x62, 0x75, 0x6c, 0x62, 0x0, 0x62, 0x75, 0x6c, 0x67, 0x65, 0x0, 0x62,
    0x75, 0x6c, 0x67, 0x69, 0x6e, 0x65, 0x73, 0x73, 0x0, 0x62, 0x75, 0x6c, 0x67, 0x75, 0x72, 0x0,
    0x62, 0x75, 0x6c, 0x6b, 0x0, 0x62, 0x75, 0x6c, 0x6c, 0x64, 0x6f, 0x67, 0x0, 0x62, 0x75, 0x6c,
    0x6c, 0x64, 0x6f, 0x7a, 0x65, 0x72, 0x0, 0x62, 0x75, 0x6c, 0x6c, 0x66, 0x69, 0x67, 0x68, 0x74,
    0x0, 0x62, 0x75, 0x6c, 0x6c, 0x66, 0x72, 0x6f, 0x67, 0x0, 0x62, 0x75, 0x6c, 0x6c, 0x68, 0x6f,
    0x72, 0x6e, 0x0, 0x62, 0x75, 0x6c, 0x6c, 0x69, 0x6f, 0x6e, 0x0, 0x62, 0x75, 0x6c, 0x6c, 0x69,
    0x73, 0x68, 0x0, 0x62, 0x75, 0x6c, 0x6c, 0x70, 0x65, 0x6e, 0x0, 0x62, 0x75, 0x6c, 0x6c, 0x72,
    0x69, 0x6e, 0x67, 0x0, 0x62, 0x75, 0x6c, 0x6c, 0x73, 0x65, 0x79, 0x65, 0x0, 0x62, 0x75, 0x6c,
    0x6c, 0x77, 0x68, 0x69, 0x70, 0x0, 0x62, 0x75, 0x6c, 0x6c, 0x79, 0x0, 0x62, 0x75, 0x6e, 0x63,
    0x68, 0x0, 0x62, 0x75, 0x6e, 0x64, 0x6c, 0x65, 0x0, 0x62, 0x75, 0x6e, 0x67, 0x65, 0x65, 0x0,
    0x62, 0x75, 0x6e, 0x69, 0x6f, 0x6e, 0x0, 0x62, 0x75, 0x6e, 0x6b, 0x62, 0x65, 0x64, 0x0, 0x62,
    0x75, 0x6e, 0x6b, 0x68, 0x6f, 0x75, 0x73, 0x65, 0x0, 0x62, 0x75, 0x6e, 0x6b, 0x6d, 0x61, 0x74,
    0x65, 0x0, 0x62, 0x75, 0x6e, 0x6e, 0x79, 0x0, 0x62, 0x75, 0x6e, 0x74, 0x0, 0x62, 0x75, 0x73,
    0x62, 0x6f, 0x79, 0x0, 0x62, 0x75, 0x73, 0x68, 0x0, 0x62, 0x75, 0x73, 0x69, 0x6c, 0x79, 0x0,
    0x62, 0x75, 0x73, 0x6c, 0x6f, 0x61, 0x64, 0x0, 0x62, 0x75, 0x73, 0x74, 0x0, 0x62, 0x75, 0x73,
    0x79, 0x62, 0x6f, 0x64, 0x79, 0x0, 0x62, 0x75, 0x7a, 0x7a, 0x0, 0x63, 0x61, 0x62, 0x61, 0x6e,
    0x61, 0x0, 0x63, 0x61, 0x62, 0x62, 0x61, 0x67, 0x65, 0x0, 0x63, 0x61, 0x62, 0x62, 0x69, 0x65,
    0x0, 0x63, 0x61, 0x62, 0x64, 0x72, 0x69, 0x76, 0x65, 0x72, 0x0, 0x63, 0x61, 0x62, 0x6c, 0x65,
    0x0, 0x63, 0x61, 0x62, 0x6f, 0x6f, 0x73, 0x65, 0x0, 0x63, 0x61, 0x63, 0x68, 0x65, 0x0, 0x63,
    0x61, 0x63, 0x6b, 0x6c, 0x65, 0x0, 0x63, 0x61, 0x63, 0x74, 0x69, 0x0, 0x63, 0x61, 0x63, 0x74,
    0x75, 0x73, 0x0, 0x63, 0x61, 0x64, 0x64, 0x69, 0x65, 0x0, 0x63, 0x61, 0x64, 0x64, 0x79, 0x0,
    0x63, 0x61, 0x64, 0x65, 0x74, 0x0, 0x63, 0x61, 0x64, 0x69, 0x6c, 0x6c, 0x61, 0x63, 0x0, 0x63,
    0x61, 0x64, 0x6d, 0x69, 0x75, 0x6d, 0x0, 0x63, 0x61, 0x67, 0x65, 0x0, 0x63, 0x61, 0x68, 0x6f,
    0x6f, 0x74, 0x73, 0x0, 0x63, 0x61, 0x6b, 0x65, 0x0, 0x63, 0x61, 0x6c, 0x61, 0x6d, 0x61, 0x72,
    0x69, 0x0, 0x63, 0x61, 0x6c, 0x61, 0x6d, 0x69, 0x74, 0x79, 0x0, 0x63, 0x61, 0x6c, 0x63, 0x69,
    0x75, 0x6d, 0x0, 0x63, 0x61, 0x6c, 0x63, 0x75, 0x6c, 0x61, 0x74, 0x65, 0x0, 0x63, 0x61, 0x6c,
    0x63, 0x75, 0x6c, 0x75, 0x73, 0x0, 0x63, 0x61, 0x6c, 0x69, 0x62, 0x65, 0x72, 0x0, 0x63, 0x61,
    0x6c, 0x69, 0x62, 0x72, 0x61, 0x74, 0x65, 0x0, 0x63, 0x61, 0x6c, 0x6d, 0x0, 0x63, 0x61, 0x6c,
    0x6f, 0x72, 0x69, 0x63, 0x0, 0x63, 0x61, 0x6c, 0x6f, 0x72, 0x69, 0x65, 0x0, 0x63, 0x61, 0x6c,
    0x7a, 0x6f, 0x6e, 0x65, 0x0, 0x63, 0x61, 0x6d, 0x63, 0x6f, 0x72, 0x64, 0x65, 0x72, 0x0, 0x63,
    0x61, 0x6d, 0x65, 0x6f, 0x0, 0x63, 0x61, 0x6d, 0x65, 0x72, 0x61, 0x0, 0x63, 0x61, 0x6d, 0x69,
    0x73, 0x6f, 0x6c, 0x65, 0x0, 0x63, 0x61, 0x6d, 0x70, 0x65, 0x72, 0x0, 0x63, 0x61, 0x6d, 0x70,
    0x66, 0x69, 0x72, 0x65, 0x0, 0x63, 0x61, 0x6d, 0x70, 0x69, 0x6e, 0x67, 0x0, 0x63, 0x61, 0x6d,
    0x70, 0x73, 0x69, 0x74, 0x65, 0x0, 0x63, 0x61, 0x6d, 0x70, 0x75, 0x73, 0x0, 0x63, 0x61, 0x6e,
    0x61, 0x6c, 0x0, 0x63, 0x61, 0x6e, 0x61, 0x72, 0x79, 0x0, 0x63, 0x61, 0x6e, 0x63, 0x65, 0x6c,
    0x0, 0x63, 0x61, 0x6e, 0x64, 0x69, 0x65, 0x64, 0x0, 0x63, 0x61, 0x6e, 0x64, 0x6c, 0x65, 0x0,
    0x63, 0x61, 0x6e, 0x64, 0x79, 0x0, 0x63, 0x61, 0x6e, 0x65, 0x0, 0x63, 0x61, 0x6e, 0x69, 0x6e,
    0x65, 0x0, 0x63, 0x61, 0x6e, 0x69, 0x73, 0x74, 0x65, 0x72, 0x0, 0x63, 0x61, 0x6e, 0x6e, 0x61,
    0x62, 0x69, 0x73, 0x0, 0x63, 0x61, 0x6e, 0x6e, 0x65, 0x64, 0x0, 0x63, 0x61, 0x6e, 0x6e, 0x69,
    0x6e, 0x67, 0x0, 0x63, 0x61, 0x6e, 0x6e, 0x6f, 0x6e, 0x0, 0x63, 0x61, 0x6e, 0x6e, 0x6f, 0x74,
    0x0, 0x63, 0x61, 0x6e, 0x6f, 0x6c, 0x61, 0x0, 0x63, 0x61, 0x6e, 0x6f, 0x6e, 0x0, 0x63, 0x61,
    0x6e, 0x6f, 0x70, 0x65, 0x6e, 0x65, 0x72, 0x0, 0x63, 0x61, 0x6e, 0x6f, 0x70, 0x79, 0x0, 0x63,
    0x61, 0x6e, 0x74, 0x65, 0x65, 0x6e, 0x0, 0x63, 0x61, 0x6e, 0x79, 0x6f, 0x6e, 0x0, 0x63, 0x61,
    0x70, 0x61, 0x62, 0x6c, 0x65, 0x0, 0x63, 0x61, 0x70, 0x61, 0x62, 0x6c, 0x79, 0x0, 0x63, 0x61,
    0x70, 0x61, 0x63, 0x69, 0x74, 0x79, 0x0, 0x63, 0x61, 0x70, 0x65, 0x0, 0x63, 0x61, 0x70, 0x69,
    0x6c, 0x6c, 0x61, 0x72, 0x79, 0x0, 0x63, 0x61, 0x70, 0x69, 0x74, 0x61, 0x6c, 0x0, 0x63, 0x61,
    0x70, 0x69, 0x74, 0x6f, 0x6c, 0x0, 0x63, 0x61, 0x70, 0x70, 0x65, 0x64, 0x0, 0x63, 0x61, 0x70,
    0x72, 0x69, 0x63, 0x6f, 0x72, 0x6e, 0x0, 0x63, 0x61, 0x70, 0x73, 0x69, 0x7a, 0x65, 0x0, 0x63,
    0x61, 0x70, 0x73, 0x75, 0x6c, 0x65, 0x0, 0x63, 0x61, 0x70, 0x74, 0x69, 0x6f, 0x6e, 0x0, 0x63,
    0x61, 0x70, 0x74, 0x69, 0x76, 0x61, 0x74, 0x65, 0x0, 0x63, 0x61, 0x70, 0x74, 0x69, 0x76, 0x65,
    0x0, 0x63, 0x61, 0x70, 0x74, 0x69, 0x76, 0x69, 0x74, 0x79, 0x0, 0x63, 0x61, 0x70, 0x74, 0x75,
    0x72, 0x65, 0x0, 0x63, 0x61, 0x72, 0x61, 0x6d, 0x65, 0x6c, 0x0, 0x63, 0x61, 0x72, 0x61, 0x74,
    0x0, 0x63, 0x61, 0x72, 0x61, 0x76, 0x61, 0x6e, 0x0, 0x63, 0x61, 0x72, 0x62, 0x6f, 0x6e, 0x0,
    0x63, 0x61, 0x72, 0x64, 0x62, 0x6f, 0x61, 0x72, 0x64, 0x0, 0x63, 0x61, 0x72, 0x64, 0x65, 0x64,
    0x0, 0x63, 0x61, 0x72, 0x64, 0x69, 0x61, 0x63, 0x0, 0x63, 0x61, 0x72, 0x64, 0x69, 0x67, 0x61,
    0x6e, 0x0, 0x63, 0x61, 0x72, 0x64, 0x69, 0x6e, 0x61, 0x6c, 0x0, 0x63, 0x61, 0x72, 0x64, 0x73,
    0x74, 0x6f, 0x63, 0x6b, 0x0, 0x63, 0x61, 0x72, 0x65, 0x66, 0x75, 0x6c, 0x6c, 0x79, 0x0, 0x63,
    0x61, 0x72, 0x65, 0x67, 0x69, 0x76, 0x65, 0x72, 0x0, 0x63, 0x61, 0x72, 0x65, 0x6c, 0x65, 0x73,
    0x73, 0x0, 0x63, 0x61, 0x72, 0x65, 0x73, 0x73, 0x0, 0x63, 0x61, 0x72, 0x65, 0x74, 0x61, 0x6b,
    0x65, 0x72, 0x0, 0x63, 0x61, 0x72, 0x67, 0x6f, 0x0, 0x63, 0x61, 0x72, 0x69, 0x6e, 0x67, 0x0,
    0x63, 0x61, 0x72, 0x6c, 0x65, 0x73, 0x73, 0x0, 0x63, 0x61, 0x72, 0x6c, 0x6f, 0x61, 0x64, 0x0,
    0x63, 0x61, 0x72, 0x6d, 0x61, 0x6b, 0x65, 0x72, 0x0, 0x63, 0x61, 0x72, 0x6e, 0x61, 0x67, 0x65,
    0x0, 0x63, 0x61, 0x72, 0x6e, 0x61, 0x74, 0x69, 0x6f, 0x6e, 0x0, 0x63, 0x61, 0x72, 0x6e, 0x69,
    0x76, 0x61, 0x6c, 0x0, 0x63, 0x61, 0x72, 0x6e, 0x69, 0x76, 0x6f, 0x72, 0x65, 0x0, 0x63, 0x61,
    0x72, 0x6f, 0x6c, 0x0, 0x63, 0x61, 0x72, 0x70, 0x65, 0x6e, 0x74, 0x65, 0x72, 0x0, 0x63, 0x61,
    0x72, 0x70, 0x65, 0x6e, 0x74, 0x72, 0x79, 0x0, 0x63, 0x61, 0x72, 0x70, 0x6f, 0x6f, 0x6c, 0x0,
    0x63, 0x61, 0x72, 0x70, 0x6f, 0x72, 0x74, 0x0, 0x63, 0x61, 0x72, 0x72, 0x69, 0x65, 0x64, 0x0,
    0x63, 0x61, 0x72, 0x72, 0x6f, 0x74, 0x0, 0x63, 0x61, 0x72, 0x72, 0x6f, 0x75, 0x73, 0x65, 0x6c,
    0x0, 0x63, 0x61, 0x72, 0x72, 0x79, 0x0, 0x63, 0x61, 0x72, 0x74, 0x65, 0x6c, 0x0, 0x63, 0x61,
    0x72, 0x74, 0x6c, 0x6f, 0x61, 0x64, 0x0, 0x63, 0x61, 0x72, 0x74, 0x6f, 0x6e, 0x0, 0x63, 0x61,
    0x72, 0x74, 0x6f, 0x6f, 0x6e, 0x0, 0x63, 0x61, 0x72, 0x74, 0x72, 0x69, 0x64, 0x67, 0x65, 0x0,
    0x63, 0x61, 0x72, 0x74, 0x77, 0x68, 0x65, 0x65, 0x6c, 0x0, 0x63, 0x61, 0x72, 0x76, 0x65, 0x0,
    0x63, 0x61, 0x72, 0x76, 0x69, 0x6e, 0x67, 0x0, 0x63, 0x61, 0x72, 0x77, 0x61, 0x73, 0x68, 0x0,
    0x63, 0x61, 0x73, 0x63, 0x61, 0x64, 0x65, 0x0, 0x63, 0x61, 0x73, 0x65, 0x0, 0x63, 0x61, 0x73,
    0x68, 0x0, 0x63, 0x61, 0x73, 0x69, 0x6e, 0x67, 0x0, 0x63, 0x61, 0x73, 0x69, 0x6e, 0x6f, 0x0,
    0x63, 0x61, 0x73, 0x6b, 0x65, 0x74, 0x0, 0x63, 0x61, 0x73, 0x73, 0x65, 0x74, 0x74, 0x65, 0x0,
    0x63, 0x61, 0x73, 0x75, 0x61, 0x6c, 0x6c, 0x79, 0x0, 0x63, 0x61, 0x73, 0x75, 0x61, 0x6c, 0x74,
    0x79, 0x0, 0x63, 0x61, 0x74, 0x61, 0x63, 0x6f, 0x6d, 0x62, 0x0, 0x63, 0x61, 0x74, 0x61, 0x6c,
    0x6f, 0x67, 0x0, 0x63, 0x61, 0x74, 0x61, 0x6c, 0x79, 0x73, 0x74, 0x0, 0x63, 0x61, 0x74, 0x61,
    0x6c, 0x79, 0x7a, 0x65, 0x0, 0x63, 0x61, 0x74, 0x61, 0x70, 0x75, 0x6c, 0x74, 0x0, 0x63, 0x61,
    0x74, 0x61, 0x72, 0x61, 0x63, 0x74, 0x0, 0x63, 0x61, 0x74, 0x61, 0x74, 0x6f, 0x6e, 0x69, 0x63,
    0x0, 0x63, 0x61, 0x74, 0x63, 0x61, 0x6c, 0x6c, 0x0, 0x63, 0x61, 0x74, 0x63, 0x68, 0x61, 0x62,
    0x6c, 0x65, 0x0, 0x63, 0x61, 0x74, 0x63, 0x68, 0x65, 0x72, 0x0, 0x63, 0x61, 0x74, 0x63, 0x68,
    0x69, 0x6e, 0x67, 0x0, 0x63, 0x61, 0x74, 0x63, 0x68, 0x79, 0x0, 0x63, 0x61, 0x74, 0x65, 0x72,
    0x65, 0x72, 0x0, 0x63, 0x61, 0x74, 0x65, 0x72, 0x69, 0x6e, 0x67, 0x0, 0x63, 0x61, 0x74, 0x66,
    0x69, 0x67, 0x68, 0x74, 0x0, 0x63, 0x61, 0x74, 0x66, 0x69, 0x73, 0x68, 0x0, 0x63, 0x61, 0x74,
    0x68, 0x65, 0x64, 0x72, 0x61, 0x6c, 0x0, 0x63, 0x61, 0x74, 0x68, 0x6f, 0x75, 0x73, 0x65, 0x0,
    0x63, 0x61, 0x74, 0x6c, 0x69, 0x6b, 0x65, 0x0, 0x63, 0x61, 0x74, 0x6e, 0x61, 0x70, 0x0, 0x63,
    0x61, 0x74, 0x6e, 0x69, 0x70, 0x0, 0x63, 0x61, 0x74, 0x73, 0x75, 0x70, 0x0, 0x63, 0x61, 0x74,
    0x74, 0x61, 0x69, 0x6c, 0x0, 0x63, 0x61, 0x74, 0x74, 0x69, 0x73, 0x68, 0x6c, 0x79, 0x0, 0x63,
    0x61, 0x74, 0x74, 0x6c, 0x65, 0x0, 0x63, 0x61, 0x74, 0x74, 0x79, 0x0, 0x63, 0x61, 0x74, 0x77,
    0x61, 0x6c, 0x6b, 0x0, 0x63, 0x61, 0x75, 0x63, 0x61, 0x73, 0x69, 0x61, 0x6e, 0x0, 0x63, 0x61,
    0x75, 0x63, 0x75, 0x73, 0x0, 0x63, 0x61, 0x75, 0x73, 0x61, 0x6c, 0x0, 0x63, 0x61, 0x75, 0x73,
    0x61, 0x74, 0x69, 0x6f, 0x6e, 0x0, 0x63, 0x61, 0x75, 0x73, 0x65, 0x0, 0x63, 0x61, 0x75, 0x73,
    0x69, 0x6e, 0x67, 0x0, 0x63, 0x61, 0x75, 0x74, 0x65, 0x72, 0x69, 0x7a, 0x65, 0x0, 0x63, 0x61,
    0x75, 0x74, 0x69, 0x6f, 0x6e, 0x0, 0x63, 0x61, 0x75, 0x74, 0x69, 0x6f, 0x75, 0x73, 0x0, 0x63,
    0x61, 0x76, 0x61, 0x6c, 0x69, 0x65, 0x72, 0x0, 0x63, 0x61, 0x76, 0x61, 0x6c, 0x72, 0x79, 0x0,
    0x63, 0x61, 0x76, 0x69, 0x61, 0x72, 0x0, 0x63, 0x61, 0x76, 0x69, 0x74, 0x79, 0x0, 0x63, 0x65,
    0x64, 0x61, 0x72, 0x0, 0x63, 0x65, 0x6c, 0x65, 0x72, 0x79, 0x0, 0x63, 0x65, 0x6c, 0x65, 0x73,
    0x74, 0x69, 0x61, 0x6c, 0x0, 0x63, 0x65, 0x6c, 0x69, 0x62, 0x61, 0x63, 0x79, 0x0, 0x63, 0x65,
    0x6c, 0x69, 0x62, 0x61, 0x74, 0x65, 0x0, 0x63, 0x65, 0x6c, 0x74, 0x69, 0x63, 0x0, 0x63, 0x65,
    0x6d, 0x65, 0x6e, 0x74, 0x0, 0x63, 0x65, 0x6e, 0x73, 0x75, 0x73, 0x0, 0x63, 0x65, 0x72, 0x61,
    0x6d, 0x69, 0x63, 0x73, 0x0, 0x63, 0x65, 0x72, 0x65, 0x6d, 0x6f, 0x6e, 0x79, 0x0, 0x63, 0x65,
    0x72, 0x74, 0x61, 0x69, 0x6e, 0x6c, 0x79, 0x0, 0x63, 0x65, 0x72, 0x74, 0x61, 0x69, 0x6e, 0x74,
    0x79, 0x0, 0x63, 0x65, 0x72, 0x74, 0x69, 0x66, 0x69, 0x65, 0x64, 0x0, 0x63, 0x65, 0x72, 0x74,
    0x69, 0x66, 0x79, 0x0, 0x63, 0x65, 0x73, 0x61, 0x72, 0x65, 0x61, 0x6e, 0x0, 0x63, 0x65, 0x73,
    0x73, 0x70, 0x6f, 0x6f, 0x6c, 0x0, 0x63, 0x68, 0x61, 0x66, 0x65, 0x0, 0x63, 0x68, 0x61, 0x66,
    0x66, 0x69, 0x6e, 0x67, 0x0, 0x63, 0x68, 0x61, 0x69, 0x6e, 0x0, 0x63, 0x68, 0x61, 0x69, 0x72,
    0x0, 0x63, 0x68, 0x61, 0x6c, 0x69, 0x63, 0x65, 0x0, 0x63, 0x68, 0x61, 0x6c, 0x6c, 0x65, 0x6e,
    0x67, 0x65, 0x0, 0x63, 0x68, 0x61, 0x6d, 0x62, 0x65, 0x72, 0x0, 0x63, 0x68, 0x61, 0x6d, 0x6f,
    0x6d, 0x69, 0x6c, 0x65, 0x0, 0x63, 0x68, 0x61, 0x6d, 0x70, 0x69, 0x6f, 0x6e, 0x0, 0x63, 0x68,
    0x61, 0x6e, 0x63, 0x65, 0x0, 0x63, 0x68, 0x61, 0x6e, 0x67, 0x65, 0x0, 0x63, 0x68, 0x61, 0x6e,
    0x6e, 0x65, 0x6c, 0x0, 0x63, 0x68, 0x61, 0x6e, 0x74, 0x0, 0x63, 0x68, 0x61, 0x6f, 0x73, 0x0,
    0x63, 0x68, 0x61, 0x70, 0x65, 0x72, 0x6f, 0x6e, 0x65, 0x0, 0x63, 0x68, 0x61, 0x70, 0x6c, 0x61,
    0x69, 0x6e, 0x0, 0x63, 0x68, 0x61, 0x70, 0x70, 0x65, 0x64, 0x0, 0x63, 0x68, 0x61, 0x70, 0x73,
    0x0, 0x63, 0x68, 0x61, 0x70, 0x74, 0x65, 0x72, 0x0, 0x63, 0x68, 0x61, 0x72, 0x61, 0x63, 0x74,
    0x65, 0x72, 0x0, 0x63, 0x68, 0x61, 0x72, 0x62, 0x72, 0x6f, 0x69, 0x6c, 0x0, 0x63, 0x68, 0x61,
    0x72, 0x63, 0x6f, 0x61, 0x6c, 0x0, 0x63, 0x68, 0x61, 0x72, 0x67, 0x65, 0x72, 0x0, 0x63, 0x68,
    0x61, 0x72, 0x67, 0x69, 0x6e, 0x67, 0x0, 0x63, 0x68, 0x61, 0x72, 0x69, 0x6f, 0x74, 0x0, 0x63,
    0x68, 0x61, 0x72, 0x69, 0x74, 0x79, 0x0, 0x63, 0x68, 0x61, 0x72, 0x6d, 0x0, 0x63, 0x68, 0x61,
    0x72, 0x72, 0x65, 0x64, 0x0, 0x63, 0x68, 0x61, 0x72, 0x74, 0x65, 0x72, 0x0, 0x63, 0x68, 0x61,
    0x72, 0x74, 0x69, 0x6e, 0x67, 0x0, 0x63, 0x68, 0x61, 0x73, 0x65, 0x0, 0x63, 0x68, 0x61, 0x73,
    0x69, 0x6e, 0x67, 0x0, 0x63, 0x68, 0x61, 0x73, 0x74, 0x65, 0x0, 0x63, 0x68, 0x61, 0x73, 0x74,
    0x69, 0x73, 0x65, 0x0, 0x63, 0x68, 0x61, 0x73, 0x74, 0x69, 0x74, 0x79, 0x0, 0x63, 0x68, 0x61,
    0x74, 0x72, 0x6f, 0x6f, 0x6d, 0x0, 0x63, 0x68, 0x61, 0x74, 0x74, 0x65, 0x72, 0x0, 0x63, 0x68,
    0x61, 0x74, 0x74, 0x69, 0x6e, 0x67, 0x0, 0x63, 0x68, 0x61, 0x74, 0x74, 0x79, 0x0, 0x63, 0x68,
    0x65, 0x61, 0x74, 0x69, 0x6e, 0x67, 0x0, 0x63, 0x68, 0x65, 0x64, 0x64, 0x61, 0x72, 0x0, 0x63,
    0x68, 0x65, 0x65, 0x6b, 0x0, 0x63, 0x68, 0x65, 0x65, 0x72, 0x0, 0x63, 0x68, 0x65, 0x65, 0x73,
    0x65, 0x0, 0x63, 0x68, 0x65, 0x65, 0x73, 0x79, 0x0, 0x63, 0x68, 0x65, 0x66, 0x0, 0x63, 0x68,
    0x65, 0x6d, 0x69, 0x63, 0x61, 0x6c, 0x73, 0x0, 0x63, 0x68, 0x65, 0x6d, 0x69, 0x73, 0x74, 0x0,
    0x63, 0x68, 0x65, 0x6d, 0x6f, 0x0, 0x63, 0x68, 0x65, 0x72, 0x69, 0x73, 0x68, 0x65, 0x72, 0x0,
    0x63, 0x68, 0x65, 0x72, 0x75, 0x62, 0x0, 0x63, 0x68, 0x65, 0x73, 0x73, 0x0, 0x63, 0x68, 0x65,
    0x73, 0x74, 0x0, 0x63, 0x68, 0x65, 0x76, 0x72, 0x6f, 0x6e, 0x0, 0x63, 0x68, 0x65, 0x76, 0x79,
    0x0, 0x63, 0x68, 0x65, 0x77, 0x61, 0x62, 0x6c, 0x65, 0x0, 0x63, 0x68, 0x65, 0x77, 0x65, 0x72,
    0x0, 0x63, 0x68, 0x65, 0x77, 0x69, 0x6e, 0x67, 0x0, 0x63, 0x68, 0x65, 0x77, 0x79, 0x0, 0x63,
    0x68, 0x69, 0x65, 0x66, 0x0, 0x63, 0x68, 0x69, 0x68, 0x75, 0x61, 0x68, 0x75, 0x61, 0x0, 0x63,
    0x68, 0x69, 0x6c, 0x64, 0x63, 0x61, 0x72, 0x65, 0x0, 0x63, 0x68, 0x69, 0x6c, 0x64, 0x68, 0x6f,
    0x6f, 0x64, 0x0, 0x63, 0x68, 0x69, 0x6c, 0x64, 0x69, 0x73, 0x68, 0x0, 0x63, 0x68, 0x69, 0x6c,
    0x64, 0x6c, 0x65, 0x73, 0x73, 0x0, 0x63, 0x68, 0x69, 0x6c, 0x64, 0x6c, 0x69, 0x6b, 0x65, 0x0,
    0x63, 0x68, 0x69, 0x6c, 0x69, 0x0, 0x63, 0x68, 0x69, 0x6c, 0x6c, 0x0, 0x63, 0x68, 0x69, 0x6d,
    0x70, 0x0, 0x63, 0x68, 0x69, 0x70, 0x0, 0x63, 0x68, 0x69, 0x72, 0x70, 0x69, 0x6e, 0x67, 0x0,
    0x63, 0x68, 0x69, 0x72, 0x70, 0x79, 0x0, 0x63, 0x68, 0x69, 0x74, 0x63, 0x68, 0x61, 0x74, 0x0,
    0x63, 0x68, 0x69, 0x76, 0x61, 0x6c, 0x72, 0x79, 0x0, 0x63, 0x68, 0x69, 0x76, 0x65, 0x0, 0x63,
    0x68, 0x6c, 0x6f, 0x72, 0x69, 0x64, 0x65, 0x0, 0x63, 0x68, 0x6c, 0x6f, 0x72, 0x69, 0x6e, 0x65,
    0x0, 0x63, 0x68, 0x6f, 0x69, 0x63, 0x65, 0x0, 0x63, 0x68, 0x6f, 0x6b, 0x65, 0x68, 0x6f, 0x6c,
    0x64, 0x0, 0x63, 0x68, 0x6f, 0x6b, 0x69, 0x6e, 0x67, 0x0, 0x63, 0x68, 0x6f, 0x6d, 0x70, 0x0,
    0x63, 0x68, 0x6f, 0x6f, 0x73, 0x65, 0x72, 0x0, 0x63, 0x68, 0x6f, 0x6f, 0x73, 0x69, 0x6e, 0x67,
    0x0, 0x63, 0x68, 0x6f, 0x6f, 0x73, 0x79, 0x0, 0x63, 0x68, 0x6f, 0x70, 0x0, 0x63, 0x68, 0x6f,
    0x73, 0x65, 0x6e, 0x0, 0x63, 0x68, 0x6f, 0x77, 0x64, 0x65, 0x72, 0x0, 0x63, 0x68, 0x6f, 0x77,
    0x74, 0x69, 0x6d, 0x65, 0x0, 0x63, 0x68, 0x72, 0x6f, 0x6d, 0x65, 0x0, 0x63, 0x68, 0x75, 0x62,
    0x62, 0x79, 0x0, 0x63, 0x68, 0x75, 0x63, 0x6b, 0x0, 0x63, 0x68, 0x75, 0x67, 0x0, 0x63, 0x68,
    0x75, 0x6d, 0x6d, 0x79, 0x0, 0x63, 0x68, 0x75, 0x6d, 0x70, 0x0, 0x63, 0x68, 0x75, 0x6e, 0x6b,
    0x0, 0x63, 0x68, 0x75, 0x72, 0x6e, 0x0, 0x63, 0x68, 0x75, 0x74, 0x65, 0x0, 0x63, 0x69, 0x64,
    0x65, 0x72, 0x0, 0x63, 0x69, 0x6c, 0x61, 0x6e, 0x74, 0x72, 0x6f, 0x0, 0x63, 0x69, 0x6e, 0x63,
    0x68, 0x0, 0x63, 0x69, 0x6e, 0x65, 0x6d, 0x61, 0x0, 0x63, 0x69, 0x6e, 0x6e, 0x61, 0x6d, 0x6f,
    0x6e, 0x0, 0x63, 0x69, 0x72, 0x63, 0x6c, 0x65, 0x0, 0x63, 0x69, 0x72, 0x63, 0x6c, 0x69, 0x6e,
    0x67, 0x0, 0x63, 0x69, 0x72, 0x63, 0x75, 0x6c, 0x61, 0x72, 0x0, 0x63, 0x69, 0x72, 0x63, 0x75,
    0x6c, 0x61, 0x74, 0x65, 0x0, 0x63, 0x69, 0x72, 0x63, 0x75, 0x73, 0x0, 0x63, 0x69, 0x74, 0x61,
    0x62, 0x6c, 0x65, 0x0, 0x63, 0x69, 0x74, 0x61, 0x64, 0x65, 0x6c, 0x0, 0x63, 0x69, 0x74, 0x61,
    0x74, 0x69, 0x6f, 0x6e, 0x0, 0x63, 0x69, 0x74, 0x69, 0x7a, 0x65, 0x6e, 0x0, 0x63, 0x69, 0x74,
    0x72, 0x69, 0x63, 0x0, 0x63, 0x69, 0x74, 0x72, 0x75, 0x73, 0x0, 0x63, 0x69, 0x74, 0x79, 0x0,
    0x63, 0x69, 0x76, 0x69, 0x63, 0x0, 0x63, 0x69, 0x76, 0x69, 0x6c, 0x0, 0x63, 0x6c, 0x61, 0x64,
    0x0, 0x63, 0x6c, 0x61, 0x69, 0x6d, 0x0, 0x63, 0x6c, 0x61, 0x6d, 0x62, 0x61, 0x6b, 0x65, 0x0,
    0x63, 0x6c, 0x61, 0x6d, 0x6d, 0x79, 0x0, 0x63, 0x6c, 0x61, 0x6d, 0x6f, 0x72, 0x0, 0x63, 0x6c,
    0x61, 0x6d, 0x70, 0x0, 0x63, 0x6c, 0x61, 0x6d, 0x73, 0x68, 0x65, 0x6c, 0x6c, 0x0, 0x63, 0x6c,
    0x61, 0x6e, 0x67, 0x0, 0x63, 0x6c, 0x61, 0x6e, 0x6b, 0x69, 0x6e, 0x67, 0x0, 0x63, 0x6c, 0x61,
    0x70, 0x70, 0x65, 0x64, 0x0, 0x63, 0x6c, 0x61, 0x70, 0x70, 0x65, 0x72, 0x0, 0x63, 0x6c, 0x61,
    0x70, 0x70, 0x69, 0x6e, 0x67, 0x0, 0x63, 0x6c, 0x61, 0x72, 0x69, 0x66, 0x79, 0x0, 0x63, 0x6c,
    0x61, 0x72, 0x69, 0x6e, 0x65, 0x74, 0x0, 0x63, 0x6c, 0x61, 0x72, 0x69, 0x74, 0x79, 0x0, 0x63,
    0x6c, 0x61, 0x73, 0x68, 0x0, 0x63, 0x6c, 0x61, 0x73, 0x70, 0x0, 0x63, 0x6c, 0x61, 0x73, 0x73,
    0x0, 0x63, 0x6c, 0x61, 0x74, 0x74, 0x65, 0x72, 0x0, 0x63, 0x6c, 0x61, 0x75, 0x73, 0x65, 0x0,
    0x63, 0x6c, 0x61, 0x76, 0x69, 0x63, 0x6c, 0x65, 0x0, 0x63, 0x6c, 0x61, 0x77, 0x0, 0x63, 0x6c,
    0x61, 0x79, 0x0, 0x63, 0x6c, 0x65, 0x61, 0x6e, 0x0, 0x63, 0x6c, 0x65, 0x61, 0x72, 0x0, 0x63,
    0x6c, 0x65, 0x61, 0x74, 0x0, 0x63, 0x6c, 0x65, 0x61, 0x76, 0x65, 0x72, 0x0, 0x63, 0x6c, 0x65,
    0x66, 0x74, 0x0, 0x63, 0x6c, 0x65, 0x6e, 0x63, 0x68, 0x0, 0x63, 0x6c, 0x65, 0x72, 0x67, 0x79,
    0x6d, 0x61, 0x6e, 0x0, 0x63, 0x6c, 0x65, 0x72, 0x69, 0x63, 0x61, 0x6c, 0x0, 0x63, 0x6c, 0x65,
    0x72, 0x6b, 0x0, 0x63, 0x6c, 0x65, 0x76, 0x65, 0x72, 0x0, 0x63, 0x6c, 0x69, 0x63, 0x6b, 0x65,
    0x72, 0x0, 0x63, 0x6c, 0x69, 0x65, 0x6e, 0x74, 0x0, 0x63, 0x6c, 0x69, 0x6d, 0x61, 0x74, 0x65,
    0x0, 0x63, 0x6c, 0x69, 0x6d, 0x61, 0x74, 0x69, 0x63, 0x0, 0x63, 0x6c, 0x69, 0x6e, 0x67, 0x0,
    0x63, 0x6c, 0x69, 0x6e, 0x69, 0x63, 0x0, 0x63, 0x6c, 0x69, 0x6e, 0x6b, 0x69, 0x6e, 0x67, 0x0,
    0x63, 0x6c, 0x69, 0x70, 0x0, 0x63, 0x6c, 0x69, 0x71, 0x75, 0x65, 0x0, 0x63, 0x6c, 0x6f, 0x61,
    0x6b, 0x0, 0x63, 0x6c, 0x6f, 0x62, 0x62, 0x65, 0x72, 0x0, 0x63, 0x6c, 0x6f, 0x63, 0x6b, 0x0,
    0x63, 0x6c, 0x6f, 0x6e, 0x65, 0x0, 0x63, 0x6c, 0x6f, 0x6e, 0x69, 0x6e, 0x67, 0x0, 0x63, 0x6c,
    0x6f, 0x73, 0x61, 0x62, 0x6c, 0x65, 0x0, 0x63, 0x6c, 0x6f, 0x73, 0x75, 0x72, 0x65, 0x0, 0x63,
    0x6c, 0x6f, 0x74, 0x68, 0x65, 0x73, 0x0, 0x63, 0x6c, 0x6f, 0x74, 0x68, 0x69, 0x6e, 0x67, 0x0,
    0x63, 0x6c, 0x6f, 0x75, 0x64, 0x0, 0x63, 0x6c, 0x6f, 0x76, 0x65, 0x72, 0x0, 0x63, 0x6c, 0x75,
    0x62, 0x62, 0x65, 0x64, 0x0, 0x63, 0x6c, 0x75, 0x62, 0x62, 0x69, 0x6e, 0x67, 0x0, 0x63, 0x6c,
    0x75, 0x62, 0x68, 0x6f, 0x75, 0x73, 0x65, 0x0, 0x63, 0x6c, 0x75, 0x6d, 0x70, 0x0, 0x63, 0x6c,
    0x75, 0x6d, 0x73, 0x69, 0x6c, 0x79, 0x0, 0x63, 0x6c, 0x75, 0x6d, 0x73, 0x79, 0x0, 0x63, 0x6c,
    0x75, 0x6e, 0x6b, 0x79, 0x0, 0x63, 0x6c, 0x75, 0x73, 0x74, 0x65, 0x72, 0x65, 0x64, 0x0, 0x63,
    0x6c, 0x75, 0x74, 0x63, 0x68, 0x0, 0x63, 0x6c, 0x75, 0x74, 0x74, 0x65, 0x72, 0x0, 0x63, 0x6f,
    0x61, 0x63, 0x68, 0x0, 0x63, 0x6f, 0x61, 0x67, 0x75, 0x6c, 0x61, 0x6e, 0x74, 0x0, 0x63, 0x6f,
    0x61, 0x73, 0x74, 0x61, 0x6c, 0x0, 0x63, 0x6f, 0x61, 0x73, 0x74, 0x65, 0x72, 0x0, 0x63, 0x6f,
    0x61, 0x73, 0x74, 0x69, 0x6e, 0x67, 0x0, 0x63, 0x6f, 0x61, 0x73, 0x74, 0x6c, 0x61, 0x6e, 0x64,
    0x0, 0x63, 0x6f, 0x61, 0x73, 0x74, 0x6c, 0x69, 0x6e, 0x65, 0x0, 0x63, 0x6f, 0x61, 0x74, 0x0,
    0x63, 0x6f, 0x61, 0x75, 0x74, 0x68, 0x6f, 0x72, 0x0, 0x63, 0x6f, 0x62, 0x61, 0x6c, 0x74, 0x0,
    0x63, 0x6f, 0x62, 0x62, 0x6c, 0x65, 0x72, 0x0, 0x63, 0x6f, 0x62, 0x77, 0x65, 0x62, 0x0, 0x63,
    0x6f, 0x63, 0x6f, 0x61, 0x0, 0x63, 0x6f, 0x63, 0x6f, 0x6e, 0x75, 0x74, 0x0, 0x63, 0x6f, 0x64,
    0x0, 0x63, 0x6f, 0x65, 0x64, 0x69, 0x74, 0x6f, 0x72, 0x0, 0x63, 0x6f, 0x65, 0x72, 0x63, 0x65,
    0x0, 0x63, 0x6f, 0x65, 0x78, 0x69, 0x73, 0x74, 0x0, 0x63, 0x6f, 0x66, 0x66, 0x65, 0x65, 0x0,
    0x63, 0x6f, 0x66, 0x6f, 0x75, 0x6e, 0x64, 0x65, 0x72, 0x0, 0x63, 0x6f, 0x67, 0x6e, 0x69, 0x74,
    0x69, 0x6f, 0x6e, 0x0, 0x63, 0x6f, 0x67, 0x6e, 0x69, 0x74, 0x69, 0x76, 0x65, 0x0, 0x63, 0x6f,
    0x67, 0x77, 0x68, 0x65, 0x65, 0x6c, 0x0, 0x63, 0x6f, 0x68, 0x65, 0x72, 0x65, 0x6e, 0x63, 0x65,
    0x0, 0x63, 0x6f, 0x68, 0x65, 0x72, 0x65, 0x6e, 0x74, 0x0, 0x63, 0x6f, 0x68, 0x65, 0x73, 0x69,
    0x76, 0x65, 0x0, 0x63, 0x6f, 0x69, 0x6c, 0x0, 0x63, 0x6f, 0x6b, 0x65, 0x0, 0x63, 0x6f, 0x6c,
    0x61, 0x0, 0x63, 0x6f, 0x6c, 0x64, 0x0, 0x63, 0x6f, 0x6c, 0x65, 0x73, 0x6c, 0x61, 0x77, 0x0,
    0x63, 0x6f, 0x6c, 0x69, 0x73, 0x65, 0x75, 0x6d, 0x0, 0x63, 0x6f, 0x6c, 0x6c, 0x61, 0x67, 0x65,
    0x0, 0x63, 0x6f, 0x6c, 0x6c, 0x61, 0x70, 0x73, 0x65, 0x0, 0x63, 0x6f, 0x6c, 0x6c, 0x61, 0x72,
    0x0, 0x63, 0x6f, 0x6c, 0x6c, 0x65, 0x63, 0x74, 0x65, 0x64, 0x0, 0x63, 0x6f, 0x6c, 0x6c, 0x65,
    0x63, 0x74, 0x6f, 0x72, 0x0, 0x63, 0x6f, 0x6c, 0x6c, 0x69, 0x64, 0x65, 0x0, 0x63, 0x6f, 0x6c,
    0x6c, 0x69, 0x65, 0x0, 0x63, 0x6f, 0x6c, 0x6c, 0x69, 0x73, 0x69, 0x6f, 0x6e, 0x0, 0x63, 0x6f,
    0x6c, 0x6f, 0x6e, 0x69, 0x61, 0x6c, 0x0, 0x63, 0x6f, 0x6c, 0x6f, 0x6e, 0x69, 0x73, 0x74, 0x0,
    0x63, 0x6f, 0x6c, 0x6f, 0x6e, 0x69, 0x7a, 0x65, 0x0, 0x63, 0x6f, 0x6c, 0x6f, 0x6e, 0x79, 0x0,
    0x63, 0x6f, 0x6c, 0x6f, 0x73, 0x73, 0x61, 0x6c, 0x0, 0x63, 0x6f, 0x6c, 0x74, 0x0, 0x63, 0x6f,
    0x6d, 0x61, 0x0, 0x63, 0x6f, 0x6d, 0x65, 0x0, 0x63, 0x6f, 0x6d, 0x66, 0x6f, 0x72, 0x74, 0x0,
    0x63, 0x6f, 0x6d, 0x66, 0x79, 0x0, 0x63, 0x6f, 0x6d, 0x69, 0x63, 0x0, 0x63, 0x6f, 0x6d, 0x69,
    0x6e, 0x67, 0x0, 0x63, 0x6f, 0x6d, 0x6d, 0x61, 0x0, 0x63, 0x6f, 0x6d, 0x6d, 0x65, 0x6e, 0x63,
    0x65, 0x0, 0x63, 0x6f, 0x6d, 0x6d, 0x65, 0x6e, 0x64, 0x0, 0x63, 0x6f, 0x6d, 0x6d, 0x65, 0x6e,
    0x74, 0x0, 0x63, 0x6f, 0x6d, 0x6d, 0x65, 0x72, 0x63, 0x65, 0x0, 0x63, 0x6f, 0x6d, 0x6d, 0x6f,
    0x64, 0x65, 0x0, 0x63, 0x6f, 0x6d, 0x6d, 0x6f, 0x64, 0x69, 0x74, 0x79, 0x0, 0x63, 0x6f, 0x6d,
    0x6d, 0x6f, 0x64, 0x6f, 0x72, 0x65, 0x0, 0x63, 0x6f, 0x6d, 0x6d, 0x6f, 0x6e, 0x0, 0x63, 0x6f,
    0x6d, 0x6d, 0x6f, 0x74, 0x69, 0x6f, 0x6e, 0x0, 0x63, 0x6f, 0x6d, 0x6d, 0x75, 0x74, 0x65, 0x0,
    0x63, 0x6f, 0x6d, 0x6d, 0x75, 0x74, 0x69, 0x6e, 0x67, 0x0, 0x63, 0x6f, 0x6d, 0x70, 0x61, 0x63,
    0x74, 0x65, 0x64, 0x0, 0x63, 0x6f, 0x6d, 0x70, 0x61, 0x63, 0x74, 0x65, 0x72, 0x0, 0x63, 0x6f,
    0x6d, 0x70, 0x61, 0x63, 0x74, 0x6c, 0x79, 0x0, 0x63, 0x6f, 0x6d, 0x70, 0x61, 0x63, 0x74, 0x6f,
    0x72, 0x0, 0x63, 0x6f, 0x6d, 0x70, 0x61, 0x6e, 0x69, 0x6f, 0x6e, 0x0, 0x63, 0x6f, 0x6d, 0x70,
    0x61, 0x6e, 0x79, 0x0, 0x63, 0x6f, 0x6d, 0x70, 0x61, 0x72, 0x65, 0x0, 0x63, 0x6f, 0x6d, 0x70,
    0x65, 0x6c, 0x0, 0x63, 0x6f, 0x6d, 0x70, 0x69, 0x6c, 0x65, 0x0, 0x63, 0x6f, 0x6d, 0x70, 0x6c,
    0x79, 0x0, 0x63, 0x6f, 0x6d, 0x70, 0x6f, 0x6e, 0x65, 0x6e, 0x74, 0x0, 0x63, 0x6f, 0x6d, 0x70,
    0x6f, 0x73, 0x65, 0x64, 0x0, 0x63, 0x6f, 0x6d, 0x70, 0x6f, 0x73, 0x65, 0x72, 0x0, 0x63, 0x6f,
    0x6d, 0x70, 0x6f, 0x73, 0x69, 0x74, 0x65, 0x0, 0x63, 0x6f, 0x6d, 0x70, 0x6f, 0x73, 0x74, 0x0,
    0x63, 0x6f, 0x6d, 0x70, 0x6f, 0x73, 0x75, 0x72, 0x65, 0x0, 0x63, 0x6f, 0x6d, 0x70, 0x6f, 0x75,
    0x6e, 0x64, 0x0, 0x63, 0x6f, 0x6d, 0x70, 0x72, 0x65, 0x73, 0x73, 0x0, 0x63, 0x6f, 0x6d, 0x70,
    0x72, 0x69, 0x73, 0x65, 0x64, 0x0, 0x63, 0x6f, 0x6d, 0x70, 0x75, 0x74, 0x65, 0x72, 0x0, 0x63,
    0x6f, 0x6d, 0x70, 0x75, 0x74, 0x69, 0x6e, 0x67, 0x0, 0x63, 0x6f, 0x6d, 0x72, 0x61, 0x64, 0x65,
    0x0, 0x63, 0x6f, 0x6e, 0x63, 0x61, 0x76, 0x65, 0x0, 0x63, 0x6f, 0x6e, 0x63, 0x65, 0x61, 0x6c,
    0x0, 0x63, 0x6f, 0x6e, 0x63, 0x65, 0x64, 0x65, 0x64, 0x0, 0x63, 0x6f, 0x6e, 0x63, 0x65, 0x70,
    0x74, 0x0, 0x63, 0x6f, 0x6e, 0x63, 0x65, 0x72, 0x6e, 0x65, 0x64, 0x0, 0x63, 0x6f, 0x6e, 0x63,
    0x65, 0x72, 0x74, 0x0, 0x63, 0x6f, 0x6e, 0x63, 0x68, 0x0, 0x63, 0x6f, 0x6e, 0x63, 0x69, 0x65,
    0x72, 0x67, 0x65, 0x0, 0x63, 0x6f, 0x6e, 0x63, 0x69, 0x73, 0x65, 0x0, 0x63, 0x6f, 0x6e, 0x63,
    0x6c, 0x75, 0x64, 0x65, 0x0, 0x63, 0x6f, 0x6e, 0x63, 0x72, 0x65, 0x74, 0x65, 0x0, 0x63, 0x6f,
    0x6e, 0x63, 0x75, 0x72, 0x0, 0x63, 0x6f, 0x6e, 0x64, 0x65, 0x6e, 0x73, 0x65, 0x0, 0x63, 0x6f,
    0x6e, 0x64, 0x69, 0x6d, 0x65, 0x6e, 0x74, 0x0, 0x63, 0x6f, 0x6e, 0x64, 0x69, 0x74, 0x69, 0x6f,
    0x6e, 0x0, 0x63, 0x6f, 0x6e, 0x64, 0x6f, 0x6e, 0x65, 0x0, 0x63, 0x6f, 0x6e, 0x64, 0x75, 0x63,
    0x69, 0x76, 0x65, 0x0, 0x63, 0x6f, 0x6e, 0x64, 0x75, 0x63, 0x74, 0x6f, 0x72, 0x0, 0x63, 0x6f,
    0x6e, 0x64, 0x75, 0x69, 0x74, 0x0, 0x63, 0x6f, 0x6e, 0x65, 0x0, 0x63, 0x6f, 0x6e, 0x66, 0x65,
    0x73, 0x73, 0x0, 0x63, 0x6f, 0x6e, 0x66, 0x65, 0x74, 0x74, 0x69, 0x0, 0x63, 0x6f, 0x6e, 0x66,
    0x69, 0x64, 0x61, 0x6e, 0x74, 0x0, 0x63, 0x6f, 0x6e, 0x66, 0x69, 0x64, 0x65, 0x6e, 0x74, 0x0,
    0x63, 0x6f, 0x6e, 0x66, 0x69, 0x64, 0x65, 0x72, 0x0, 0x63, 0x6f, 0x6e, 0x66, 0x69, 0x64, 0x69,
    0x6e, 0x67, 0x0, 0x63, 0x6f, 0x6e, 0x66, 0x69, 0x67, 0x75, 0x72, 0x65, 0x0, 0x63, 0x6f, 0x6e,
    0x66, 0x69, 0x6e, 0x65, 0x64, 0x0, 0x63, 0x6f, 0x6e, 0x66, 0x69, 0x6e, 0x69, 0x6e, 0x67, 0x0,
    0x63, 0x6f, 0x6e, 0x66, 0x69, 0x72, 0x6d, 0x0, 0x63, 0x6f, 0x6e, 0x66, 0x6c, 0x69, 0x63, 0x74,
    0x0, 0x63, 0x6f, 0x6e, 0x66, 0x6f, 0x72, 0x6d, 0x0, 0x63, 0x6f, 0x6e, 0x66, 0x6f, 0x75, 0x6e,
    0x64, 0x0, 0x63, 0x6f, 0x6e, 0x66, 0x72, 0x6f, 0x6e, 0x74, 0x0, 0x63, 0x6f, 0x6e, 0x66, 0x75,
    0x73, 0x65, 0x64, 0x0, 0x63, 0x6f, 0x6e, 0x66, 0x75, 0x73, 0x69, 0x6e, 0x67, 0x0, 0x63, 0x6f,
    0x6e, 0x66, 0x75, 0x73, 0x69, 0x6f, 0x6e, 0x0, 0x63, 0x6f, 0x6e, 0x67, 0x65, 0x6e, 0x69, 0x61,
    0x6c, 0x0, 0x63, 0x6f, 0x6e, 0x67, 0x65, 0x73, 0x74, 0x65, 0x64, 0x0, 0x63, 0x6f, 0x6e, 0x67,
    0x72, 0x61, 0x74, 0x73, 0x0, 0x63, 0x6f, 0x6e, 0x67, 0x72, 0x65, 0x73, 0x73, 0x0, 0x63, 0x6f,
    0x6e, 0x69, 0x63, 0x61, 0x6c, 0x0, 0x63, 0x6f, 0x6e, 0x6a, 0x6f, 0x69, 0x6e, 0x65, 0x64, 0x0,
    0x63, 0x6f, 0x6e, 0x6a, 0x75, 0x72, 0x65, 0x0, 0x63, 0x6f, 0x6e, 0x6a, 0x75, 0x72, 0x6f, 0x72,
    0x0, 0x63, 0x6f, 0x6e, 0x6e, 0x65, 0x63, 0x74, 0x65, 0x64, 0x0, 0x63, 0x6f, 0x6e, 0x6e, 0x65,
    0x63, 0x74, 0x6f, 0x72, 0x0, 0x63, 0x6f, 0x6e, 0x73, 0x65, 0x6e, 0x73, 0x75, 0x73, 0x0, 0x63,
    0x6f, 0x6e, 0x73, 0x65, 0x6e, 0x74, 0x0, 0x63, 0x6f, 0x6e, 0x73, 0x6f, 0x6c, 0x65, 0x0, 0x63,
    0x6f, 0x6e, 0x73, 0x6f, 0x6c, 0x69, 0x6e, 0x67, 0x0, 0x63, 0x6f, 0x6e, 0x73, 0x6f, 0x6e, 0x61,
    0x6e, 0x74, 0x0, 0x63, 0x6f, 0x6e, 0x73, 0x74, 0x61, 0x62, 0x6c, 0x65, 0x0, 0x63, 0x6f, 0x6e,
    0x73, 0x74, 0x61, 0x6e, 0x74, 0x0, 0x63, 0x6f, 0x6e, 0x73, 0x74, 0x72, 0x61, 0x69, 0x6e, 0x0,
    0x63, 0x6f, 0x6e, 0x73, 0x74, 0x72, 0x69, 0x63, 0x74, 0x0, 0x63, 0x6f, 0x6e, 0x73, 0x74, 0x72,
    0x75, 0x63, 0x74, 0x0, 0x63, 0x6f, 0x6e, 0x73, 0x75, 0x6c, 0x74, 0x0, 0x63, 0x6f, 0x6e, 0x73,
    0x75, 0x6d, 0x65, 0x72, 0x0, 0x63, 0x6f, 0x6e, 0x73, 0x75, 0x6d, 0x69, 0x6e, 0x67, 0x0, 0x63,
    0x6f, 0x6e, 0x74, 0x61, 0x63, 0x74, 0x0, 0x63, 0x6f, 0x6e, 0x74, 0x61, 0x69, 0x6e, 0x65, 0x72,
    0x0, 0x63, 0x6f, 0x6e, 0x74, 0x65, 0x6d, 0x70, 0x74, 0x0, 0x63, 0x6f, 0x6e, 0x74, 0x65, 0x6e,
    0x64, 0x0, 0x63, 0x6f, 0x6e, 0x74, 0x65, 0x6e, 0x74, 0x65, 0x64, 0x0, 0x63, 0x6f, 0x6e, 0x74,
    0x65, 0x6e, 0x74, 0x6c, 0x79, 0x0, 0x63, 0x6f, 0x6e, 0x74, 0x65, 0x6e, 0x74, 0x73, 0x0, 0x63,
    0x6f, 0x6e, 0x74, 0x65, 0x73, 0x74, 0x0, 0x63, 0x6f, 0x6e, 0x74, 0x65, 0x78, 0x74, 0x0, 0x63,
    0x6f, 0x6e, 0x74, 0x6f, 0x72, 0x74, 0x0, 0x63, 0x6f, 0x6e, 0x74, 0x6f, 0x75, 0x72, 0x0, 0x63,
    0x6f, 0x6e, 0x74, 0x72, 0x69, 0x74, 0x65, 0x0, 0x63, 0x6f, 0x6e, 0x74, 0x72, 0x6f, 0x6c, 0x0,
    0x63, 0x6f, 0x6e, 0x74, 0x75, 0x73, 0x69, 0x6f, 0x6e, 0x0, 0x63, 0x6f, 0x6e, 0x76, 0x65, 0x6e,
    0x65, 0x0, 0x63, 0x6f, 0x6e, 0x76, 0x65, 0x6e, 0x74, 0x0, 0x63, 0x6f, 0x70, 0x61, 0x72, 0x74,
    0x6e, 0x65, 0x72, 0x0, 0x63, 0x6f, 0x70, 0x65, 0x0, 0x63, 0x6f, 0x70, 0x69, 0x65, 0x64, 0x0,
    0x63, 0x6f, 0x70, 0x69, 0x65, 0x72, 0x0, 0x63, 0x6f, 0x70, 0x69, 0x6c, 0x6f, 0x74, 0x0, 0x63,
    0x6f, 0x70, 0x69, 0x6e, 0x67, 0x0, 0x63, 0x6f, 0x70, 0x69, 0x6f, 0x75, 0x73, 0x0, 0x63, 0x6f,
    0x70, 0x70, 0x65, 0x72, 0x0, 0x63, 0x6f, 0x70, 0x79, 0x0, 0x63, 0x6f, 0x72, 0x61, 0x6c, 0x0,
    0x63, 0x6f, 0x72, 0x6b, 0x0, 0x63, 0x6f, 0x72, 0x6e, 0x62, 0x61, 0x6c, 0x6c, 0x0, 0x63, 0x6f,
    0x72, 0x6e, 0x62, 0x72, 0x65, 0x61, 0x64, 0x0, 0x63, 0x6f, 0x72, 0x6e, 0x63, 0x6f, 0x62, 0x0,
    0x63, 0x6f, 0x72, 0x6e, 0x65, 0x61, 0x0, 0x63, 0x6f, 0x72, 0x6e, 0x65, 0x64, 0x0, 0x63, 0x6f,
    0x72, 0x6e, 0x65, 0x72, 0x0, 0x63, 0x6f, 0x72, 0x6e, 0x66, 0x69, 0x65, 0x6c, 0x64, 0x0, 0x63,
    0x6f, 0x72, 0x6e, 0x66, 0x6c, 0x61, 0x6b, 0x65, 0x0, 0x63, 0x6f, 0x72, 0x6e, 0x68, 0x75, 0x73,
    0x6b, 0x0, 0x63, 0x6f, 0x72, 0x6e, 0x6d, 0x65, 0x61, 0x6c, 0x0, 0x63, 0x6f, 0x72, 0x6e, 0x73,
    0x74, 0x61, 0x6c, 0x6b, 0x0, 0x63, 0x6f, 0x72, 0x6e, 0x79, 0x0, 0x63, 0x6f, 0x72, 0x6f, 0x6e,
    0x61, 0x72, 0x79, 0x0, 0x63, 0x6f, 0x72, 0x6f, 0x6e, 0x65, 0x72, 0x0, 0x63, 0x6f, 0x72, 0x70,
    0x6f, 0x72, 0x61, 0x6c, 0x0, 0x63, 0x6f, 0x72, 0x70, 0x6f, 0x72, 0x61, 0x74, 0x65, 0x0, 0x63,
    0x6f, 0x72, 0x72, 0x61, 0x6c, 0x0, 0x63, 0x6f, 0x72, 0x72, 0x65, 0x63, 0x74, 0x0, 0x63, 0x6f,
    0x72, 0x72, 0x69, 0x64, 0x6f, 0x72, 0x0, 0x63, 0x6f, 0x72, 0x72, 0x6f, 0x64, 0x65, 0x0, 0x63,
    0x6f, 0x72, 0x72, 0x6f, 0x64, 0x69, 0x6e, 0x67, 0x0, 0x63, 0x6f, 0x72, 0x72, 0x6f, 0x73, 0x69,
    0x76, 0x65, 0x0, 0x63, 0x6f, 0x72, 0x73, 0x61, 0x67, 0x65, 0x0, 0x63, 0x6f, 0x72, 0x73, 0x65,
    0x74, 0x0, 0x63, 0x6f, 0x72, 0x74, 0x65, 0x78, 0x0, 0x63, 0x6f, 0x73, 0x69, 0x67, 0x6e, 0x65,
    0x72, 0x0, 0x63, 0x6f, 0x73, 0x6d, 0x65, 0x74, 0x69, 0x63, 0x73, 0x0, 0x63, 0x6f, 0x73, 0x6d,
    0x69, 0x63, 0x0, 0x63, 0x6f, 0x73, 0x6d, 0x6f, 0x73, 0x0, 0x63, 0x6f, 0x73, 0x70, 0x6f, 0x6e,
    0x73, 0x6f, 0x72, 0x0, 0x63, 0x6f, 0x73, 0x74, 0x0, 0x63, 0x6f, 0x74, 0x74, 0x61, 0x67, 0x65,
    0x0, 0x63, 0x6f, 0x74, 0x74, 0x6f, 0x6e, 0x0, 0x63, 0x6f, 0x75, 0x63, 0x68, 0x0, 0x63, 0x6f,
    0x75, 0x67, 0x68, 0x0, 0x63, 0x6f, 0x75, 0x6c, 0x64, 0x0, 0x63, 0x6f, 0x75, 0x6e, 0x74, 0x61,
    0x62, 0x6c, 0x65, 0x0, 0x63, 0x6f, 0x75, 0x6e, 0x74, 0x64, 0x6f, 0x77, 0x6e, 0x0, 0x63, 0x6f,
    0x75, 0x6e, 0x74, 0x69, 0x6e, 0x67, 0x0, 0x63, 0x6f, 0x75, 0x6e, 0x74, 0x6c, 0x65, 0x73, 0x73,
    0x0, 0x63, 0x6f, 0x75, 0x6e, 0x74, 0x72, 0x79, 0x0, 0x63, 0x6f, 0x75, 0x6e, 0x74, 0x79, 0x0,
    0x63, 0x6f, 0x75, 0x72, 0x69, 0x65, 0x72, 0x0, 0x63, 0x6f, 0x76, 0x65, 0x6e, 0x61, 0x6e, 0x74,
    0x0, 0x63, 0x6f, 0x76, 0x65, 0x72, 0x0, 0x63, 0x6f, 0x76, 0x65, 0x74, 0x65, 0x64, 0x0, 0x63,
    0x6f, 0x76, 0x65, 0x74, 0x69, 0x6e, 0x67, 0x0, 0x63, 0x6f, 0x79, 0x6e, 0x65, 0x73, 0x73, 0x0,
    0x63, 0x6f, 0x7a, 0x69, 0x6c, 0x79, 0x0, 0x63, 0x6f, 0x7a, 0x69, 0x6e, 0x65, 0x73, 0x73, 0x0,
    0x63, 0x6f, 0x7a, 0x79, 0x0, 0x63, 0x72, 0x61, 0x62, 0x62, 0x69, 0x6e, 0x67, 0x0, 0x63, 0x72,
    0x61, 0x62, 0x67, 0x72, 0x61, 0x73, 0x73, 0x0, 0x63, 0x72, 0x61, 0x62, 0x6c, 0x69, 0x6b, 0x65,
    0x0, 0x63, 0x72, 0x61, 0x62, 0x6d, 0x65, 0x61, 0x74, 0x0, 0x63, 0x72, 0x61, 0x64, 0x6c, 0x65,
    0x0, 0x63, 0x72, 0x61, 0x64, 0x6c, 0x69, 0x6e, 0x67, 0x0, 0x63, 0x72, 0x61, 0x66, 0x74, 0x65,
    0x72, 0x0, 0x63, 0x72, 0x61, 0x66, 0x74, 0x69, 0x6c, 0x79, 0x0, 0x63, 0x72, 0x61, 0x66, 0x74,
    0x73, 0x6d, 0x61, 0x6e, 0x0, 0x63, 0x72, 0x61, 0x66, 0x74, 0x77, 0x6f, 0x72, 0x6b, 0x0, 0x63,
    0x72, 0x61, 0x66, 0x74, 0x79, 0x0, 0x63, 0x72, 0x61, 0x6d, 0x70, 0x0, 0x63, 0x72, 0x61, 0x6e,
    0x62, 0x65, 0x72, 0x72, 0x79, 0x0, 0x63, 0x72, 0x61, 0x6e, 0x65, 0x0, 0x63, 0x72, 0x61, 0x6e,
    0x69, 0x61, 0x6c, 0x0, 0x63, 0x72, 0x61, 0x6e, 0x69, 0x75, 0x6d, 0x0, 0x63, 0x72, 0x61, 0x6e,
    0x6b, 0x0, 0x63, 0x72, 0x61, 0x74, 0x65, 0x0, 0x63, 0x72, 0x61, 0x76, 0x65, 0x0, 0x63, 0x72,
    0x61, 0x76, 0x69, 0x6e, 0x67, 0x0, 0x63, 0x72, 0x61, 0x77, 0x66, 0x69, 0x73, 0x68, 0x0, 0x63,
    0x72, 0x61, 0x77, 0x6c, 0x65, 0x72, 0x73, 0x0, 0x63, 0x72, 0x61, 0x77, 0x6c, 0x69, 0x6e, 0x67,
    0x0, 0x63, 0x72, 0x61, 0x79, 0x66, 0x69, 0x73, 0x68, 0x0, 0x63, 0x72, 0x61, 0x79, 0x6f, 0x6e,
    0x0, 0x63, 0x72, 0x61, 0x7a, 0x65, 0x64, 0x0, 0x63, 0x72, 0x61, 0x7a, 0x69, 0x6c, 0x79, 0x0,
    0x63, 0x72, 0x61, 0x7a, 0x69, 0x6e, 0x65, 0x73, 0x73, 0x0, 0x63, 0x72, 0x61, 0x7a, 0x79, 0x0,
    0x63, 0x72, 0x65, 0x61, 0x6d, 0x65, 0x64, 0x0, 0x63, 0x72, 0x65, 0x61, 0x6d, 0x65, 0x72, 0x0,
    0x63, 0x72, 0x65, 0x61, 0x6d, 0x6c, 0x69, 0x6b, 0x65, 0x0, 0x63, 0x72, 0x65, 0x61, 0x73, 0x65,
    0x0, 0x63, 0x72, 0x65, 0x61, 0x73, 0x69, 0x6e, 0x67, 0x0, 0x63, 0x72, 0x65, 0x61, 0x74, 0x61,
    0x62, 0x6c, 0x65, 0x0, 0x63, 0x72, 0x65, 0x61, 0x74, 0x65, 0x0, 0x63, 0x72, 0x65, 0x61, 0x74,
    0x69, 0x6f, 0x6e, 0x0, 0x63, 0x72, 0x65, 0x61, 0x74, 0x69, 0x76, 0x65, 0x0, 0x63, 0x72, 0x65,
    0x61, 0x74, 0x75, 0x72, 0x65, 0x0, 0x63, 0x72, 0x65, 0x64, 0x69, 0x62, 0x6c, 0x65, 0x0, 0x63,
    0x72, 0x65, 0x64, 0x69, 0x62, 0x6c, 0x79, 0x0, 0x63, 0x72, 0x65, 0x64, 0x69, 0x74, 0x0, 0x63,
    0x72, 0x65, 0x65, 0x64, 0x0, 0x63, 0x72, 0x65, 0x6d, 0x65, 0x0, 0x63, 0x72, 0x65, 0x6f, 0x6c,
    0x65, 0x0, 0x63, 0x72, 0x65, 0x70, 0x65, 0x0, 0x63, 0x72, 0x65, 0x70, 0x74, 0x0, 0x63, 0x72,
    0x65, 0x73, 0x63, 0x65, 0x6e, 0x74, 0x0, 0x63, 0x72, 0x65, 0x73, 0x74, 0x65, 0x64, 0x0, 0x63,
    0x72, 0x65, 0x73, 0x74, 0x69, 0x6e, 0x67, 0x0, 0x63, 0x72, 0x65, 0x73, 0x74, 0x6c, 0x65, 0x73,
    0x73, 0x0, 0x63, 0x72, 0x65, 0x76, 0x69, 0x63, 0x65, 0x0, 0x63, 0x72, 0x65, 0x77, 0x6c, 0x65,
    0x73, 0x73, 0x0, 0x63, 0x72, 0x65, 0x77, 0x6d, 0x61, 0x6e, 0x0, 0x63, 0x72, 0x65, 0x77, 0x6d,
    0x61, 0x74, 0x65, 0x0, 0x63, 0x72, 0x69, 0x62, 0x0, 0x63, 0x72, 0x69, 0x63, 0x6b, 0x65, 0x74,
    0x0, 0x63, 0x72, 0x69, 0x65, 0x64, 0x0, 0x63, 0x72, 0x69, 0x65, 0x72, 0x0, 0x63, 0x72, 0x69,
    0x6d, 0x70, 0x0, 0x63, 0x72, 0x69, 0x6d, 0x73, 0x6f, 0x6e, 0x0, 0x63, 0x72, 0x69, 0x6e, 0x67,
    0x65, 0x0, 0x63, 0x72, 0x69, 0x6e, 0x67, 0x69, 0x6e, 0x67, 0x0, 0x63, 0x72, 0x69, 0x6e, 0x6b,
    0x6c, 0x65, 0x0, 0x63, 0x72, 0x69, 0x6e, 0x6b, 0x6c, 0x79, 0x0, 0x63, 0x72, 0x69, 0x73, 0x70,
    0x65, 0x64, 0x0, 0x63, 0x72, 0x69, 0x73, 0x70, 0x69, 0x6e, 0x67, 0x0, 0x63, 0x72, 0x69, 0x73,
    0x70, 0x6c, 0x79, 0x0, 0x63, 0x72, 0x69, 0x73, 0x70, 0x6e, 0x65, 0x73, 0x73, 0x0, 0x63, 0x72,
    0x69, 0x73, 0x70, 0x79, 0x0, 0x63, 0x72, 0x69, 0x74, 0x65, 0x72, 0x69, 0x61, 0x0, 0x63, 0x72,
    0x69, 0x74, 0x74, 0x65, 0x72, 0x0, 0x63, 0x72, 0x6f, 0x61, 0x6b, 0x0, 0x63, 0x72, 0x6f, 0x63,
    0x6b, 0x0, 0x63, 0x72, 0x6f, 0x6f, 0x6b, 0x0, 0x63, 0x72, 0x6f, 0x6f, 0x6e, 0x0, 0x63, 0x72,
    0x6f, 0x70, 0x0, 0x63, 0x72, 0x6f, 0x73, 0x73, 0x0, 0x63, 0x72, 0x6f, 0x75, 0x63, 0x68, 0x0,
    0x63, 0x72, 0x6f, 0x75, 0x74, 0x6f, 0x6e, 0x0, 0x63, 0x72, 0x6f, 0x77, 0x62, 0x61, 0x72, 0x0,
    0x63, 0x72, 0x6f, 0x77, 0x64, 0x0, 0x63, 0x72, 0x6f, 0x77, 0x6e, 0x0, 0x63, 0x72, 0x75, 0x63,
    0x69, 0x61, 0x6c, 0x0, 0x63, 0x72, 0x75, 0x64, 0x65, 0x6c, 0x79, 0x0, 0x63, 0x72, 0x75, 0x64,
    0x65, 0x6e, 0x65, 0x73, 0x73, 0x0, 0x63, 0x72, 0x75, 0x65, 0x6c, 0x6c, 0x79, 0x0, 0x63, 0x72,
    0x75, 0x65, 0x6c, 0x6e, 0x65, 0x73, 0x73, 0x0, 0x63, 0x72, 0x75, 0x65, 0x6c, 0x74, 0x79, 0x0,
    0x63, 0x72, 0x75, 0x6d, 0x62, 0x0, 0x63, 0x72, 0x75, 0x6d, 0x6d, 0x69, 0x65, 0x73, 0x74, 0x0,
    0x63, 0x72, 0x75, 0x6d, 0x6d, 0x79, 0x0, 0x63, 0x72, 0x75, 0x6d, 0x70, 0x65, 0x74, 0x0, 0x63,
    0x72, 0x75, 0x6d, 0x70, 0x6c, 0x65, 0x64, 0x0, 0x63, 0x72, 0x75, 0x6e, 0x63, 0x68, 0x65, 0x72,
    0x0, 0x63, 0x72, 0x75, 0x6e, 0x63, 0x68, 0x69, 0x6e, 0x67, 0x0, 0x63, 0x72, 0x75, 0x6e, 0x63,
    0x68, 0x79, 0x0, 0x63, 0x72, 0x75, 0x73, 0x61, 0x64, 0x65, 0x72, 0x0, 0x63, 0x72, 0x75, 0x73,
    0x68, 0x61, 0x62, 0x6c, 0x65, 0x0, 0x63, 0x72, 0x75, 0x73, 0x68, 0x65, 0x64, 0x0, 0x63, 0x72,
    0x75, 0x73, 0x68, 0x65, 0x72, 0x0, 0x63, 0x72, 0x75, 0x73, 0x68, 0x69, 0x6e, 0x67, 0x0, 0x63,
    0x72, 0x75, 0x73, 0x74, 0x0, 0x63, 0x72, 0x75, 0x78, 0x0, 0x63, 0x72, 0x79, 0x69, 0x6e, 0x67,
    0x0, 0x63, 0x72, 0x79, 0x70, 0x74, 0x69, 0x63, 0x0, 0x63, 0x72, 0x79, 0x73, 0x74, 0x61, 0x6c,
    0x0, 0x63, 0x75, 0x62, 0x62, 0x79, 0x68, 0x6f, 0x6c, 0x65, 0x0, 0x63, 0x75, 0x62, 0x65, 0x0,
    0x63, 0x75, 0x62, 0x69, 0x63, 0x61, 0x6c, 0x0, 0x63, 0x75, 0x62, 0x69, 0x63, 0x6c, 0x65, 0x0,
    0x63, 0x75, 0x63, 0x75, 0x6d, 0x62, 0x65, 0x72, 0x0, 0x63, 0x75, 0x64, 0x64, 0x6c, 0x65, 0x0,
    0x63, 0x75, 0x64, 0x64, 0x6c, 0x79, 0x0, 0x63, 0x75, 0x66, 0x66, 0x6c, 0x69, 0x6e, 0x6b, 0x0,
    0x63, 0x75, 0x6c, 0x69, 0x6e, 0x61, 0x72, 0x79, 0x0, 0x63, 0x75, 0x6c, 0x6d, 0x69, 0x6e, 0x61,
    0x74, 0x65, 0x0, 0x63, 0x75, 0x6c, 0x70, 0x61, 0x62, 0x6c, 0x65, 0x0, 0x63, 0x75, 0x6c, 0x70,
    0x72, 0x69, 0x74, 0x0, 0x63, 0x75, 0x6c, 0x74, 0x69, 0x76, 0x61, 0x74, 0x65, 0x0, 0x63, 0x75,
    0x6c, 0x74, 0x75, 0x72, 0x61, 0x6c, 0x0, 0x63, 0x75, 0x6c, 0x74, 0x75, 0x72, 0x65, 0x0, 0x63,
    0x75, 0x70, 0x62, 0x65, 0x61, 0x72, 0x65, 0x72, 0x0, 0x63, 0x75, 0x70, 0x63, 0x61, 0x6b, 0x65,
    0x0, 0x63, 0x75, 0x70, 0x69, 0x64, 0x0, 0x63, 0x75, 0x70, 0x70, 0x65, 0x64, 0x0, 0x63, 0x75,
    0x70, 0x70, 0x69, 0x6e, 0x67, 0x0, 0x63, 0x75, 0x72, 0x61, 0x62, 0x6c, 0x65, 0x0, 0x63, 0x75,
    0x72, 0x61, 0x74, 0x6f, 0x72, 0x0, 0x63, 0x75, 0x72, 0x64, 0x6c, 0x65, 0x0, 0x63, 0x75, 0x72,
    0x65, 0x0, 0x63, 0x75, 0x72, 0x66, 0x65, 0x77, 0x0, 0x63, 0x75, 0x72, 0x69, 0x6e, 0x67, 0x0,
    0x63, 0x75, 0x72, 0x6c, 0x65, 0x64, 0x0, 0x63, 0x75, 0x72, 0x6c, 0x65, 0x72, 0x0, 0x63, 0x75,
    0x72, 0x6c, 0x69, 0x6e, 0x65, 0x73, 0x73, 0x0, 0x63, 0x75, 0x72, 0x6c, 0x69, 0x6e, 0x67, 0x0,
    0x63, 0x75, 0x72, 0x6c, 0x79, 0x0, 0x63, 0x75, 0x72, 0x72, 0x79, 0x0, 0x63, 0x75, 0x72, 0x73,
    0x65, 0x0, 0x63, 0x75, 0x72, 0x73, 0x69, 0x76, 0x65, 0x0, 0x63, 0x75, 0x72, 0x73, 0x6f, 0x72,
    0x0, 0x63, 0x75, 0x72, 0x74, 0x61, 0x69, 0x6e, 0x0, 0x63, 0x75, 0x72, 0x74, 0x6c, 0x79, 0x0,
    0x63, 0x75, 0x72, 0x74, 0x73, 0x79, 0x0, 0x63, 0x75, 0x72, 0x76, 0x61, 0x74, 0x75, 0x72, 0x65,
    0x0, 0x63, 0x75, 0x72, 0x76, 0x65, 0x0, 0x63, 0x75, 0x72, 0x76, 0x79, 0x0, 0x63, 0x75, 0x73,
    0x68, 0x79, 0x0, 0x63, 0x75, 0x73, 0x70, 0x0, 0x63, 0x75, 0x73, 0x73, 0x65, 0x64, 0x0, 0x63,
    0x75, 0x73, 0x74, 0x61, 0x72, 0x64, 0x0, 0x63, 0x75, 0x73, 0x74, 0x6f, 0x64, 0x69, 0x61, 0x6e,
    0x0, 0x63, 0x75, 0x73, 0x74, 0x6f, 0x64, 0x79, 0x0, 0x63, 0x75, 0x73, 0x74, 0x6f, 0x6d, 0x61,
    0x72, 0x79, 0x0, 0x63, 0x75, 0x73, 0x74, 0x6f, 0x6d, 0x65, 0x72, 0x0, 0x63, 0x75, 0x73, 0x74,
    0x6f, 0x6d, 0x69, 0x7a, 0x65, 0x0, 0x63, 0x75, 0x73, 0x74, 0x6f, 0x6d, 0x73, 0x0, 0x63, 0x75,
    0x74, 0x0, 0x63, 0x79, 0x63, 0x6c, 0x65, 0x0, 0x63, 0x79, 0x63, 0x6c, 0x69, 0x63, 0x0, 0x63,
    0x79, 0x63, 0x6c, 0x69, 0x6e, 0x67, 0x0, 0x63, 0x79, 0x63, 0x6c, 0x69, 0x73, 0x74, 0x0, 0x63,
    0x79, 0x6c, 0x69, 0x6e, 0x64, 0x65, 0x72, 0x0, 0x63, 0x79, 0x6d, 0x62, 0x61, 0x6c, 0x0, 0x63,
    0x79, 0x74, 0x6f, 0x70, 0x6c, 0x61, 0x73, 0x6d, 0x0, 0x63, 0x79, 0x74, 0x6f, 0x70, 0x6c, 0x61,
    0x73, 0x74, 0x0, 0x64, 0x61, 0x62, 0x0, 0x64, 0x61, 0x64, 0x0, 0x64, 0x61, 0x66, 0x66, 0x6f,
    0x64, 0x69, 0x6c, 0x0, 0x64, 0x61, 0x67, 0x67, 0x65, 0x72, 0x0, 0x64, 0x61, 0x69, 0x6c, 0x79,
    0x0, 0x64, 0x61, 0x69, 0x6e, 0x74, 0x69, 0x6c, 0x79, 0x0, 0x64, 0x61, 0x69, 0x6e, 0x74, 0x79,
    0x0, 0x64, 0x61, 0x69, 0x72, 0x79, 0x0, 0x64, 0x61, 0x69, 0x73, 0x79, 0x0, 0x64, 0x61, 0x6c,
    0x6c, 0x79, 0x69, 0x6e, 0x67, 0x0, 0x64, 0x61, 0x6e, 0x63, 0x65, 0x0, 0x64, 0x61, 0x6e, 0x63,
    0x69, 0x6e, 0x67, 0x0, 0x64, 0x61, 0x6e, 0x64, 0x65, 0x6c, 0x69, 0x6f, 0x6e, 0x0, 0x64, 0x61,
    0x6e, 0x64, 0x65, 0x72, 0x0, 0x64, 0x61, 0x6e, 0x64, 0x72, 0x75, 0x66, 0x66, 0x0, 0x64, 0x61,
    0x6e, 0x64, 0x79, 0x0, 0x64, 0x61, 0x6e, 0x67, 0x65, 0x72, 0x0, 0x64, 0x61, 0x6e, 0x67, 0x6c,
    0x65, 0x0, 0x64, 0x61, 0x6e, 0x67, 0x6c, 0x69, 0x6e, 0x67, 0x0, 0x64, 0x61, 0x72, 0x65, 0x64,
    0x65, 0x76, 0x69, 0x6c, 0x0, 0x64, 0x61, 0x72, 0x65, 0x73, 0x0, 0x64, 0x61, 0x72, 0x69, 0x6e,
    0x67, 0x6c, 0x79, 0x0, 0x64, 0x61, 0x72, 0x6b, 0x65, 0x6e, 0x65, 0x64, 0x0, 0x64, 0x61, 0x72,
    0x6b, 0x65, 0x6e, 0x69, 0x6e, 0x67, 0x0, 0x64, 0x61, 0x72, 0x6b, 0x69, 0x73, 0x68, 0x0, 0x64,
    0x61, 0x72, 0x6b, 0x6e, 0x65, 0x73, 0x73, 0x0, 0x64, 0x61, 0x72, 0x6b, 0x72, 0x6f, 0x6f, 0x6d,
    0x0, 0x64, 0x61, 0x72, 0x6c, 0x69, 0x6e, 0x67, 0x0, 0x64, 0x61, 0x72, 0x6e, 0x0, 0x64, 0x61,
    0x72, 0x74, 0x0, 0x64, 0x61, 0x72, 0x77, 0x69, 0x6e, 0x69, 0x73, 0x6d, 0x0, 0x64, 0x61, 0x73,
    0x68, 0x0, 0x64, 0x61, 0x73, 0x74, 0x61, 0x72, 0x64, 0x6c, 0x79, 0x0, 0x64, 0x61, 0x74, 0x61,
    0x0, 0x64, 0x61, 0x74, 0x65, 0x62, 0x6f, 0x6f, 0x6b, 0x0, 0x64, 0x61, 0x74, 0x69, 0x6e, 0x67,
    0x0, 0x64, 0x61, 0x75, 0x67, 0x68, 0x74, 0x65, 0x72, 0x0, 0x64, 0x61, 0x75, 0x6e, 0x74, 0x69,
    0x6e, 0x67, 0x0, 0x64, 0x61, 0x77, 0x64, 0x6c, 0x65, 0x72, 0x0, 0x64, 0x61, 0x77, 0x6e, 0x0,
    0x64, 0x61, 0x79, 0x62, 0x65, 0x64, 0x0, 0x64, 0x61, 0x79, 0x62, 0x72, 0x65, 0x61, 0x6b, 0x0,
    0x64, 0x61, 0x79, 0x63, 0x61, 0x72, 0x65, 0x0, 0x64, 0x61, 0x79, 0x64, 0x72, 0x65, 0x61, 0x6d,
    0x0, 0x64, 0x61, 0x79, 0x6c, 0x69, 0x67, 0x68, 0x74, 0x0, 0x64, 0x61, 0x79, 0x6c, 0x6f, 0x6e,
    0x67, 0x0, 0x64, 0x61, 0x79, 0x72, 0x6f, 0x6f, 0x6d, 0x0, 0x64, 0x61, 0x79, 0x74, 0x69, 0x6d,
    0x65, 0x0, 0x64, 0x61, 0x7a, 0x7a, 0x6c, 0x65, 0x72, 0x0, 0x64, 0x61, 0x7a, 0x7a, 0x6c, 0x69,
    0x6e, 0x67, 0x0, 0x64, 0x65, 0x61, 0x63, 0x6f, 0x6e, 0x0, 0x64, 0x65, 0x61, 0x66, 0x65, 0x6e,
    0x69, 0x6e, 0x67, 0x0, 0x64, 0x65, 0x61, 0x66, 0x6e, 0x65, 0x73, 0x73, 0x0, 0x64, 0x65, 0x61,
    0x6c, 0x65, 0x72, 0x0, 0x64, 0x65, 0x61, 0x6c, 0x69, 0x6e, 0x67, 0x0, 0x64, 0x65, 0x61, 0x6c,
    0x6d, 0x61, 0x6b, 0x65, 0x72, 0x0, 0x64, 0x65, 0x61, 0x6c, 0x74, 0x0, 0x64, 0x65, 0x61, 0x6e,
    0x0, 0x64, 0x65, 0x62, 0x61, 0x74, 0x61, 0x62, 0x6c, 0x65, 0x0, 0x64, 0x65, 0x62, 0x61, 0x74,
    0x65, 0x0, 0x64, 0x65, 0x62, 0x61, 0x74, 0x69, 0x6e, 0x67, 0x0, 0x64, 0x65, 0x62, 0x69, 0x74,
    0x0, 0x64, 0x65, 0x62, 0x72, 0x69, 0x65, 0x66, 0x0, 0x64, 0x65, 0x62, 0x74, 0x6c, 0x65, 0x73,
    0x73, 0x0, 0x64, 0x65, 0x62, 0x74, 0x6f, 0x72, 0x0, 0x64, 0x65, 0x62, 0x75, 0x67, 0x0, 0x64,
    0x65, 0x62, 0x75, 0x6e, 0x6b, 0x0, 0x64, 0x65, 0x63, 0x61, 0x64, 0x65, 0x0, 0x64, 0x65, 0x63,
    0x61, 0x66, 0x0, 0x64, 0x65, 0x63, 0x61, 0x6c, 0x0, 0x64, 0x65, 0x63, 0x61, 0x74, 0x68, 0x6c,
    0x6f, 0x6e, 0x0, 0x64, 0x65, 0x63, 0x61, 0x79, 0x0, 0x64, 0x65, 0x63, 0x65, 0x61, 0x73, 0x65,
    0x64, 0x0, 0x64, 0x65, 0x63, 0x65, 0x69, 0x74, 0x0, 0x64, 0x65, 0x63, 0x65, 0x69, 0x76, 0x65,
    0x72, 0x0, 0x64, 0x65, 0x63, 0x65, 0x69, 0x76, 0x69, 0x6e, 0x67, 0x0, 0x64, 0x65, 0x63, 0x65,
    0x6d, 0x62, 0x65, 0x72, 0x0, 0x64, 0x65, 0x63, 0x65, 0x6e, 0x63, 0x79, 0x0, 0x64, 0x65, 0x63,
    0x65, 0x6e, 0x74, 0x0, 0x64, 0x65, 0x63, 0x65, 0x70, 0x74, 0x69, 0x6f, 0x6e, 0x0, 0x64, 0x65,
    0x63, 0x65, 0x70, 0x74, 0x69, 0x76, 0x65, 0x0, 0x64, 0x65, 0x63, 0x69, 0x62, 0x65, 0x6c, 0x0,
    0x64, 0x65, 0x63, 0x69, 0x64, 0x61, 0x62, 0x6c, 0x65, 0x0, 0x64, 0x65, 0x63, 0x69, 0x6d, 0x61,
    0x6c, 0x0, 0x64, 0x65, 0x63, 0x69, 0x6d, 0x65, 0x74, 0x65, 0x72, 0x0, 0x64, 0x65, 0x63, 0x69,
    0x70, 0x68, 0x65, 0x72, 0x0, 0x64, 0x65, 0x63, 0x6b, 0x0, 0x64, 0x65, 0x63, 0x6c, 0x61, 0x72,
    0x65, 0x64, 0x0, 0x64, 0x65, 0x63, 0x6c, 0x69, 0x6e, 0x65, 0x0, 0x64, 0x65, 0x63, 0x6f, 0x64,
    0x65, 0x0, 0x64, 0x65, 0x63, 0x6f, 0x6d, 0x70, 0x6f, 0x73, 0x65, 0x0, 0x64, 0x65, 0x63, 0x6f,
    0x72, 0x61, 0x74, 0x65, 0x64, 0x0, 0x64, 0x65, 0x63, 0x6f, 0x72, 0x61, 0x74, 0x6f, 0x72, 0x0,
    0x64, 0x65, 0x63, 0x6f, 0x79, 0x0, 0x64, 0x65, 0x63, 0x72, 0x65, 0x61, 0x73, 0x65, 0x0, 0x64,
    0x65, 0x63, 0x72, 0x65, 0x65, 0x0, 0x64, 0x65, 0x64, 0x69, 0x63, 0x61, 0x74, 0x65, 0x0, 0x64,
    0x65, 0x64, 0x69, 0x63, 0x61, 0x74, 0x6f, 0x72, 0x0, 0x64, 0x65, 0x64, 0x75, 0x63, 0x65, 0x0,
    0x64, 0x65, 0x64, 0x75, 0x63, 0x74, 0x0, 0x64, 0x65, 0x65, 0x64, 0x0, 0x64, 0x65, 0x65, 0x6d,
    0x0, 0x64, 0x65, 0x65, 0x70, 0x65, 0x6e, 0x0, 0x64, 0x65, 0x65, 0x70, 0x6c, 0x79, 0x0, 0x64,
    0x65, 0x65, 0x70, 0x6e, 0x65, 0x73, 0x73, 0x0, 0x64, 0x65, 0x66, 0x61, 0x63, 0x65, 0x0, 0x64,
    0x65, 0x66, 0x61, 0x63, 0x69, 0x6e, 0x67, 0x0, 0x64, 0x65, 0x66, 0x61, 0x6d, 0x65, 0x0, 0x64,
    0x65, 0x66, 0x61, 0x75, 0x6c, 0x74, 0x0, 0x64, 0x65, 0x66, 0x65, 0x61, 0x74, 0x0, 0x64, 0x65,
    0x66, 0x65, 0x63, 0x74, 0x69, 0x6f, 0x6e, 0x0, 0x64, 0x65, 0x66, 0x65, 0x63, 0x74, 0x69, 0x76,
    0x65, 0x0, 0x64, 0x65, 0x66, 0x65, 0x6e, 0x64, 0x61, 0x6e, 0x74, 0x0, 0x64, 0x65, 0x66, 0x65,
    0x6e, 0x64, 0x65, 0x72, 0x0, 0x64, 0x65, 0x66, 0x65, 0x6e, 0x73, 0x65, 0x0, 0x64, 0x65, 0x66,
    0x65, 0x6e, 0x73, 0x69, 0x76, 0x65, 0x0, 0x64, 0x65, 0x66, 0x65, 0x72, 0x72, 0x61, 0x6c, 0x0,
    0x64, 0x65, 0x66, 0x65, 0x72, 0x72, 0x65, 0x64, 0x0, 0x64, 0x65, 0x66, 0x69, 0x61, 0x6e, 0x63,
    0x65, 0x0, 0x64, 0x65, 0x66, 0x69, 0x61, 0x6e, 0x74, 0x0, 0x64, 0x65, 0x66, 0x69, 0x6c, 0x65,
    0x0, 0x64, 0x65, 0x66, 0x69, 0x6c, 0x69, 0x6e, 0x67, 0x0, 0x64, 0x65, 0x66, 0x69, 0x6e, 0x65,
    0x0, 0x64, 0x65, 0x66, 0x69, 0x6e, 0x69, 0x74, 0x65, 0x0, 0x64, 0x65, 0x66, 0x6c, 0x61, 0x74,
    0x65, 0x0, 0x64, 0x65, 0x66, 0x6c, 0x61, 0x74, 0x69, 0x6f, 0x6e, 0x0, 0x64, 0x65, 0x66, 0x6c,
    0x61, 0x74, 0x6f, 0x72, 0x0, 0x64, 0x65, 0x66, 0x6c, 0x65, 0x63, 0x74, 0x65, 0x64, 0x0, 0x64,
    0x65, 0x66, 0x6c, 0x65, 0x63, 0x74, 0x6f, 0x72, 0x0, 0x64, 0x65, 0x66, 0x6f, 0x67, 0x0, 0x64,
    0x65, 0x66, 0x6f, 0x72, 0x65, 0x73, 0x74, 0x0, 0x64, 0x65, 0x66, 0x72, 0x61, 0x75, 0x64, 0x0,
    0x64, 0x65, 0x66, 0x72, 0x6f, 0x73, 0x74, 0x0, 0x64, 0x65, 0x66, 0x74, 0x6c, 0x79, 0x0, 0x64,
    0x65, 0x66, 0x75, 0x73, 0x65, 0x0, 0x64, 0x65, 0x66, 0x79, 0x0, 0x64, 0x65, 0x67, 0x72, 0x61,
    0x64, 0x65, 0x64, 0x0, 0x64, 0x65, 0x67, 0x72, 0x61, 0x64, 0x69, 0x6e, 0x67, 0x0, 0x64, 0x65,
    0x67, 0x72, 0x65, 0x61, 0x73, 0x65, 0x0, 0x64, 0x65, 0x67, 0x72, 0x65, 0x65, 0x0, 0x64, 0x65,
    0x68, 0x79, 0x64, 0x72, 0x61, 0x74, 0x65, 0x0, 0x64, 0x65, 0x69, 0x74, 0x79, 0x0, 0x64, 0x65,
    0x6a, 0x65, 0x63, 0x74, 0x65, 0x64, 0x0, 0x64, 0x65, 0x6c, 0x61, 0x79, 0x0, 0x64, 0x65, 0x6c,
    0x65, 0x67, 0x61, 0x74, 0x65, 0x0, 0x64, 0x65, 0x6c, 0x65, 0x67, 0x61, 0x74, 0x6f, 0x72, 0x0,
    0x64, 0x65, 0x6c, 0x65, 0x74, 0x65, 0x0, 0x64, 0x65, 0x6c, 0x65, 0x74, 0x69, 0x6f, 0x6e, 0x0,
    0x64, 0x65, 0x6c, 0x69, 0x63, 0x61, 0x63, 0x79, 0x0, 0x64, 0x65, 0x6c, 0x69, 0x63, 0x61, 0x74,
    0x65, 0x0, 0x64, 0x65, 0x6c, 0x69, 0x63, 0x69, 0x6f, 0x75, 0x73, 0x0, 0x64, 0x65, 0x6c, 0x69,
    0x67, 0x68, 0x74, 0x65, 0x64, 0x0, 0x64, 0x65, 0x6c, 0x69, 0x72, 0x69, 0x6f, 0x75, 0x73, 0x0,
    0x64, 0x65, 0x6c, 0x69, 0x72, 0x69, 0x75, 0x6d, 0x0, 0x64, 0x65, 0x6c, 0x69, 0x76, 0x65, 0x72,
    0x65, 0x72, 0x0, 0x64, 0x65, 0x6c, 0x69, 0x76, 0x65, 0x72, 0x79, 0x0, 0x64, 0x65, 0x6c, 0x6f,
    0x75, 0x73, 0x65, 0x0, 0x64, 0x65, 0x6c, 0x74, 0x61, 0x0, 0x64, 0x65, 0x6c, 0x75, 0x67, 0x65,
    0x0, 0x64, 0x65, 0x6c, 0x75, 0x73, 0x69, 0x6f, 0x6e, 0x0, 0x64, 0x65, 0x6c, 0x75, 0x78, 0x65,
    0x0, 0x64, 0x65, 0x6d, 0x61, 0x6e, 0x64, 0x69, 0x6e, 0x67, 0x0, 0x64, 0x65, 0x6d, 0x65, 0x61,
    0x6e, 0x69, 0x6e, 0x67, 0x0, 0x64, 0x65, 0x6d, 0x65, 0x61, 0x6e, 0x6f, 0x72, 0x0, 0x64, 0x65,
    0x6d, 0x69, 0x73, 0x65, 0x0, 0x64, 0x65, 0x6d, 0x6f, 0x63, 0x72, 0x61, 0x63, 0x79, 0x0, 0x64,
    0x65, 0x6d, 0x6f, 0x63, 0x72, 0x61, 0x74, 0x0, 0x64, 0x65, 0x6d, 0x6f, 0x74, 0x65, 0x0, 0x64,
    0x65, 0x6d, 0x6f, 0x74, 0x69, 0x6f, 0x6e, 0x0, 0x64, 0x65, 0x6d, 0x79, 0x73, 0x74, 0x69, 0x66,
    0x79, 0x0, 0x64, 0x65, 0x6e, 0x61, 0x74, 0x75, 0x72, 0x65, 0x64, 0x0, 0x64, 0x65, 0x6e, 0x69,
    0x61, 0x62, 0x6c, 0x65, 0x0, 0x64, 0x65, 0x6e, 0x69, 0x61, 0x6c, 0x0, 0x64, 0x65, 0x6e, 0x69,
    0x6d, 0x0, 0x64, 0x65, 0x6e, 0x6f, 0x74, 0x65, 0x0, 0x64, 0x65, 0x6e, 0x73, 0x65, 0x0, 0x64,
    0x65, 0x6e, 0x73, 0x69, 0x74, 0x79, 0x0, 0x64, 0x65, 0x6e, 0x74, 0x61, 0x6c, 0x0, 0x64, 0x65,
    0x6e, 0x74, 0x69, 0x73, 0x74, 0x0, 0x64, 0x65, 0x6e, 0x74, 0x75, 0x72, 0x65, 0x0, 0x64, 0x65,
    0x6e, 0x79, 0x0, 0x64, 0x65, 0x6f, 0x64, 0x6f, 0x72, 0x61, 0x6e, 0x74, 0x0, 0x64, 0x65, 0x6f,
    0x64, 0x6f, 0x72, 0x69, 0x7a, 0x65, 0x0, 0x64, 0x65, 0x70, 0x61, 0x72, 0x74, 0x65, 0x64, 0x0,
    0x64, 0x65, 0x70, 0x61, 0x72, 0x74, 0x75, 0x72, 0x65, 0x0, 0x64, 0x65, 0x70, 0x69, 0x63, 0x74,
    0x0, 0x64, 0x65, 0x70, 0x6c, 0x65, 0x74, 0x65, 0x0, 0x64, 0x65, 0x70, 0x6c, 0x65, 0x74, 0x69,
    0x6f, 0x6e, 0x0, 0x64, 0x65, 0x70, 0x6c, 0x6f, 0x72, 0x65, 0x64, 0x0, 0x64, 0x65, 0x70, 0x6c,
    0x6f, 0x79, 0x0, 0x64, 0x65, 0x70, 0x6f, 0x72, 0x74, 0x0, 0x64, 0x65, 0x70, 0x6f, 0x73, 0x65,
    0x0, 0x64, 0x65, 0x70, 0x72, 0x61, 0x76, 0x65, 0x64, 0x0, 0x64, 0x65, 0x70, 0x72, 0x61, 0x76,
    0x69, 0x74, 0x79, 0x0, 0x64, 0x65, 0x70, 0x72, 0x65, 0x63, 0x61, 0x74, 0x65, 0x0, 0x64, 0x65,
    0x70, 0x72, 0x65, 0x73, 0x73, 0x0, 0x64, 0x65, 0x70, 0x72, 0x69, 0x76, 0x65, 0x0, 0x64, 0x65,
    0x70, 0x74, 0x68, 0x0, 0x64, 0x65, 0x70, 0x75, 0x74, 0x69, 0x7a, 0x65, 0x0, 0x64, 0x65, 0x70,
    0x75, 0x74, 0x79, 0x0, 0x64, 0x65, 0x72, 0x61, 0x69, 0x6c, 0x0, 0x64, 0x65, 0x72, 0x61, 0x6e,
    0x67, 0x65, 0x64, 0x0, 0x64, 0x65, 0x72, 0x62, 0x79, 0x0, 0x64, 0x65, 0x72, 0x69, 0x76, 0x65,
    0x64, 0x0, 0x64, 0x65, 0x73, 0x65, 0x63, 0x72, 0x61, 0x74, 0x65, 0x0, 0x64, 0x65, 0x73, 0x65,
    0x72, 0x76, 0x65, 0x0, 0x64, 0x65, 0x73, 0x65, 0x72, 0x76, 0x69, 0x6e, 0x67, 0x0, 0x64, 0x65,
    0x73, 0x69, 0x67, 0x6e, 0x61, 0x74, 0x65, 0x0, 0x64, 0x65, 0x73, 0x69, 0x67, 0x6e, 0x65, 0x64,
    0x0, 0x64, 0x65, 0x73, 0x69, 0x67, 0x6e, 0x65, 0x72, 0x0, 0x64, 0x65, 0x73, 0x69, 0x67, 0x6e,
    0x69, 0x6e, 0x67, 0x0, 0x64, 0x65, 0x73, 0x6b, 0x62, 0x6f, 0x75, 0x6e, 0x64, 0x0, 0x64, 0x65,
    0x73, 0x6b, 0x74, 0x6f, 0x70, 0x0, 0x64, 0x65, 0x73, 0x6b, 0x77, 0x6f, 0x72, 0x6b, 0x0, 0x64,
    0x65, 0x73, 0x6f, 0x6c, 0x61, 0x74, 0x65, 0x0, 0x64, 0x65, 0x73, 0x70, 0x61, 0x69, 0x72, 0x0,
    0x64, 0x65, 0x73, 0x70, 0x69, 0x73, 0x65, 0x0, 0x64, 0x65, 0x73, 0x70, 0x69, 0x74, 0x65, 0x0,
    0x64, 0x65, 0x73, 0x74, 0x69, 0x6e, 0x79, 0x0, 0x64, 0x65, 0x73, 0x74, 0x69, 0x74, 0x75, 0x74,
    0x65, 0x0, 0x64, 0x65, 0x73, 0x74, 0x72, 0x75, 0x63, 0x74, 0x0, 0x64, 0x65, 0x74, 0x61, 0x63,
    0x68, 0x65, 0x64, 0x0, 0x64, 0x65, 0x74, 0x61, 0x69, 0x6c, 0x0, 0x64, 0x65, 0x74, 0x65, 0x63,
    0x74, 0x69, 0x6f, 0x6e, 0x0, 0x64, 0x65, 0x74, 0x65, 0x63, 0x74, 0x69, 0x76, 0x65, 0x0, 0x64,
    0x65, 0x74, 0x65, 0x63, 0x74, 0x6f, 0x72, 0x0, 0x64, 0x65, 0x74, 0x65, 0x6e, 0x74, 0x69, 0x6f,
    0x6e, 0x0, 0x64, 0x65, 0x74, 0x65, 0x72, 0x67, 0x65, 0x6e, 0x74, 0x0, 0x64, 0x65, 0x74, 0x65,
    0x73, 0x74, 0x0, 0x64, 0x65, 0x74, 0x6f, 0x6e, 0x61, 0x74, 0x65, 0x0, 0x64, 0x65, 0x74, 0x6f,
    0x6e, 0x61, 0x74, 0x6f, 0x72, 0x0, 0x64, 0x65, 0x74, 0x6f, 0x78, 0x69, 0x66, 0x79, 0x0, 0x64,
    0x65, 0x74, 0x72, 0x61, 0x63, 0x74, 0x0, 0x64, 0x65, 0x75, 0x63, 0x65, 0x0, 0x64, 0x65, 0x76,
    0x61, 0x6c, 0x75, 0x65, 0x0, 0x64, 0x65, 0x76, 0x69, 0x61, 0x6e, 0x63, 0x79, 0x0, 0x64, 0x65,
    0x76, 0x69, 0x61, 0x6e, 0x74, 0x0, 0x64, 0x65, 0x76, 0x69, 0x61, 0x74, 0x65, 0x0, 0x64, 0x65,
    0x76, 0x69, 0x61, 0x74, 0x69, 0x6f, 0x6e, 0x0, 0x64, 0x65, 0x76, 0x69, 0x61, 0x74, 0x6f, 0x72,
    0x0, 0x64, 0x65, 0x76, 0x69, 0x63, 0x65, 0x0, 0x64, 0x65, 0x76, 0x69, 0x6f, 0x75, 0x73, 0x0,
    0x64, 0x65, 0x76, 0x6f, 0x74, 0x65, 0x64, 0x6c, 0x79, 0x0, 0x64, 0x65, 0x76, 0x6f, 0x74, 0x65,
    0x65, 0x0, 0x64, 0x65, 0x76, 0x6f, 0x74, 0x69, 0x6f, 0x6e, 0x0, 0x64, 0x65, 0x76, 0x6f, 0x75,
    0x72, 0x65, 0x72, 0x0, 0x64, 0x65, 0x76, 0x6f, 0x75, 0x72, 0x69, 0x6e, 0x67, 0x0, 0x64, 0x65,
    0x76, 0x6f, 0x75, 0x74, 0x6c, 0x79, 0x0, 0x64, 0x65, 0x78, 0x74, 0x65, 0x72, 0x69, 0x74, 0x79,
    0x0, 0x64, 0x65, 0x78, 0x74, 0x65, 0x72, 0x6f, 0x75, 0x73, 0x0, 0x64, 0x69, 0x61, 0x62, 0x65,
    0x74, 0x65, 0x73, 0x0, 0x64, 0x69, 0x61, 0x62, 0x65, 0x74, 0x69, 0x63, 0x0, 0x64, 0x69, 0x61,
    0x62, 0x6f, 0x6c, 0x69, 0x63, 0x0, 0x64, 0x69, 0x61, 0x67, 0x6e, 0x6f, 0x73, 0x65, 0x73, 0x0,
    0x64, 0x69, 0x61, 0x67, 0x6e, 0x6f, 0x73, 0x69, 0x73, 0x0, 0x64, 0x69, 0x61, 0x67, 0x72, 0x61,
    0x6d, 0x0, 0x64, 0x69, 0x61, 0x6c, 0x0, 0x64, 0x69, 0x61, 0x6d, 0x65, 0x74, 0x65, 0x72, 0x0,
    0x64, 0x69, 0x61, 0x70, 0x65, 0x72, 0x0, 0x64, 0x69, 0x61, 0x70, 0x68, 0x72, 0x61, 0x67, 0x6d,
    0x0, 0x64, 0x69, 0x61, 0x72, 0x79, 0x0, 0x64, 0x69, 0x63, 0x65, 0x0, 0x64, 0x69, 0x63, 0x69,
    0x6e, 0x67, 0x0, 0x64, 0x69, 0x63, 0x74, 0x61, 0x74, 0x65, 0x0, 0x64, 0x69, 0x63, 0x74, 0x61,
    0x74, 0x69, 0x6f, 0x6e, 0x0, 0x64, 0x69, 0x63, 0x74, 0x61, 0x74, 0x6f, 0x72, 0x0, 0x64, 0x69,
    0x66, 0x66, 0x69, 0x63, 0x75, 0x6c, 0x74, 0x0, 0x64, 0x69, 0x66, 0x66, 0x75, 0x73, 0x65, 0x64,
    0x0, 0x64, 0x69, 0x66, 0x66, 0x75, 0x73, 0x65, 0x72, 0x0, 0x64, 0x69, 0x66, 0x66, 0x75, 0x73,
    0x69, 0x6f, 0x6e, 0x0, 0x64, 0x69, 0x66, 0x66, 0x75, 0x73, 0x69, 0x76, 0x65, 0x0, 0x64, 0x69,
    0x67, 0x0, 0x64, 0x69, 0x6c, 0x61, 0x74, 0x69, 0x6f, 0x6e, 0x0, 0x64, 0x69, 0x6c, 0x69, 0x67,
    0x65, 0x6e, 0x63, 0x65, 0x0, 0x64, 0x69, 0x6c, 0x69, 0x67, 0x65, 0x6e, 0x74, 0x0, 0x64, 0x69,
    0x6c, 0x6c, 0x0, 0x64, 0x69, 0x6c, 0x75, 0x74, 0x65, 0x0, 0x64, 0x69, 0x6d, 0x65, 0x0, 0x64,
    0x69, 0x6d, 0x69, 0x6e, 0x69, 0x73, 0x68, 0x0, 0x64, 0x69, 0x6d, 0x6c, 0x79, 0x0, 0x64, 0x69,
    0x6d, 0x6d, 0x65, 0x64, 0x0, 0x64, 0x69, 0x6d, 0x6d, 0x65, 0x72, 0x0, 0x64, 0x69, 0x6d, 0x6e,
    0x65, 0x73, 0x73, 0x0, 0x64, 0x69, 0x6d, 0x70, 0x6c, 0x65, 0x0, 0x64, 0x69, 0x6e, 0x65, 0x72,
    0x0, 0x64, 0x69, 0x6e, 0x67, 0x62, 0x61, 0x74, 0x0, 0x64, 0x69, 0x6e, 0x67, 0x68, 0x79, 0x0,
    0x64, 0x69, 0x6e, 0x67, 0x69, 0x6e, 0x65, 0x73, 0x73, 0x0, 0x64, 0x69, 0x6e, 0x67, 0x6f, 0x0,
    0x64, 0x69, 0x6e, 0x67, 0x79, 0x0, 0x64, 0x69, 0x6e, 0x69, 0x6e, 0x67, 0x0, 0x64, 0x69, 0x6e,
    0x6e, 0x65, 0x72, 0x0, 0x64, 0x69, 0x6f, 0x63, 0x65, 0x73, 0x65, 0x0, 0x64, 0x69, 0x6f, 0x78,
    0x69, 0x64, 0x65, 0x0, 0x64, 0x69, 0x70, 0x6c, 0x6f, 0x6d, 0x61, 0x0, 0x64, 0x69, 0x70, 0x70,
    0x65, 0x64, 0x0, 0x64, 0x69, 0x70, 0x70, 0x65, 0x72, 0x0, 0x64, 0x69, 0x70, 0x70, 0x69, 0x6e,
    0x67, 0x0, 0x64, 0x69, 0x72, 0x65, 0x63, 0x74, 0x65, 0x64, 0x0, 0x64, 0x69, 0x72, 0x65, 0x63,
    0x74, 0x69, 0x6f, 0x6e, 0x0, 0x64, 0x69, 0x72, 0x65, 0x63, 0x74, 0x69, 0x76, 0x65, 0x0, 0x64,
    0x69, 0x72, 0x65, 0x63, 0x74, 0x6c, 0x79, 0x0, 0x64, 0x69, 0x72, 0x65, 0x63, 0x74, 0x6f, 0x72,
    0x79, 0x0, 0x64, 0x69, 0x72, 0x65, 0x6e, 0x65, 0x73, 0x73, 0x0, 0x64, 0x69, 0x72, 0x74, 0x69,
    0x6e, 0x65, 0x73, 0x73, 0x0, 0x64, 0x69, 0x73, 0x61, 0x62, 0x6c, 0x65, 0x64, 0x0, 0x64, 0x69,
    0x73, 0x61, 0x67, 0x72, 0x65, 0x65, 0x0, 0x64, 0x69, 0x73, 0x61, 0x6c, 0x6c, 0x6f, 0x77, 0x0,
    0x64, 0x69, 0x73, 0x61, 0x72, 0x6d, 0x0, 0x64, 0x69, 0x73, 0x61, 0x72, 0x72, 0x61, 0x79, 0x0,
    0x64, 0x69, 0x73, 0x61, 0x73, 0x74, 0x65, 0x72, 0x0, 0x64, 0x69, 0x73, 0x62, 0x61, 0x6e, 0x64,
    0x0, 0x64, 0x69, 0x73, 0x62, 0x65, 0x6c, 0x69, 0x65, 0x66, 0x0, 0x64, 0x69, 0x73, 0x62, 0x75,
    0x72, 0x73, 0x65, 0x0, 0x64, 0x69, 0x73, 0x63, 0x61, 0x72, 0x64, 0x0, 0x64, 0x69, 0x73, 0x63,
    0x65, 0x72, 0x6e, 0x0, 0x64, 0x69, 0x73, 0x63, 0x68, 0x61, 0x72, 0x67, 0x65, 0x0, 0x64, 0x69,
    0x73, 0x63, 0x6c, 0x6f, 0x73, 0x65, 0x0, 0x64, 0x69, 0x73, 0x63, 0x6f, 0x6c, 0x6f, 0x72, 0x0,
    0x64, 0x69, 0x73, 0x63, 0x6f, 0x75, 0x6e, 0x74, 0x0, 0x64, 0x69, 0x73, 0x63, 0x6f, 0x75, 0x72,
    0x73, 0x65, 0x0, 0x64, 0x69, 0x73, 0x63, 0x6f, 0x76, 0x65, 0x72, 0x0, 0x64, 0x69, 0x73, 0x63,
    0x75, 0x73, 0x73, 0x0, 0x64, 0x69, 0x73, 0x64, 0x61, 0x69, 0x6e, 0x0, 0x64, 0x69, 0x73, 0x65,
    0x6e, 0x67, 0x61, 0x67, 0x65, 0x0, 0x64, 0x69, 0x73, 0x66, 0x69, 0x67, 0x75, 0x72, 0x65, 0x0,
    0x64, 0x69, 0x73, 0x67, 0x72, 0x61, 0x63, 0x65, 0x0, 0x64, 0x69, 0x73, 0x68, 0x0, 0x64, 0x69,
    0x73, 0x69, 0x6e, 0x66, 0x65, 0x63, 0x74, 0x0, 0x64, 0x69, 0x73, 0x6a, 0x6f, 0x69, 0x6e, 0x0,
    0x64, 0x69, 0x73, 0x6b, 0x0, 0x64, 0x69, 0x73, 0x6c, 0x69, 0x6b, 0x65, 0x0, 0x64, 0x69, 0x73,
    0x6c, 0x69, 0x6b, 0x69, 0x6e, 0x67, 0x0, 0x64, 0x69, 0x73, 0x6c, 0x6f, 0x63, 0x61, 0x74, 0x65,
    0x0, 0x64, 0x69, 0x73, 0x6c, 0x6f, 0x64, 0x67, 0x65, 0x0, 0x64, 0x69, 0x73, 0x6c, 0x6f, 0x79,
    0x61, 0x6c, 0x0, 0x64, 0x69, 0x73, 0x6d, 0x61, 0x6e, 0x74, 0x6c, 0x65, 0x0, 0x64, 0x69, 0x73,
    0x6d, 0x61, 0x79, 0x0, 0x64, 0x69, 0x73, 0x6d, 0x69, 0x73, 0x73, 0x0, 0x64, 0x69, 0x73, 0x6d,
    0x6f, 0x75, 0x6e, 0x74, 0x0, 0x64, 0x69, 0x73, 0x6f, 0x62, 0x65, 0x79, 0x0, 0x64, 0x69, 0x73,
    0x6f, 0x72, 0x64, 0x65, 0x72, 0x0, 0x64, 0x69, 0x73, 0x6f, 0x77, 0x6e, 0x0, 0x64, 0x69, 0x73,
    0x70, 0x61, 0x72, 0x61, 0x74, 0x65, 0x0, 0x64, 0x69, 0x73, 0x70, 0x61, 0x72, 0x69, 0x74, 0x79,
    0x0, 0x64, 0x69, 0x73, 0x70, 0x61, 0x74, 0x63, 0x68, 0x0, 0x64, 0x69, 0x73, 0x70, 0x65, 0x6e,
    0x73, 0x65, 0x0, 0x64, 0x69, 0x73, 0x70, 0x65, 0x72, 0x73, 0x61, 0x6c, 0x0, 0x64, 0x69, 0x73,
    0x70, 0x65, 0x72, 0x73, 0x65, 0x64, 0x0, 0x64, 0x69, 0x73, 0x70, 0x65, 0x72, 0x73, 0x65, 0x72,
    0x0, 0x64, 0x69, 0x73, 0x70, 0x6c, 0x61, 0x63, 0x65, 0x0, 0x64, 0x69, 0x73, 0x70, 0x6c, 0x61,
    0x79, 0x0, 0x64, 0x69, 0x73, 0x70, 0x6c, 0x65, 0x61, 0x73, 0x65, 0x0, 0x64, 0x69, 0x73, 0x70,
    0x6f, 0x73, 0x61, 0x6c, 0x0, 0x64, 0x69, 0x73, 0x70, 0x6f, 0x73, 0x65, 0x0, 0x64, 0x69, 0x73,
    0x70, 0x72, 0x6f, 0x76, 0x65, 0x0, 0x64, 0x69, 0x73, 0x70, 0x75, 0x74, 0x65, 0x0, 0x64, 0x69,
    0x73, 0x72, 0x65, 0x67, 0x61, 0x72, 0x64, 0x0, 0x64, 0x69, 0x73, 0x72, 0x75, 0x70, 0x74, 0x0,
    0x64, 0x69, 0x73, 0x73, 0x75, 0x61, 0x64, 0x65, 0x0, 0x64, 0x69, 0x73, 0x74, 0x61, 0x6e, 0x63,
    0x65, 0x0, 0x64, 0x69, 0x73, 0x74, 0x61, 0x6e, 0x74, 0x0, 0x64, 0x69, 0x73, 0x74, 0x61, 0x73,
    0x74, 0x65, 0x0, 0x64, 0x69, 0x73, 0x74, 0x69, 0x6c, 0x6c, 0x0, 0x64, 0x69, 0x73, 0x74, 0x69,
    0x6e, 0x63, 0x74, 0x0, 0x64, 0x69, 0x73, 0x74, 0x6f, 0x72, 0x74, 0x0, 0x64, 0x69, 0x73, 0x74,
    0x72, 0x61, 0x63, 0x74, 0x0, 0x64, 0x69, 0x73, 0x74, 0x72, 0x65, 0x73, 0x73, 0x0, 0x64, 0x69,
    0x73, 0x74, 0x72, 0x69, 0x63, 0x74, 0x0, 0x64, 0x69, 0x73, 0x74, 0x72, 0x75, 0x73, 0x74, 0x0,
    0x64, 0x69, 0x74, 0x63, 0x68, 0x0, 0x64, 0x69, 0x74, 0x74, 0x6f, 0x0, 0x64, 0x69, 0x74, 0x7a,
    0x79, 0x0, 0x64, 0x69, 0x76, 0x69, 0x64, 0x61, 0x62, 0x6c, 0x65, 0x0, 0x64, 0x69, 0x76, 0x69,
    0x64, 0x65, 0x64, 0x0, 0x64, 0x69, 0x76, 0x69, 0x64, 0x65, 0x6e, 0x64, 0x0, 0x64, 0x69, 0x76,
    0x69, 0x64, 0x65, 0x72, 0x73, 0x0, 0x64, 0x69, 0x76, 0x69, 0x64, 0x69, 0x6e, 0x67, 0x0, 0x64,
    0x69, 0x76, 0x69, 0x6e, 0x65, 0x6c, 0x79, 0x0, 0x64, 0x69, 0x76, 0x69, 0x6e, 0x67, 0x0, 0x64,
    0x69, 0x76, 0x69, 0x6e, 0x69, 0x74, 0x79, 0x0, 0x64, 0x69, 0x76, 0x69, 0x73, 0x69, 0x62, 0x6c,
    0x65, 0x0, 0x64, 0x69, 0x76, 0x69, 0x73, 0x69, 0x62, 0x6c, 0x79, 0x0, 0x64, 0x69, 0x76, 0x69,
    0x73, 0x69, 0x6f, 0x6e, 0x0, 0x64, 0x69, 0x76, 0x69, 0x73, 0x69, 0x76, 0x65, 0x0, 0x64, 0x69,
    0x76, 0x6f, 0x72, 0x63, 0x65, 0x65, 0x0, 0x64, 0x69, 0x7a, 0x7a, 0x69, 0x6e, 0x65, 0x73, 0x73,
    0x0, 0x64, 0x69, 0x7a, 0x7a, 0x79, 0x0, 0x64, 0x6f, 0x61, 0x62, 0x6c, 0x65, 0x0, 0x64, 0x6f,
    0x63, 0x69, 0x6c, 0x65, 0x0, 0x64, 0x6f, 0x63, 0x6b, 0x0, 0x64, 0x6f, 0x63, 0x74, 0x72, 0x69,
    0x6e, 0x65, 0x0, 0x64, 0x6f, 0x63, 0x75, 0x6d, 0x65, 0x6e, 0x74, 0x0, 0x64, 0x6f, 0x64, 0x67,
    0x65, 0x0, 0x64, 0x6f, 0x64, 0x67, 0x79, 0x0, 0x64, 0x6f, 0x69, 0x6c, 0x79, 0x0, 0x64, 0x6f,
    0x69, 0x6e, 0x67, 0x0, 0x64, 0x6f, 0x6c, 0x65, 0x0, 0x64, 0x6f, 0x6c, 0x6c, 0x61, 0x72, 0x0,
    0x64, 0x6f, 0x6c, 0x6c, 0x68, 0x6f, 0x75, 0x73, 0x65, 0x0, 0x64, 0x6f, 0x6c, 0x6c, 0x6f, 0x70,
    0x0, 0x64, 0x6f, 0x6c, 0x6c, 0x79, 0x0, 0x64, 0x6f, 0x6c, 0x70, 0x68, 0x69, 0x6e, 0x0, 0x64,
    0x6f, 0x6d, 0x61, 0x69, 0x6e, 0x0, 0x64, 0x6f, 0x6d, 0x65, 0x6c, 0x69, 0x6b, 0x65, 0x0, 0x64,
    0x6f, 0x6d, 0x65, 0x73, 0x74, 0x69, 0x63, 0x0, 0x64, 0x6f, 0x6d, 0x69, 0x6e, 0x69, 0x6f, 0x6e,
    0x0, 0x64, 0x6f, 0x6d, 0x69, 0x6e, 0x6f, 0x65, 0x73, 0x0, 0x64, 0x6f, 0x6e, 0x61, 0x74, 0x65,
    0x64, 0x0, 0x64, 0x6f, 0x6e, 0x61, 0x74, 0x69, 0x6f, 0x6e, 0x0, 0x64, 0x6f, 0x6e, 0x61, 0x74,
    0x6f, 0x72, 0x0, 0x64, 0x6f, 0x6e, 0x6f, 0x72, 0x0, 0x64, 0x6f, 0x6e, 0x75, 0x74, 0x0, 0x64,
    0x6f, 0x6f, 0x64, 0x6c, 0x65, 0x0, 0x64, 0x6f, 0x6f, 0x72, 0x62, 0x65, 0x6c, 0x6c, 0x0, 0x64,
    0x6f, 0x6f, 0x72, 0x66, 0x72, 0x61, 0x6d, 0x65, 0x0, 0x64, 0x6f, 0x6f, 0x72, 0x6b, 0x6e, 0x6f,
    0x62, 0x0, 0x64, 0x6f, 0x6f, 0x72, 0x6d, 0x61, 0x6e, 0x0, 0x64, 0x6f, 0x6f, 0x72, 0x6d, 0x61,
    0x74, 0x0, 0x64, 0x6f, 0x6f, 0x72, 0x6e, 0x61, 0x69, 0x6c, 0x0, 0x64, 0x6f, 0x6f, 0x72, 0x70,
    0x6f, 0x73, 0x74, 0x0, 0x64, 0x6f, 0x6f, 0x72, 0x73, 0x74, 0x65, 0x70, 0x0, 0x64, 0x6f, 0x6f,
    0x72, 0x73, 0x74, 0x6f, 0x70, 0x0, 0x64, 0x6f, 0x6f, 0x72, 0x77, 0x61, 0x79, 0x0, 0x64, 0x6f,
    0x6f, 0x7a, 0x79, 0x0, 0x64, 0x6f, 0x72, 0x6b, 0x0, 0x64, 0x6f, 0x72, 0x6d, 0x69, 0x74, 0x6f,
    0x72, 0x79, 0x0, 0x64, 0x6f, 0x72, 0x73, 0x61, 0x6c, 0x0, 0x64, 0x6f, 0x73, 0x61, 0x67, 0x65,
    0x0, 0x64, 0x6f, 0x73, 0x65, 0x0, 0x64, 0x6f, 0x74, 0x74, 0x65, 0x64, 0x0, 0x64, 0x6f, 0x75,
    0x62, 0x6c, 0x69, 0x6e, 0x67, 0x0, 0x64, 0x6f, 0x75, 0x63, 0x68, 0x65, 0x0, 0x64, 0x6f, 0x76,
    0x65, 0x0, 0x64, 0x6f, 0x77, 0x6e, 0x0, 0x64, 0x6f, 0x77, 0x72, 0x79, 0x0, 0x64, 0x6f, 0x7a,
    0x65, 0x0, 0x64, 0x72, 0x61, 0x62, 0x0, 0x64, 0x72, 0x61, 0x67, 0x67, 0x69, 0x6e, 0x67, 0x0,
    0x64, 0x72, 0x61, 0x67, 0x6f, 0x6e, 0x66, 0x6c, 0x79, 0x0, 0x64, 0x72, 0x61, 0x67, 0x6f, 0x6e,
    0x69, 0x73, 0x68, 0x0, 0x64, 0x72, 0x61, 0x67, 0x73, 0x74, 0x65, 0x72, 0x0, 0x64, 0x72, 0x61,
    0x69, 0x6e, 0x61, 0x62, 0x6c, 0x65, 0x0, 0x64, 0x72, 0x61, 0x69, 0x6e, 0x61, 0x67, 0x65, 0x0,
    0x64, 0x72, 0x61, 0x69, 0x6e, 0x65, 0x64, 0x0, 0x64, 0x72, 0x61, 0x69, 0x6e, 0x65, 0x72, 0x0,
    0x64, 0x72, 0x61, 0x69, 0x6e, 0x70, 0x69, 0x70, 0x65, 0x0, 0x64, 0x72, 0x61, 0x6d, 0x61, 0x74,
    0x69, 0x63, 0x0, 0x64, 0x72, 0x61, 0x6d, 0x61, 0x74, 0x69, 0x7a, 0x65, 0x0, 0x64, 0x72, 0x61,
    0x6e, 0x6b, 0x0, 0x64, 0x72, 0x61, 0x70, 0x65, 0x72, 0x79, 0x0, 0x64, 0x72, 0x61, 0x73, 0x74,
    0x69, 0x63, 0x0, 0x64, 0x72, 0x61, 0x77, 0x0, 0x64, 0x72, 0x65, 0x61, 0x64, 0x65, 0x64, 0x0,
    0x64, 0x72, 0x65, 0x61, 0x64, 0x66, 0x75, 0x6c, 0x0, 0x64, 0x72, 0x65, 0x61, 0x64, 0x6c, 0x6f,
    0x63, 0x6b, 0x0, 0x64, 0x72, 0x65, 0x61, 0x6d, 0x62, 0x6f, 0x61, 0x74, 0x0, 0x64, 0x72, 0x65,
    0x61, 0x6d, 0x69, 0x6c, 0x79, 0x0, 0x64, 0x72, 0x65, 0x61, 0x6d, 0x6c, 0x61, 0x6e, 0x64, 0x0,
    0x64, 0x72, 0x65, 0x61, 0x6d, 0x6c, 0x65, 0x73, 0x73, 0x0, 0x64, 0x72, 0x65, 0x61, 0x6d, 0x6c,
    0x69, 0x6b, 0x65, 0x0, 0x64, 0x72, 0x65, 0x61, 0x6d, 0x74, 0x0, 0x64, 0x72, 0x65, 0x61, 0x6d,
    0x79, 0x0, 0x64, 0x72, 0x65, 0x61, 0x72, 0x69, 0x6c, 0x79, 0x0, 0x64, 0x72, 0x65, 0x61, 0x72,
    0x79, 0x0, 0x64, 0x72, 0x65, 0x6e, 0x63, 0x68, 0x0, 0x64, 0x72, 0x65, 0x73, 0x73, 0x0, 0x64,
    0x72, 0x65, 0x77, 0x0, 0x64, 0x72, 0x69, 0x62, 0x62, 0x6c, 0x65, 0x0, 0x64, 0x72, 0x69, 0x65,
    0x64, 0x0, 0x64, 0x72, 0x69, 0x65, 0x72, 0x0, 0x64, 0x72, 0x69, 0x66, 0x74, 0x0, 0x64, 0x72,
    0x69, 0x6c, 0x6c, 0x65, 0x72, 0x0, 0x64, 0x72, 0x69, 0x6c, 0x6c, 0x69, 0x6e, 0x67, 0x0, 0x64,
    0x72, 0x69, 0x6e, 0x6b, 0x61, 0x62, 0x6c, 0x65, 0x0, 0x64, 0x72, 0x69, 0x6e, 0x6b, 0x69, 0x6e,
    0x67, 0x0, 0x64, 0x72, 0x69, 0x70, 0x70, 0x69, 0x6e, 0x67, 0x0, 0x64, 0x72, 0x69, 0x70, 0x70,
    0x79, 0x0, 0x64, 0x72, 0x69, 0x76, 0x61, 0x62, 0x6c, 0x65, 0x0, 0x64, 0x72, 0x69, 0x76, 0x65,
    0x6e, 0x0, 0x64, 0x72, 0x69, 0x76, 0x65, 0x72, 0x0, 0x64, 0x72, 0x69, 0x76, 0x65, 0x77, 0x61,
    0x79, 0x0, 0x64, 0x72, 0x69, 0x76, 0x69, 0x6e, 0x67, 0x0, 0x64, 0x72, 0x69, 0x7a, 0x7a, 0x6c,
    0x65, 0x0, 0x64, 0x72, 0x69, 0x7a, 0x7a, 0x6c, 0x79, 0x0, 0x64, 0x72, 0x6f, 0x6e, 0x65, 0x0,
    0x64, 0x72, 0x6f, 0x6f, 0x6c, 0x0, 0x64, 0x72, 0x6f, 0x6f, 0x70, 0x0, 0x64, 0x72, 0x6f, 0x70,
    0x2d, 0x64, 0x6f, 0x77, 0x6e, 0x0, 0x64, 0x72, 0x6f, 0x70, 0x62, 0x6f, 0x78, 0x0, 0x64, 0x72,
    0x6f, 0x70, 0x6b, 0x69, 0x63, 0x6b, 0x0, 0x64, 0x72, 0x6f, 0x70, 0x6c, 0x65, 0x74, 0x0, 0x64,
    0x72, 0x6f, 0x70, 0x6f, 0x75, 0x74, 0x0, 0x64, 0x72, 0x6f, 0x70, 0x70, 0x65, 0x72, 0x0, 0x64,
    0x72, 0x6f, 0x76, 0x65, 0x0, 0x64, 0x72, 0x6f, 0x77, 0x6e, 0x0, 0x64, 0x72, 0x6f, 0x77, 0x73,
    0x69, 0x6c, 0x79, 0x0, 0x64, 0x72, 0x75, 0x64, 0x67, 0x65, 0x0, 0x64, 0x72, 0x75, 0x6d, 0x0,
    0x64, 0x72, 0x79, 0x0, 0x64, 0x75, 0x62, 0x62, 0x65, 0x64, 0x0, 0x64, 0x75, 0x62, 0x69, 0x6f,
    0x75, 0x73, 0x6c, 0x79, 0x0, 0x64, 0x75, 0x63, 0x68, 0x65, 0x73, 0x73, 0x0, 0x64, 0x75, 0x63,
    0x6b, 0x62, 0x69, 0x6c, 0x6c, 0x0, 0x64, 0x75, 0x63, 0x6b, 0x69, 0x6e, 0x67, 0x0, 0x64, 0x75,
    0x63, 0x6b, 0x6c, 0x69, 0x6e, 0x67, 0x0, 0x64, 0x75, 0x63, 0x6b, 0x74, 0x61, 0x69, 0x6c, 0x0,
    0x64, 0x75, 0x63, 0x6b, 0x79, 0x0, 0x64, 0x75, 0x63, 0x74, 0x0, 0x64, 0x75, 0x64, 0x65, 0x0,
    0x64, 0x75, 0x66, 0x66, 0x65, 0x6c, 0x0, 0x64, 0x75, 0x67, 0x6f, 0x75, 0x74, 0x0, 0x64, 0x75,
    0x68, 0x0, 0x64, 0x75, 0x6b, 0x65, 0x0, 0x64, 0x75, 0x6c, 0x6c, 0x65, 0x72, 0x0, 0x64, 0x75,
    0x6c, 0x6c, 0x6e, 0x65, 0x73, 0x73, 0x0, 0x64, 0x75, 0x6c, 0x79, 0x0, 0x64, 0x75, 0x6d, 0x70,
    0x69, 0x6e, 0x67, 0x0, 0x64, 0x75, 0x6d, 0x70, 0x6c, 0x69, 0x6e, 0x67, 0x0, 0x64, 0x75, 0x6d,
    0x70, 0x73, 0x74, 0x65, 0x72, 0x0, 0x64, 0x75, 0x6f, 0x0, 0x64, 0x75, 0x70, 0x65, 0x0, 0x64,
    0x75, 0x70, 0x6c, 0x65, 0x78, 0x0, 0x64, 0x75, 0x70, 0x6c, 0x69, 0x63, 0x61, 0x74, 0x65, 0x0,
    0x64, 0x75, 0x70, 0x6c, 0x69, 0x63, 0x69, 0x74, 0x79, 0x0, 0x64, 0x75, 0x72, 0x61, 0x62, 0x6c,
    0x65, 0x0, 0x64, 0x75, 0x72, 0x61, 0x62, 0x6c, 0x79, 0x0, 0x64, 0x75, 0x72, 0x61, 0x74, 0x69,
    0x6f, 0x6e, 0x0, 0x64, 0x75, 0x72, 0x65, 0x73, 0x73, 0x0, 0x64, 0x75, 0x72, 0x69, 0x6e, 0x67,
    0x0, 0x64, 0x75, 0x73, 0x6b, 0x0, 0x64, 0x75, 0x73, 0x74, 0x0, 0x64, 0x75, 0x74, 0x69, 0x66,
    0x75, 0x6c, 0x0, 0x64, 0x75, 0x74, 0x79, 0x0, 0x64, 0x75, 0x76, 0x65, 0x74, 0x0, 0x64, 0x77,
    0x61, 0x72, 0x66, 0x0, 0x64, 0x77, 0x65, 0x65, 0x62, 0x0, 0x64, 0x77, 0x65, 0x6c, 0x6c, 0x65,
    0x64, 0x0, 0x64, 0x77, 0x65, 0x6c, 0x6c, 0x65, 0x72, 0x0, 0x64, 0x77, 0x65, 0x6c, 0x6c, 0x69,
    0x6e, 0x67, 0x0, 0x64, 0x77, 0x69, 0x6e, 0x64, 0x6c, 0x65, 0x0, 0x64, 0x77, 0x69, 0x6e, 0x64,
    0x6c, 0x69, 0x6e, 0x67, 0x0, 0x64, 0x79, 0x6e, 0x61, 0x6d, 0x69, 0x63, 0x0, 0x64, 0x79, 0x6e,
    0x61, 0x6d, 0x69, 0x74, 0x65, 0x0, 0x64, 0x79, 0x6e, 0x61, 0x73, 0x74, 0x79, 0x0, 0x64, 0x79,
    0x73, 0x6c, 0x65, 0x78, 0x69, 0x61, 0x0, 0x64, 0x79, 0x73, 0x6c, 0x65, 0x78, 0x69, 0x63, 0x0,
    0x65, 0x61, 0x63, 0x68, 0x0, 0x65, 0x61, 0x67, 0x6c, 0x65, 0x0, 0x65, 0x61, 0x72, 0x61, 0x63,
    0x68, 0x65, 0x0, 0x65, 0x61, 0x72, 0x64, 0x72, 0x75, 0x6d, 0x0, 0x65, 0x61, 0x72, 0x66, 0x6c,
    0x61, 0x70, 0x0, 0x65, 0x61, 0x72, 0x66, 0x75, 0x6c, 0x0, 0x65, 0x61, 0x72, 0x6c, 0x6f, 0x62,
    0x65, 0x0, 0x65, 0x61, 0x72, 0x6c, 0x79, 0x0, 0x65, 0x61, 0x72, 0x6d, 0x61, 0x72, 0x6b, 0x0,
    0x65, 0x61, 0x72, 0x6d, 0x75, 0x66, 0x66, 0x0, 0x65, 0x61, 0x72, 0x70, 0x68, 0x6f, 0x6e, 0x65,
    0x0, 0x65, 0x61, 0x72, 0x70, 0x69, 0x65, 0x63, 0x65, 0x0, 0x65, 0x61, 0x72, 0x70, 0x6c, 0x75,
    0x67, 0x73, 0x0, 0x65, 0x61, 0x72, 0x72, 0x69, 0x6e, 0x67, 0x0, 0x65, 0x61, 0x72, 0x73, 0x68,
    0x6f, 0x74, 0x0, 0x65, 0x61, 0x72, 0x74, 0x68, 0x65, 0x6e, 0x0, 0x65, 0x61, 0x72, 0x74, 0x68,
    0x6c, 0x69, 0x6b, 0x65, 0x0, 0x65, 0x61, 0x72, 0x74, 0x68, 0x6c, 0x69, 0x6e, 0x67, 0x0, 0x65,
    0x61, 0x72, 0x74, 0x68, 0x6c, 0x79, 0x0, 0x65, 0x61, 0x72, 0x74, 0x68, 0x77, 0x6f, 0x72, 0x6d,
    0x0, 0x65, 0x61, 0x72, 0x74, 0x68, 0x79, 0x0, 0x65, 0x61, 0x72, 0x77, 0x69, 0x67, 0x0, 0x65,
    0x61, 0x73, 0x65, 0x66, 0x75, 0x6c, 0x0, 0x65, 0x61, 0x73, 0x65, 0x6c, 0x0, 0x65, 0x61, 0x73,
    0x69, 0x65, 0x73, 0x74, 0x0, 0x65, 0x61, 0x73, 0x69, 0x6c, 0x79, 0x0, 0x65, 0x61, 0x73, 0x69,
    0x6e, 0x65, 0x73, 0x73, 0x0, 0x65, 0x61, 0x73, 0x69, 0x6e, 0x67, 0x0, 0x65, 0x61, 0x73, 0x74,
    0x62, 0x6f, 0x75, 0x6e, 0x64, 0x0, 0x65, 0x61, 0x73, 0x74, 0x63, 0x6f, 0x61, 0x73, 0x74, 0x0,
    0x65, 0x61, 0x73, 0x74, 0x65, 0x72, 0x0, 0x65, 0x61, 0x73, 0x74, 0x77, 0x61, 0x72, 0x64, 0x0,
    0x65, 0x61, 0x74, 0x61, 0x62, 0x6c, 0x65, 0x0, 0x65, 0x61, 0x74, 0x65, 0x6e, 0x0, 0x65, 0x61,
    0x74, 0x65, 0x72, 0x79, 0x0, 0x65, 0x61, 0x74, 0x69, 0x6e, 0x67, 0x0, 0x65, 0x61, 0x74, 0x73,
    0x0, 0x65, 0x62, 0x61, 0x79, 0x0, 0x65, 0x62, 0x6f, 0x6e, 0x79, 0x0, 0x65, 0x62, 0x6f, 0x6f,
    0x6b, 0x0, 0x65, 0x63, 0x61, 0x72, 0x64, 0x0, 0x65, 0x63, 0x63, 0x65, 0x6e, 0x74, 0x72, 0x69,
    0x63, 0x0, 0x65, 0x63, 0x68, 0x6f, 0x0, 0x65, 0x63, 0x6c, 0x61, 0x69, 0x72, 0x0, 0x65, 0x63,
    0x6c, 0x69, 0x70, 0x73, 0x65, 0x0, 0x65, 0x63, 0x6f, 0x6c, 0x6f, 0x67, 0x69, 0x73, 0x74, 0x0,
    0x65, 0x63, 0x6f, 0x6c, 0x6f, 0x67, 0x79, 0x0, 0x65, 0x63, 0x6f, 0x6e, 0x6f, 0x6d, 0x69, 0x63,
    0x0, 0x65, 0x63, 0x6f, 0x6e, 0x6f, 0x6d, 0x69, 0x73, 0x74, 0x0, 0x65, 0x63, 0x6f, 0x6e, 0x6f,
    0x6d, 0x79, 0x0, 0x65, 0x63, 0x6f, 0x73, 0x70, 0x68, 0x65, 0x72, 0x65, 0x0, 0x65, 0x63, 0x6f,
    0x73, 0x79, 0x73, 0x74, 0x65, 0x6d, 0x0, 0x65, 0x64, 0x67, 0x65, 0x0, 0x65, 0x64, 0x67, 0x69,
    0x6e, 0x65, 0x73, 0x73, 0x0, 0x65, 0x64, 0x67, 0x69, 0x6e, 0x67, 0x0, 0x65, 0x64, 0x67, 0x79,
    0x0, 0x65, 0x64, 0x69, 0x74, 0x69, 0x6f, 0x6e, 0x0, 0x65, 0x64, 0x69, 0x74, 0x6f, 0x72, 0x0,
    0x65, 0x64, 0x75, 0x63, 0x61, 0x74, 0x65, 0x64, 0x0, 0x65, 0x64, 0x75, 0x63, 0x61, 0x74, 0x69,
    0x6f, 0x6e, 0x0, 0x65, 0x64, 0x75, 0x63, 0x61, 0x74, 0x6f, 0x72, 0x0, 0x65, 0x65, 0x6c, 0x0,
    0x65, 0x66, 0x66, 0x65, 0x63, 0x74, 0x69, 0x76, 0x65, 0x0, 0x65, 0x66, 0x66, 0x65, 0x63, 0x74,
    0x73, 0x0, 0x65, 0x66, 0x66, 0x69, 0x63, 0x69, 0x65, 0x6e, 0x74, 0x0, 0x65, 0x66, 0x66, 0x6f,
    0x72, 0x74, 0x0, 0x65, 0x67, 0x67, 0x62, 0x65, 0x61, 0x74, 0x65, 0x72, 0x0, 0x65, 0x67, 0x67,
    0x69, 0x6e, 0x67, 0x0, 0x65, 0x67, 0x67, 0x6e, 0x6f, 0x67, 0x0, 0x65, 0x67, 0x67, 0x70, 0x6c,
    0x61, 0x6e, 0x74, 0x0, 0x65, 0x67, 0x67, 0x73, 0x68, 0x65, 0x6c, 0x6c, 0x0, 0x65, 0x67, 0x6f,
    0x6d, 0x61, 0x6e, 0x69, 0x61, 0x63, 0x0, 0x65, 0x67, 0x6f, 0x74, 0x69, 0x73, 0x6d, 0x0, 0x65,
    0x67, 0x6f, 0x74, 0x69, 0x73, 0x74, 0x69, 0x63, 0x0, 0x65, 0x69, 0x74, 0x68, 0x65, 0x72, 0x0,
    0x65, 0x6a, 0x65, 0x63, 0x74, 0x0, 0x65, 0x6c, 0x61, 0x62, 0x6f, 0x72, 0x61, 0x74, 0x65, 0x0,
    0x65, 0x6c, 0x61, 0x73, 0x74, 0x69, 0x63, 0x0, 0x65, 0x6c, 0x61, 0x74, 0x65, 0x64, 0x0, 0x65,
    0x6c, 0x62, 0x6f, 0x77, 0x0, 0x65, 0x6c, 0x64, 0x65, 0x72, 0x63, 0x61, 0x72, 0x65, 0x0, 0x65,
    0x6c, 0x64, 0x65, 0x72, 0x6c, 0x79, 0x0, 0x65, 0x6c, 0x64, 0x65, 0x73, 0x74, 0x0, 0x65, 0x6c,
    0x65, 0x63, 0x74, 0x61, 0x62, 0x6c, 0x65, 0x0, 0x65, 0x6c, 0x65, 0x63, 0x74, 0x69, 0x6f, 0x6e,
    0x0, 0x65, 0x6c, 0x65, 0x63, 0x74, 0x69, 0x76, 0x65, 0x0, 0x65, 0x6c, 0x65, 0x70, 0x68, 0x61,
    0x6e, 0x74, 0x0, 0x65, 0x6c, 0x65, 0x76, 0x61, 0x74, 0x65, 0x0, 0x65, 0x6c, 0x65, 0x76, 0x61,
    0x74, 0x69, 0x6e, 0x67, 0x0, 0x65, 0x6c, 0x65, 0x76, 0x61, 0x74, 0x69, 0x6f, 0x6e, 0x0, 0x65,
    0x6c, 0x65, 0x76, 0x61, 0x74, 0x6f, 0x72, 0x0, 0x65, 0x6c, 0x65, 0x76, 0x65, 0x6e, 0x0, 0x65,
    0x6c, 0x66, 0x0, 0x65, 0x6c, 0x69, 0x67, 0x69, 0x62, 0x6c, 0x65, 0x0, 0x65, 0x6c, 0x69, 0x67,
    0x69, 0x62, 0x6c, 0x79, 0x0, 0x65, 0x6c, 0x69, 0x6d, 0x69, 0x6e, 0x61, 0x74, 0x65, 0x0, 0x65,
    0x6c, 0x69, 0x74, 0x65, 0x0, 0x65, 0x6c, 0x69, 0x74, 0x69, 0x73, 0x6d, 0x0, 0x65, 0x6c, 0x69,
    0x78, 0x69, 0x72, 0x0, 0x65, 0x6c, 0x6b, 0x0, 0x65, 0x6c, 0x6c, 0x69, 0x70, 0x73, 0x65, 0x0,
    0x65, 0x6c, 0x6c, 0x69, 0x70, 0x74, 0x69, 0x63, 0x0, 0x65, 0x6c, 0x6d, 0x0, 0x65, 0x6c, 0x6f,
    0x6e, 0x67, 0x61, 0x74, 0x65, 0x64, 0x0, 0x65, 0x6c, 0x6f, 0x70, 0x65, 0x0, 0x65, 0x6c, 0x6f,
    0x71, 0x75, 0x65, 0x6e, 0x63, 0x65, 0x0, 0x65, 0x6c, 0x6f, 0x71, 0x75, 0x65, 0x6e, 0x74, 0x0,
    0x65, 0x6c, 0x73, 0x65, 0x77, 0x68, 0x65, 0x72, 0x65, 0x0, 0x65, 0x6c, 0x75, 0x64, 0x65, 0x0,
    0x65, 0x6c, 0x75, 0x73, 0x69, 0x76, 0x65, 0x0, 0x65, 0x6c, 0x76, 0x65, 0x73, 0x0, 0x65, 0x6d,
    0x61, 0x69, 0x6c, 0x0, 0x65, 0x6d, 0x62, 0x61, 0x72, 0x67, 0x6f, 0x0, 0x65, 0x6d, 0x62, 0x61,
    0x72, 0x6b, 0x0, 0x65, 0x6d, 0x62, 0x61, 0x73, 0x73, 0x79, 0x0, 0x65, 0x6d, 0x62, 0x61, 0x74,
    0x74, 0x6c, 0x65, 0x64, 0x0, 0x65, 0x6d, 0x62, 0x65, 0x6c, 0x6c, 0x69, 0x73, 0x68, 0x0, 0x65,
    0x6d, 0x62, 0x65, 0x72, 0x0, 0x65, 0x6d, 0x62, 0x65, 0x7a, 0x7a, 0x6c, 0x65, 0x0, 0x65, 0x6d,
    0x62, 0x6c, 0x61, 0x7a, 0x65, 0x0, 0x65, 0x6d, 0x62, 0x6c, 0x65, 0x6d, 0x0, 0x65, 0x6d, 0x62,
    0x6f, 0x64, 0x79, 0x0, 0x65, 0x6d, 0x62, 0x6f, 0x6c, 0x69, 0x73, 0x6d, 0x0, 0x65, 0x6d, 0x62,
    0x6f, 0x73, 0x73, 0x0, 0x65, 0x6d, 0x62, 0x72, 0x6f, 0x69, 0x64, 0x65, 0x72, 0x0, 0x65, 0x6d,
    0x63, 0x65, 0x65, 0x0, 0x65, 0x6d, 0x65, 0x72, 0x61, 0x6c, 0x64, 0x0, 0x65, 0x6d, 0x65, 0x72,
    0x67, 0x65, 0x6e, 0x63, 0x79, 0x0, 0x65, 0x6d, 0x69, 0x73, 0x73, 0x69, 0x6f, 0x6e, 0x0, 0x65,
    0x6d, 0x69, 0x74, 0x0, 0x65, 0x6d, 0x6f, 0x74, 0x65, 0x0, 0x65, 0x6d, 0x6f, 0x74, 0x69, 0x63,
    0x6f, 0x6e, 0x0, 0x65, 0x6d, 0x6f, 0x74, 0x69, 0x6f, 0x6e, 0x0, 0x65, 0x6d, 0x70, 0x61, 0x74,
    0x68, 0x69, 0x63, 0x0, 0x65, 0x6d, 0x70, 0x61, 0x74, 0x68, 0x79, 0x0, 0x65, 0x6d, 0x70, 0x65,
    0x72, 0x6f, 0x72, 0x0, 0x65, 0x6d, 0x70, 0x68, 0x61, 0x73, 0x65, 0x73, 0x0, 0x65, 0x6d, 0x70,
    0x68, 0x61, 0x73, 0x69, 0x73, 0x0, 0x65, 0x6d, 0x70, 0x68, 0x61, 0x73, 0x69, 0x7a, 0x65, 0x0,
    0x65, 0x6d, 0x70, 0x68, 0x61, 0x74, 0x69, 0x63, 0x0, 0x65, 0x6d, 0x70, 0x69, 0x72, 0x69, 0x63,
    0x61, 0x6c, 0x0, 0x65, 0x6d, 0x70, 0x6c, 0x6f, 0x79, 0x65, 0x64, 0x0, 0x65, 0x6d, 0x70, 0x6c,
    0x6f, 0x79, 0x65, 0x65, 0x0, 0x65, 0x6d, 0x70, 0x6c, 0x6f, 0x79, 0x65, 0x72, 0x0, 0x65, 0x6d,
    0x70, 0x6f, 0x72, 0x69, 0x75, 0x6d, 0x0, 0x65, 0x6d, 0x70, 0x6f, 0x77, 0x65, 0x72, 0x0, 0x65,
    0x6d, 0x70, 0x74, 0x69, 0x65, 0x72, 0x0, 0x65, 0x6d, 0x70, 0x74, 0x69, 0x6e, 0x65, 0x73, 0x73,
    0x0, 0x65, 0x6d, 0x70, 0x74, 0x79, 0x0, 0x65, 0x6d, 0x75, 0x0, 0x65, 0x6e, 0x61, 0x62, 0x6c,
    0x65, 0x0, 0x65, 0x6e, 0x61, 0x63, 0x74, 0x6d, 0x65, 0x6e, 0x74, 0x0, 0x65, 0x6e, 0x61, 0x6d,
    0x65, 0x6c, 0x0, 0x65, 0x6e, 0x63, 0x68, 0x61, 0x6e, 0x74, 0x65, 0x64, 0x0, 0x65, 0x6e, 0x63,
    0x68, 0x69, 0x6c, 0x61, 0x64, 0x61, 0x0, 0x65, 0x6e, 0x63, 0x69, 0x72, 0x63, 0x6c, 0x65, 0x0,
    0x65, 0x6e, 0x63, 0x6c, 0x6f, 0x73, 0x65, 0x0, 0x65, 0x6e, 0x63, 0x6c, 0x6f, 0x73, 0x75, 0x72,
    0x65, 0x0, 0x65, 0x6e, 0x63, 0x6f, 0x64, 0x65, 0x0, 0x65, 0x6e, 0x63, 0x6f, 0x72, 0x65, 0x0,
    0x65, 0x6e, 0x63, 0x6f, 0x75, 0x6e, 0x74, 0x65, 0x72, 0x0, 0x65, 0x6e, 0x63, 0x6f, 0x75, 0x72,
    0x61, 0x67, 0x65, 0x0, 0x65, 0x6e, 0x63, 0x72, 0x6f, 0x61, 0x63, 0x68, 0x0, 0x65, 0x6e, 0x63,
    0x72, 0x75, 0x73, 0x74, 0x0, 0x65, 0x6e, 0x63, 0x72, 0x79, 0x70, 0x74, 0x0, 0x65, 0x6e, 0x64,
    0x61, 0x6e, 0x67, 0x65, 0x72, 0x0, 0x65, 0x6e, 0x64, 0x65, 0x61, 0x72, 0x65, 0x64, 0x0, 0x65,
    0x6e, 0x64, 0x65, 0x61, 0x72, 0x69, 0x6e, 0x67, 0x0, 0x65, 0x6e, 0x64, 0x65, 0x64, 0x0, 0x65,
    0x6e, 0x64, 0x69, 0x6e, 0x67, 0x0, 0x65, 0x6e, 0x64, 0x6c, 0x65, 0x73, 0x73, 0x0, 0x65, 0x6e,
    0x64, 0x6e, 0x6f, 0x74, 0x65, 0x0, 0x65, 0x6e, 0x64, 0x6f, 0x63, 0x72, 0x69, 0x6e, 0x65, 0x0,
    0x65, 0x6e, 0x64, 0x6f, 0x72, 0x70, 0x68, 0x69, 0x6e, 0x0, 0x65, 0x6e, 0x64, 0x6f, 0x72, 0x73,
    0x65, 0x0, 0x65, 0x6e, 0x64, 0x6f, 0x77, 0x6d, 0x65, 0x6e, 0x74, 0x0, 0x65, 0x6e, 0x64, 0x70,
    0x6f, 0x69, 0x6e, 0x74, 0x0, 0x65, 0x6e, 0x64, 0x75, 0x72, 0x61, 0x62, 0x6c, 0x65, 0x0, 0x65,
    0x6e, 0x64, 0x75, 0x72, 0x61, 0x6e, 0x63, 0x65, 0x0, 0x65, 0x6e, 0x64, 0x75, 0x72, 0x69, 0x6e,
    0x67, 0x0, 0x65, 0x6e, 0x65, 0x72, 0x67, 0x65, 0x74, 0x69, 0x63, 0x0, 0x65, 0x6e, 0x65, 0x72,
    0x67, 0x69, 0x7a, 0x65, 0x0, 0x65, 0x6e, 0x65, 0x72, 0x67, 0x79, 0x0, 0x65, 0x6e, 0x66, 0x6f,
    0x72, 0x63, 0x65, 0x64, 0x0, 0x65, 0x6e, 0x66, 0x6f, 0x72, 0x63, 0x65, 0x72, 0x0, 0x65, 0x6e,
    0x67, 0x61, 0x67, 0x65, 0x64, 0x0, 0x65, 0x6e, 0x67, 0x61, 0x67, 0x69, 0x6e, 0x67, 0x0, 0x65,
    0x6e, 0x67, 0x69, 0x6e, 0x65, 0x0, 0x65, 0x6e, 0x67, 0x6f, 0x72, 0x67, 0x65, 0x0, 0x65, 0x6e,
    0x67, 0x72, 0x61, 0x76, 0x65, 0x64, 0x0, 0x65, 0x6e, 0x67, 0x72, 0x61, 0x76, 0x65, 0x72, 0x0,
    0x65, 0x6e, 0x67, 0x72, 0x61, 0x76, 0x69, 0x6e, 0x67, 0x0, 0x65, 0x6e, 0x67, 0x72, 0x6f, 0x73,
    0x73, 0x0, 0x65, 0x6e, 0x67, 0x75, 0x6c, 0x66, 0x0, 0x65, 0x6e, 0x68, 0x61, 0x6e, 0x63, 0x65,
    0x0, 0x65, 0x6e, 0x69, 0x67, 0x6d, 0x61, 0x74, 0x69, 0x63, 0x0, 0x65, 0x6e, 0x6a, 0x6f, 0x79,
    0x61, 0x62, 0x6c, 0x65, 0x0, 0x65, 0x6e, 0x6a, 0x6f, 0x79, 0x61, 0x62, 0x6c, 0x79, 0x0, 0x65,
    0x6e, 0x6a, 0x6f, 0x79, 0x65, 0x72, 0x0, 0x65, 0x6e, 0x6a, 0x6f, 0x79, 0x69, 0x6e, 0x67, 0x0,
    0x65, 0x6e, 0x6a, 0x6f, 0x79, 0x6d, 0x65, 0x6e, 0x74, 0x0, 0x65, 0x6e, 0x6c, 0x61, 0x72, 0x67,
    0x65, 0x64, 0x0, 0x65, 0x6e, 0x6c, 0x61, 0x72, 0x67, 0x69, 0x6e, 0x67, 0x0, 0x65, 0x6e, 0x6c,
    0x69, 0x67, 0x68, 0x74, 0x65, 0x6e, 0x0, 0x65, 0x6e, 0x6c, 0x69, 0x73, 0x74, 0x65, 0x64, 0x0,
    0x65, 0x6e, 0x71, 0x75, 0x69, 0x72, 0x65, 0x72, 0x0, 0x65, 0x6e, 0x72, 0x61, 0x67, 0x65, 0x0,
    0x65, 0x6e, 0x72, 0x69, 0x63, 0x68, 0x0, 0x65, 0x6e, 0x72, 0x6f, 0x6c, 0x6c, 0x0, 0x65, 0x6e,
    0x73, 0x6c, 0x61, 0x76, 0x65, 0x0, 0x65, 0x6e, 0x73, 0x6e, 0x61, 0x72, 0x65, 0x0, 0x65, 0x6e,
    0x73, 0x75, 0x72, 0x65, 0x0, 0x65, 0x6e, 0x74, 0x61, 0x69, 0x6c, 0x0, 0x65, 0x6e, 0x74, 0x61,
    0x6e, 0x67, 0x6c, 0x65, 0x64, 0x0, 0x65, 0x6e, 0x74, 0x65, 0x72, 0x69, 0x6e, 0x67, 0x0, 0x65,
    0x6e, 0x74, 0x65, 0x72, 0x74, 0x61, 0x69, 0x6e, 0x0, 0x65, 0x6e, 0x74, 0x69, 0x63, 0x69, 0x6e,
    0x67, 0x0, 0x65, 0x6e, 0x74, 0x69, 0x72, 0x65, 0x0, 0x65, 0x6e, 0x74, 0x69, 0x74, 0x6c, 0x65,
    0x0, 0x65, 0x6e, 0x74, 0x69, 0x74, 0x79, 0x0, 0x65, 0x6e, 0x74, 0x6f, 0x6d, 0x62, 0x0, 0x65,
    0x6e, 0x74, 0x6f, 0x75, 0x72, 0x61, 0x67, 0x65, 0x0, 0x65, 0x6e, 0x74, 0x72, 0x61, 0x70, 0x0,
    0x65, 0x6e, 0x74, 0x72, 0x65, 0x65, 0x0, 0x65, 0x6e, 0x74, 0x72, 0x65, 0x6e, 0x63, 0x68, 0x0,
    0x65, 0x6e, 0x74, 0x72, 0x75, 0x73, 0x74, 0x0, 0x65, 0x6e, 0x74, 0x72, 0x79, 0x77, 0x61, 0x79,
    0x0, 0x65, 0x6e, 0x74, 0x77, 0x69, 0x6e, 0x65, 0x0, 0x65, 0x6e, 0x75, 0x6e, 0x63, 0x69, 0x61,
    0x74, 0x65, 0x0, 0x65, 0x6e, 0x76, 0x65, 0x6c, 0x6f, 0x70, 0x65, 0x0, 0x65, 0x6e, 0x76, 0x69,
    0x61, 0x62, 0x6c, 0x65, 0x0, 0x65, 0x6e, 0x76, 0x69, 0x61, 0x62, 0x6c, 0x79, 0x0, 0x65, 0x6e,
    0x76, 0x69, 0x6f, 0x75, 0x73, 0x0, 0x65, 0x6e, 0x76, 0x69, 0x73, 0x69, 0x6f, 0x6e, 0x0, 0x65,
    0x6e, 0x76, 0x6f, 0x79, 0x0, 0x65, 0x6e, 0x76, 0x79, 0x0, 0x65, 0x6e, 0x7a, 0x79, 0x6d, 0x65,
    0x0, 0x65, 0x70, 0x69, 0x63, 0x0, 0x65, 0x70, 0x69, 0x64, 0x65, 0x6d, 0x69, 0x63, 0x0, 0x65,
    0x70, 0x69, 0x64, 0x65, 0x72, 0x6d, 0x61, 0x6c, 0x0, 0x65, 0x70, 0x69, 0x64, 0x65, 0x72, 0x6d,
    0x69, 0x73, 0x0, 0x65, 0x70, 0x69, 0x64, 0x75, 0x72, 0x61, 0x6c, 0x0, 0x65, 0x70, 0x69, 0x6c,
    0x65, 0x70, 0x73, 0x79, 0x0, 0x65, 0x70, 0x69, 0x6c, 0x65, 0x70, 0x74, 0x69, 0x63, 0x0, 0x65,
    0x70, 0x69, 0x6c, 0x6f, 0x67, 0x75, 0x65, 0x0, 0x65, 0x70, 0x69, 0x70, 0x68, 0x61, 0x6e, 0x79,
    0x0, 0x65, 0x70, 0x69, 0x73, 0x6f, 0x64, 0x65, 0x0, 0x65, 0x71, 0x75, 0x61, 0x6c, 0x0, 0x65,
    0x71, 0x75, 0x61, 0x74, 0x65, 0x0, 0x65, 0x71, 0x75, 0x61, 0x74, 0x69, 0x6f, 0x6e, 0x0, 0x65,
    0x71, 0x75, 0x61, 0x74, 0x6f, 0x72, 0x0, 0x65, 0x71, 0x75, 0x69, 0x6e, 0x6f, 0x78, 0x0, 0x65,
    0x71, 0x75, 0x69, 0x70, 0x6d, 0x65, 0x6e, 0x74, 0x0, 0x65, 0x71, 0x75, 0x69, 0x74, 0x79, 0x0,
    0x65, 0x71, 0x75, 0x69, 0x76, 0x6f, 0x63, 0x61, 0x6c, 0x0, 0x65, 0x72, 0x61, 0x64, 0x69, 0x63,
    0x61, 0x74, 0x65, 0x0, 0x65, 0x72, 0x61, 0x73, 0x61, 0x62, 0x6c, 0x65, 0x0, 0x65, 0x72, 0x61,
    0x73, 0x65, 0x64, 0x0, 0x65, 0x72, 0x61, 0x73, 0x65, 0x72, 0x0, 0x65, 0x72, 0x61, 0x73, 0x75,
    0x72, 0x65, 0x0, 0x65, 0x72, 0x67, 0x6f, 0x6e, 0x6f, 0x6d, 0x69, 0x63, 0x0, 0x65, 0x72, 0x72,
    0x61, 0x6e, 0x64, 0x0, 0x65, 0x72, 0x72, 0x61, 0x6e, 0x74, 0x0, 0x65, 0x72, 0x72, 0x61, 0x74,
    0x69, 0x63, 0x0, 0x65, 0x72, 0x72, 0x6f, 0x72, 0x0, 0x65, 0x72, 0x75, 0x70, 0x74, 0x0, 0x65,
    0x73, 0x63, 0x61, 0x6c, 0x61, 0x74, 0x65, 0x0, 0x65, 0x73, 0x63, 0x61, 0x6c, 0x61, 0x74, 0x6f,
    0x72, 0x0, 0x65, 0x73, 0x63, 0x61, 0x70, 0x61, 0x62, 0x6c, 0x65, 0x0, 0x65, 0x73, 0x63, 0x61,
    0x70, 0x61, 0x64, 0x65, 0x0, 0x65, 0x73, 0x63, 0x61, 0x70, 0x69, 0x73, 0x74, 0x0, 0x65, 0x73,
    0x63, 0x61, 0x72, 0x67, 0x6f, 0x74, 0x0, 0x65, 0x73, 0x6b, 0x69, 0x6d, 0x6f, 0x0, 0x65, 0x73,
    0x6f, 0x70, 0x68, 0x61, 0x67, 0x75, 0x73, 0x0, 0x65, 0x73, 0x70, 0x69, 0x6f, 0x6e, 0x61, 0x67,
    0x65, 0x0, 0x65, 0x73, 0x70, 0x72, 0x65, 0x73, 0x73, 0x6f, 0x0, 0x65, 0x73, 0x71, 0x75, 0x69,
    0x72, 0x65, 0x0, 0x65, 0x73, 0x73, 0x61, 0x79, 0x0, 0x65, 0x73, 0x73, 0x65, 0x6e, 0x63, 0x65,
    0x0, 0x65, 0x73, 0x73, 0x65, 0x6e, 0x74, 0x69, 0x61, 0x6c, 0x0, 0x65, 0x73, 0x74, 0x61, 0x62,
    0x6c, 0x69, 0x73, 0x68, 0x0, 0x65, 0x73, 0x74, 0x61, 0x74, 0x65, 0x0, 0x65, 0x73, 0x74, 0x65,
    0x65, 0x6d, 0x65, 0x64, 0x0, 0x65, 0x73, 0x74, 0x69, 0x6d, 0x61, 0x74, 0x65, 0x0, 0x65, 0x73,
    0x74, 0x69, 0x6d, 0x61, 0x74, 0x6f, 0x72, 0x0, 0x65, 0x73, 0x74, 0x72, 0x61, 0x6e, 0x67, 0x65,
    0x64, 0x0, 0x65, 0x73, 0x74, 0x72, 0x6f, 0x67, 0x65, 0x6e, 0x0, 0x65, 0x74, 0x63, 0x68, 0x69,
    0x6e, 0x67, 0x0, 0x65, 0x74, 0x65, 0x72, 0x6e, 0x61, 0x6c, 0x0, 0x65, 0x74, 0x65, 0x72, 0x6e,
    0x69, 0x74, 0x79, 0x0, 0x65, 0x74, 0x68, 0x61, 0x6e, 0x6f, 0x6c, 0x0, 0x65, 0x74, 0x68, 0x65,
    0x72, 0x0, 0x65, 0x74, 0x68, 0x69, 0x63, 0x61, 0x6c, 0x6c, 0x79, 0x0, 0x65, 0x74, 0x68, 0x69,
    0x63, 0x73, 0x0, 0x65, 0x75, 0x70, 0x68, 0x65, 0x6d, 0x69, 0x73, 0x6d, 0x0, 0x65, 0x76, 0x61,
    0x63, 0x75, 0x61, 0x74, 0x65, 0x0, 0x65, 0x76, 0x61, 0x63, 0x75, 0x65, 0x65, 0x0, 0x65, 0x76,
    0x61, 0x64, 0x65, 0x0, 0x65, 0x76, 0x61, 0x6c, 0x75, 0x61, 0x74, 0x65, 0x0, 0x65, 0x76, 0x61,
    0x6c, 0x75, 0x61, 0x74, 0x6f, 0x72, 0x0, 0x65, 0x76, 0x61, 0x70, 0x6f, 0x72, 0x61, 0x74, 0x65,
    0x0, 0x65, 0x76, 0x61, 0x73, 0x69, 0x6f, 0x6e, 0x0, 0x65, 0x76, 0x61, 0x73, 0x69, 0x76, 0x65,
    0x0, 0x65, 0x76, 0x65, 0x6e, 0x0, 0x65, 0x76, 0x65, 0x72, 0x67, 0x6c, 0x61, 0x64, 0x65, 0x0,
    0x65, 0x76, 0x65, 0x72, 0x67, 0x72, 0x65, 0x65, 0x6e, 0x0, 0x65, 0x76, 0x65, 0x72, 0x79, 0x62,
    0x6f, 0x64, 0x79, 0x0, 0x65, 0x76, 0x65, 0x72, 0x79, 0x64, 0x61, 0x79, 0x0, 0x65, 0x76, 0x65,
    0x72, 0x79, 0x6f, 0x6e, 0x65, 0x0, 0x65, 0x76, 0x69, 0x63, 0x74, 0x0, 0x65, 0x76, 0x69, 0x64,
    0x65, 0x6e, 0x63, 0x65, 0x0, 0x65, 0x76, 0x69, 0x64, 0x65, 0x6e, 0x74, 0x0, 0x65, 0x76, 0x69,
    0x6c, 0x0, 0x65, 0x76, 0x6f, 0x6b, 0x65, 0x0, 0x65, 0x76, 0x6f, 0x6c, 0x75, 0x74, 0x69, 0x6f,
    0x6e, 0x0, 0x65, 0x76, 0x6f, 0x6c, 0x76, 0x65, 0x0, 0x65, 0x78, 0x61, 0x63, 0x74, 0x0, 0x65,
    0x78, 0x61, 0x6c, 0x74, 0x65, 0x64, 0x0, 0x65, 0x78, 0x61, 0x6d, 0x70, 0x6c, 0x65, 0x0, 0x65,
    0x78, 0x63, 0x61, 0x76, 0x61, 0x74, 0x65, 0x0, 0x65, 0x78, 0x63, 0x61, 0x76, 0x61, 0x74, 0x6f,
    0x72, 0x0, 0x65, 0x78, 0x63, 0x65, 0x65, 0x64, 0x69, 0x6e, 0x67, 0x0, 0x65, 0x78, 0x63, 0x65,
    0x70, 0x74, 0x69, 0x6f, 0x6e, 0x0, 0x65, 0x78, 0x63, 0x65, 0x73, 0x73, 0x0, 0x65, 0x78, 0x63,
    0x68, 0x61, 0x6e, 0x67, 0x65, 0x0, 0x65, 0x78, 0x63, 0x69, 0x74, 0x61, 0x62, 0x6c, 0x65, 0x0,
    0x65, 0x78, 0x63, 0x69, 0x74, 0x69, 0x6e, 0x67, 0x0, 0x65, 0x78, 0x63, 0x6c, 0x61, 0x69, 0x6d,
    0x0, 0x65, 0x78, 0x63, 0x6c, 0x75, 0x64, 0x65, 0x0, 0x65, 0x78, 0x63, 0x6c, 0x75, 0x64, 0x69,
    0x6e, 0x67, 0x0, 0x65, 0x78, 0x63, 0x6c, 0x75, 0x73, 0x69, 0x6f, 0x6e, 0x0, 0x65, 0x78, 0x63,
    0x6c, 0x75, 0x73, 0x69, 0x76, 0x65, 0x0, 0x65, 0x78, 0x63, 0x72, 0x65, 0x74, 0x69, 0x6f, 0x6e,
    0x0, 0x65, 0x78, 0x63, 0x72, 0x65, 0x74, 0x6f, 0x72, 0x79, 0x0, 0x65, 0x78, 0x63, 0x75, 0x72,
    0x73, 0x69, 0x6f, 0x6e, 0x0, 0x65, 0x78, 0x63, 0x75, 0x73, 0x61, 0x62, 0x6c, 0x65, 0x0, 0x65,
    0x78, 0x63, 0x75, 0x73, 0x61, 0x62, 0x6c, 0x79, 0x0, 0x65, 0x78, 0x63, 0x75, 0x73, 0x65, 0x0,
    0x65, 0x78, 0x65, 0x6d, 0x70, 0x6c, 0x61, 0x72, 0x79, 0x0, 0x65, 0x78, 0x65, 0x6d, 0x70, 0x6c,
    0x69, 0x66, 0x79, 0x0, 0x65, 0x78, 0x65, 0x6d, 0x70, 0x74, 0x69, 0x6f, 0x6e, 0x0, 0x65, 0x78,
    0x65, 0x72, 0x63, 0x69, 0x73, 0x65, 0x72, 0x0, 0x65, 0x78, 0x65, 0x72, 0x74, 0x0, 0x65, 0x78,
    0x65, 0x73, 0x0, 0x65, 0x78, 0x66, 0x6f, 0x6c, 0x69, 0x61, 0x74, 0x65, 0x0, 0x65, 0x78, 0x68,
    0x61, 0x6c, 0x65, 0x0, 0x65, 0x78, 0x68, 0x61, 0x75, 0x73, 0x74, 0x0, 0x65, 0x78, 0x68, 0x75,
    0x6d, 0x65, 0x0, 0x65, 0x78, 0x69, 0x6c, 0x65, 0x0, 0x65, 0x78, 0x69, 0x73, 0x74, 0x69, 0x6e,
    0x67, 0x0, 0x65, 0x78, 0x69, 0x74, 0x0, 0x65, 0x78, 0x6f, 0x64, 0x75, 0x73, 0x0, 0x65, 0x78,
    0x6f, 0x6e, 0x65, 0x72, 0x61, 0x74, 0x65, 0x0, 0x65, 0x78, 0x6f, 0x72, 0x63, 0x69, 0x73, 0x6d,
    0x0, 0x65, 0x78, 0x6f, 0x72, 0x63, 0x69, 0x73, 0x74, 0x0, 0x65, 0x78, 0x70, 0x61, 0x6e, 0x64,
    0x0, 0x65, 0x78, 0x70, 0x61, 0x6e, 0x73, 0x65, 0x0, 0x65, 0x78, 0x70, 0x61, 0x6e, 0x73, 0x69,
    0x6f, 0x6e, 0x0, 0x65, 0x78, 0x70, 0x61, 0x6e, 0x73, 0x69, 0x76, 0x65, 0x0, 0x65, 0x78, 0x70,
    0x65, 0x63, 0x74, 0x61, 0x6e, 0x74, 0x0, 0x65, 0x78, 0x70, 0x65, 0x64, 0x69, 0x74, 0x65, 0x64,
    0x0, 0x65, 0x78, 0x70, 0x65, 0x64, 0x69, 0x74, 0x65, 0x72, 0x0, 0x65, 0x78, 0x70, 0x65, 0x6c,
    0x0, 0x65, 0x78, 0x70, 0x65, 0x6e, 0x64, 0x0, 0x65, 0x78, 0x70, 0x65, 0x6e, 0x73, 0x65, 0x73,
    0x0, 0x65, 0x78, 0x70, 0x65, 0x6e, 0x73, 0x69, 0x76, 0x65, 0x0, 0x65, 0x78, 0x70, 0x65, 0x72,
    0x74, 0x0, 0x65, 0x78, 0x70, 0x69, 0x72, 0x65, 0x0, 0x65, 0x78, 0x70, 0x69, 0x72, 0x69, 0x6e,
    0x67, 0x0, 0x65, 0x78, 0x70, 0x6c, 0x61, 0x69, 0x6e, 0x0, 0x65, 0x78, 0x70, 0x6c, 0x65, 0x74,
    0x69, 0x76, 0x65, 0x0, 0x65, 0x78, 0x70, 0x6c, 0x69, 0x63, 0x69, 0x74, 0x0, 0x65, 0x78, 0x70,
    0x6c, 0x6f, 0x64, 0x65, 0x0, 0x65, 0x78, 0x70, 0x6c, 0x6f, 0x69, 0x74, 0x0, 0x65, 0x78, 0x70,
    0x6c, 0x6f, 0x72, 0x65, 0x0, 0x65, 0x78, 0x70, 0x6c, 0x6f, 0x72, 0x69, 0x6e, 0x67, 0x0, 0x65,
    0x78, 0x70, 0x6f, 0x6e, 0x65, 0x6e, 0x74, 0x0, 0x65, 0x78, 0x70, 0x6f, 0x72, 0x74, 0x65, 0x72,
    0x0, 0x65, 0x78, 0x70, 0x6f, 0x73, 0x61, 0x62, 0x6c, 0x65, 0x0, 0x65, 0x78, 0x70, 0x6f, 0x73,
    0x65, 0x0, 0x65, 0x78, 0x70, 0x6f, 0x73, 0x75, 0x72, 0x65, 0x0, 0x65, 0x78, 0x70, 0x72, 0x65,
    0x73, 0x73, 0x0, 0x65, 0x78, 0x70, 0x75, 0x6c, 0x73, 0x69, 0x6f, 0x6e, 0x0, 0x65, 0x78, 0x71,
    0x75, 0x69, 0x73, 0x69, 0x74, 0x65, 0x0, 0x65, 0x78, 0x74, 0x65, 0x6e, 0x64, 0x65, 0x64, 0x0,
    0x65, 0x78, 0x74, 0x65, 0x6e, 0x64, 0x69, 0x6e, 0x67, 0x0, 0x65, 0x78, 0x74, 0x65, 0x6e, 0x74,
    0x0, 0x65, 0x78, 0x74, 0x65, 0x6e, 0x75, 0x61, 0x74, 0x65, 0x0, 0x65, 0x78, 0x74, 0x65, 0x72,
    0x69, 0x6f, 0x72, 0x0, 0x65, 0x78, 0x74, 0x65, 0x72, 0x6e, 0x61, 0x6c, 0x0, 0x65, 0x78, 0x74,
    0x69, 0x6e, 0x63, 0x74, 0x0, 0x65, 0x78, 0x74, 0x6f, 0x72, 0x74, 0x69, 0x6f, 0x6e, 0x0, 0x65,
    0x78, 0x74, 0x72, 0x61, 0x64, 0x69, 0x74, 0x65, 0x0, 0x65, 0x78, 0x74, 0x72, 0x61, 0x73, 0x0,
    0x65, 0x78, 0x74, 0x72, 0x6f, 0x76, 0x65, 0x72, 0x74, 0x0, 0x65, 0x78, 0x74, 0x72, 0x75, 0x64,
    0x65, 0x0, 0x65, 0x78, 0x74, 0x72, 0x75, 0x64, 0x69, 0x6e, 0x67, 0x0, 0x65, 0x78, 0x75, 0x62,
    0x65, 0x72, 0x61, 0x6e, 0x74, 0x0, 0x66, 0x61, 0x62, 0x6c, 0x65, 0x0, 0x66, 0x61, 0x62, 0x72,
    0x69, 0x63, 0x0, 0x66, 0x61, 0x62, 0x75, 0x6c, 0x6f, 0x75, 0x73, 0x0, 0x66, 0x61, 0x63, 0x65,
    0x62, 0x6f, 0x6f, 0x6b, 0x0, 0x66, 0x61, 0x63, 0x65, 0x63, 0x6c, 0x6f, 0x74, 0x68, 0x0, 0x66,
    0x61, 0x63, 0x65, 0x64, 0x6f, 0x77, 0x6e, 0x0, 0x66, 0x61, 0x63, 0x65, 0x6c, 0x65, 0x73, 0x73,
    0x0, 0x66, 0x61, 0x63, 0x65, 0x6c, 0x69, 0x66, 0x74, 0x0, 0x66, 0x61, 0x63, 0x65, 0x70, 0x6c,
    0x61, 0x74, 0x65, 0x0, 0x66, 0x61, 0x63, 0x65, 0x74, 0x65, 0x64, 0x0, 0x66, 0x61, 0x63, 0x69,
    0x61, 0x6c, 0x0, 0x66, 0x61, 0x63, 0x69, 0x6c, 0x69, 0x74, 0x79, 0x0, 0x66, 0x61, 0x63, 0x69,
    0x6e, 0x67, 0x0, 0x66, 0x61, 0x63, 0x73, 0x69, 0x6d, 0x69, 0x6c, 0x65, 0x0, 0x66, 0x61, 0x63,
    0x74, 0x69, 0x6f, 0x6e, 0x0, 0x66, 0x61, 0x63, 0x74, 0x6f, 0x69, 0x64, 0x0, 0x66, 0x61, 0x63,
    0x74, 0x6f, 0x72, 0x0, 0x66, 0x61, 0x63, 0x74, 0x73, 0x68, 0x65, 0x65, 0x74, 0x0, 0x66, 0x61,
    0x63, 0x74, 0x75, 0x61, 0x6c, 0x0, 0x66, 0x61, 0x63, 0x75, 0x6c, 0x74, 0x79, 0x0, 0x66, 0x61,
    0x64, 0x65, 0x0, 0x66, 0x61, 0x64, 0x69, 0x6e, 0x67, 0x0, 0x66, 0x61, 0x69, 0x6c, 0x69, 0x6e,
    0x67, 0x0, 0x66, 0x61, 0x6c, 0x63, 0x6f, 0x6e, 0x0, 0x66, 0x61, 0x6c, 0x6c, 0x0, 0x66, 0x61,
    0x6c, 0x73, 0x65, 0x0, 0x66, 0x61, 0x6c, 0x73, 0x69, 0x66, 0x79, 0x0, 0x66, 0x61, 0x6d, 0x65,
    0x0, 0x66, 0x61, 0x6d, 0x69, 0x6c, 0x69, 0x61, 0x72, 0x0, 0x66, 0x61, 0x6d, 0x69, 0x6c, 0x79,
    0x0, 0x66, 0x61, 0x6d, 0x69, 0x6e, 0x65, 0x0, 0x66, 0x61, 0x6d, 0x69, 0x73, 0x68, 0x65, 0x64,
    0x0, 0x66, 0x61, 0x6e, 0x61, 0x74, 0x69, 0x63, 0x0, 0x66, 0x61, 0x6e, 0x63, 0x69, 0x65, 0x64,
    0x0, 0x66, 0x61, 0x6e, 0x63, 0x69, 0x6e, 0x65, 0x73, 0x73, 0x0, 0x66, 0x61, 0x6e, 0x63, 0x79,
    0x0, 0x66, 0x61, 0x6e, 0x66, 0x61, 0x72, 0x65, 0x0, 0x66, 0x61, 0x6e, 0x67, 0x0, 0x66, 0x61,
    0x6e, 0x6e, 0x69, 0x6e, 0x67, 0x0, 0x66, 0x61, 0x6e, 0x74, 0x61, 0x73, 0x69, 0x7a, 0x65, 0x0,
    0x66, 0x61, 0x6e, 0x74, 0x61, 0x73, 0x74, 0x69, 0x63, 0x0, 0x66, 0x61, 0x6e, 0x74, 0x61, 0x73,
    0x79, 0x0, 0x66, 0x61, 0x73, 0x63, 0x69, 0x73, 0x6d, 0x0, 0x66, 0x61, 0x73, 0x74, 0x62, 0x61,
    0x6c, 0x6c, 0x0, 0x66, 0x61, 0x73, 0x74, 0x65, 0x72, 0x0, 0x66, 0x61, 0x73, 0x74, 0x69, 0x6e,
    0x67, 0x0, 0x66, 0x61, 0x73, 0x74, 0x6e, 0x65, 0x73, 0x73, 0x0, 0x66, 0x61, 0x75, 0x63, 0x65,
    0x74, 0x0, 0x66, 0x61, 0x76, 0x6f, 0x72, 0x61, 0x62, 0x6c, 0x65, 0x0, 0x66, 0x61, 0x76, 0x6f,
    0x72, 0x61, 0x62, 0x6c, 0x79, 0x0, 0x66, 0x61, 0x76, 0x6f, 0x72, 0x65, 0x64, 0x0, 0x66, 0x61,
    0x76, 0x6f, 0x72, 0x69, 0x6e, 0x67, 0x0, 0x66, 0x61, 0x76, 0x6f, 0x72, 0x69, 0x74, 0x65, 0x0,
    0x66, 0x61, 0x78, 0x0, 0x66, 0x65, 0x61, 0x73, 0x74, 0x0, 0x66, 0x65, 0x64, 0x65, 0x72, 0x61,
    0x6c, 0x0, 0x66, 0x65, 0x64, 0x6f, 0x72, 0x61, 0x0, 0x66, 0x65, 0x65, 0x62, 0x6c, 0x65, 0x0,
    0x66, 0x65, 0x65, 0x64, 0x0, 0x66, 0x65, 0x65, 0x6c, 0x0, 0x66, 0x65, 0x69, 0x73, 0x74, 0x79,
    0x0, 0x66, 0x65, 0x6c, 0x69, 0x6e, 0x65, 0x0, 0x66, 0x65, 0x6c, 0x74, 0x2d, 0x74, 0x69, 0x70,
    0x0, 0x66, 0x65, 0x6d, 0x69, 0x6e, 0x69, 0x6e, 0x65, 0x0, 0x66, 0x65, 0x6d, 0x69, 0x6e, 0x69,
    0x73, 0x6d, 0x0, 0x66, 0x65, 0x6d, 0x69, 0x6e, 0x69, 0x73, 0x74, 0x0, 0x66, 0x65, 0x6d, 0x69,
    0x6e, 0x69, 0x7a, 0x65, 0x0, 0x66, 0x65, 0x6d, 0x75, 0x72, 0x0, 0x66, 0x65, 0x6e, 0x63, 0x65,
    0x0, 0x66, 0x65, 0x6e, 0x63, 0x69, 0x6e, 0x67, 0x0, 0x66, 0x65, 0x6e, 0x64, 0x65, 0x72, 0x0,
    0x66, 0x65, 0x72, 0x6d, 0x65, 0x6e, 0x74, 0x0, 0x66, 0x65, 0x72, 0x6e, 0x6c, 0x69, 0x6b, 0x65,
    0x0, 0x66, 0x65, 0x72, 0x6f, 0x63, 0x69, 0x6f, 0x75, 0x73, 0x0, 0x66, 0x65, 0x72, 0x6f, 0x63,
    0x69, 0x74, 0x79, 0x0, 0x66, 0x65, 0x72, 0x72, 0x65, 0x74, 0x0, 0x66, 0x65, 0x72, 0x72, 0x69,
    0x73, 0x0, 0x66, 0x65, 0x72, 0x72, 0x79, 0x0, 0x66, 0x65, 0x72, 0x76, 0x6f, 0x72, 0x0, 0x66,
    0x65, 0x73, 0x74, 0x65, 0x72, 0x0, 0x66, 0x65, 0x73, 0x74, 0x69, 0x76, 0x61, 0x6c, 0x0, 0x66,
    0x65, 0x73, 0x74, 0x69, 0x76, 0x65, 0x0, 0x66, 0x65, 0x73, 0x74, 0x69, 0x76, 0x69, 0x74, 0x79,
    0x0, 0x66, 0x65, 0x74, 0x61, 0x6c, 0x0, 0x66, 0x65, 0x74, 0x63, 0x68, 0x0, 0x66, 0x65, 0x76,
    0x65, 0x72, 0x0, 0x66, 0x69, 0x62, 0x65, 0x72, 0x0, 0x66, 0x69, 0x63, 0x74, 0x69, 0x6f, 0x6e,
    0x0, 0x66, 0x69, 0x64, 0x64, 0x6c, 0x65, 0x0, 0x66, 0x69, 0x64, 0x64, 0x6c, 0x69, 0x6e, 0x67,
    0x0, 0x66, 0x69, 0x64, 0x65, 0x6c, 0x69, 0x74, 0x79, 0x0, 0x66, 0x69, 0x64, 0x67, 0x65, 0x74,
    0x69, 0x6e, 0x67, 0x0, 0x66, 0x69, 0x64, 0x67, 0x65, 0x74, 0x79, 0x0, 0x66, 0x69, 0x66, 0x74,
    0x65, 0x65, 0x6e, 0x0, 0x66, 0x69, 0x66, 0x74, 0x68, 0x0, 0x66, 0x69, 0x66, 0x74, 0x69, 0x65,
    0x74, 0x68, 0x0, 0x66, 0x69, 0x66, 0x74, 0x79, 0x0, 0x66, 0x69, 0x67, 0x6d, 0x65, 0x6e, 0x74,
    0x0, 0x66, 0x69, 0x67, 0x75, 0x72, 0x65, 0x0, 0x66, 0x69, 0x67, 0x75, 0x72, 0x69, 0x6e, 0x65,
    0x0, 0x66, 0x69, 0x6c, 0x69, 0x6e, 0x67, 0x0, 0x66, 0x69, 0x6c, 0x6c, 0x65, 0x64, 0x0, 0x66,
    0x69, 0x6c, 0x6c, 0x65, 0x72, 0x0, 0x66, 0x69, 0x6c, 0x6c, 0x69, 0x6e, 0x67, 0x0, 0x66, 0x69,
    0x6c, 0x6d, 0x0, 0x66, 0x69, 0x6c, 0x74, 0x65, 0x72, 0x0, 0x66, 0x69, 0x6c, 0x74, 0x68, 0x0,
    0x66, 0x69, 0x6c, 0x74, 0x72, 0x61, 0x74, 0x65, 0x0, 0x66, 0x69, 0x6e, 0x61, 0x6c, 0x65, 0x0,
    0x66, 0x69, 0x6e, 0x61, 0x6c, 0x69, 0x73, 0x74, 0x0, 0x66, 0x69, 0x6e, 0x61, 0x6c, 0x69, 0x7a,
    0x65, 0x0, 0x66, 0x69, 0x6e, 0x61, 0x6c, 0x6c, 0x79, 0x0, 0x66, 0x69, 0x6e, 0x61, 0x6e, 0x63,
    0x65, 0x0, 0x66, 0x69, 0x6e, 0x61, 0x6e, 0x63, 0x69, 0x61, 0x6c, 0x0, 0x66, 0x69, 0x6e, 0x63,
    0x68, 0x0, 0x66, 0x69, 0x6e, 0x65, 0x6e, 0x65, 0x73, 0x73, 0x0, 0x66, 0x69, 0x6e, 0x65, 0x72,
    0x0, 0x66, 0x69, 0x6e, 0x69, 0x63, 0x6b, 0x79, 0x0, 0x66, 0x69, 0x6e, 0x69, 0x73, 0x68, 0x65,
    0x64, 0x0, 0x66, 0x69, 0x6e, 0x69, 0x73, 0x68, 0x65, 0x72, 0x0, 0x66, 0x69, 0x6e, 0x69, 0x73,
    0x68, 0x69, 0x6e, 0x67, 0x0, 0x66, 0x69, 0x6e, 0x69, 0x74, 0x65, 0x0, 0x66, 0x69, 0x6e, 0x6c,
    0x65, 0x73, 0x73, 0x0, 0x66, 0x69, 0x6e, 0x6c, 0x69, 0x6b, 0x65, 0x0, 0x66, 0x69, 0x73, 0x63,
    0x61, 0x6c, 0x6c, 0x79, 0x0, 0x66, 0x69, 0x74, 0x0, 0x66, 0x69, 0x76, 0x65, 0x0, 0x66, 0x6c,
    0x61, 0x63, 0x63, 0x69, 0x64, 0x0, 0x66, 0x6c, 0x61, 0x67, 0x6d, 0x61, 0x6e, 0x0, 0x66, 0x6c,
    0x61, 0x67, 0x70, 0x6f, 0x6c, 0x65, 0x0, 0x66, 0x6c, 0x61, 0x67, 0x73, 0x68, 0x69, 0x70, 0x0,
    0x66, 0x6c, 0x61, 0x67, 0x73, 0x74, 0x69, 0x63, 0x6b, 0x0, 0x66, 0x6c, 0x61, 0x67, 0x73, 0x74,
    0x6f, 0x6e, 0x65, 0x0, 0x66, 0x6c, 0x61, 0x69, 0x6c, 0x0, 0x66, 0x6c, 0x61, 0x6b, 0x69, 0x6c,
    0x79, 0x0, 0x66, 0x6c, 0x61, 0x6b, 0x79, 0x0, 0x66, 0x6c, 0x61, 0x6d, 0x65, 0x0, 0x66, 0x6c,
    0x61, 0x6d, 0x6d, 0x61, 0x62, 0x6c, 0x65, 0x0, 0x66, 0x6c, 0x61, 0x6e, 0x6b, 0x65, 0x64, 0x0,
    0x66, 0x6c, 0x61, 0x6e, 0x6b, 0x69, 0x6e, 0x67, 0x0, 0x66, 0x6c, 0x61, 0x6e, 0x6e, 0x65, 0x6c,
    0x73, 0x0, 0x66, 0x6c, 0x61, 0x70, 0x0, 0x66, 0x6c, 0x61, 0x72, 0x69, 0x6e, 0x67, 0x0, 0x66,
    0x6c, 0x61, 0x73, 0x68, 0x62, 0x61, 0x63, 0x6b, 0x0, 0x66, 0x6c, 0x61, 0x73, 0x68, 0x62, 0x75,
    0x6c, 0x62, 0x0, 0x66, 0x6c, 0x61, 0x73, 0x68, 0x63, 0x61, 0x72, 0x64, 0x0, 0x66, 0x6c, 0x61,
    0x73, 0x68, 0x69, 0x6c, 0x79, 0x0, 0x66, 0x6c, 0x61, 0x73, 0x68, 0x69, 0x6e, 0x67, 0x0, 0x66,
    0x6c, 0x61, 0x73, 0x68, 0x79, 0x0, 0x66, 0x6c, 0x61, 0x73, 0x6b, 0x0, 0x66, 0x6c, 0x61, 0x74,
    0x62, 0x65, 0x64, 0x0, 0x66, 0x6c, 0x61, 0x74, 0x66, 0x6f, 0x6f, 0x74, 0x0, 0x66, 0x6c, 0x61,
    0x74, 0x6c, 0x79, 0x0, 0x66, 0x6c, 0x61, 0x74, 0x6e, 0x65, 0x73, 0x73, 0x0, 0x66, 0x6c, 0x61,
    0x74, 0x74, 0x65, 0x6e, 0x0, 0x66, 0x6c, 0x61, 0x74, 0x74, 0x65, 0x72, 0x65, 0x64, 0x0, 0x66,
    0x6c, 0x61, 0x74, 0x74, 0x65, 0x72, 0x65, 0x72, 0x0, 0x66, 0x6c, 0x61, 0x74, 0x74, 0x65, 0x72,
    0x79, 0x0, 0x66, 0x6c, 0x61, 0x74, 0x74, 0x6f, 0x70, 0x0, 0x66, 0x6c, 0x61, 0x74, 0x77, 0x61,
    0x72, 0x65, 0x0, 0x66, 0x6c, 0x61, 0x74, 0x77, 0x6f, 0x72, 0x6d, 0x0, 0x66, 0x6c, 0x61, 0x76,
    0x6f, 0x72, 0x65, 0x64, 0x0, 0x66, 0x6c, 0x61, 0x76, 0x6f, 0x72, 0x66, 0x75, 0x6c, 0x0, 0x66,
    0x6c, 0x61, 0x76, 0x6f, 0x72, 0x69, 0x6e, 0x67, 0x0, 0x66, 0x6c, 0x61, 0x78, 0x73, 0x65, 0x65,
    0x64, 0x0, 0x66, 0x6c, 0x65, 0x64, 0x0, 0x66, 0x6c, 0x65, 0x73, 0x68, 0x65, 0x64, 0x0, 0x66,
    0x6c, 0x65, 0x73, 0x68, 0x79, 0x0, 0x66, 0x6c, 0x69, 0x63, 0x6b, 0x0, 0x66, 0x6c, 0x69, 0x65,
    0x72, 0x0, 0x66, 0x6c, 0x69, 0x67, 0x68, 0x74, 0x0, 0x66, 0x6c, 0x69, 0x6e, 0x63, 0x68, 0x0,
    0x66, 0x6c, 0x69, 0x6e, 0x67, 0x0, 0x66, 0x6c, 0x69, 0x6e, 0x74, 0x0, 0x66, 0x6c, 0x69, 0x70,
    0x0, 0x66, 0x6c, 0x69, 0x72, 0x74, 0x0, 0x66, 0x6c, 0x6f, 0x61, 0x74, 0x0, 0x66, 0x6c, 0x6f,
    0x63, 0x6b, 0x0, 0x66, 0x6c, 0x6f, 0x67, 0x67, 0x69, 0x6e, 0x67, 0x0, 0x66, 0x6c, 0x6f, 0x70,
    0x0, 0x66, 0x6c, 0x6f, 0x72, 0x61, 0x6c, 0x0, 0x66, 0x6c, 0x6f, 0x72, 0x69, 0x73, 0x74, 0x0,
    0x66, 0x6c, 0x6f, 0x73, 0x73, 0x0, 0x66, 0x6c, 0x6f, 0x75, 0x6e, 0x64, 0x65, 0x72, 0x0, 0x66,
    0x6c, 0x79, 0x61, 0x62, 0x6c, 0x65, 0x0, 0x66, 0x6c, 0x79, 0x61, 0x77, 0x61, 0x79, 0x0, 0x66,
    0x6c, 0x79, 0x65, 0x72, 0x0, 0x66, 0x6c, 0x79, 0x69, 0x6e, 0x67, 0x0, 0x66, 0x6c, 0x79, 0x6f,
    0x76, 0x65, 0x72, 0x0, 0x66, 0x6c, 0x79, 0x70, 0x61, 0x70, 0x65, 0x72, 0x0, 0x66, 0x6f, 0x61,
    0x6d, 0x0, 0x66, 0x6f, 0x65, 0x0, 0x66, 0x6f, 0x67, 0x0, 0x66, 0x6f, 0x69, 0x6c, 0x0, 0x66,
    0x6f, 0x6c, 0x69, 0x63, 0x0, 0x66, 0x6f, 0x6c, 0x6b, 0x0, 0x66, 0x6f, 0x6c, 0x6c, 0x69, 0x63,
    0x6c, 0x65, 0x0, 0x66, 0x6f, 0x6c, 0x6c, 0x6f, 0x77, 0x0, 0x66, 0x6f, 0x6e, 0x64, 0x6c, 0x69,
    0x6e, 0x67, 0x0, 0x66, 0x6f, 0x6e, 0x64, 0x6c, 0x79, 0x0, 0x66, 0x6f, 0x6e, 0x64, 0x6e, 0x65,
    0x73, 0x73, 0x0, 0x66, 0x6f, 0x6e, 0x64, 0x75, 0x65, 0x0, 0x66, 0x6f, 0x6e, 0x74, 0x0, 0x66,
    0x6f, 0x6f, 0x64, 0x0, 0x66, 0x6f, 0x6f, 0x6c, 0x0, 0x66, 0x6f, 0x6f, 0x74, 0x61, 0x67, 0x65,
    0x0, 0x66, 0x6f, 0x6f, 0x74, 0x62, 0x61, 0x6c, 0x6c, 0x0, 0x66, 0x6f, 0x6f, 0x74, 0x62, 0x61,
    0x74, 0x68, 0x0, 0x66, 0x6f, 0x6f, 0x74, 0x62, 0x6f, 0x61, 0x72, 0x64, 0x0, 0x66, 0x6f, 0x6f,
    0x74, 0x65, 0x72, 0x0, 0x66, 0x6f, 0x6f, 0x74, 0x67, 0x65, 0x61, 0x72, 0x0, 0x66, 0x6f, 0x6f,
    0x74, 0x68, 0x69, 0x6c, 0x6c, 0x0, 0x66, 0x6f, 0x6f, 0x74, 0x68, 0x6f, 0x6c, 0x64, 0x0, 0x66,
    0x6f, 0x6f, 0x74, 0x69, 0x6e, 0x67, 0x0, 0x66, 0x6f, 0x6f, 0x74, 0x6c, 0x65, 0x73, 0x73, 0x0,
    0x66, 0x6f, 0x6f, 0x74, 0x6d, 0x61, 0x6e, 0x0, 0x66, 0x6f, 0x6f, 0x74, 0x6e, 0x6f, 0x74, 0x65,
    0x0, 0x66, 0x6f, 0x6f, 0x74, 0x70, 0x61, 0x64, 0x0, 0x66, 0x6f, 0x6f, 0x74, 0x70, 0x61, 0x74,
    0x68, 0x0, 0x66, 0x6f, 0x6f, 0x74, 0x70, 0x72, 0x69, 0x6e, 0x74, 0x0, 0x66, 0x6f, 0x6f, 0x74,
    0x72, 0x65, 0x73, 0x74, 0x0, 0x66, 0x6f, 0x6f, 0x74, 0x73, 0x69, 0x65, 0x0, 0x66, 0x6f, 0x6f,
    0x74, 0x73, 0x6f, 0x72, 0x65, 0x0, 0x66, 0x6f, 0x6f, 0x74, 0x77, 0x65, 0x61, 0x72, 0x0, 0x66,
    0x6f, 0x6f, 0x74, 0x77, 0x6f, 0x72, 0x6b, 0x0, 0x66, 0x6f, 0x73, 0x73, 0x69, 0x6c, 0x0, 0x66,
    0x6f, 0x73, 0x74, 0x65, 0x72, 0x0, 0x66, 0x6f, 0x75, 0x6e, 0x64, 0x65, 0x72, 0x0, 0x66, 0x6f,
    0x75, 0x6e, 0x64, 0x69, 0x6e, 0x67, 0x0, 0x66, 0x6f, 0x75, 0x6e, 0x74, 0x61, 0x69, 0x6e, 0x0,
    0x66, 0x6f, 0x78, 0x0, 0x66, 0x6f, 0x79, 0x65, 0x72, 0x0, 0x66, 0x72, 0x61, 0x63, 0x74, 0x69,
    0x6f, 0x6e, 0x0, 0x66, 0x72, 0x61, 0x63, 0x74, 0x75, 0x72, 0x65, 0x0, 0x66, 0x72, 0x61, 0x67,
    0x69, 0x6c, 0x65, 0x0, 0x66, 0x72, 0x61, 0x67, 0x69, 0x6c, 0x69, 0x74, 0x79, 0x0, 0x66, 0x72,
    0x61, 0x67, 0x6d, 0x65, 0x6e, 0x74, 0x0, 0x66, 0x72, 0x61, 0x67, 0x72, 0x61, 0x6e, 0x63, 0x65,
    0x0, 0x66, 0x72, 0x61, 0x67, 0x72, 0x61, 0x6e, 0x74, 0x0, 0x66, 0x72, 0x61, 0x69, 0x6c, 0x0,
    0x66, 0x72, 0x61, 0x6d, 0x65, 0x0, 0x66, 0x72, 0x61, 0x6d, 0x69, 0x6e, 0x67, 0x0, 0x66, 0x72,
    0x61, 0x6e, 0x74, 0x69, 0x63, 0x0, 0x66, 0x72, 0x61, 0x74, 0x65, 0x72, 0x6e, 0x61, 0x6c, 0x0,
    0x66, 0x72, 0x61, 0x79, 0x65, 0x64, 0x0, 0x66, 0x72, 0x61, 0x79, 0x69, 0x6e, 0x67, 0x0, 0x66,
    0x72, 0x61, 0x79, 0x73, 0x0, 0x66, 0x72, 0x65, 0x63, 0x6b, 0x6c, 0x65, 0x64, 0x0, 0x66, 0x72,
    0x65, 0x63, 0x6b, 0x6c, 0x65, 0x73, 0x0, 0x66, 0x72, 0x65, 0x65, 0x62, 0x61, 0x73, 0x65, 0x0,
    0x66, 0x72, 0x65, 0x65, 0x62, 0x65, 0x65, 0x0, 0x66, 0x72, 0x65, 0x65, 0x62, 0x69, 0x65, 0x0,
    0x66, 0x72, 0x65, 0x65, 0x64, 0x6f, 0x6d, 0x0, 0x66, 0x72, 0x65, 0x65, 0x66, 0x61, 0x6c, 0x6c,
    0x0, 0x66, 0x72, 0x65, 0x65, 0x68, 0x61, 0x6e, 0x64, 0x0, 0x66, 0x72, 0x65, 0x65, 0x69, 0x6e,
    0x67, 0x0, 0x66, 0x72, 0x65, 0x65, 0x6c, 0x6f, 0x61, 0x64, 0x0, 0x66, 0x72, 0x65, 0x65, 0x6c,
    0x79, 0x0, 0x66, 0x72, 0x65, 0x65, 0x6d, 0x61, 0x73, 0x6f, 0x6e, 0x0, 0x66, 0x72, 0x65, 0x65,
    0x6e, 0x65, 0x73, 0x73, 0x0, 0x66, 0x72, 0x65, 0x65, 0x73, 0x74, 0x79, 0x6c, 0x65, 0x0, 0x66,
    0x72, 0x65, 0x65, 0x77, 0x61, 0x72, 0x65, 0x0, 0x66, 0x72, 0x65, 0x65, 0x77, 0x61, 0x79, 0x0,
    0x66, 0x72, 0x65, 0x65, 0x77, 0x69, 0x6c, 0x6c, 0x0, 0x66, 0x72, 0x65, 0x65, 0x7a, 0x61, 0x62,
    0x6c, 0x65, 0x0, 0x66, 0x72, 0x65, 0x65, 0x7a, 0x69, 0x6e, 0x67, 0x0, 0x66, 0x72, 0x65, 0x69,
    0x67, 0x68, 0x74, 0x0, 0x66, 0x72, 0x65, 0x6e, 0x63, 0x68, 0x0, 0x66, 0x72, 0x65, 0x6e, 0x7a,
    0x69, 0x65, 0x64, 0x0, 0x66, 0x72, 0x65, 0x6e, 0x7a, 0x79, 0x0, 0x66, 0x72, 0x65, 0x71, 0x75,
    0x65, 0x6e, 0x63, 0x79, 0x0, 0x66, 0x72, 0x65, 0x71, 0x75, 0x65, 0x6e, 0x74, 0x0, 0x66, 0x72,
    0x65, 0x73, 0x68, 0x0, 0x66, 0x72, 0x65, 0x74, 0x66, 0x75, 0x6c, 0x0, 0x66, 0x72, 0x65, 0x74,
    0x74, 0x65, 0x64, 0x0, 0x66, 0x72, 0x69, 0x63, 0x74, 0x69, 0x6f, 0x6e, 0x0, 0x66, 0x72, 0x69,
    0x64, 0x61, 0x79, 0x0, 0x66, 0x72, 0x69, 0x64, 0x67, 0x65, 0x0, 0x66, 0x72, 0x69, 0x65, 0x64,
    0x0, 0x66, 0x72, 0x69, 0x65, 0x6e, 0x64, 0x0, 0x66, 0x72, 0x69, 0x67, 0x68, 0x74, 0x65, 0x6e,
    0x0, 0x66, 0x72, 0x69, 0x67, 0x68, 0x74, 0x66, 0x75, 0x6c, 0x0, 0x66, 0x72, 0x69, 0x67, 0x69,
    0x64, 0x69, 0x74, 0x79, 0x0, 0x66, 0x72, 0x69, 0x67, 0x69, 0x64, 0x6c, 0x79, 0x0, 0x66, 0x72,
    0x69, 0x6c, 0x6c, 0x0, 0x66, 0x72, 0x69, 0x6e, 0x67, 0x65, 0x0, 0x66, 0x72, 0x69, 0x73, 0x62,
    0x65, 0x65, 0x0, 0x66, 0x72, 0x69, 0x73, 0x6b, 0x0, 0x66, 0x72, 0x69, 0x74, 0x74, 0x65, 0x72,
    0x0, 0x66, 0x72, 0x69, 0x76, 0x6f, 0x6c, 0x6f, 0x75, 0x73, 0x0, 0x66, 0x72, 0x6f, 0x6c, 0x69,
    0x63, 0x0, 0x66, 0x72, 0x6f, 0x6d, 0x0, 0x66, 0x72, 0x6f, 0x6e, 0x74, 0x0, 0x66, 0x72, 0x6f,
    0x73, 0x74, 0x62, 0x69, 0x74, 0x65, 0x0, 0x66, 0x72, 0x6f, 0x73, 0x74, 0x65, 0x64, 0x0, 0x66,
    0x72, 0x6f, 0x73, 0x74, 0x69, 0x6c, 0x79, 0x0, 0x66, 0x72, 0x6f, 0x73, 0x74, 0x69, 0x6e, 0x67,
    0x0, 0x66, 0x72, 0x6f, 0x73, 0x74, 0x6c, 0x69, 0x6b, 0x65, 0x0, 0x66, 0x72, 0x6f, 0x73, 0x74,
    0x79, 0x0, 0x66, 0x72, 0x6f, 0x74, 0x68, 0x0, 0x66, 0x72, 0x6f, 0x77, 0x6e, 0x0, 0x66, 0x72,
    0x6f, 0x7a, 0x65, 0x6e, 0x0, 0x66, 0x72, 0x75, 0x63, 0x74, 0x6f, 0x73, 0x65, 0x0, 0x66, 0x72,
    0x75, 0x67, 0x61, 0x6c, 0x69, 0x74, 0x79, 0x0, 0x66, 0x72, 0x75, 0x67, 0x61, 0x6c, 0x6c, 0x79,
    0x0, 0x66, 0x72, 0x75, 0x69, 0x74, 0x0, 0x66, 0x72, 0x75, 0x73, 0x74, 0x72, 0x61, 0x74, 0x65,
    0x0, 0x66, 0x72, 0x79, 0x69, 0x6e, 0x67, 0x0, 0x67, 0x61, 0x62, 0x0, 0x67, 0x61, 0x66, 0x66,
    0x65, 0x0, 0x67, 0x61, 0x67, 0x0, 0x67, 0x61, 0x69, 0x6e, 0x66, 0x75, 0x6c, 0x6c, 0x79, 0x0,
    0x67, 0x61, 0x69, 0x6e, 0x69, 0x6e, 0x67, 0x0, 0x67, 0x61, 0x69, 0x6e, 0x73, 0x0, 0x67, 0x61,
    0x6c, 0x61, 0x0, 0x67, 0x61, 0x6c, 0x6c, 0x61, 0x6e, 0x74, 0x6c, 0x79, 0x0, 0x67, 0x61, 0x6c,
    0x6c, 0x65, 0x72, 0x69, 0x61, 0x0, 0x67, 0x61, 0x6c, 0x6c, 0x65, 0x72, 0x79, 0x0, 0x67, 0x61,
    0x6c, 0x6c, 0x65, 0x79, 0x0, 0x67, 0x61, 0x6c, 0x6c, 0x6f, 0x6e, 0x0, 0x67, 0x61, 0x6c, 0x6c,
    0x6f, 0x77, 0x73, 0x0, 0x67, 0x61, 0x6c, 0x6c, 0x73, 0x74, 0x6f, 0x6e, 0x65, 0x0, 0x67, 0x61,
    0x6c, 0x6f, 0x72, 0x65, 0x0, 0x67, 0x61, 0x6c, 0x76, 0x61, 0x6e, 0x69, 0x7a, 0x65, 0x0, 0x67,
    0x61, 0x6d, 0x62, 0x6c, 0x69, 0x6e, 0x67, 0x0, 0x67, 0x61, 0x6d, 0x65, 0x0, 0x67, 0x61, 0x6d,
    0x69, 0x6e, 0x67, 0x0, 0x67, 0x61, 0x6d, 0x6d, 0x61, 0x0, 0x67, 0x61, 0x6e, 0x64, 0x65, 0x72,
    0x0, 0x67, 0x61, 0x6e, 0x67, 0x6c, 0x79, 0x0, 0x67, 0x61, 0x6e, 0x67, 0x72, 0x65, 0x6e, 0x65,
    0x0, 0x67, 0x61, 0x6e, 0x67, 0x77, 0x61, 0x79, 0x0, 0x67, 0x61, 0x70, 0x0, 0x67, 0x61, 0x72,
    0x61, 0x67, 0x65, 0x0, 0x67, 0x61, 0x72, 0x62, 0x61, 0x67, 0x65, 0x0, 0x67, 0x61, 0x72, 0x64,
    0x65, 0x6e, 0x0, 0x67, 0x61, 0x72, 0x67, 0x6c, 0x65, 0x0, 0x67, 0x61, 0x72, 0x6c, 0x61, 0x6e,
    0x64, 0x0, 0x67, 0x61, 0x72, 0x6c, 0x69, 0x63, 0x0, 0x67, 0x61, 0x72, 0x6d, 0x65, 0x6e, 0x74,
    0x0, 0x67, 0x61, 0x72, 0x6e, 0x65, 0x74, 0x0, 0x67, 0x61, 0x72, 0x6e, 0x69, 0x73, 0x68, 0x0,
    0x67, 0x61, 0x72, 0x74, 0x65, 0x72, 0x0, 0x67, 0x61, 0x73, 0x0, 0x67, 0x61, 0x74, 0x68, 0x65,
    0x72, 0x65, 0x72, 0x0, 0x67, 0x61, 0x74, 0x68, 0x65, 0x72, 0x69, 0x6e, 0x67, 0x0, 0x67, 0x61,
    0x74, 0x69, 0x6e, 0x67, 0x0, 0x67, 0x61, 0x75, 0x67, 0x69, 0x6e, 0x67, 0x0, 0x67, 0x61, 0x75,
    0x6e, 0x74, 0x6c, 0x65, 0x74, 0x0, 0x67, 0x61, 0x75, 0x7a, 0x65, 0x0, 0x67, 0x61, 0x76, 0x65,
    0x0, 0x67, 0x61, 0x77, 0x6b, 0x0, 0x67, 0x61, 0x7a, 0x69, 0x6e, 0x67, 0x0, 0x67, 0x65, 0x61,
    0x72, 0x0, 0x67, 0x65, 0x63, 0x6b, 0x6f, 0x0, 0x67, 0x65, 0x65, 0x6b, 0x0, 0x67, 0x65, 0x69,
    0x67, 0x65, 0x72, 0x0, 0x67, 0x65, 0x6d, 0x0, 0x67, 0x65, 0x6e, 0x64, 0x65, 0x72, 0x0, 0x67,
    0x65, 0x6e, 0x65, 0x72, 0x69, 0x63, 0x0, 0x67, 0x65, 0x6e, 0x65, 0x72, 0x6f, 0x75, 0x73, 0x0,
    0x67, 0x65, 0x6e, 0x65, 0x74, 0x69, 0x63, 0x73, 0x0, 0x67, 0x65, 0x6e, 0x72, 0x65, 0x0, 0x67,
    0x65, 0x6e, 0x74, 0x69, 0x6c, 0x65, 0x0, 0x67, 0x65, 0x6e, 0x74, 0x6c, 0x65, 0x6d, 0x61, 0x6e,
    0x0, 0x67, 0x65, 0x6e, 0x74, 0x6c, 0x79, 0x0, 0x67, 0x65, 0x6e, 0x74, 0x73, 0x0, 0x67, 0x65,
    0x6f, 0x67, 0x72, 0x61, 0x70, 0x68, 0x79, 0x0, 0x67, 0x65, 0x6f, 0x6c, 0x6f, 0x67, 0x69, 0x63,
    0x0, 0x67, 0x65, 0x6f, 0x6c, 0x6f, 0x67, 0x69, 0x73, 0x74, 0x0, 0x67, 0x65, 0x6f, 0x6c, 0x6f,
    0x67, 0x79, 0x0, 0x67, 0x65, 0x6f, 0x6d, 0x65, 0x74, 0x72, 0x69, 0x63, 0x0, 0x67, 0x65, 0x6f,
    0x6d, 0x65, 0x74, 0x72, 0x79, 0x0, 0x67, 0x65, 0x72, 0x61, 0x6e, 0x69, 0x75, 0x6d, 0x0, 0x67,
    0x65, 0x72, 0x62, 0x69, 0x6c, 0x0, 0x67, 0x65, 0x72, 0x69, 0x61, 0x74, 0x72, 0x69, 0x63, 0x0,
    0x67, 0x65, 0x72, 0x6d, 0x69, 0x63, 0x69, 0x64, 0x65, 0x0, 0x67, 0x65, 0x72, 0x6d, 0x69, 0x6e,
    0x61, 0x74, 0x65, 0x0, 0x67, 0x65, 0x72, 0x6d, 0x6c, 0x65, 0x73, 0x73, 0x0, 0x67, 0x65, 0x72,
    0x6d, 0x70, 0x72, 0x6f, 0x6f, 0x66, 0x0, 0x67, 0x65, 0x73, 0x74, 0x61, 0x74, 0x65, 0x0, 0x67,
    0x65, 0x73, 0x74, 0x61, 0x74, 0x69, 0x6f, 0x6e, 0x0, 0x67, 0x65, 0x73, 0x74, 0x75, 0x72, 0x65,
    0x0, 0x67, 0x65, 0x74, 0x61, 0x77, 0x61, 0x79, 0x0, 0x67, 0x65, 0x74, 0x74, 0x69, 0x6e, 0x67,
    0x0, 0x67, 0x65, 0x74, 0x75, 0x70, 0x0, 0x67, 0x69, 0x61, 0x6e, 0x74, 0x0, 0x67, 0x69, 0x62,
    0x62, 0x65, 0x72, 0x69, 0x73, 0x68, 0x0, 0x67, 0x69, 0x62, 0x6c, 0x65, 0x74, 0x0, 0x67, 0x69,
    0x64, 0x64, 0x69, 0x6c, 0x79, 0x0, 0x67, 0x69, 0x64, 0x64, 0x69, 0x6e, 0x65, 0x73, 0x73, 0x0,
    0x67, 0x69, 0x64, 0x64, 0x79, 0x0, 0x67, 0x69, 0x66, 0x74, 0x0, 0x67, 0x69, 0x67, 0x61, 0x62,
    0x79, 0x74, 0x65, 0x0, 0x67, 0x69, 0x67, 0x61, 0x68, 0x65, 0x72, 0x74, 0x7a, 0x0, 0x67, 0x69,
    0x67, 0x61, 0x6e, 0x74, 0x69, 0x63, 0x0, 0x67, 0x69, 0x67, 0x67, 0x6c, 0x65, 0x0, 0x67, 0x69,
    0x67, 0x67, 0x6c, 0x69, 0x6e, 0x67, 0x0, 0x67, 0x69, 0x67, 0x67, 0x6c, 0x79, 0x0, 0x67, 0x69,
    0x67, 0x6f, 0x6c, 0x6f, 0x0, 0x67, 0x69, 0x6c, 0x6c, 0x65, 0x64, 0x0, 0x67, 0x69, 0x6c, 0x6c,
    0x73, 0x0, 0x67, 0x69, 0x6d, 0x6d, 0x69, 0x63, 0x6b, 0x0, 0x67, 0x69, 0x72, 0x64, 0x6c, 0x65,
    0x0, 0x67, 0x69, 0x76, 0x65, 0x61, 0x77, 0x61, 0x79, 0x0, 0x67, 0x69, 0x76, 0x65, 0x6e, 0x0,
    0x67, 0x69, 0x76, 0x65, 0x72, 0x0, 0x67, 0x69, 0x76, 0x69, 0x6e, 0x67, 0x0, 0x67, 0x69, 0x7a,
    0x6d, 0x6f, 0x0, 0x67, 0x69, 0x7a, 0x7a, 0x61, 0x72, 0x64, 0x0, 0x67, 0x6c, 0x61, 0x63, 0x69,
    0x61, 0x6c, 0x0, 0x67, 0x6c, 0x61, 0x63, 0x69, 0x65, 0x72, 0x0, 0x67, 0x6c, 0x61, 0x64, 0x65,
    0x0, 0x67, 0x6c, 0x61, 0x64, 0x69, 0x61, 0x74, 0x6f, 0x72, 0x0, 0x67, 0x6c, 0x61, 0x64, 0x6c,
    0x79, 0x0, 0x67, 0x6c, 0x61, 0x6d, 0x6f, 0x72, 0x6f, 0x75, 0x73, 0x0, 0x67, 0x6c, 0x61, 0x6d,
    0x6f, 0x75, 0x72, 0x0, 0x67, 0x6c, 0x61, 0x6e, 0x63, 0x65, 0x0, 0x67, 0x6c, 0x61, 0x6e, 0x63,
    0x69, 0x6e, 0x67, 0x0, 0x67, 0x6c, 0x61, 0x6e, 0x64, 0x75, 0x6c, 0x61, 0x72, 0x0, 0x67, 0x6c,
    0x61, 0x72, 0x65, 0x0, 0x67, 0x6c, 0x61, 0x72, 0x69, 0x6e, 0x67, 0x0, 0x67, 0x6c, 0x61, 0x73,
    0x73, 0x0, 0x67, 0x6c, 0x61, 0x75, 0x63, 0x6f, 0x6d, 0x61, 0x0, 0x67, 0x6c, 0x61, 0x7a, 0x69,
    0x6e, 0x67, 0x0, 0x67, 0x6c, 0x65, 0x61, 0x6d, 0x69, 0x6e, 0x67, 0x0, 0x67, 0x6c, 0x65, 0x65,
    0x66, 0x75, 0x6c, 0x0, 0x67, 0x6c, 0x69, 0x64, 0x65, 0x72, 0x0, 0x67, 0x6c, 0x69, 0x64, 0x69,
    0x6e, 0x67, 0x0, 0x67, 0x6c, 0x69, 0x6d, 0x6d, 0x65, 0x72, 0x0, 0x67, 0x6c, 0x69, 0x6d, 0x70,
    0x73, 0x65, 0x0, 0x67, 0x6c, 0x69, 0x73, 0x74, 0x65, 0x6e, 0x0, 0x67, 0x6c, 0x69, 0x74, 0x63,
    0x68, 0x0, 0x67, 0x6c, 0x69, 0x74, 0x74, 0x65, 0x72, 0x0, 0x67, 0x6c, 0x69, 0x74, 0x7a, 0x79,
    0x0, 0x67, 0x6c, 0x6f, 0x61, 0x74, 0x65, 0x72, 0x0, 0x67, 0x6c, 0x6f, 0x61, 0x74, 0x69, 0x6e,
    0x67, 0x0, 0x67, 0x6c, 0x6f, 0x6f, 0x6d, 0x69, 0x6c, 0x79, 0x0, 0x67, 0x6c, 0x6f, 0x6f, 0x6d,
    0x79, 0x0, 0x67, 0x6c, 0x6f, 0x72, 0x69, 0x66, 0x69, 0x65, 0x64, 0x0, 0x67, 0x6c, 0x6f, 0x72,
    0x69, 0x66, 0x69, 0x65, 0x72, 0x0, 0x67, 0x6c, 0x6f, 0x72, 0x69, 0x66, 0x79, 0x0, 0x67, 0x6c,
    0x6f, 0x72, 0x69, 0x6f, 0x75, 0x73, 0x0, 0x67, 0x6c, 0x6f, 0x72, 0x79, 0x0, 0x67, 0x6c, 0x6f,
    0x73, 0x73, 0x0, 0x67, 0x6c, 0x6f, 0x76, 0x65, 0x0, 0x67, 0x6c, 0x6f, 0x77, 0x69, 0x6e, 0x67,
    0x0, 0x67, 0x6c, 0x6f, 0x77, 0x77, 0x6f, 0x72, 0x6d, 0x0, 0x67, 0x6c, 0x75, 0x63, 0x6f, 0x73,
    0x65, 0x0, 0x67, 0x6c, 0x75, 0x65, 0x0, 0x67, 0x6c, 0x75, 0x74, 0x65, 0x6e, 0x0, 0x67, 0x6c,
    0x75, 0x74, 0x69, 0x6e, 0x6f, 0x75, 0x73, 0x0, 0x67, 0x6c, 0x75, 0x74, 0x74, 0x6f, 0x6e, 0x0,
    0x67, 0x6e, 0x61, 0x72, 0x6c, 0x79, 0x0, 0x67, 0x6e, 0x61, 0x74, 0x0, 0x67, 0x6f, 0x61, 0x6c,
    0x0, 0x67, 0x6f, 0x61, 0x74, 0x73, 0x6b, 0x69, 0x6e, 0x0, 0x67, 0x6f, 0x65, 0x73, 0x0, 0x67,
    0x6f, 0x67, 0x67, 0x6c, 0x65, 0x73, 0x0, 0x67, 0x6f, 0x69, 0x6e, 0x67, 0x0, 0x67, 0x6f, 0x6c,
    0x64, 0x66, 0x69, 0x73, 0x68, 0x0, 0x67, 0x6f, 0x6c, 0x64, 0x6d, 0x69, 0x6e, 0x65, 0x0, 0x67,
    0x6f, 0x6c, 0x64, 0x73, 0x6d, 0x69, 0x74, 0x68, 0x0, 0x67, 0x6f, 0x6c, 0x66, 0x0, 0x67, 0x6f,
    0x6c, 0x69, 0x61, 0x74, 0x68, 0x0, 0x67, 0x6f, 0x6e, 0x61, 0x64, 0x0, 0x67, 0x6f, 0x6e, 0x64,
    0x6f, 0x6c, 0x61, 0x0, 0x67, 0x6f, 0x6e, 0x65, 0x0, 0x67, 0x6f, 0x6e, 0x67, 0x0, 0x67, 0x6f,
    0x6f, 0x64, 0x0, 0x67, 0x6f, 0x6f, 0x65, 0x79, 0x0, 0x67, 0x6f, 0x6f, 0x66, 0x62, 0x61, 0x6c,
    0x6c, 0x0, 0x67, 0x6f, 0x6f, 0x66, 0x69, 0x6e, 0x65, 0x73, 0x73, 0x0, 0x67, 0x6f, 0x6f, 0x66,
    0x79, 0x0, 0x67, 0x6f, 0x6f, 0x67, 0x6c, 0x65, 0x0, 0x67, 0x6f, 0x6f, 0x6e, 0x0, 0x67, 0x6f,
    0x70, 0x68, 0x65, 0x72, 0x0, 0x67, 0x6f, 0x72, 0x65, 0x0, 0x67, 0x6f, 0x72, 0x67, 0x65, 0x64,
    0x0, 0x67, 0x6f, 0x72, 0x67, 0x65, 0x6f, 0x75, 0x73, 0x0, 0x67, 0x6f, 0x72, 0x79, 0x0, 0x67,
    0x6f, 0x73, 0x6c, 0x69, 0x6e, 0x67, 0x0, 0x67, 0x6f, 0x73, 0x73, 0x69, 0x70, 0x0, 0x67, 0x6f,
    0x74, 0x68, 0x69, 0x63, 0x0, 0x67, 0x6f, 0x74, 0x74, 0x65, 0x6e, 0x0, 0x67, 0x6f, 0x75, 0x74,
    0x0, 0x67, 0x6f, 0x77, 0x6e, 0x0, 0x67, 0x72, 0x61, 0x62, 0x0, 0x67, 0x72, 0x61, 0x63, 0x65,
    0x66, 0x75, 0x6c, 0x0, 0x67, 0x72, 0x61, 0x63, 0x65, 0x6c, 0x65, 0x73, 0x73, 0x0, 0x67, 0x72,
    0x61, 0x63, 0x69, 0x6f, 0x75, 0x73, 0x0, 0x67, 0x72, 0x61, 0x64, 0x61, 0x74, 0x69, 0x6f, 0x6e,
    0x0, 0x67, 0x72, 0x61, 0x64, 0x65, 0x64, 0x0, 0x67, 0x72, 0x61, 0x64, 0x65, 0x72, 0x0, 0x67,
    0x72, 0x61, 0x64, 0x69, 0x65, 0x6e, 0x74, 0x0, 0x67, 0x72, 0x61, 0x64, 0x69, 0x6e, 0x67, 0x0,
    0x67, 0x72, 0x61, 0x64, 0x75, 0x61, 0x6c, 0x6c, 0x79, 0x0, 0x67, 0x72, 0x61, 0x64, 0x75, 0x61,
    0x74, 0x65, 0x0, 0x67, 0x72, 0x61, 0x66, 0x66, 0x69, 0x74, 0x69, 0x0, 0x67, 0x72, 0x61, 0x66,
    0x74, 0x65, 0x64, 0x0, 0x67, 0x72, 0x61, 0x66, 0x74, 0x69, 0x6e, 0x67, 0x0, 0x67, 0x72, 0x61,
    0x69, 0x6e, 0x0, 0x67, 0x72, 0x61, 0x6e, 0x64, 0x64, 0x61, 0x64, 0x0, 0x67, 0x72, 0x61, 0x6e,
    0x64, 0x6b, 0x69, 0x64, 0x0, 0x67, 0x72, 0x61, 0x6e, 0x64, 0x6c, 0x79, 0x0, 0x67, 0x72, 0x61,
    0x6e, 0x64, 0x6d, 0x61, 0x0, 0x67, 0x72, 0x61, 0x6e, 0x64, 0x70, 0x61, 0x0, 0x67, 0x72, 0x61,
    0x6e, 0x64, 0x73, 0x6f, 0x6e, 0x0, 0x67, 0x72, 0x61, 0x6e, 0x69, 0x74, 0x65, 0x0, 0x67, 0x72,
    0x61, 0x6e, 0x6e, 0x79, 0x0, 0x67, 0x72, 0x61, 0x6e, 0x6f, 0x6c, 0x61, 0x0, 0x67, 0x72, 0x61,
    0x6e, 0x74, 0x0, 0x67, 0x72, 0x61, 0x6e, 0x75, 0x6c, 0x61, 0x72, 0x0, 0x67, 0x72, 0x61, 0x70,
    0x65, 0x0, 0x67, 0x72, 0x61, 0x70, 0x68, 0x0, 0x67, 0x72, 0x61, 0x70, 0x70, 0x6c, 0x65, 0x0,
    0x67, 0x72, 0x61, 0x70, 0x70, 0x6c, 0x69, 0x6e, 0x67, 0x0, 0x67, 0x72, 0x61, 0x73, 0x70, 0x0,
    0x67, 0x72, 0x61, 0x73, 0x73, 0x0, 0x67, 0x72, 0x61, 0x74, 0x69, 0x66, 0x69, 0x65, 0x64, 0x0,
    0x67, 0x72, 0x61, 0x74, 0x69, 0x66, 0x79, 0x0, 0x67, 0x72, 0x61, 0x74, 0x69, 0x6e, 0x67, 0x0,
    0x67, 0x72, 0x61, 0x74, 0x69, 0x74, 0x75, 0x64, 0x65, 0x0, 0x67, 0x72, 0x61, 0x74, 0x75, 0x69,
    0x74, 0x79, 0x0, 0x67, 0x72, 0x61, 0x76, 0x65, 0x6c, 0x0, 0x67, 0x72, 0x61, 0x76, 0x65, 0x6e,
    0x65, 0x73, 0x73, 0x0, 0x67, 0x72, 0x61, 0x76, 0x65, 0x73, 0x0, 0x67, 0x72, 0x61, 0x76, 0x65,
    0x79, 0x61, 0x72, 0x64, 0x0, 0x67, 0x72, 0x61, 0x76, 0x69, 0x74, 0x61, 0x74, 0x65, 0x0, 0x67,
    0x72, 0x61, 0x76, 0x69, 0x74, 0x79, 0x0, 0x67, 0x72, 0x61, 0x76, 0x79, 0x0, 0x67, 0x72, 0x61,
    0x79, 0x0, 0x67, 0x72, 0x61, 0x7a, 0x69, 0x6e, 0x67, 0x0, 0x67, 0x72, 0x65, 0x61, 0x73, 0x69,
    0x6c, 0x79, 0x0, 0x67, 0x72, 0x65, 0x65, 0x64, 0x69, 0x6c, 0x79, 0x0, 0x67, 0x72, 0x65, 0x65,
    0x64, 0x6c, 0x65, 0x73, 0x73, 0x0, 0x67, 0x72, 0x65, 0x65, 0x64, 0x79, 0x0, 0x67, 0x72, 0x65,
    0x65, 0x6e, 0x0, 0x67, 0x72, 0x65, 0x65, 0x74, 0x65, 0x72, 0x0, 0x67, 0x72, 0x65, 0x65, 0x74,
    0x69, 0x6e, 0x67, 0x0, 0x67, 0x72, 0x65, 0x77, 0x0, 0x67, 0x72, 0x65, 0x79, 0x68, 0x6f, 0x75,
    0x6e, 0x64, 0x0, 0x67, 0x72, 0x69, 0x64, 0x0, 0x67, 0x72, 0x69, 0x65, 0x66, 0x0, 0x67, 0x72,
    0x69, 0x65, 0x76, 0x61, 0x6e, 0x63, 0x65, 0x0, 0x67, 0x72, 0x69, 0x65, 0x76, 0x69, 0x6e, 0x67,
    0x0, 0x67, 0x72, 0x69, 0x65, 0x76, 0x6f, 0x75, 0x73, 0x0, 0x67, 0x72, 0x69, 0x6c, 0x6c, 0x0,
    0x67, 0x72, 0x69, 0x6d, 0x61, 0x63, 0x65, 0x0, 0x67, 0x72, 0x69, 0x6d, 0x61, 0x63, 0x69, 0x6e,
    0x67, 0x0, 0x67, 0x72, 0x69, 0x6d, 0x65, 0x0, 0x67, 0x72, 0x69, 0x6d, 0x69, 0x6e, 0x65, 0x73,
    0x73, 0x0, 0x67, 0x72, 0x69, 0x6d, 0x79, 0x0, 0x67, 0x72, 0x69, 0x6e, 0x63, 0x68, 0x0, 0x67,
    0x72, 0x69, 0x6e, 0x6e, 0x69, 0x6e, 0x67, 0x0, 0x67, 0x72, 0x69, 0x70, 0x0, 0x67, 0x72, 0x69,
    0x73, 0x74, 0x6c, 0x65, 0x0, 0x67, 0x72, 0x69, 0x74, 0x0, 0x67, 0x72, 0x6f, 0x67, 0x67, 0x69,
    0x6c, 0x79, 0x0, 0x67, 0x72, 0x6f, 0x67, 0x67, 0x79, 0x0, 0x67, 0x72, 0x6f, 0x69, 0x6e, 0x0,
    0x67, 0x72, 0x6f, 0x6f, 0x6d, 0x0, 0x67, 0x72, 0x6f, 0x6f, 0x76, 0x65, 0x0, 0x67, 0x72, 0x6f,
    0x6f, 0x76, 0x69, 0x6e, 0x67, 0x0, 0x67, 0x72, 0x6f, 0x6f, 0x76, 0x79, 0x0, 0x67, 0x72, 0x6f,
    0x70, 0x65, 0x0, 0x67, 0x72, 0x6f, 0x75, 0x6e, 0x64, 0x0, 0x67, 0x72, 0x6f, 0x75, 0x70, 0x65,
    0x64, 0x0, 0x67, 0x72, 0x6f, 0x75, 0x74, 0x0, 0x67, 0x72, 0x6f, 0x76, 0x65, 0x0, 0x67, 0x72,
    0x6f, 0x77, 0x65, 0x72, 0x0, 0x67, 0x72, 0x6f, 0x77, 0x69, 0x6e, 0x67, 0x0, 0x67, 0x72, 0x6f,
    0x77, 0x6c, 0x0, 0x67, 0x72, 0x75, 0x62, 0x0, 0x67, 0x72, 0x75, 0x64, 0x67, 0x65, 0x0, 0x67,
    0x72, 0x75, 0x64, 0x67, 0x69, 0x6e, 0x67, 0x0, 0x67, 0x72, 0x75, 0x65, 0x6c, 0x69, 0x6e, 0x67,
    0x0, 0x67, 0x72, 0x75, 0x66, 0x66, 0x6c, 0x79, 0x0, 0x67, 0x72, 0x75, 0x6d, 0x62, 0x6c, 0x65,
    0x0, 0x67, 0x72, 0x75, 0x6d, 0x62, 0x6c, 0x69, 0x6e, 0x67, 0x0, 0x67, 0x72, 0x75, 0x6d, 0x62,
    0x6c, 0x79, 0x0, 0x67, 0x72, 0x75, 0x6d, 0x70, 0x69, 0x6c, 0x79, 0x0, 0x67, 0x72, 0x75, 0x6e,
    0x67, 0x65, 0x0, 0x67, 0x72, 0x75, 0x6e, 0x74, 0x0, 0x67, 0x75, 0x61, 0x63, 0x61, 0x6d, 0x6f,
    0x6c, 0x65, 0x0, 0x67, 0x75, 0x69, 0x64, 0x61, 0x62, 0x6c, 0x65, 0x0, 0x67, 0x75, 0x69, 0x64,
    0x61, 0x6e, 0x63, 0x65, 0x0, 0x67, 0x75, 0x69, 0x64, 0x65, 0x0, 0x67, 0x75, 0x69, 0x64, 0x69,
    0x6e, 0x67, 0x0, 0x67, 0x75, 0x69, 0x6c, 0x65, 0x6c, 0x65, 0x73, 0x73, 0x0, 0x67, 0x75, 0x69,
    0x73, 0x65, 0x0, 0x67, 0x75, 0x6c, 0x66, 0x0, 0x67, 0x75, 0x6c, 0x6c, 0x69, 0x62, 0x6c, 0x65,
    0x0, 0x67, 0x75, 0x6c, 0x6c, 0x79, 0x0, 0x67, 0x75, 0x6c, 0x70, 0x0, 0x67, 0x75, 0x6d, 0x62,
    0x61, 0x6c, 0x6c, 0x0, 0x67, 0x75, 0x6d, 0x64, 0x72, 0x6f, 0x70, 0x0, 0x67, 0x75, 0x6d, 0x6d,
    0x69, 0x6e, 0x65, 0x73, 0x73, 0x0, 0x67, 0x75, 0x6d, 0x6d, 0x69, 0x6e, 0x67, 0x0, 0x67, 0x75,
    0x6d, 0x6d, 0x79, 0x0, 0x67, 0x75, 0x72, 0x67, 0x6c, 0x65, 0x0, 0x67, 0x75, 0x72, 0x67, 0x6c,
    0x69, 0x6e, 0x67, 0x0, 0x67, 0x75, 0x72, 0x75, 0x0, 0x67, 0x75, 0x73, 0x68, 0x0, 0x67, 0x75,
    0x73, 0x74, 0x6f, 0x0, 0x67, 0x75, 0x73, 0x74, 0x79, 0x0, 0x67, 0x75, 0x74, 0x6c, 0x65, 0x73,
    0x73, 0x0, 0x67, 0x75, 0x74, 0x73, 0x0, 0x67, 0x75, 0x74, 0x74, 0x65, 0x72, 0x0, 0x67, 0x75,
    0x79, 0x0, 0x67, 0x75, 0x7a, 0x7a, 0x6c, 0x65, 0x72, 0x0, 0x67, 0x79, 0x72, 0x61, 0x74, 0x69,
    0x6f, 0x6e, 0x0, 0x68, 0x61, 0x62, 0x69, 0x74, 0x61, 0x62, 0x6c, 0x65, 0x0, 0x68, 0x61, 0x62,
    0x69, 0x74, 0x61, 0x6e, 0x74, 0x0, 0x68, 0x61, 0x62, 0x69, 0x74, 0x61, 0x74, 0x0, 0x68, 0x61,
    0x62, 0x69, 0x74, 0x75, 0x61, 0x6c, 0x0, 0x68, 0x61, 0x63, 0x6b, 0x65, 0x64, 0x0, 0x68, 0x61,
    0x63, 0x6b, 0x65, 0x72, 0x0, 0x68, 0x61, 0x63, 0x6b, 0x69, 0x6e, 0x67, 0x0, 0x68, 0x61, 0x63,
    0x6b, 0x73, 0x61, 0x77, 0x0, 0x68, 0x61, 0x64, 0x0, 0x68, 0x61, 0x67, 0x67, 0x6c, 0x65, 0x72,
    0x0, 0x68, 0x61, 0x69, 0x6b, 0x75, 0x0, 0x68, 0x61, 0x6c, 0x66, 0x0, 0x68, 0x61, 0x6c, 0x6f,
    0x67, 0x65, 0x6e, 0x0, 0x68, 0x61, 0x6c, 0x74, 0x0, 0x68, 0x61, 0x6c, 0x76, 0x65, 0x64, 0x0,
    0x68, 0x61, 0x6c, 0x76, 0x65, 0x73, 0x0, 0x68, 0x61, 0x6d, 0x62, 0x75, 0x72, 0x67, 0x65, 0x72,
    0x0, 0x68, 0x61, 0x6d, 0x6c, 0x65, 0x74, 0x0, 0x68, 0x61, 0x6d, 0x6d, 0x6f, 0x63, 0x6b, 0x0,
    0x68, 0x61, 0x6d, 0x70, 0x65, 0x72, 0x0, 0x68, 0x61, 0x6d, 0x73, 0x74, 0x65, 0x72, 0x0, 0x68,
    0x61, 0x6d, 0x73, 0x74, 0x72, 0x69, 0x6e, 0x67, 0x0, 0x68, 0x61, 0x6e, 0x64, 0x62, 0x61, 0x67,
    0x0, 0x68, 0x61, 0x6e, 0x64, 0x62, 0x61, 0x6c, 0x6c, 0x0, 0x68, 0x61, 0x6e, 0x64, 0x62, 0x6f,
    0x6f, 0x6b, 0x0, 0x68, 0x61, 0x6e, 0x64, 0x62, 0x72, 0x61, 0x6b, 0x65, 0x0, 0x68, 0x61, 0x6e,
    0x64, 0x63, 0x61, 0x72, 0x74, 0x0, 0x68, 0x61, 0x6e, 0x64, 0x63, 0x6c, 0x61, 0x70, 0x0, 0x68,
    0x61, 0x6e, 0x64, 0x63, 0x6c, 0x61, 0x73, 0x70, 0x0, 0x68, 0x61, 0x6e, 0x64, 0x63, 0x72, 0x61,
    0x66, 0x74, 0x0, 0x68, 0x61, 0x6e, 0x64, 0x63, 0x75, 0x66, 0x66, 0x0, 0x68, 0x61, 0x6e, 0x64,
    0x65, 0x64, 0x0, 0x68, 0x61, 0x6e, 0x64, 0x66, 0x75, 0x6c, 0x0, 0x68, 0x61, 0x6e, 0x64, 0x67,
    0x72, 0x69, 0x70, 0x0, 0x68, 0x61, 0x6e, 0x64, 0x67, 0x75, 0x6e, 0x0, 0x68, 0x61, 0x6e, 0x64,
    0x68, 0x65, 0x6c, 0x64, 0x0, 0x68, 0x61, 0x6e, 0x64, 0x69, 0x6e, 0x65, 0x73, 0x73, 0x0, 0x68,
    0x61, 0x6e, 0x64, 0x69, 0x77, 0x6f, 0x72, 0x6b, 0x0, 0x68, 0x61, 0x6e, 0x64, 0x6c, 0x65, 0x62,
    0x61, 0x72, 0x0, 0x68, 0x61, 0x6e, 0x64, 0x6c, 0x65, 0x64, 0x0, 0x68, 0x61, 0x6e, 0x64, 0x6c,
    0x65, 0x72, 0x0, 0x68, 0x61, 0x6e, 0x64, 0x6c, 0x69, 0x6e, 0x67, 0x0, 0x68, 0x61, 0x6e, 0x64,
    0x6d, 0x61, 0x64, 0x65, 0x0, 0x68, 0x61, 0x6e, 0x64, 0x6f, 0x66, 0x66, 0x0, 0x68, 0x61, 0x6e,
    0x64, 0x70, 0x69, 0x63, 0x6b, 0x0, 0x68, 0x61, 0x6e, 0x64, 0x70, 0x72, 0x69, 0x6e, 0x74, 0x0,
    0x68, 0x61, 0x6e, 0x64, 0x72, 0x61, 0x69, 0x6c, 0x0, 0x68, 0x61, 0x6e, 0x64, 0x73, 0x61, 0x77,
    0x0, 0x68, 0x61, 0x6e, 0x64, 0x73, 0x65, 0x74, 0x0, 0x68, 0x61, 0x6e, 0x64, 0x73, 0x66, 0x72,
    0x65, 0x65, 0x0, 0x68, 0x61, 0x6e, 0x64, 0x73, 0x68, 0x61, 0x6b, 0x65, 0x0, 0x68, 0x61, 0x6e,
    0x64, 0x73, 0x74, 0x61, 0x6e, 0x64, 0x0, 0x68, 0x61, 0x6e, 0x64, 0x77, 0x61, 0x73, 0x68, 0x0,
    0x68, 0x61, 0x6e, 0x64, 0x77, 0x6f, 0x72, 0x6b, 0x0, 0x68, 0x61, 0x6e, 0x64, 0x77, 0x6f, 0x76,
    0x65, 0x6e, 0x0, 0x68, 0x61, 0x6e, 0x64, 0x77, 0x72, 0x69, 0x74, 0x65, 0x0, 0x68, 0x61, 0x6e,
    0x64, 0x79, 0x6d, 0x61, 0x6e, 0x0, 0x68, 0x61, 0x6e, 0x67, 0x6e, 0x61, 0x69, 0x6c, 0x0, 0x68,
    0x61, 0x6e, 0x67, 0x6f, 0x75, 0x74, 0x0, 0x68, 0x61, 0x6e, 0x67, 0x6f, 0x76, 0x65, 0x72, 0x0,
    0x68, 0x61, 0x6e, 0x67, 0x75, 0x70, 0x0, 0x68, 0x61, 0x6e, 0x6b, 0x65, 0x72, 0x69, 0x6e, 0x67,
    0x0, 0x68, 0x61, 0x6e, 0x6b, 0x69, 0x65, 0x0, 0x68, 0x61, 0x6e, 0x6b, 0x79, 0x0, 0x68, 0x61,
    0x70, 0x68, 0x61, 0x7a, 0x61, 0x72, 0x64, 0x0, 0x68, 0x61, 0x70, 0x70, 0x65, 0x6e, 0x69, 0x6e,
    0x67, 0x0, 0x68, 0x61, 0x70, 0x70, 0x69, 0x65, 0x72, 0x0, 0x68, 0x61, 0x70, 0x70, 0x69, 0x65,
    0x73, 0x74, 0x0, 0x68, 0x61, 0x70, 0x70, 0x69, 0x6c, 0x79, 0x0, 0x68, 0x61, 0x70, 0x70, 0x69,
    0x6e, 0x65, 0x73, 0x73, 0x0, 0x68, 0x61, 0x70, 0x70, 0x79, 0x0, 0x68, 0x61, 0x72, 0x62, 0x6f,
    0x72, 0x0, 0x68, 0x61, 0x72, 0x64, 0x63, 0x6f, 0x70, 0x79, 0x0, 0x68, 0x61, 0x72, 0x64, 0x63,
    0x6f, 0x72, 0x65, 0x0, 0x68, 0x61, 0x72, 0x64, 0x63, 0x6f, 0x76, 0x65, 0x72, 0x0, 0x68, 0x61,
    0x72, 0x64, 0x64, 0x69, 0x73, 0x6b, 0x0, 0x68, 0x61, 0x72, 0x64, 0x65, 0x6e, 0x65, 0x64, 0x0,
    0x68, 0x61, 0x72, 0x64, 0x65, 0x6e, 0x65, 0x72, 0x0, 0x68, 0x61, 0x72, 0x64, 0x65, 0x6e, 0x69,
    0x6e, 0x67, 0x0, 0x68, 0x61, 0x72, 0x64, 0x68, 0x61, 0x74, 0x0, 0x68, 0x61, 0x72, 0x64, 0x68,
    0x65, 0x61, 0x64, 0x0, 0x68, 0x61, 0x72, 0x64, 0x69, 0x6e, 0x65, 0x73, 0x73, 0x0, 0x68, 0x61,
    0x72, 0x64, 0x6c, 0x79, 0x0, 0x68, 0x61, 0x72, 0x64, 0x6e, 0x65, 0x73, 0x73, 0x0, 0x68, 0x61,
    0x72, 0x64, 0x73, 0x68, 0x69, 0x70, 0x0, 0x68, 0x61, 0x72, 0x64, 0x77, 0x61, 0x72, 0x65, 0x0,
    0x68, 0x61, 0x72, 0x64, 0x77, 0x69, 0x72, 0x65, 0x64, 0x0, 0x68, 0x61, 0x72, 0x64, 0x77, 0x6f,
    0x6f, 0x64, 0x0, 0x68, 0x61, 0x72, 0x64, 0x79, 0x0, 0x68, 0x61, 0x72, 0x6d, 0x66, 0x75, 0x6c,
    0x0, 0x68, 0x61, 0x72, 0x6d, 0x6c, 0x65, 0x73, 0x73, 0x0, 0x68, 0x61, 0x72, 0x6d, 0x6f, 0x6e,
    0x69, 0x63, 0x61, 0x0, 0x68, 0x61, 0x72, 0x6d, 0x6f, 0x6e, 0x69, 0x63, 0x73, 0x0, 0x68, 0x61,
    0x72, 0x6d, 0x6f, 0x6e, 0x69, 0x7a, 0x65, 0x0, 0x68, 0x61, 0x72, 0x6d, 0x6f, 0x6e, 0x79, 0x0,
    0x68, 0x61, 0x72, 0x6e, 0x65, 0x73, 0x73, 0x0, 0x68, 0x61, 0x72, 0x70, 0x69, 0x73, 0x74, 0x0,
    0x68, 0x61, 0x72, 0x73, 0x68, 0x0, 0x68, 0x61, 0x72, 0x76, 0x65, 0x73, 0x74, 0x0, 0x68, 0x61,
    0x73, 0x68, 0x0, 0x68, 0x61, 0x73, 0x73, 0x6c, 0x65, 0x0, 0x68, 0x61, 0x73, 0x74, 0x65, 0x0,
    0x68, 0x61, 0x73, 0x74, 0x69, 0x6c, 0x79, 0x0, 0x68, 0x61, 0x73, 0x74, 0x69, 0x6e, 0x65, 0x73,
    0x73, 0x0, 0x68, 0x61, 0x73, 0x74, 0x79, 0x0, 0x68, 0x61, 0x74, 0x62, 0x6f, 0x78, 0x0, 0x68,
    0x61, 0x74, 0x63, 0x68, 0x62, 0x61, 0x63, 0x6b, 0x0, 0x68, 0x61, 0x74, 0x63, 0x68, 0x65, 0x72,
    0x79, 0x0, 0x68, 0x61, 0x74, 0x63, 0x68, 0x65, 0x74, 0x0, 0x68, 0x61, 0x74, 0x63, 0x68, 0x69,
    0x6e, 0x67, 0x0, 0x68, 0x61, 0x74, 0x63, 0x68, 0x6c, 0x69, 0x6e, 0x67, 0x0, 0x68, 0x61, 0x74,
    0x65, 0x0, 0x68, 0x61, 0x74, 0x6c, 0x65, 0x73, 0x73, 0x0, 0x68, 0x61, 0x74, 0x72, 0x65, 0x64,
    0x0, 0x68, 0x61, 0x75, 0x6e, 0x74, 0x0, 0x68, 0x61, 0x76, 0x65, 0x6e, 0x0, 0x68, 0x61, 0x7a,
    0x61, 0x72, 0x64, 0x0, 0x68, 0x61, 0x7a, 0x65, 0x6c, 0x6e, 0x75, 0x74, 0x0, 0x68, 0x61, 0x7a,
    0x69, 0x6c, 0x79, 0x0, 0x68, 0x61, 0x7a, 0x69, 0x6e, 0x65, 0x73, 0x73, 0x0, 0x68, 0x61, 0x7a,
    0x69, 0x6e, 0x67, 0x0, 0x68, 0x61, 0x7a, 0x79, 0x0, 0x68, 0x65, 0x61, 0x64, 0x61, 0x63, 0x68,
    0x65, 0x0, 0x68, 0x65, 0x61, 0x64, 0x62, 0x61, 0x6e, 0x64, 0x0, 0x68, 0x65, 0x61, 0x64, 0x62,
    0x6f, 0x61, 0x72, 0x64, 0x0, 0x68, 0x65, 0x61, 0x64, 0x63, 0x6f, 0x75, 0x6e, 0x74, 0x0, 0x68,
    0x65, 0x61, 0x64, 0x64, 0x72, 0x65, 0x73, 0x73, 0x0, 0x68, 0x65, 0x61, 0x64, 0x65, 0x64, 0x0,
    0x68, 0x65, 0x61, 0x64, 0x65, 0x72, 0x0, 0x68, 0x65, 0x61, 0x64, 0x66, 0x69, 0x72, 0x73, 0x74,
    0x0, 0x68, 0x65, 0x61, 0x64, 0x67, 0x65, 0x61, 0x72, 0x0, 0x68, 0x65, 0x61, 0x64, 0x69, 0x6e,
    0x67, 0x0, 0x68, 0x65, 0x61, 0x64, 0x6c, 0x61, 0x6d, 0x70, 0x0, 0x68, 0x65, 0x61, 0x64, 0x6c,
    0x65, 0x73, 0x73, 0x0, 0x68, 0x65, 0x61, 0x64, 0x6c, 0x6f, 0x63, 0x6b, 0x0, 0x68, 0x65, 0x61,
    0x64, 0x70, 0x68, 0x6f, 0x6e, 0x65, 0x0, 0x68, 0x65, 0x61, 0x64, 0x70, 0x69, 0x65, 0x63, 0x65,
    0x0, 0x68, 0x65, 0x61, 0x64, 0x72, 0x65, 0x73, 0x74, 0x0, 0x68, 0x65, 0x61, 0x64, 0x72, 0x6f,
    0x6f, 0x6d, 0x0, 0x68, 0x65, 0x61, 0x64, 0x73, 0x63, 0x61, 0x72, 0x66, 0x0, 0x68, 0x65, 0x61,
    0x64, 0x73, 0x65, 0x74, 0x0, 0x68, 0x65, 0x61, 0x64, 0x73, 0x6d, 0x61, 0x6e, 0x0, 0x68, 0x65,
    0x61, 0x64, 0x73, 0x74, 0x61, 0x6e, 0x64, 0x0, 0x68, 0x65, 0x61, 0x64, 0x73, 0x74, 0x6f, 0x6e,
    0x65, 0x0, 0x68, 0x65, 0x61, 0x64, 0x77, 0x61, 0x79, 0x0, 0x68, 0x65, 0x61, 0x64, 0x77, 0x65,
    0x61, 0x72, 0x0, 0x68, 0x65, 0x61, 0x70, 0x0, 0x68, 0x65, 0x61, 0x74, 0x0, 0x68, 0x65, 0x61,
    0x76, 0x65, 0x0, 0x68, 0x65, 0x61, 0x76, 0x69, 0x6c, 0x79, 0x0, 0x68, 0x65, 0x61, 0x76, 0x69,
    0x6e, 0x65, 0x73, 0x73, 0x0, 0x68, 0x65, 0x61, 0x76, 0x69, 0x6e, 0x67, 0x0, 0x68, 0x65, 0x64,
    0x67, 0x65, 0x0, 0x68, 0x65, 0x64, 0x67, 0x69, 0x6e, 0x67, 0x0, 0x68, 0x65, 0x66, 0x74, 0x69,
    0x6e, 0x65, 0x73, 0x73, 0x0, 0x68, 0x65, 0x66, 0x74, 0x79, 0x0, 0x68, 0x65, 0x6c, 0x69, 0x75,
    0x6d, 0x0, 0x68, 0x65, 0x6c, 0x6d, 0x65, 0x74, 0x0, 0x68, 0x65, 0x6c, 0x70, 0x65, 0x72, 0x0,
    0x68, 0x65, 0x6c, 0x70, 0x66, 0x75, 0x6c, 0x0, 0x68, 0x65, 0x6c, 0x70, 0x69, 0x6e, 0x67, 0x0,
    0x68, 0x65, 0x6c, 0x70, 0x6c, 0x65, 0x73, 0x73, 0x0, 0x68, 0x65, 0x6c, 0x70, 0x6c, 0x69, 0x6e,
    0x65, 0x0, 0x68, 0x65, 0x6d, 0x6c, 0x6f, 0x63, 0x6b, 0x0, 0x68, 0x65, 0x6d, 0x73, 0x74, 0x69,
    0x74, 0x63, 0x68, 0x0, 0x68, 0x65, 0x6e, 0x63, 0x65, 0x0, 0x68, 0x65, 0x6e, 0x63, 0x68, 0x6d,
    0x61, 0x6e, 0x0, 0x68, 0x65, 0x6e, 0x6e, 0x61, 0x0, 0x68, 0x65, 0x72, 0x61, 0x6c, 0x64, 0x0,
    0x68, 0x65, 0x72, 0x62, 0x61, 0x6c, 0x0, 0x68, 0x65, 0x72, 0x62, 0x69, 0x63, 0x69, 0x64, 0x65,
    0x0, 0x68, 0x65, 0x72, 0x62, 0x73, 0x0, 0x68, 0x65, 0x72, 0x69, 0x74, 0x61, 0x67, 0x65, 0x0,
    0x68, 0x65, 0x72, 0x6d, 0x69, 0x74, 0x0, 0x68, 0x65, 0x72, 0x6f, 0x69, 0x63, 0x73, 0x0, 0x68,
    0x65, 0x72, 0x6f, 0x69, 0x73, 0x6d, 0x0, 0x68, 0x65, 0x72, 0x72, 0x69, 0x6e, 0x67, 0x0, 0x68,
    0x65, 0x72, 0x73, 0x65, 0x6c, 0x66, 0x0, 0x68, 0x65, 0x72, 0x74, 0x7a, 0x0, 0x68, 0x65, 0x73,
    0x69, 0x74, 0x61, 0x6e, 0x63, 0x79, 0x0, 0x68, 0x65, 0x73, 0x69, 0x74, 0x61, 0x6e, 0x74, 0x0,
    0x68, 0x65, 0x73, 0x69, 0x74, 0x61, 0x74, 0x65, 0x0, 0x68, 0x65, 0x78, 0x61, 0x67, 0x6f, 0x6e,
    0x0, 0x68, 0x65, 0x78, 0x61, 0x67, 0x72, 0x61, 0x6d, 0x0, 0x68, 0x75, 0x62, 0x63, 0x61, 0x70,
    0x0, 0x68, 0x75, 0x64, 0x64, 0x6c, 0x65, 0x0, 0x68, 0x75, 0x64, 0x64, 0x6c, 0x69, 0x6e, 0x67,
    0x0, 0x68, 0x75, 0x66, 0x66, 0x0, 0x68, 0x75, 0x67, 0x0, 0x68, 0x75, 0x6c, 0x61, 0x0, 0x68,
    0x75, 0x6c, 0x6b, 0x0, 0x68, 0x75, 0x6c, 0x6c, 0x0, 0x68, 0x75, 0x6d, 0x61, 0x6e, 0x0, 0x68,
    0x75, 0x6d, 0x62, 0x6c, 0x65, 0x0, 0x68, 0x75, 0x6d, 0x62, 0x6c, 0x69, 0x6e, 0x67, 0x0, 0x68,
    0x75, 0x6d, 0x62, 0x6c, 0x79, 0x0, 0x68, 0x75, 0x6d, 0x69, 0x64, 0x0, 0x68, 0x75, 0x6d, 0x69,
    0x6c, 0x69, 0x61, 0x74, 0x65, 0x0, 0x68, 0x75, 0x6d, 0x69, 0x6c, 0x69, 0x74, 0x79, 0x0, 0x68,
    0x75, 0x6d, 0x6d, 0x69, 0x6e, 0x67, 0x0, 0x68, 0x75, 0x6d, 0x6d, 0x75, 0x73, 0x0, 0x68, 0x75,
    0x6d, 0x6f, 0x6e, 0x67, 0x6f, 0x75, 0x73, 0x0, 0x68, 0x75, 0x6d, 0x6f, 0x72, 0x69, 0x73, 0x74,
    0x0, 0x68, 0x75, 0x6d, 0x6f, 0x72, 0x6c, 0x65, 0x73, 0x73, 0x0, 0x68, 0x75, 0x6d, 0x6f, 0x72,
    0x6f, 0x75, 0x73, 0x0, 0x68, 0x75, 0x6d, 0x70, 0x62, 0x61, 0x63, 0x6b, 0x0, 0x68, 0x75, 0x6d,
    0x70, 0x65, 0x64, 0x0, 0x68, 0x75, 0x6d, 0x76, 0x65, 0x65, 0x0, 0x68, 0x75, 0x6e, 0x63, 0x68,
    0x62, 0x61, 0x63, 0x6b, 0x0, 0x68, 0x75, 0x6e, 0x64, 0x72, 0x65, 0x64, 0x74, 0x68, 0x0, 0x68,
    0x75, 0x6e, 0x67, 0x65, 0x72, 0x0, 0x68, 0x75, 0x6e, 0x67, 0x72, 0x69, 0x6c, 0x79, 0x0, 0x68,
    0x75, 0x6e, 0x67, 0x72, 0x79, 0x0, 0x68, 0x75, 0x6e, 0x6b, 0x0, 0x68, 0x75, 0x6e, 0x74, 0x65,
    0x72, 0x0, 0x68, 0x75, 0x6e, 0x74, 0x69, 0x6e, 0x67, 0x0, 0x68, 0x75, 0x6e, 0x74, 0x72, 0x65,
    0x73, 0x73, 0x0, 0x68, 0x75, 0x6e, 0x74, 0x73, 0x6d, 0x61, 0x6e, 0x0, 0x68, 0x75, 0x72, 0x64,
    0x6c, 0x65, 0x0, 0x68, 0x75, 0x72, 0x6c, 0x65, 0x64, 0x0, 0x68, 0x75, 0x72, 0x6c, 0x65, 0x72,
    0x0, 0x68, 0x75, 0x72, 0x6c, 0x69, 0x6e, 0x67, 0x0, 0x68, 0x75, 0x72, 0x72, 0x61, 0x79, 0x0,
    0x68, 0x75, 0x72, 0x72, 0x69, 0x63, 0x61, 0x6e, 0x65, 0x0, 0x68, 0x75, 0x72, 0x72, 0x69, 0x65,
    0x64, 0x0, 0x68, 0x75, 0x72, 0x72, 0x79, 0x0, 0x68, 0x75, 0x72, 0x74, 0x0, 0x68, 0x75, 0x73,
    0x62, 0x61, 0x6e, 0x64, 0x0, 0x68, 0x75, 0x73, 0x68, 0x0, 0x68, 0x75, 0x73, 0x6b, 0x65, 0x64,
    0x0, 0x68, 0x75, 0x73, 0x6b, 0x69, 0x6e, 0x65, 0x73, 0x73, 0x0, 0x68, 0x75, 0x74, 0x0, 0x68,
    0x79, 0x62, 0x72, 0x69, 0x64, 0x0, 0x68, 0x79, 0x64, 0x72, 0x61, 0x6e, 0x74, 0x0, 0x68, 0x79,
    0x64, 0x72, 0x61, 0x74, 0x65, 0x64, 0x0, 0x68, 0x79, 0x64, 0x72, 0x61, 0x74, 0x69, 0x6f, 0x6e,
    0x0, 0x68, 0x79, 0x64, 0x72, 0x6f, 0x67, 0x65, 0x6e, 0x0, 0x68, 0x79, 0x64, 0x72, 0x6f, 0x78,
    0x69, 0x64, 0x65, 0x0, 0x68, 0x79, 0x70, 0x65, 0x72, 0x6c, 0x69, 0x6e, 0x6b, 0x0, 0x68, 0x79,
    0x70, 0x65, 0x72, 0x74, 0x65, 0x78, 0x74, 0x0, 0x68, 0x79, 0x70, 0x68, 0x65, 0x6e, 0x0, 0x68,
    0x79, 0x70, 0x6e, 0x6f, 0x73, 0x65, 0x73, 0x0, 0x68, 0x79, 0x70, 0x6e, 0x6f, 0x73, 0x69, 0x73,
    0x0, 0x68, 0x79, 0x70, 0x6e, 0x6f, 0x74, 0x69, 0x63, 0x0, 0x68, 0x79, 0x70, 0x6e, 0x6f, 0x74,
    0x69, 0x73, 0x6d, 0x0, 0x68, 0x79, 0x70, 0x6e, 0x6f, 0x74, 0x69, 0x73, 0x74, 0x0, 0x68, 0x79,
    0x70, 0x6e, 0x6f, 0x74, 0x69, 0x7a, 0x65, 0x0, 0x68, 0x79, 0x70, 0x6f, 0x63, 0x72, 0x69, 0x73,
    0x79, 0x0, 0x68, 0x79, 0x70, 0x6f, 0x63, 0x72, 0x69, 0x74, 0x65, 0x0, 0x69, 0x62, 0x75, 0x70,
    0x72, 0x6f, 0x66, 0x65, 0x6e, 0x0, 0x69, 0x63, 0x65, 0x0, 0x69, 0x63, 0x69, 0x6e, 0x65, 0x73,
    0x73, 0x0, 0x69, 0x63, 0x69, 0x6e, 0x67, 0x0, 0x69, 0x63, 0x6b, 0x79, 0x0, 0x69, 0x63, 0x6f,
    0x6e, 0x0, 0x69, 0x63, 0x79, 0x0, 0x69, 0x64, 0x65, 0x61, 0x6c, 0x69, 0x73, 0x6d, 0x0, 0x69,
    0x64, 0x65, 0x61, 0x6c, 0x69, 0x73, 0x74, 0x0, 0x69, 0x64, 0x65, 0x61, 0x6c, 0x69, 0x7a, 0x65,
    0x0, 0x69, 0x64, 0x65, 0x61, 0x6c, 0x6c, 0x79, 0x0, 0x69, 0x64, 0x65, 0x61, 0x6c, 0x6e, 0x65,
    0x73, 0x73, 0x0, 0x69, 0x64, 0x65, 0x6e, 0x74, 0x69, 0x63, 0x61, 0x6c, 0x0, 0x69, 0x64, 0x65,
    0x6e, 0x74, 0x69, 0x66, 0x79, 0x0, 0x69, 0x64, 0x65, 0x6e, 0x74, 0x69, 0x74, 0x79, 0x0, 0x69,
    0x64, 0x65, 0x6f, 0x6c, 0x6f, 0x67, 0x79, 0x0, 0x69, 0x64, 0x69, 0x6f, 0x63, 0x79, 0x0, 0x69,
    0x64, 0x69, 0x6f, 0x6d, 0x0, 0x69, 0x64, 0x6c, 0x79, 0x0, 0x69, 0x67, 0x6c, 0x6f, 0x6f, 0x0,
    0x69, 0x67, 0x6e, 0x69, 0x74, 0x69, 0x6f, 0x6e, 0x0, 0x69, 0x67, 0x6e, 0x6f, 0x72, 0x65, 0x0,
    0x69, 0x67, 0x75, 0x61, 0x6e, 0x61, 0x0, 0x69, 0x6c, 0x6c, 0x69, 0x63, 0x69, 0x74, 0x6c, 0x79,
    0x0, 0x69, 0x6c, 0x6c, 0x75, 0x73, 0x69, 0x6f, 0x6e, 0x0, 0x69, 0x6c, 0x6c, 0x75, 0x73, 0x69,
    0x76, 0x65, 0x0, 0x69, 0x6d, 0x61, 0x67, 0x65, 0x0, 0x69, 0x6d, 0x61, 0x67, 0x69, 0x6e, 0x61,
    0x72, 0x79, 0x0, 0x69, 0x6d, 0x61, 0x67, 0x69, 0x6e, 0x65, 0x73, 0x0, 0x69, 0x6d, 0x61, 0x67,
    0x69, 0x6e, 0x67, 0x0, 0x69, 0x6d, 0x62, 0x65, 0x63, 0x69, 0x6c, 0x65, 0x0, 0x69, 0x6d, 0x69,
    0x74, 0x61, 0x74, 0x65, 0x0, 0x69, 0x6d, 0x69, 0x74, 0x61, 0x74, 0x69, 0x6f, 0x6e, 0x0, 0x69,
    0x6d, 0x6d, 0x61, 0x74, 0x75, 0x72, 0x65, 0x0, 0x69, 0x6d, 0x6d, 0x65, 0x72, 0x73, 0x65, 0x0,
    0x69, 0x6d, 0x6d, 0x65, 0x72, 0x73, 0x69, 0x6f, 0x6e, 0x0, 0x69, 0x6d, 0x6d, 0x69, 0x6e, 0x65,
    0x6e, 0x74, 0x0, 0x69, 0x6d, 0x6d, 0x6f, 0x62, 0x69, 0x6c, 0x65, 0x0, 0x69, 0x6d, 0x6d, 0x6f,
    0x64, 0x65, 0x73, 0x74, 0x0, 0x69, 0x6d, 0x6d, 0x6f, 0x72, 0x61, 0x6c, 0x6c, 0x79, 0x0, 0x69,
    0x6d, 0x6d, 0x6f, 0x72, 0x74, 0x61, 0x6c, 0x0, 0x69, 0x6d, 0x6d, 0x6f, 0x76, 0x61, 0x62, 0x6c,
    0x65, 0x0, 0x69, 0x6d, 0x6d, 0x6f, 0x76, 0x61, 0x62, 0x6c, 0x79, 0x0, 0x69, 0x6d, 0x6d, 0x75,
    0x6e, 0x69, 0x74, 0x79, 0x0, 0x69, 0x6d, 0x6d, 0x75, 0x6e, 0x69, 0x7a, 0x65, 0x0, 0x69, 0x6d,
    0x70, 0x61, 0x69, 0x72, 0x65, 0x64, 0x0, 0x69, 0x6d, 0x70, 0x61, 0x6c, 0x65, 0x0, 0x69, 0x6d,
    0x70, 0x61, 0x72, 0x74, 0x0, 0x69, 0x6d, 0x70, 0x61, 0x74, 0x69, 0x65, 0x6e, 0x74, 0x0, 0x69,
    0x6d, 0x70, 0x65, 0x61, 0x63, 0x68, 0x0, 0x69, 0x6d, 0x70, 0x65, 0x64, 0x69, 0x6e, 0x67, 0x0,
    0x69, 0x6d, 0x70, 0x65, 0x6e, 0x64, 0x69, 0x6e, 0x67, 0x0, 0x69, 0x6d, 0x70, 0x65, 0x72, 0x66,
    0x65, 0x63, 0x74, 0x0, 0x69, 0x6d, 0x70, 0x65, 0x72, 0x69, 0x61, 0x6c, 0x0, 0x69, 0x6d, 0x70,
    0x69, 0x73, 0x68, 0x0, 0x69, 0x6d, 0x70, 0x6c, 0x61, 0x6e, 0x74, 0x0, 0x69, 0x6d, 0x70, 0x6c,
    0x65, 0x6d, 0x65, 0x6e, 0x74, 0x0, 0x69, 0x6d, 0x70, 0x6c, 0x69, 0x63, 0x61, 0x74, 0x65, 0x0,
    0x69, 0x6d, 0x70, 0x6c, 0x69, 0x63, 0x69, 0x74, 0x0, 0x69, 0x6d, 0x70, 0x6c, 0x6f, 0x64, 0x65,
    0x0, 0x69, 0x6d, 0x70, 0x6c, 0x6f, 0x73, 0x69, 0x6f, 0x6e, 0x0, 0x69, 0x6d, 0x70, 0x6c, 0x6f,
    0x73, 0x69, 0x76, 0x65, 0x0, 0x69, 0x6d, 0x70, 0x6c, 0x79, 0x0, 0x69, 0x6d, 0x70, 0x6f, 0x6c,
    0x69, 0x74, 0x65, 0x0, 0x69, 0x6d, 0x70, 0x6f, 0x72, 0x74, 0x61, 0x6e, 0x74, 0x0, 0x69, 0x6d,
    0x70, 0x6f, 0x72, 0x74, 0x65, 0x72, 0x0, 0x69, 0x6d, 0x70, 0x6f, 0x73, 0x65, 0x0, 0x69, 0x6d,
    0x70, 0x6f, 0x73, 0x69, 0x6e, 0x67, 0x0, 0x69, 0x6d, 0x70, 0x6f, 0x74, 0x65, 0x6e, 0x63, 0x65,
    0x0, 0x69, 0x6d, 0x70, 0x6f, 0x74, 0x65, 0x6e, 0x63, 0x79, 0x0, 0x69, 0x6d, 0x70, 0x6f, 0x74,
    0x65, 0x6e, 0x74, 0x0, 0x69, 0x6d, 0x70, 0x6f, 0x75, 0x6e, 0x64, 0x0, 0x69, 0x6d, 0x70, 0x72,
    0x65, 0x63, 0x69, 0x73, 0x65, 0x0, 0x69, 0x6d, 0x70, 0x72, 0x69, 0x6e, 0x74, 0x0, 0x69, 0x6d,
    0x70, 0x72, 0x69, 0x73, 0x6f, 0x6e, 0x0, 0x69, 0x6d, 0x70, 0x72, 0x6f, 0x6d, 0x70, 0x74, 0x75,
    0x0, 0x69, 0x6d, 0x70, 0x72, 0x6f, 0x70, 0x65, 0x72, 0x0, 0x69, 0x6d, 0x70, 0x72, 0x6f, 0x76,
    0x65, 0x0, 0x69, 0x6d, 0x70, 0x72, 0x6f, 0x76, 0x69, 0x6e, 0x67, 0x0, 0x69, 0x6d, 0x70, 0x72,
    0x6f, 0x76, 0x69, 0x73, 0x65, 0x0, 0x69, 0x6d, 0x70, 0x72, 0x75, 0x64, 0x65, 0x6e, 0x74, 0x0,
    0x69, 0x6d, 0x70, 0x75, 0x6c, 0x73, 0x65, 0x0, 0x69, 0x6d, 0x70, 0x75, 0x6c, 0x73, 0x69, 0x76,
    0x65, 0x0, 0x69, 0x6d, 0x70, 0x75, 0x72, 0x65, 0x0, 0x69, 0x6d, 0x70, 0x75, 0x72, 0x69, 0x74,
    0x79, 0x0, 0x69, 0x6f, 0x64, 0x69, 0x6e, 0x65, 0x0, 0x69, 0x6f, 0x64, 0x69, 0x7a, 0x65, 0x0,
    0x69, 0x6f, 0x6e, 0x0, 0x69, 0x70, 0x61, 0x64, 0x0, 0x69, 0x70, 0x68, 0x6f, 0x6e, 0x65, 0x0,
    0x69, 0x70, 0x6f, 0x64, 0x0, 0x69, 0x72, 0x61, 0x74, 0x65, 0x0, 0x69, 0x72, 0x6b, 0x0, 0x69,
    0x72, 0x6f, 0x6e, 0x0, 0x69, 0x72, 0x72, 0x65, 0x67, 0x75, 0x6c, 0x61, 0x72, 0x0, 0x69, 0x72,
    0x72, 0x69, 0x67, 0x61, 0x74, 0x65, 0x0, 0x69, 0x72, 0x72, 0x69, 0x74, 0x61, 0x62, 0x6c, 0x65,
    0x0, 0x69, 0x72, 0x72, 0x69, 0x74, 0x61, 0x62, 0x6c, 0x79, 0x0, 0x69, 0x72, 0x72, 0x69, 0x74,
    0x61, 0x6e, 0x74, 0x0, 0x69, 0x72, 0x72, 0x69, 0x74, 0x61, 0x74, 0x65, 0x0, 0x69, 0x73, 0x6c,
    0x61, 0x6d, 0x69, 0x63, 0x0, 0x69, 0x73, 0x6c, 0x61, 0x6d, 0x69, 0x73, 0x74, 0x0, 0x69, 0x73,
    0x6f, 0x6c, 0x61, 0x74, 0x65, 0x64, 0x0, 0x69, 0x73, 0x6f, 0x6c, 0x61, 0x74, 0x69, 0x6e, 0x67,
    0x0, 0x69, 0x73, 0x6f, 0x6c, 0x61, 0x74, 0x69, 0x6f, 0x6e, 0x0, 0x69, 0x73, 0x6f, 0x74, 0x6f,
    0x70, 0x65, 0x0, 0x69, 0x73, 0x73, 0x75, 0x65, 0x0, 0x69, 0x73, 0x73, 0x75, 0x69, 0x6e, 0x67,
    0x0, 0x69, 0x74, 0x61, 0x6c, 0x69, 0x63, 0x69, 0x7a, 0x65, 0x0, 0x69, 0x74, 0x61, 0x6c, 0x69,
    0x63, 0x73, 0x0, 0x69, 0x74, 0x65, 0x6d, 0x0, 0x69, 0x74, 0x69, 0x6e, 0x65, 0x72, 0x61, 0x72,
    0x79, 0x0, 0x69, 0x74, 0x75, 0x6e, 0x65, 0x73, 0x0, 0x69, 0x76, 0x6f, 0x72, 0x79, 0x0, 0x69,
    0x76, 0x79, 0x0, 0x6a, 0x61, 0x62, 0x0, 0x6a, 0x61, 0x63, 0x6b, 0x61, 0x6c, 0x0, 0x6a, 0x61,
    0x63, 0x6b, 0x65, 0x74, 0x0, 0x6a, 0x61, 0x63, 0x6b, 0x6b, 0x6e, 0x69, 0x66, 0x65, 0x0, 0x6a,
    0x61, 0x63, 0x6b, 0x70, 0x6f, 0x74, 0x0, 0x6a, 0x61, 0x69, 0x6c, 0x62, 0x69, 0x72, 0x64, 0x0,
    0x6a, 0x61, 0x69, 0x6c, 0x62, 0x72, 0x65, 0x61, 0x6b, 0x0, 0x6a, 0x61, 0x69, 0x6c, 0x65, 0x72,
    0x0, 0x6a, 0x61, 0x69, 0x6c, 0x68, 0x6f, 0x75, 0x73, 0x65, 0x0, 0x6a, 0x61, 0x6c, 0x61, 0x70,
    0x65, 0x6e, 0x6f, 0x0, 0x6a, 0x61, 0x6d, 0x0, 0x6a, 0x61, 0x6e, 0x69, 0x74, 0x6f, 0x72, 0x0,
    0x6a, 0x61, 0x6e, 0x75, 0x61, 0x72, 0x79, 0x0, 0x6a, 0x61, 0x72, 0x67, 0x6f, 0x6e, 0x0, 0x6a,
    0x61, 0x72, 0x72, 0x69, 0x6e, 0x67, 0x0, 0x6a, 0x61, 0x73, 0x6d, 0x69, 0x6e, 0x65, 0x0, 0x6a,
    0x61, 0x75, 0x6e, 0x64, 0x69, 0x63, 0x65, 0x0, 0x6a, 0x61, 0x75, 0x6e, 0x74, 0x0, 0x6a, 0x61,
    0x76, 0x61, 0x0, 0x6a, 0x61, 0x77, 0x65, 0x64, 0x0, 0x6a, 0x61, 0x77, 0x6c, 0x65, 0x73, 0x73,
    0x0, 0x6a, 0x61, 0x77, 0x6c, 0x69, 0x6e, 0x65, 0x0, 0x6a, 0x61, 0x77, 0x73, 0x0, 0x6a, 0x61,
    0x79, 0x62, 0x69, 0x72, 0x64, 0x0, 0x6a, 0x61, 0x79, 0x77, 0x61, 0x6c, 0x6b, 0x65, 0x72, 0x0,
    0x6a, 0x61, 0x7a, 0x7a, 0x0, 0x6a, 0x65, 0x65, 0x70, 0x0, 0x6a, 0x65, 0x65, 0x72, 0x69, 0x6e,
    0x67, 0x6c, 0x79, 0x0, 0x6a, 0x65, 0x6c, 0x6c, 0x69, 0x65, 0x64, 0x0, 0x6a, 0x65, 0x6c, 0x6c,
    0x79, 0x0, 0x6a, 0x65, 0x72, 0x73, 0x65, 0x79, 0x0, 0x6a, 0x65, 0x73, 0x74, 0x65, 0x72, 0x0,
    0x6a, 0x65, 0x74, 0x0, 0x6a, 0x69, 0x66, 0x66, 0x79, 0x0, 0x6a, 0x69, 0x67, 0x73, 0x61, 0x77,
    0x0, 0x6a, 0x69, 0x6d, 0x6d, 0x79, 0x0, 0x6a, 0x69, 0x6e, 0x67, 0x6c, 0x65, 0x0, 0x6a, 0x69,
    0x6e, 0x67, 0x6c, 0x69, 0x6e, 0x67, 0x0, 0x6a, 0x69, 0x6e, 0x78, 0x0, 0x6a, 0x69, 0x74, 0x74,
    0x65, 0x72, 0x73, 0x0, 0x6a, 0x69, 0x74, 0x74, 0x65, 0x72, 0x79, 0x0, 0x6a, 0x6f, 0x62, 0x0,
    0x6a, 0x6f, 0x63, 0x6b, 0x65, 0x79, 0x0, 0x6a, 0x6f, 0x63, 0x6b, 0x73, 0x74, 0x72, 0x61, 0x70,
    0x0, 0x6a, 0x6f, 0x67, 0x67, 0x65, 0x72, 0x0, 0x6a, 0x6f, 0x67, 0x67, 0x69, 0x6e, 0x67, 0x0,
    0x6a, 0x6f, 0x68, 0x6e, 0x0, 0x6a, 0x6f, 0x69, 0x6e, 0x69, 0x6e, 0x67, 0x0, 0x6a, 0x6f, 0x6b,
    0x65, 0x73, 0x74, 0x65, 0x72, 0x0, 0x6a, 0x6f, 0x6b, 0x69, 0x6e, 0x67, 0x6c, 0x79, 0x0, 0x6a,
    0x6f, 0x6c, 0x6c, 0x69, 0x6e, 0x65, 0x73, 0x73, 0x0, 0x6a, 0x6f, 0x6c, 0x6c, 0x79, 0x0, 0x6a,
    0x6f, 0x6c, 0x74, 0x0, 0x6a, 0x6f, 0x74, 0x0, 0x6a, 0x6f, 0x76, 0x69, 0x61, 0x6c, 0x0, 0x6a,
    0x6f, 0x79, 0x66, 0x75, 0x6c, 0x6c, 0x79, 0x0, 0x6a, 0x6f, 0x79, 0x6c, 0x65, 0x73, 0x73, 0x6c,
    0x79, 0x0, 0x6a, 0x6f, 0x79, 0x6f, 0x75, 0x73, 0x0, 0x6a, 0x6f, 0x79, 0x72, 0x69, 0x64, 0x65,
    0x0, 0x6a, 0x6f, 0x79, 0x73, 0x74, 0x69, 0x63, 0x6b, 0x0, 0x6a, 0x75, 0x62, 0x69, 0x6c, 0x61,
    0x6e, 0x63, 0x65, 0x0, 0x6a, 0x75, 0x62, 0x69, 0x6c, 0x61, 0x6e, 0x74, 0x0, 0x6a, 0x75, 0x64,
    0x67, 0x65, 0x0, 0x6a, 0x75, 0x64, 0x67, 0x69, 0x6e, 0x67, 0x6c, 0x79, 0x0, 0x6a, 0x75, 0x64,
    0x69, 0x63, 0x69, 0x61, 0x6c, 0x0, 0x6a, 0x75, 0x64, 0x69, 0x63, 0x69, 0x61, 0x72, 0x79, 0x0,
    0x6a, 0x75, 0x64, 0x6f, 0x0, 0x6a, 0x75, 0x67, 0x67, 0x6c, 0x65, 0x0, 0x6a, 0x75, 0x67, 0x67,
    0x6c, 0x69, 0x6e, 0x67, 0x0, 0x6a, 0x75, 0x67, 0x75, 0x6c, 0x61, 0x72, 0x0, 0x6a, 0x75, 0x69,
    0x63, 0x65, 0x0, 0x6a, 0x75, 0x69, 0x63, 0x69, 0x6e, 0x65, 0x73, 0x73, 0x0, 0x6a, 0x75, 0x69,
    0x63, 0x79, 0x0, 0x6a, 0x75, 0x6a, 0x69, 0x74, 0x73, 0x75, 0x0, 0x6a, 0x75, 0x6b, 0x65, 0x62,
    0x6f, 0x78, 0x0, 0x6a, 0x75, 0x6c, 0x79, 0x0, 0x6a, 0x75, 0x6d, 0x62, 0x6c, 0x65, 0x0, 0x6a,
    0x75, 0x6d, 0x62, 0x6f, 0x0, 0x6a, 0x75, 0x6d, 0x70, 0x0, 0x6a, 0x75, 0x6e, 0x63, 0x74, 0x69,
    0x6f, 0x6e, 0x0, 0x6a, 0x75, 0x6e, 0x63, 0x74, 0x75, 0x72, 0x65, 0x0, 0x6a, 0x75, 0x6e, 0x65,
    0x0, 0x6a, 0x75, 0x6e, 0x69, 0x6f, 0x72, 0x0, 0x6a, 0x75, 0x6e, 0x69, 0x70, 0x65, 0x72, 0x0,
    0x6a, 0x75, 0x6e, 0x6b, 0x69, 0x65, 0x0, 0x6a, 0x75, 0x6e, 0x6b, 0x6d, 0x61, 0x6e, 0x0, 0x6a,
    0x75, 0x6e, 0x6b, 0x79, 0x61, 0x72, 0x64, 0x0, 0x6a, 0x75, 0x72, 0x69, 0x73, 0x74, 0x0, 0x6a,
    0x75, 0x72, 0x6f, 0x72, 0x0, 0x6a, 0x75, 0x72, 0x79, 0x0, 0x6a, 0x75, 0x73, 0x74, 0x69, 0x63,
    0x65, 0x0, 0x6a, 0x75, 0x73, 0x74, 0x69, 0x66, 0x69, 0x65, 0x72, 0x0, 0x6a, 0x75, 0x73, 0x74,
    0x69, 0x66, 0x79, 0x0, 0x6a, 0x75, 0x73, 0x74, 0x6c, 0x79, 0x0, 0x6a, 0x75, 0x73, 0x74, 0x6e,
    0x65, 0x73, 0x73, 0x0, 0x6a, 0x75, 0x76, 0x65, 0x6e, 0x69, 0x6c, 0x65, 0x0, 0x6b, 0x61, 0x62,
    0x6f, 0x62, 0x0, 0x6b, 0x61, 0x6e, 0x67, 0x61, 0x72, 0x6f, 0x6f, 0x0, 0x6b, 0x61, 0x72, 0x61,
    0x6f, 0x6b, 0x65, 0x0, 0x6b, 0x61, 0x72, 0x61, 0x74, 0x65, 0x0, 0x6b, 0x61, 0x72, 0x6d, 0x61,
    0x0, 0x6b, 0x65, 0x62, 0x61, 0x62, 0x0, 0x6b, 0x65, 0x65, 0x6e, 0x6c, 0x79, 0x0, 0x6b, 0x65,
    0x65, 0x6e, 0x6e, 0x65, 0x73, 0x73, 0x0, 0x6b, 0x65, 0x65, 0x70, 0x0, 0x6b, 0x65, 0x67, 0x0,
    0x6b, 0x65, 0x6c, 0x70, 0x0, 0x6b, 0x65, 0x6e, 0x6e, 0x65, 0x6c, 0x0, 0x6b, 0x65, 0x70, 0x74,
    0x0, 0x6b, 0x65, 0x72, 0x63, 0x68, 0x69, 0x65, 0x66, 0x0, 0x6b, 0x65, 0x72, 0x6f, 0x73, 0x65,
    0x6e, 0x65, 0x0, 0x6b, 0x65, 0x74, 0x74, 0x6c, 0x65, 0x0, 0x6b, 0x69, 0x63, 0x6b, 0x0, 0x6b,
    0x69, 0x6c, 0x6e, 0x0, 0x6b, 0x69, 0x6c, 0x6f, 0x62, 0x79, 0x74, 0x65, 0x0, 0x6b, 0x69, 0x6c,
    0x6f, 0x67, 0x72, 0x61, 0x6d, 0x0, 0x6b, 0x69, 0x6c, 0x6f, 0x6d, 0x65, 0x74, 0x65, 0x72, 0x0,
    0x6b, 0x69, 0x6c, 0x6f, 0x77, 0x61, 0x74, 0x74, 0x0, 0x6b, 0x69, 0x6c, 0x74, 0x0, 0x6b, 0x69,
    0x6d, 0x6f, 0x6e, 0x6f, 0x0, 0x6b, 0x69, 0x6e, 0x64, 0x6c, 0x65, 0x0, 0x6b, 0x69, 0x6e, 0x64,
    0x6c, 0x69, 0x6e, 0x67, 0x0, 0x6b, 0x69, 0x6e, 0x64, 0x6c, 0x79, 0x0, 0x6b, 0x69, 0x6e, 0x64,
    0x6e, 0x65, 0x73, 0x73, 0x0, 0x6b, 0x69, 0x6e, 0x64, 0x72, 0x65, 0x64, 0x0, 0x6b, 0x69, 0x6e,
    0x65, 0x74, 0x69, 0x63, 0x0, 0x6b, 0x69, 0x6e, 0x66, 0x6f, 0x6c, 0x6b, 0x0, 0x6b, 0x69, 0x6e,
    0x67, 0x0, 0x6b, 0x69, 0x6e, 0x73, 0x68, 0x69, 0x70, 0x0, 0x6b, 0x69, 0x6e, 0x73, 0x6d, 0x61,
    0x6e, 0x0, 0x6b, 0x69, 0x6e, 0x73, 0x77, 0x6f, 0x6d, 0x61, 0x6e, 0x0, 0x6b, 0x69, 0x73, 0x73,
    0x61, 0x62, 0x6c, 0x65, 0x0, 0x6b, 0x69, 0x73, 0x73, 0x65, 0x72, 0x0, 0x6b, 0x69, 0x73, 0x73,
    0x69, 0x6e, 0x67, 0x0, 0x6b, 0x69, 0x74, 0x63, 0x68, 0x65, 0x6e, 0x0, 0x6b, 0x69, 0x74, 0x65,
    0x0, 0x6b, 0x69, 0x74, 0x74, 0x65, 0x6e, 0x0, 0x6b, 0x69, 0x74, 0x74, 0x79, 0x0, 0x6b, 0x69,
    0x77, 0x69, 0x0, 0x6b, 0x6c, 0x65, 0x65, 0x6e, 0x65, 0x78, 0x0, 0x6b, 0x6e, 0x61, 0x70, 0x73,
    0x61, 0x63, 0x6b, 0x0, 0x6b, 0x6e, 0x65, 0x65, 0x0, 0x6b, 0x6e, 0x65, 0x6c, 0x74, 0x0, 0x6b,
    0x6e, 0x69, 0x63, 0x6b, 0x65, 0x72, 0x73, 0x0, 0x6b, 0x6e, 0x6f, 0x6c, 0x6c, 0x0, 0x6b, 0x6f,
    0x61, 0x6c, 0x61, 0x0, 0x6b, 0x6f, 0x6f, 0x6b, 0x79, 0x0, 0x6b, 0x6f, 0x73, 0x68, 0x65, 0x72,
    0x0, 0x6b, 0x72, 0x79, 0x70, 0x74, 0x6f, 0x6e, 0x0, 0x6b, 0x75, 0x64, 0x6f, 0x73, 0x0, 0x6b,
    0x75, 0x6e, 0x67, 0x0, 0x6c, 0x61, 0x62, 0x6f, 0x72, 0x65, 0x64, 0x0, 0x6c, 0x61, 0x62, 0x6f,
    0x72, 0x65, 0x72, 0x0, 0x6c, 0x61, 0x62, 0x6f, 0x72, 0x69, 0x6e, 0x67, 0x0, 0x6c, 0x61, 0x62,
    0x6f, 0x72, 0x69, 0x6f, 0x75, 0x73, 0x0, 0x6c, 0x61, 0x62, 0x72, 0x61, 0x64, 0x6f, 0x72, 0x0,
    0x6c, 0x61, 0x64, 0x64, 0x65, 0x72, 0x0, 0x6c, 0x61, 0x64, 0x69, 0x65, 0x73, 0x0, 0x6c, 0x61,
    0x64, 0x6c, 0x65, 0x0, 0x6c, 0x61, 0x64, 0x79, 0x62, 0x75, 0x67, 0x0, 0x6c, 0x61, 0x64, 0x79,
    0x6c, 0x69, 0x6b, 0x65, 0x0, 0x6c, 0x61, 0x67, 0x67, 0x65, 0x64, 0x0, 0x6c, 0x61, 0x67, 0x67,
    0x69, 0x6e, 0x67, 0x0, 0x6c, 0x61, 0x67, 0x6f, 0x6f, 0x6e, 0x0, 0x6c, 0x61, 0x69, 0x72, 0x0,
    0x6c, 0x61, 0x6b, 0x65, 0x0, 0x6c, 0x61, 0x6e, 0x63, 0x65, 0x0, 0x6c, 0x61, 0x6e, 0x64, 0x65,
    0x64, 0x0, 0x6c, 0x61, 0x6e, 0x64, 0x66, 0x61, 0x6c, 0x6c, 0x0, 0x6c, 0x61, 0x6e, 0x64, 0x66,
    0x69, 0x6c, 0x6c, 0x0, 0x6c, 0x61, 0x6e, 0x64, 0x69, 0x6e, 0x67, 0x0, 0x6c, 0x61, 0x6e, 0x64,
    0x6c, 0x61, 0x64, 0x79, 0x0, 0x6c, 0x61, 0x6e, 0x64, 0x6c, 0x65, 0x73, 0x73, 0x0, 0x6c, 0x61,
    0x6e, 0x64, 0x6c, 0x69, 0x6e, 0x65, 0x0, 0x6c, 0x61, 0x6e, 0x64, 0x6c, 0x6f, 0x72, 0x64, 0x0,
    0x6c, 0x61, 0x6e, 0x64, 0x6d, 0x61, 0x72, 0x6b, 0x0, 0x6c, 0x61, 0x6e, 0x64, 0x6d, 0x61, 0x73,
    0x73, 0x0, 0x6c, 0x61, 0x6e, 0x64, 0x6d, 0x69, 0x6e, 0x65, 0x0, 0x6c, 0x61, 0x6e, 0x64, 0x6f,
    0x77, 0x6e, 0x65, 0x72, 0x0, 0x6c, 0x61, 0x6e, 0x64, 0x73, 0x63, 0x61, 0x70, 0x65, 0x0, 0x6c,
    0x61, 0x6e, 0x64, 0x73, 0x69, 0x64, 0x65, 0x0, 0x6c, 0x61, 0x6e, 0x64, 0x73, 0x6c, 0x69, 0x64,
    0x65, 0x0, 0x6c, 0x61, 0x6e, 0x67, 0x75, 0x61, 0x67, 0x65, 0x0, 0x6c, 0x61, 0x6e, 0x6b, 0x69,
    0x6e, 0x65, 0x73, 0x73, 0x0, 0x6c, 0x61, 0x6e, 0x6b, 0x79, 0x0, 0x6c, 0x61, 0x6e, 0x74, 0x65,
    0x72, 0x6e, 0x0, 0x6c, 0x61, 0x70, 0x64, 0x6f, 0x67, 0x0, 0x6c, 0x61, 0x70, 0x65, 0x6c, 0x0,
    0x6c, 0x61, 0x70, 0x70, 0x65, 0x64, 0x0, 0x6c, 0x61, 0x70, 0x70, 0x69, 0x6e, 0x67, 0x0, 0x6c,
    0x61, 0x70, 0x74, 0x6f, 0x70, 0x0, 0x6c, 0x61, 0x72, 0x64, 0x0, 0x6c, 0x61, 0x72, 0x67, 0x65,
    0x0, 0x6c, 0x61, 0x72, 0x6b, 0x0, 0x6c, 0x61, 0x73, 0x68, 0x0, 0x6c, 0x61, 0x73, 0x73, 0x6f,
    0x0, 0x6c, 0x61, 0x73, 0x74, 0x0, 0x6c, 0x61, 0x74, 0x63, 0x68, 0x0, 0x6c, 0x61, 0x74, 0x65,
    0x0, 0x6c, 0x61, 0x74, 0x68, 0x65, 0x72, 0x0, 0x6c, 0x61, 0x74, 0x69, 0x74, 0x75, 0x64, 0x65,
    0x0, 0x6c, 0x61, 0x74, 0x72, 0x69, 0x6e, 0x65, 0x0, 0x6c, 0x61, 0x74, 0x74, 0x65, 0x72, 0x0,
    0x6c, 0x61, 0x74, 0x74, 0x69, 0x63, 0x65, 0x64, 0x0, 0x6c, 0x61, 0x75, 0x6e, 0x63, 0x68, 0x0,
    0x6c, 0x61, 0x75, 0x6e, 0x64, 0x65, 0x72, 0x0, 0x6c, 0x61, 0x75, 0x6e, 0x64, 0x72, 0x79, 0x0,
    0x6c, 0x61, 0x75, 0x72, 0x65, 0x6c, 0x0, 0x6c, 0x61, 0x76, 0x65, 0x6e, 0x64, 0x65, 0x72, 0x0,
    0x6c, 0x61, 0x76, 0x69, 0x73, 0x68, 0x0, 0x6c, 0x61, 0x78, 0x61, 0x74, 0x69, 0x76, 0x65, 0x0,
    0x6c, 0x61, 0x7a, 0x69, 0x6c, 0x79, 0x0, 0x6c, 0x61, 0x7a, 0x69, 0x6e, 0x65, 0x73, 0x73, 0x0,
    0x6c, 0x61, 0x7a, 0x79, 0x0, 0x6c, 0x65, 0x63, 0x74, 0x75, 0x72, 0x65, 0x72, 0x0, 0x6c, 0x65,
    0x66, 0x74, 0x0, 0x6c, 0x65, 0x67, 0x61, 0x63, 0x79, 0x0, 0x6c, 0x65, 0x67, 0x61, 0x6c, 0x0,
    0x6c, 0x65, 0x67, 0x65, 0x6e, 0x64, 0x0, 0x6c, 0x65, 0x67, 0x67, 0x65, 0x64, 0x0, 0x6c, 0x65,
    0x67, 0x67, 0x69, 0x6e, 0x67, 0x73, 0x0, 0x6c, 0x65, 0x67, 0x69, 0x62, 0x6c, 0x65, 0x0, 0x6c,
    0x65, 0x67, 0x69, 0x62, 0x6c, 0x79, 0x0, 0x6c, 0x65, 0x67, 0x69, 0x73, 0x6c, 0x61, 0x74, 0x65,
    0x0, 0x6c, 0x65, 0x67, 0x6f, 0x0, 0x6c, 0x65, 0x67, 0x72, 0x6f, 0x6f, 0x6d, 0x0, 0x6c, 0x65,
    0x67, 0x75, 0x6d, 0x65, 0x0, 0x6c, 0x65, 0x67, 0x77, 0x61, 0x72, 0x6d, 0x65, 0x72, 0x0, 0x6c,
    0x65, 0x67, 0x77, 0x6f, 0x72, 0x6b, 0x0, 0x6c, 0x65, 0x6d, 0x6f, 0x6e, 0x0, 0x6c, 0x65, 0x6e,
    0x64, 0x0, 0x6c, 0x65, 0x6e, 0x67, 0x74, 0x68, 0x0, 0x6c, 0x65, 0x6e, 0x73, 0x0, 0x6c, 0x65,
    0x6e, 0x74, 0x0, 0x6c, 0x65, 0x6f, 0x74, 0x61, 0x72, 0x64, 0x0, 0x6c, 0x65, 0x73, 0x73, 0x65,
    0x72, 0x0, 0x6c, 0x65, 0x74, 0x64, 0x6f, 0x77, 0x6e, 0x0, 0x6c, 0x65, 0x74, 0x68, 0x61, 0x72,
    0x67, 0x69, 0x63, 0x0, 0x6c, 0x65, 0x74, 0x68, 0x61, 0x72, 0x67, 0x79, 0x0, 0x6c, 0x65, 0x74,
    0x74, 0x65, 0x72, 0x0, 0x6c, 0x65, 0x74, 0x74, 0x75, 0x63, 0x65, 0x0, 0x6c, 0x65, 0x76, 0x65,
    0x6c, 0x0, 0x6c, 0x65, 0x76, 0x65, 0x72, 0x61, 0x67, 0x65, 0x0, 0x6c, 0x65, 0x76, 0x65, 0x72,
    0x73, 0x0, 0x6c, 0x65, 0x76, 0x69, 0x74, 0x61, 0x74, 0x65, 0x0, 0x6c, 0x65, 0x76, 0x69, 0x74,
    0x61, 0x74, 0x6f, 0x72, 0x0, 0x6c, 0x69, 0x61, 0x62, 0x69, 0x6c, 0x69, 0x74, 0x79, 0x0, 0x6c,
    0x69, 0x61, 0x62, 0x6c, 0x65, 0x0, 0x6c, 0x69, 0x62, 0x65, 0x72, 0x74, 0x79, 0x0, 0x6c, 0x69,
    0x62, 0x72, 0x61, 0x72, 0x69, 0x61, 0x6e, 0x0, 0x6c, 0x69, 0x62, 0x72, 0x61, 0x72, 0x79, 0x0,
    0x6c, 0x69, 0x63, 0x6b, 0x69, 0x6e, 0x67, 0x0, 0x6c, 0x69, 0x63, 0x6f, 0x72, 0x69, 0x63, 0x65,
    0x0, 0x6c, 0x69, 0x64, 0x0, 0x6c, 0x69, 0x66, 0x65, 0x0, 0x6c, 0x69, 0x66, 0x74, 0x65, 0x72,
    0x0, 0x6c, 0x69, 0x66, 0x74, 0x69, 0x6e, 0x67, 0x0, 0x6c, 0x69, 0x66, 0x74, 0x6f, 0x66, 0x66,
    0x0, 0x6c, 0x69, 0x67, 0x61, 0x6d, 0x65, 0x6e, 0x74, 0x0, 0x6c, 0x69, 0x6b, 0x65, 0x6c, 0x79,
    0x0, 0x6c, 0x69, 0x6b, 0x65, 0x6e, 0x65, 0x73, 0x73, 0x0, 0x6c, 0x69, 0x6b, 0x65, 0x77, 0x69,
    0x73, 0x65, 0x0, 0x6c, 0x69, 0x6b, 0x69, 0x6e, 0x67, 0x0, 0x6c, 0x69, 0x6c, 0x61, 0x63, 0x0,
    0x6c, 0x69, 0x6c, 0x6c, 0x79, 0x0, 0x6c, 0x69, 0x6c, 0x79, 0x0, 0x6c, 0x69, 0x6d, 0x62, 0x0,
    0x6c, 0x69, 0x6d, 0x65, 0x61, 0x64, 0x65, 0x0, 0x6c, 0x69, 0x6d, 0x65, 0x6c, 0x69, 0x67, 0x68,
    0x74, 0x0, 0x6c, 0x69, 0x6d, 0x65, 0x73, 0x0, 0x6c, 0x69, 0x6d, 0x69, 0x74, 0x0, 0x6c, 0x69,
    0x6d, 0x70, 0x69, 0x6e, 0x67, 0x0, 0x6c, 0x69, 0x6d, 0x70, 0x6e, 0x65, 0x73, 0x73, 0x0, 0x6c,
    0x69, 0x6e, 0x65, 0x0, 0x6c, 0x69, 0x6e, 0x67, 0x6f, 0x0, 0x6c, 0x69, 0x6e, 0x67, 0x75, 0x69,
    0x6e, 0x69, 0x0, 0x6c, 0x69, 0x6e, 0x67, 0x75, 0x69, 0x73, 0x74, 0x0, 0x6c, 0x69, 0x6e, 0x69,
    0x6e, 0x67, 0x0, 0x6c, 0x69, 0x6e, 0x6b, 0x65, 0x64, 0x0, 0x6c, 0x69, 0x6e, 0x6f, 0x6c, 0x65,
    0x75, 0x6d, 0x0, 0x6c, 0x69, 0x6e, 0x73, 0x65, 0x65, 0x64, 0x0, 0x6c, 0x69, 0x6e, 0x74, 0x0,
    0x6c, 0x69, 0x6f, 0x6e, 0x0, 0x6c, 0x69, 0x70, 0x0, 0x6c, 0x69, 0x71, 0x75, 0x65, 0x66, 0x79,
    0x0, 0x6c, 0x69, 0x71, 0x75, 0x65, 0x75, 0x72, 0x0, 0x6c, 0x69, 0x71, 0x75, 0x69, 0x64, 0x0,
    0x6c, 0x69, 0x73, 0x70, 0x0, 0x6c, 0x69, 0x73, 0x74, 0x0, 0x6c, 0x69, 0x74, 0x69, 0x67, 0x61,
    0x74, 0x65, 0x0, 0x6c, 0x69, 0x74, 0x69, 0x67, 0x61, 0x74, 0x6f, 0x72, 0x0, 0x6c, 0x69, 0x74,
    0x6d, 0x75, 0x73, 0x0, 0x6c, 0x69, 0x74, 0x74, 0x65, 0x72, 0x0, 0x6c, 0x69, 0x74, 0x74, 0x6c,
    0x65, 0x0, 0x6c, 0x69, 0x76, 0x61, 0x62, 0x6c, 0x65, 0x0, 0x6c, 0x69, 0x76, 0x65, 0x64, 0x0,
    0x6c, 0x69, 0x76, 0x65, 0x6c, 0x79, 0x0, 0x6c, 0x69, 0x76, 0x65, 0x72, 0x0, 0x6c, 0x69, 0x76,
    0x65, 0x73, 0x74, 0x6f, 0x63, 0x6b, 0x0, 0x6c, 0x69, 0x76, 0x69, 0x64, 0x6c, 0x79, 0x0, 0x6c,
    0x69, 0x76, 0x69, 0x6e, 0x67, 0x0, 0x6c, 0x69, 0x7a, 0x61, 0x72, 0x64, 0x0, 0x6c, 0x75, 0x62,
    0x72, 0x69, 0x63, 0x61, 0x6e, 0x74, 0x0, 0x6c, 0x75, 0x62, 0x72, 0x69, 0x63, 0x61, 0x74, 0x65,
    0x0, 0x6c, 0x75, 0x63, 0x69, 0x64, 0x0, 0x6c, 0x75, 0x63, 0x6b, 0x69, 0x6c, 0x79, 0x0, 0x6c,
    0x75, 0x63, 0x6b, 0x69, 0x6e, 0x65, 0x73, 0x73, 0x0, 0x6c, 0x75, 0x63, 0x6b, 0x6c, 0x65, 0x73,
    0x73, 0x0, 0x6c, 0x75, 0x63, 0x72, 0x61, 0x74, 0x69, 0x76, 0x65, 0x0, 0x6c, 0x75, 0x64, 0x69,
    0x63, 0x72, 0x6f, 0x75, 0x73, 0x0, 0x6c, 0x75, 0x67, 0x67, 0x65, 0x64, 0x0, 0x6c, 0x75, 0x6b,
    0x65, 0x77, 0x61, 0x72, 0x6d, 0x0, 0x6c, 0x75, 0x6c, 0x6c, 0x61, 0x62, 0x79, 0x0, 0x6c, 0x75,
    0x6d, 0x62, 0x65, 0x72, 0x0, 0x6c, 0x75, 0x6d, 0x69, 0x6e, 0x61, 0x6e, 0x63, 0x65, 0x0, 0x6c,
    0x75, 0x6d, 0x69, 0x6e, 0x6f, 0x75, 0x73, 0x0, 0x6c, 0x75, 0x6d, 0x70, 0x69, 0x6e, 0x65, 0x73,
    0x73, 0x0, 0x6c, 0x75, 0x6d, 0x70, 0x69, 0x6e, 0x67, 0x0, 0x6c, 0x75, 0x6d, 0x70, 0x69, 0x73,
    0x68, 0x0, 0x6c, 0x75, 0x6e, 0x61, 0x63, 0x79, 0x0, 0x6c, 0x75, 0x6e, 0x61, 0x72, 0x0, 0x6c,
    0x75, 0x6e, 0x63, 0x68, 0x62, 0x6f, 0x78, 0x0, 0x6c, 0x75, 0x6e, 0x63, 0x68, 0x65, 0x6f, 0x6e,
    0x0, 0x6c, 0x75, 0x6e, 0x63, 0x68, 0x72, 0x6f, 0x6f, 0x6d, 0x0, 0x6c, 0x75, 0x6e, 0x63, 0x68,
    0x74, 0x69, 0x6d, 0x65, 0x0, 0x6c, 0x75, 0x6e, 0x67, 0x0, 0x6c, 0x75, 0x72, 0x63, 0x68, 0x0,
    0x6c, 0x75, 0x72, 0x65, 0x0, 0x6c, 0x75, 0x72, 0x69, 0x64, 0x6e, 0x65, 0x73, 0x73, 0x0, 0x6c,
    0x75, 0x72, 0x6b, 0x0, 0x6c, 0x75, 0x73, 0x68, 0x6c, 0x79, 0x0, 0x6c, 0x75, 0x73, 0x68, 0x6e,
    0x65, 0x73, 0x73, 0x0, 0x6c, 0x75, 0x73, 0x74, 0x65, 0x72, 0x0, 0x6c, 0x75, 0x73, 0x74, 0x66,
    0x75, 0x6c, 0x6c, 0x79, 0x0, 0x6c, 0x75, 0x73, 0x74, 0x69, 0x6c, 0x79, 0x0, 0x6c, 0x75, 0x73,
    0x74, 0x69, 0x6e, 0x65, 0x73, 0x73, 0x0, 0x6c, 0x75, 0x73, 0x74, 0x72, 0x6f, 0x75, 0x73, 0x0,
    0x6c, 0x75, 0x73, 0x74, 0x79, 0x0, 0x6c, 0x75, 0x78, 0x75, 0x72, 0x69, 0x6f, 0x75, 0x73, 0x0,
    0x6c, 0x75, 0x78, 0x75, 0x72, 0x79, 0x0, 0x6c, 0x79, 0x69, 0x6e, 0x67, 0x0, 0x6c, 0x79, 0x72,
    0x69, 0x63, 0x61, 0x6c, 0x6c, 0x79, 0x0, 0x6c, 0x79, 0x72, 0x69, 0x63, 0x69, 0x73, 0x6d, 0x0,
    0x6c, 0x79, 0x72, 0x69, 0x63, 0x69, 0x73, 0x74, 0x0, 0x6c, 0x79, 0x72, 0x69, 0x63, 0x73, 0x0,
    0x6d, 0x61, 0x63, 0x61, 0x72, 0x65, 0x6e, 0x61, 0x0, 0x6d, 0x61, 0x63, 0x61, 0x72, 0x6f, 0x6e,
    0x69, 0x0, 0x6d, 0x61, 0x63, 0x61, 0x77, 0x0, 0x6d, 0x61, 0x63, 0x65, 0x0, 0x6d, 0x61, 0x63,
    0x68, 0x69, 0x6e, 0x65, 0x0, 0x6d, 0x61, 0x63, 0x68, 0x69, 0x6e, 0x69, 0x73, 0x74, 0x0, 0x6d,
    0x61, 0x67, 0x61, 0x7a, 0x69, 0x6e, 0x65, 0x0, 0x6d, 0x61, 0x67, 0x65, 0x6e, 0x74, 0x61, 0x0,
    0x6d, 0x61, 0x67, 0x67, 0x6f, 0x74, 0x0, 0x6d, 0x61, 0x67, 0x69, 0x63, 0x61, 0x6c, 0x0, 0x6d,
    0x61, 0x67, 0x69, 0x63, 0x69, 0x61, 0x6e, 0x0, 0x6d, 0x61, 0x67, 0x6d, 0x61, 0x0, 0x6d, 0x61,
    0x67, 0x6e, 0x65, 0x73, 0x69, 0x75, 0x6d, 0x0, 0x6d, 0x61, 0x67, 0x6e, 0x65, 0x74, 0x69, 0x63,
    0x0, 0x6d, 0x61, 0x67, 0x6e, 0x65, 0x74, 0x69, 0x73, 0x6d, 0x0, 0x6d, 0x61, 0x67, 0x6e, 0x65,
    0x74, 0x69, 0x7a, 0x65, 0x0, 0x6d, 0x61, 0x67, 0x6e, 0x69, 0x66, 0x69, 0x65, 0x72, 0x0, 0x6d,
    0x61, 0x67, 0x6e, 0x69, 0x66, 0x79, 0x0, 0x6d, 0x61, 0x67, 0x6e, 0x69, 0x74, 0x75, 0x64, 0x65,
    0x0, 0x6d, 0x61, 0x67, 0x6e, 0x6f, 0x6c, 0x69, 0x61, 0x0, 0x6d, 0x61, 0x68, 0x6f, 0x67, 0x61,
    0x6e, 0x79, 0x0, 0x6d, 0x61, 0x69, 0x6d, 0x65, 0x64, 0x0, 0x6d, 0x61, 0x6a, 0x65, 0x73, 0x74,
    0x69, 0x63, 0x0, 0x6d, 0x61, 0x6a, 0x65, 0x73, 0x74, 0x79, 0x0, 0x6d, 0x61, 0x6a, 0x6f, 0x72,
    0x65, 0x74, 0x74, 0x65, 0x0, 0x6d, 0x61, 0x6a, 0x6f, 0x72, 0x69, 0x74, 0x79, 0x0, 0x6d, 0x61,
    0x6b, 0x65, 0x6f, 0x76, 0x65, 0x72, 0x0, 0x6d, 0x61, 0x6b, 0x65, 0x72, 0x0, 0x6d, 0x61, 0x6b,
    0x65, 0x73, 0x68, 0x69, 0x66, 0x74, 0x0, 0x6d, 0x61, 0x6b, 0x69, 0x6e, 0x67, 0x0, 0x6d, 0x61,
    0x6c, 0x66, 0x6f, 0x72, 0x6d, 0x65, 0x64, 0x0, 0x6d, 0x61, 0x6c, 0x74, 0x0, 0x6d, 0x61, 0x6d,
    0x61, 0x0, 0x6d, 0x61, 0x6d, 0x6d, 0x61, 0x6c, 0x0, 0x6d, 0x61, 0x6d, 0x6d, 0x61, 0x72, 0x79,
    0x0, 0x6d, 0x61, 0x6d, 0x6d, 0x6f, 0x67, 0x72, 0x61, 0x6d, 0x0, 0x6d, 0x61, 0x6e, 0x61, 0x67,
    0x65, 0x72, 0x0, 0x6d, 0x61, 0x6e, 0x61, 0x67, 0x69, 0x6e, 0x67, 0x0, 0x6d, 0x61, 0x6e, 0x61,
    0x74, 0x65, 0x65, 0x0, 0x6d, 0x61, 0x6e, 0x64, 0x61, 0x72, 0x69, 0x6e, 0x0, 0x6d, 0x61, 0x6e,
    0x64, 0x61, 0x74, 0x65, 0x0, 0x6d, 0x61, 0x6e, 0x64, 0x61, 0x74, 0x6f, 0x72, 0x79, 0x0, 0x6d,
    0x61, 0x6e, 0x64, 0x6f, 0x6c, 0x69, 0x6e, 0x0, 0x6d, 0x61, 0x6e, 0x67, 0x65, 0x72, 0x0, 0x6d,
    0x61, 0x6e, 0x67, 0x6c, 0x65, 0x0, 0x6d, 0x61, 0x6e, 0x67, 0x6f, 0x0, 0x6d, 0x61, 0x6e, 0x67,
    0x79, 0x0, 0x6d, 0x61, 0x6e, 0x68, 0x61, 0x6e, 0x64, 0x6c, 0x65, 0x0, 0x6d, 0x61, 0x6e, 0x68,
    0x6f, 0x6c, 0x65, 0x0, 0x6d, 0x61, 0x6e, 0x68, 0x6f, 0x6f, 0x64, 0x0, 0x6d, 0x61, 0x6e, 0x68,
    0x75, 0x6e, 0x74, 0x0, 0x6d, 0x61, 0x6e, 0x69, 0x63, 0x6f, 0x74, 0x74, 0x69, 0x0, 0x6d, 0x61,
    0x6e, 0x69, 0x63, 0x75, 0x72, 0x65, 0x0, 0x6d, 0x61, 0x6e, 0x69, 0x66, 0x65, 0x73, 0x74, 0x6f,
    0x0, 0x6d, 0x61, 0x6e, 0x69, 0x6c, 0x61, 0x0, 0x6d, 0x61, 0x6e, 0x6b, 0x69, 0x6e, 0x64, 0x0,
    0x6d, 0x61, 0x6e, 0x6c, 0x69, 0x6b, 0x65, 0x0, 0x6d, 0x61, 0x6e, 0x6c, 0x69, 0x6e, 0x65, 0x73,
    0x73, 0x0, 0x6d, 0x61, 0x6e, 0x6c, 0x79, 0x0, 0x6d, 0x61, 0x6e, 0x6d, 0x61, 0x64, 0x65, 0x0,
    0x6d, 0x61, 0x6e, 0x6e, 0x65, 0x64, 0x0, 0x6d, 0x61, 0x6e, 0x6e, 0x69, 0x73, 0x68, 0x0, 0x6d,
    0x61, 0x6e, 0x6f, 0x72, 0x0, 0x6d, 0x61, 0x6e, 0x70, 0x6f, 0x77, 0x65, 0x72, 0x0, 0x6d, 0x61,
    0x6e, 0x74, 0x69, 0x73, 0x0, 0x6d, 0x61, 0x6e, 0x74, 0x72, 0x61, 0x0, 0x6d, 0x61, 0x6e, 0x75,
    0x61, 0x6c, 0x0, 0x6d, 0x61, 0x6e, 0x79, 0x0, 0x6d, 0x61, 0x70, 0x0, 0x6d, 0x61, 0x72, 0x61,
    0x74, 0x68, 0x6f, 0x6e, 0x0, 0x6d, 0x61, 0x72, 0x61, 0x75, 0x64, 0x69, 0x6e, 0x67, 0x0, 0x6d,
    0x61, 0x72, 0x62, 0x6c, 0x65, 0x64, 0x0, 0x6d, 0x61, 0x72, 0x62, 0x6c, 0x65, 0x73, 0x0, 0x6d,
    0x61, 0x72, 0x62, 0x6c, 0x69, 0x6e, 0x67, 0x0, 0x6d, 0x61, 0x72, 0x63, 0x68, 0x0, 0x6d, 0x61,
    0x72, 0x64, 0x69, 0x0, 0x6d, 0x61, 0x72, 0x67, 0x61, 0x72, 0x69, 0x6e, 0x65, 0x0, 0x6d, 0x61,
    0x72, 0x67, 0x61, 0x72, 0x69, 0x74, 0x61, 0x0, 0x6d, 0x61, 0x72, 0x67, 0x69, 0x6e, 0x0, 0x6d,
    0x61, 0x72, 0x69, 0x67, 0x6f, 0x6c, 0x64, 0x0, 0x6d, 0x61, 0x72, 0x69, 0x6e, 0x61, 0x0, 0x6d,
    0x61, 0x72, 0x69, 0x6e, 0x65, 0x0, 0x6d, 0x61, 0x72, 0x69, 0x74, 0x61, 0x6c, 0x0, 0x6d, 0x61,
    0x72, 0x69, 0x74, 0x69, 0x6d, 0x65, 0x0, 0x6d, 0x61, 0x72, 0x6c, 0x69, 0x6e, 0x0, 0x6d, 0x61,
    0x72, 0x6d, 0x61, 0x6c, 0x61, 0x64, 0x65, 0x0, 0x6d, 0x61, 0x72, 0x6f, 0x6f, 0x6e, 0x0, 0x6d,
    0x61, 0x72, 0x72, 0x69, 0x65, 0x64, 0x0, 0x6d, 0x61, 0x72, 0x72, 0x6f, 0x77, 0x0, 0x6d, 0x61,
    0x72, 0x72, 0x79, 0x0, 0x6d, 0x61, 0x72, 0x73, 0x68, 0x6c, 0x61, 0x6e, 0x64, 0x0, 0x6d, 0x61,
    0x72, 0x73, 0x68, 0x79, 0x0, 0x6d, 0x61, 0x72, 0x73, 0x75, 0x70, 0x69, 0x61, 0x6c, 0x0, 0x6d,
    0x61, 0x72, 0x76, 0x65, 0x6c, 0x6f, 0x75, 0x73, 0x0, 0x6d, 0x61, 0x72, 0x78, 0x69, 0x73, 0x6d,
    0x0, 0x6d, 0x61, 0x73, 0x63, 0x6f, 0x74, 0x0, 0x6d, 0x61, 0x73, 0x63, 0x75, 0x6c, 0x69, 0x6e,
    0x65, 0x0, 0x6d, 0x61, 0x73, 0x68, 0x65, 0x64, 0x0, 0x6d, 0x61, 0x73, 0x68, 0x69, 0x6e, 0x67,
    0x0, 0x6d, 0x61, 0x73, 0x73, 0x61, 0x67, 0x65, 0x72, 0x0, 0x6d, 0x61, 0x73, 0x73, 0x65, 0x73,
    0x0, 0x6d, 0x61, 0x73, 0x73, 0x69, 0x76, 0x65, 0x0, 0x6d, 0x61, 0x73, 0x74, 0x69, 0x66, 0x66,
    0x0, 0x6d, 0x61, 0x74, 0x61, 0x64, 0x6f, 0x72, 0x0, 0x6d, 0x61, 0x74, 0x63, 0x68, 0x62, 0x6f,
    0x6f, 0x6b, 0x0, 0x6d, 0x61, 0x74, 0x63, 0x68, 0x62, 0x6f, 0x78, 0x0, 0x6d, 0x61, 0x74, 0x63,
    0x68, 0x65, 0x72, 0x0, 0x6d, 0x61, 0x74, 0x63, 0x68, 0x69, 0x6e, 0x67, 0x0, 0x6d, 0x61, 0x74,
    0x63, 0x68, 0x6c, 0x65, 0x73, 0x73, 0x0, 0x6d, 0x61, 0x74, 0x65, 0x72, 0x69, 0x61, 0x6c, 0x0,
    0x6d, 0x61, 0x74, 0x65, 0x72, 0x6e, 0x61, 0x6c, 0x0, 0x6d, 0x61, 0x74, 0x65, 0x72, 0x6e, 0x69,
    0x74, 0x79, 0x0, 0x6d, 0x61, 0x74, 0x68, 0x0, 0x6d, 0x61, 0x74, 0x69, 0x6e, 0x67, 0x0, 0x6d,
    0x61, 0x74, 0x72, 0x69, 0x61, 0x72, 0x63, 0x68, 0x0, 0x6d, 0x61, 0x74, 0x72, 0x69, 0x6d, 0x6f,
    0x6e, 0x79, 0x0, 0x6d, 0x61, 0x74, 0x72, 0x69, 0x78, 0x0, 0x6d, 0x61, 0x74, 0x72, 0x6f, 0x6e,
    0x0, 0x6d, 0x61, 0x74, 0x74, 0x65, 0x64, 0x0, 0x6d, 0x61, 0x74, 0x74, 0x65, 0x72, 0x0, 0x6d,
    0x61, 0x74, 0x75, 0x72, 0x65, 0x6c, 0x79, 0x0, 0x6d, 0x61, 0x74, 0x75, 0x72, 0x69, 0x6e, 0x67,
    0x0, 0x6d, 0x61, 0x74, 0x75, 0x72, 0x69, 0x74, 0x79, 0x0, 0x6d, 0x61, 0x75, 0x76, 0x65, 0x0,
    0x6d, 0x61, 0x76, 0x65, 0x72, 0x69, 0x63, 0x6b, 0x0, 0x6d, 0x61, 0x78, 0x69, 0x6d, 0x69, 0x7a,
    0x65, 0x0, 0x6d, 0x61, 0x78, 0x69, 0x6d, 0x75, 0x6d, 0x0, 0x6d, 0x61, 0x79, 0x62, 0x65, 0x0,
    0x6d, 0x61, 0x79, 0x64, 0x61, 0x79, 0x0, 0x6d, 0x61, 0x79, 0x66, 0x6c, 0x6f, 0x77, 0x65, 0x72,
    0x0, 0x6d, 0x6f, 0x61, 0x6e, 0x65, 0x72, 0x0, 0x6d, 0x6f, 0x61, 0x6e, 0x69, 0x6e, 0x67, 0x0,
    0x6d, 0x6f, 0x62, 0x69, 0x6c, 0x65, 0x0, 0x6d, 0x6f, 0x62, 0x69, 0x6c, 0x69, 0x74, 0x79, 0x0,
    0x6d, 0x6f, 0x62, 0x69, 0x6c, 0x69, 0x7a, 0x65, 0x0, 0x6d, 0x6f, 0x62, 0x73, 0x74, 0x65, 0x72,
    0x0, 0x6d, 0x6f, 0x63, 0x68, 0x61, 0x0, 0x6d, 0x6f, 0x63, 0x6b, 0x65, 0x72, 0x0, 0x6d, 0x6f,
    0x63, 0x6b, 0x75, 0x70, 0x0, 0x6d, 0x6f, 0x64, 0x69, 0x66, 0x69, 0x65, 0x64, 0x0, 0x6d, 0x6f,
    0x64, 0x69, 0x66, 0x79, 0x0, 0x6d, 0x6f, 0x64, 0x75, 0x6c, 0x61, 0x72, 0x0, 0x6d, 0x6f, 0x64,
    0x75, 0x6c, 0x61, 0x74, 0x6f, 0x72, 0x0, 0x6d, 0x6f, 0x64, 0x75, 0x6c, 0x65, 0x0, 0x6d, 0x6f,
    0x69, 0x73, 0x74, 0x65, 0x6e, 0x0, 0x6d, 0x6f, 0x69, 0x73, 0x74, 0x6e, 0x65, 0x73, 0x73, 0x0,
    0x6d, 0x6f, 0x69, 0x73, 0x74, 0x75, 0x72, 0x65, 0x0, 0x6d, 0x6f, 0x6c, 0x61, 0x72, 0x0, 0x6d,
    0x6f, 0x6c, 0x61, 0x73, 0x73, 0x65, 0x73, 0x0, 0x6d, 0x6f, 0x6c, 0x64, 0x0, 0x6d, 0x6f, 0x6c,
    0x65, 0x63, 0x75, 0x6c, 0x61, 0x72, 0x0, 0x6d, 0x6f, 0x6c, 0x65, 0x63, 0x75, 0x6c, 0x65, 0x0,
    0x6d, 0x6f, 0x6c, 0x65, 0x68, 0x69, 0x6c, 0x6c, 0x0, 0x6d, 0x6f, 0x6c, 0x6c, 0x75, 0x73, 0x6b,
    0x0, 0x6d, 0x6f, 0x6d, 0x0, 0x6d, 0x6f, 0x6e, 0x61, 0x73, 0x74, 0x65, 0x72, 0x79, 0x0, 0x6d,
    0x6f, 0x6e, 0x64, 0x61, 0x79, 0x0, 0x6d, 0x6f, 0x6e, 0x65, 0x74, 0x61, 0x72, 0x79, 0x0, 0x6d,
    0x6f, 0x6e, 0x65, 0x74, 0x69, 0x7a, 0x65, 0x0, 0x6d, 0x6f, 0x6e, 0x65, 0x79, 0x62, 0x61, 0x67,
    0x73, 0x0, 0x6d, 0x6f, 0x6e, 0x65, 0x79, 0x6c, 0x65, 0x73, 0x73, 0x0, 0x6d, 0x6f, 0x6e, 0x65,
    0x79, 0x77, 0x69, 0x73, 0x65, 0x0, 0x6d, 0x6f, 0x6e, 0x67, 0x6f, 0x6f, 0x73, 0x65, 0x0, 0x6d,
    0x6f, 0x6e, 0x67, 0x72, 0x65, 0x6c, 0x0, 0x6d, 0x6f, 0x6e, 0x69, 0x74, 0x6f, 0x72, 0x0, 0x6d,
    0x6f, 0x6e, 0x6b, 0x68, 0x6f, 0x6f, 0x64, 0x0, 0x6d, 0x6f, 0x6e, 0x6f, 0x67, 0x61, 0x6d, 0x79,
    0x0, 0x6d, 0x6f, 0x6e, 0x6f, 0x67, 0x72, 0x61, 0x6d, 0x0, 0x6d, 0x6f, 0x6e, 0x6f, 0x6c, 0x6f,
    0x67, 0x75, 0x65, 0x0, 0x6d, 0x6f, 0x6e, 0x6f, 0x70, 0x6f, 0x6c, 0x79, 0x0, 0x6d, 0x6f, 0x6e,
    0x6f, 0x72, 0x61, 0x69, 0x6c, 0x0, 0x6d, 0x6f, 0x6e, 0x6f, 0x74, 0x6f, 0x6e, 0x65, 0x0, 0x6d,
    0x6f, 0x6e, 0x6f, 0x74, 0x79, 0x70, 0x65, 0x0, 0x6d, 0x6f, 0x6e, 0x6f, 0x78, 0x69, 0x64, 0x65,
    0x0, 0x6d, 0x6f, 0x6e, 0x73, 0x69, 0x65, 0x75, 0x72, 0x0, 0x6d, 0x6f, 0x6e, 0x73, 0x6f, 0x6f,
    0x6e, 0x0, 0x6d, 0x6f, 0x6e, 0x73, 0x74, 0x72, 0x6f, 0x75, 0x73, 0x0, 0x6d, 0x6f, 0x6e, 0x74,
    0x68, 0x6c, 0x79, 0x0, 0x6d, 0x6f, 0x6e, 0x75, 0x6d, 0x65, 0x6e, 0x74, 0x0, 0x6d, 0x6f, 0x6f,
    0x63, 0x68, 0x65, 0x72, 0x0, 0x6d, 0x6f, 0x6f, 0x64, 0x69, 0x6e, 0x65, 0x73, 0x73, 0x0, 0x6d,
    0x6f, 0x6f, 0x64, 0x79, 0x0, 0x6d, 0x6f, 0x6f, 0x69, 0x6e, 0x67, 0x0, 0x6d, 0x6f, 0x6f, 0x6e,
    0x62, 0x65, 0x61, 0x6d, 0x0, 0x6d, 0x6f, 0x6f, 0x6e, 0x65, 0x64, 0x0, 0x6d, 0x6f, 0x6f, 0x6e,
    0x6c, 0x69, 0x67, 0x68, 0x74, 0x0, 0x6d, 0x6f, 0x6f, 0x6e, 0x6c, 0x69, 0x6b, 0x65, 0x0, 0x6d,
    0x6f, 0x6f, 0x6e, 0x6c, 0x69, 0x74, 0x0, 0x6d, 0x6f, 0x6f, 0x6e, 0x72, 0x69, 0x73, 0x65, 0x0,
    0x6d, 0x6f, 0x6f, 0x6e, 0x73, 0x63, 0x61, 0x70, 0x65, 0x0, 0x6d, 0x6f, 0x6f, 0x6e, 0x73, 0x68,
    0x69, 0x6e, 0x65, 0x0, 0x6d, 0x6f, 0x6f, 0x6e, 0x73, 0x74, 0x6f, 0x6e, 0x65, 0x0, 0x6d, 0x6f,
    0x6f, 0x6e, 0x77, 0x61, 0x6c, 0x6b, 0x0, 0x6d, 0x6f, 0x70, 0x0, 0x6d, 0x6f, 0x72, 0x61, 0x6c,
    0x65, 0x0, 0x6d, 0x6f, 0x72, 0x61, 0x6c, 0x69, 0x74, 0x79, 0x0, 0x6d, 0x6f, 0x72, 0x61, 0x6c,
    0x6c, 0x79, 0x0, 0x6d, 0x6f, 0x72, 0x62, 0x69, 0x64, 0x69, 0x74, 0x79, 0x0, 0x6d, 0x6f, 0x72,
    0x62, 0x69, 0x64, 0x6c, 0x79, 0x0, 0x6d, 0x6f, 0x72, 0x70, 0x68, 0x69, 0x6e, 0x65, 0x0, 0x6d,
    0x6f, 0x72, 0x70, 0x68, 0x69, 0x6e, 0x67, 0x0, 0x6d, 0x6f, 0x72, 0x73, 0x65, 0x0, 0x6d, 0x6f,
    0x72, 0x74, 0x61, 0x6c, 0x69, 0x74, 0x79, 0x0, 0x6d, 0x6f, 0x72, 0x74, 0x61, 0x6c, 0x6c, 0x79,
    0x0, 0x6d, 0x6f, 0x72, 0x74, 0x69, 0x63, 0x69, 0x61, 0x6e, 0x0, 0x6d, 0x6f, 0x72, 0x74, 0x69,
    0x66, 0x69, 0x65, 0x64, 0x0, 0x6d, 0x6f, 0x72, 0x74, 0x69, 0x66, 0x79, 0x0, 0x6d, 0x6f, 0x72,
    0x74, 0x75, 0x61, 0x72, 0x79, 0x0, 0x6d, 0x6f, 0x73, 0x61, 0x69, 0x63, 0x0, 0x6d, 0x6f, 0x73,
    0x73, 0x79, 0x0, 0x6d, 0x6f, 0x73, 0x74, 0x0, 0x6d, 0x6f, 0x74, 0x68, 0x62, 0x61, 0x6c, 0x6c,
    0x0, 0x6d, 0x6f, 0x74, 0x68, 0x70, 0x72, 0x6f, 0x6f, 0x66, 0x0, 0x6d, 0x6f, 0x74, 0x69, 0x6f,
    0x6e, 0x0, 0x6d, 0x6f, 0x74, 0x69, 0x76, 0x61, 0x74, 0x65, 0x0, 0x6d, 0x6f, 0x74, 0x69, 0x76,
    0x61, 0x74, 0x6f, 0x72, 0x0, 0x6d, 0x6f, 0x74, 0x69, 0x76, 0x65, 0x0, 0x6d, 0x6f, 0x74, 0x6f,
    0x63, 0x72, 0x6f, 0x73, 0x73, 0x0, 0x6d, 0x6f, 0x74, 0x6f, 0x72, 0x0, 0x6d, 0x6f, 0x74, 0x74,
    0x6f, 0x0, 0x6d, 0x6f, 0x75, 0x6e, 0x74, 0x61, 0x62, 0x6c, 0x65, 0x0, 0x6d, 0x6f, 0x75, 0x6e,
    0x74, 0x61, 0x69, 0x6e, 0x0, 0x6d, 0x6f, 0x75, 0x6e, 0x74, 0x65, 0x64, 0x0, 0x6d, 0x6f, 0x75,
    0x6e, 0x74, 0x69, 0x6e, 0x67, 0x0, 0x6d, 0x6f, 0x75, 0x72, 0x6e, 0x65, 0x72, 0x0, 0x6d, 0x6f,
    0x75, 0x72, 0x6e, 0x66, 0x75, 0x6c, 0x0, 0x6d, 0x6f, 0x75, 0x73, 0x65, 0x0, 0x6d, 0x6f, 0x75,
    0x73, 0x69, 0x6e, 0x65, 0x73, 0x73, 0x0, 0x6d, 0x6f, 0x75, 0x73, 0x74, 0x61, 0x63, 0x68, 0x65,
    0x0, 0x6d, 0x6f, 0x75, 0x73, 0x79, 0x0, 0x6d, 0x6f, 0x75, 0x74, 0x68, 0x0, 0x6d, 0x6f, 0x76,
    0x61, 0x62, 0x6c, 0x65, 0x0, 0x6d, 0x6f, 0x76, 0x65, 0x0, 0x6d, 0x6f, 0x76, 0x69, 0x65, 0x0,
    0x6d, 0x6f, 0x76, 0x69, 0x6e, 0x67, 0x0, 0x6d, 0x6f, 0x77, 0x65, 0x72, 0x0, 0x6d, 0x6f, 0x77,
    0x69, 0x6e, 0x67, 0x0, 0x6d, 0x75, 0x63, 0x68, 0x0, 0x6d, 0x75, 0x63, 0x6b, 0x0, 0x6d, 0x75,
    0x64, 0x0, 0x6d, 0x75, 0x67, 0x0, 0x6d, 0x75, 0x6c, 0x62, 0x65, 0x72, 0x72, 0x79, 0x0, 0x6d,
    0x75, 0x6c, 0x63, 0x68, 0x0, 0x6d, 0x75, 0x6c, 0x65, 0x0, 0x6d, 0x75, 0x6c, 0x6c, 0x65, 0x64,
    0x0, 0x6d, 0x75, 0x6c, 0x6c, 0x65, 0x74, 0x73, 0x0, 0x6d, 0x75, 0x6c, 0x74, 0x69, 0x70, 0x6c,
    0x65, 0x0, 0x6d, 0x75, 0x6c, 0x74, 0x69, 0x70, 0x6c, 0x79, 0x0, 0x6d, 0x75, 0x6c, 0x74, 0x69,
    0x74, 0x61, 0x73, 0x6b, 0x0, 0x6d, 0x75, 0x6c, 0x74, 0x69, 0x74, 0x75, 0x64, 0x65, 0x0, 0x6d,
    0x75, 0x6d, 0x62, 0x6c, 0x65, 0x0, 0x6d, 0x75, 0x6d, 0x62, 0x6c, 0x69, 0x6e, 0x67, 0x0, 0x6d,
    0x75, 0x6d, 0x62, 0x6f, 0x0, 0x6d, 0x75, 0x6d, 0x6d, 0x69, 0x66, 0x69, 0x65, 0x64, 0x0, 0x6d,
    0x75, 0x6d, 0x6d, 0x69, 0x66, 0x79, 0x0, 0x6d, 0x75, 0x6d, 0x6d, 0x79, 0x0, 0x6d, 0x75, 0x6d,
    0x70, 0x73, 0x0, 0x6d, 0x75, 0x6e, 0x63, 0x68, 0x6b, 0x69, 0x6e, 0x0, 0x6d, 0x75, 0x6e, 0x64,
    0x61, 0x6e, 0x65, 0x0, 0x6d, 0x75, 0x6e, 0x69, 0x63, 0x69, 0x70, 0x61, 0x6c, 0x0, 0x6d, 0x75,
    0x70, 0x70, 0x65, 0x74, 0x0, 0x6d, 0x75, 0x72, 0x61, 0x6c, 0x0, 0x6d, 0x75, 0x72, 0x6b, 0x69,
    0x6e, 0x65, 0x73, 0x73, 0x0, 0x6d, 0x75, 0x72, 0x6b, 0x79, 0x0, 0x6d, 0x75, 0x72, 0x6d, 0x75,
    0x72, 0x69, 0x6e, 0x67, 0x0, 0x6d, 0x75, 0x73, 0x63, 0x75, 0x6c, 0x61, 0x72, 0x0, 0x6d, 0x75,
    0x73, 0x65, 0x75, 0x6d, 0x0, 0x6d, 0x75, 0x73, 0x68, 0x69, 0x6c, 0x79, 0x0, 0x6d, 0x75, 0x73,
    0x68, 0x69, 0x6e, 0x65, 0x73, 0x73, 0x0, 0x6d, 0x75, 0x73, 0x68, 0x72, 0x6f, 0x6f, 0x6d, 0x0,
    0x6d, 0x75, 0x73, 0x68, 0x79, 0x0, 0x6d, 0x75, 0x73, 0x69, 0x63, 0x0, 0x6d, 0x75, 0x73, 0x6b,
    0x65, 0x74, 0x0, 0x6d, 0x75, 0x73, 0x6b, 0x69, 0x6e, 0x65, 0x73, 0x73, 0x0, 0x6d, 0x75, 0x73,
    0x6b, 0x79, 0x0, 0x6d, 0x75, 0x73, 0x74, 0x61, 0x6e, 0x67, 0x0, 0x6d, 0x75, 0x73, 0x74, 0x61,
    0x72, 0x64, 0x0, 0x6d, 0x75, 0x73, 0x74, 0x65, 0x72, 0x0, 0x6d, 0x75, 0x73, 0x74, 0x69, 0x6e,
    0x65, 0x73, 0x73, 0x0, 0x6d, 0x75, 0x73, 0x74, 0x79, 0x0, 0x6d, 0x75, 0x74, 0x61, 0x62, 0x6c,
    0x65, 0x0, 0x6d, 0x75, 0x74, 0x61, 0x74, 0x65, 0x0, 0x6d, 0x75, 0x74, 0x61, 0x74, 0x69, 0x6f,
    0x6e, 0x0, 0x6d, 0x75, 0x74, 0x65, 0x0, 0x6d, 0x75, 0x74, 0x69, 0x6c, 0x61, 0x74, 0x65, 0x64,
    0x0, 0x6d, 0x75, 0x74, 0x69, 0x6c, 0x61, 0x74, 0x6f, 0x72, 0x0, 0x6d, 0x75, 0x74, 0x69, 0x6e,
    0x79, 0x0, 0x6d, 0x75, 0x74, 0x74, 0x0, 0x6d, 0x75, 0x74, 0x75, 0x61, 0x6c, 0x0, 0x6d, 0x75,
    0x7a, 0x7a, 0x6c, 0x65, 0x0, 0x6d, 0x79, 0x73, 0x65, 0x6c, 0x66, 0x0, 0x6d, 0x79, 0x73, 0x70,
    0x61, 0x63, 0x65, 0x0, 0x6d, 0x79, 0x73, 0x74, 0x69, 0x66, 0x69, 0x65, 0x64, 0x0, 0x6d, 0x79,
    0x73, 0x74, 0x69, 0x66, 0x79, 0x0, 0x6d, 0x79, 0x74, 0x68, 0x0, 0x6e, 0x61, 0x63, 0x68, 0x6f,
    0x0, 0x6e, 0x61, 0x67, 0x0, 0x6e, 0x61, 0x69, 0x6c, 0x0, 0x6e, 0x61, 0x6d, 0x65, 0x0, 0x6e,
    0x61, 0x6d, 0x69, 0x6e, 0x67, 0x0, 0x6e, 0x61, 0x6e, 0x6e, 0x79, 0x0, 0x6e, 0x61, 0x6e, 0x6f,
    0x6d, 0x65, 0x74, 0x65, 0x72, 0x0, 0x6e, 0x61, 0x70, 0x65, 0x0, 0x6e, 0x61, 0x70, 0x6b, 0x69,
    0x6e, 0x0, 0x6e, 0x61, 0x70, 0x70, 0x65, 0x64, 0x0, 0x6e, 0x61, 0x70, 0x70, 0x69, 0x6e, 0x67,
    0x0, 0x6e, 0x61, 0x70, 0x70, 0x79, 0x0, 0x6e, 0x61, 0x72, 0x72, 0x6f, 0x77, 0x0, 0x6e, 0x61,
    0x73, 0x74, 0x69, 0x6c, 0x79, 0x0, 0x6e, 0x61, 0x73, 0x74, 0x69, 0x6e, 0x65, 0x73, 0x73, 0x0,
    0x6e, 0x61, 0x74, 0x69, 0x6f, 0x6e, 0x61, 0x6c, 0x0, 0x6e, 0x61, 0x74, 0x69, 0x76, 0x65, 0x0,
    0x6e, 0x61, 0x74, 0x69, 0x76, 0x69, 0x74, 0x79, 0x0, 0x6e, 0x61, 0x74, 0x75, 0x72, 0x61, 0x6c,
    0x0, 0x6e, 0x61, 0x74, 0x75, 0x72, 0x65, 0x0, 0x6e, 0x61, 0x74, 0x75, 0x72, 0x69, 0x73, 0x74,
    0x0, 0x6e, 0x61, 0x75, 0x74, 0x69, 0x63, 0x61, 0x6c, 0x0, 0x6e, 0x61, 0x76, 0x69, 0x67, 0x61,
    0x74, 0x65, 0x0, 0x6e, 0x61, 0x76, 0x69, 0x67, 0x61, 0x74, 0x6f, 0x72, 0x0, 0x6e, 0x61, 0x76,
    0x79, 0x0, 0x6e, 0x65, 0x61, 0x72, 0x62, 0x79, 0x0, 0x6e, 0x65, 0x61, 0x72, 0x65, 0x73, 0x74,
    0x0, 0x6e, 0x65, 0x61, 0x72, 0x6c, 0x79, 0x0, 0x6e, 0x65, 0x61, 0x72, 0x6e, 0x65, 0x73, 0x73,
    0x0, 0x6e, 0x65, 0x61, 0x74, 0x6c, 0x79, 0x0, 0x6e, 0x65, 0x61, 0x74, 0x6e, 0x65, 0x73, 0x73,
    0x0, 0x6e, 0x65, 0x62, 0x75, 0x6c, 0x61, 0x0, 0x6e, 0x65, 0x62, 0x75, 0x6c, 0x69, 0x7a, 0x65,
    0x72, 0x0, 0x6e, 0x65, 0x63, 0x74, 0x61, 0x72, 0x0, 0x6e, 0x65, 0x67, 0x61, 0x74, 0x65, 0x0,
    0x6e, 0x65, 0x67, 0x61, 0x74, 0x69, 0x6f, 0x6e, 0x0, 0x6e, 0x65, 0x67, 0x61, 0x74, 0x69, 0x76,
    0x65, 0x0, 0x6e, 0x65, 0x67, 0x6c, 0x65, 0x63, 0x74, 0x6f, 0x72, 0x0, 0x6e, 0x65, 0x67, 0x6c,
    0x69, 0x67, 0x65, 0x65, 0x0, 0x6e, 0x65, 0x67, 0x6c, 0x69, 0x67, 0x65, 0x6e, 0x74, 0x0, 0x6e,
    0x65, 0x67, 0x6f, 0x74, 0x69, 0x61, 0x74, 0x65, 0x0, 0x6e, 0x65, 0x6d, 0x65, 0x73, 0x65, 0x73,
    0x0, 0x6e, 0x65, 0x6d, 0x65, 0x73, 0x69, 0x73, 0x0, 0x6e, 0x65, 0x6f, 0x6e, 0x0, 0x6e, 0x65,
    0x70, 0x68, 0x65, 0x77, 0x0, 0x6e, 0x65, 0x72, 0x64, 0x0, 0x6e, 0x65, 0x72, 0x76, 0x6f, 0x75,
    0x73, 0x0, 0x6e, 0x65, 0x72, 0x76, 0x79, 0x0, 0x6e, 0x65, 0x73, 0x74, 0x0, 0x6e, 0x65, 0x74,
    0x0, 0x6e, 0x65, 0x75, 0x72, 0x6f, 0x6c, 0x6f, 0x67, 0x79, 0x0, 0x6e, 0x65, 0x75, 0x72, 0x6f,
    0x6e, 0x0, 0x6e, 0x65, 0x75, 0x72, 0x6f, 0x73, 0x69, 0x73, 0x0, 0x6e, 0x65, 0x75, 0x72, 0x6f,
    0x74, 0x69, 0x63, 0x0, 0x6e, 0x65, 0x75, 0x74, 0x65, 0x72, 0x0, 0x6e, 0x65, 0x75, 0x74, 0x72,
    0x6f, 0x6e, 0x0, 0x6e, 0x65, 0x76, 0x65, 0x72, 0x0, 0x6e, 0x65, 0x78, 0x74, 0x0, 0x6e, 0x69,
    0x62, 0x62, 0x6c, 0x65, 0x0, 0x6e, 0x69, 0x63, 0x6b, 0x6e, 0x61, 0x6d, 0x65, 0x0, 0x6e, 0x69,
    0x63, 0x6f, 0x74, 0x69, 0x6e, 0x65, 0x0, 0x6e, 0x69, 0x65, 0x63, 0x65, 0x0, 0x6e, 0x69, 0x66,
    0x74, 0x79, 0x0, 0x6e, 0x69, 0x6d, 0x62, 0x6c, 0x65, 0x0, 0x6e, 0x69, 0x6d, 0x62, 0x6c, 0x79,
    0x0, 0x6e, 0x69, 0x6e, 0x65, 0x74, 0x65, 0x65, 0x6e, 0x0, 0x6e, 0x69, 0x6e, 0x65, 0x74, 0x69,
    0x65, 0x74, 0x68, 0x0, 0x6e, 0x69, 0x6e, 0x6a, 0x61, 0x0, 0x6e, 0x69, 0x6e, 0x74, 0x65, 0x6e,
    0x64, 0x6f, 0x0, 0x6e, 0x69, 0x6e, 0x74, 0x68, 0x0, 0x6e, 0x75, 0x63, 0x6c, 0x65, 0x61, 0x72,
    0x0, 0x6e, 0x75, 0x63, 0x6c, 0x65, 0x69, 0x0, 0x6e, 0x75, 0x63, 0x6c, 0x65, 0x75, 0x73, 0x0,
    0x6e, 0x75, 0x67, 0x67, 0x65, 0x74, 0x0, 0x6e, 0x75, 0x6c, 0x6c, 0x69, 0x66, 0x79, 0x0, 0x6e,
    0x75, 0x6d, 0x62, 0x65, 0x72, 0x0, 0x6e, 0x75, 0x6d, 0x62, 0x69, 0x6e, 0x67, 0x0, 0x6e, 0x75,
    0x6d, 0x62, 0x6c, 0x79, 0x0, 0x6e, 0x75, 0x6d, 0x62, 0x6e, 0x65, 0x73, 0x73, 0x0, 0x6e, 0x75,
    0x6d, 0x65, 0x72, 0x61, 0x6c, 0x0, 0x6e, 0x75, 0x6d, 0x65, 0x72, 0x61, 0x74, 0x65, 0x0, 0x6e,
    0x75, 0x6d, 0x65, 0x72, 0x61, 0x74, 0x6f, 0x72, 0x0, 0x6e, 0x75, 0x6d, 0x65, 0x72, 0x69, 0x63,
    0x0, 0x6e, 0x75, 0x6d, 0x65, 0x72, 0x6f, 0x75, 0x73, 0x0, 0x6e, 0x75, 0x70, 0x74, 0x69, 0x61,
    0x6c, 0x73, 0x0, 0x6e, 0x75, 0x72, 0x73, 0x65, 0x72, 0x79, 0x0, 0x6e, 0x75, 0x72, 0x73, 0x69,
    0x6e, 0x67, 0x0, 0x6e, 0x75, 0x72, 0x74, 0x75, 0x72, 0x65, 0x0, 0x6e, 0x75, 0x74, 0x63, 0x61,
    0x73, 0x65, 0x0, 0x6e, 0x75, 0x74, 0x6c, 0x69, 0x6b, 0x65, 0x0, 0x6e, 0x75, 0x74, 0x6d, 0x65,
    0x67, 0x0, 0x6e, 0x75, 0x74, 0x72, 0x69, 0x65, 0x6e, 0x74, 0x0, 0x6e, 0x75, 0x74, 0x73, 0x68,
    0x65, 0x6c, 0x6c, 0x0, 0x6e, 0x75, 0x74, 0x74, 0x69, 0x6e, 0x65, 0x73, 0x73, 0x0, 0x6e, 0x75,
    0x74, 0x74, 0x79, 0x0, 0x6e, 0x75, 0x7a, 0x7a, 0x6c, 0x65, 0x0, 0x6e, 0x79, 0x6c, 0x6f, 0x6e,
    0x0, 0x6f, 0x61, 0x66, 0x0, 0x6f, 0x61, 0x6b, 0x0, 0x6f, 0x61, 0x73, 0x69, 0x73, 0x0, 0x6f,
    0x61, 0x74, 0x0, 0x6f, 0x62, 0x65, 0x64, 0x69, 0x65, 0x6e, 0x63, 0x65, 0x0, 0x6f, 0x62, 0x65,
    0x64, 0x69, 0x65, 0x6e, 0x74, 0x0, 0x6f, 0x62, 0x69, 0x74, 0x75, 0x61, 0x72, 0x79, 0x0, 0x6f,
    0x62, 0x6a, 0x65, 0x63, 0x74, 0x0, 0x6f, 0x62, 0x6c, 0x69, 0x67, 0x61, 0x74, 0x65, 0x0, 0x6f,
    0x62, 0x6c, 0x69, 0x67, 0x65, 0x64, 0x0, 0x6f, 0x62, 0x6c, 0x69, 0x76, 0x69, 0x6f, 0x6e, 0x0,
    0x6f, 0x62, 0x6c, 0x69, 0x76, 0x69, 0x6f, 0x75, 0x73, 0x0, 0x6f, 0x62, 0x6c, 0x6f, 0x6e, 0x67,
    0x0, 0x6f, 0x62, 0x6e, 0x6f, 0x78, 0x69, 0x6f, 0x75, 0x73, 0x0, 0x6f, 0x62, 0x6f, 0x65, 0x0,
    0x6f, 0x62, 0x73, 0x63, 0x75, 0x72, 0x65, 0x0, 0x6f, 0x62, 0x73, 0x63, 0x75, 0x72, 0x69, 0x74,
    0x79, 0x0, 0x6f, 0x62, 0x73, 0x65, 0x72, 0x76, 0x61, 0x6e, 0x74, 0x0, 0x6f, 0x62, 0x73, 0x65,
    0x72, 0x76, 0x65, 0x72, 0x0, 0x6f, 0x62, 0x73, 0x65, 0x72, 0x76, 0x69, 0x6e, 0x67, 0x0, 0x6f,
    0x62, 0x73, 0x65, 0x73, 0x73, 0x65, 0x64, 0x0, 0x6f, 0x62, 0x73, 0x65, 0x73, 0x73, 0x69, 0x6f,
    0x6e, 0x0, 0x6f, 0x62, 0x73, 0x65, 0x73, 0x73, 0x69, 0x76, 0x65, 0x0, 0x6f, 0x62, 0x73, 0x6f,
    0x6c, 0x65, 0x74, 0x65, 0x0, 0x6f, 0x62, 0x73, 0x74, 0x61, 0x63, 0x6c, 0x65, 0x0, 0x6f, 0x62,
    0x73, 0x74, 0x69, 0x6e, 0x61, 0x74, 0x65, 0x0, 0x6f, 0x62, 0x73, 0x74, 0x72, 0x75, 0x63, 0x74,
    0x0, 0x6f, 0x62, 0x74, 0x61, 0x69, 0x6e, 0x0, 0x6f, 0x62, 0x74, 0x72, 0x75, 0x73, 0x69, 0x76,
    0x65, 0x0, 0x6f, 0x62, 0x74, 0x75, 0x73, 0x65, 0x0, 0x6f, 0x62, 0x76, 0x69, 0x6f, 0x75, 0x73,
    0x0, 0x6f, 0x63, 0x63, 0x75, 0x6c, 0x74, 0x69, 0x73, 0x74, 0x0, 0x6f, 0x63, 0x63, 0x75, 0x70,
    0x61, 0x6e, 0x63, 0x79, 0x0, 0x6f, 0x63, 0x63, 0x75, 0x70, 0x61, 0x6e, 0x74, 0x0, 0x6f, 0x63,
    0x63, 0x75, 0x70, 0x69, 0x65, 0x72, 0x0, 0x6f, 0x63, 0x63, 0x75, 0x70, 0x79, 0x0, 0x6f, 0x63,
    0x65, 0x61, 0x6e, 0x0, 0x6f, 0x63, 0x65, 0x6c, 0x6f, 0x74, 0x0, 0x6f, 0x63, 0x74, 0x61, 0x67,
    0x6f, 0x6e, 0x0, 0x6f, 0x63, 0x74, 0x61, 0x6e, 0x65, 0x0, 0x6f, 0x63, 0x74, 0x6f, 0x62, 0x65,
    0x72, 0x0, 0x6f, 0x63, 0x74, 0x6f, 0x70, 0x75, 0x73, 0x0, 0x6f, 0x67, 0x6c, 0x65, 0x0, 0x6f,
    0x69, 0x6c, 0x0, 0x6f, 0x69, 0x6e, 0x6b, 0x0, 0x6f, 0x69, 0x6e, 0x74, 0x6d, 0x65, 0x6e, 0x74,
    0x0, 0x6f, 0x6b, 0x61, 0x79, 0x0, 0x6f, 0x6c, 0x64, 0x0, 0x6f, 0x6c, 0x69, 0x76, 0x65, 0x0,
    0x6f, 0x6c, 0x79, 0x6d, 0x70, 0x69, 0x63, 0x73, 0x0, 0x6f, 0x6d, 0x65, 0x67, 0x61, 0x0, 0x6f,
    0x6d, 0x65, 0x6e, 0x0, 0x6f, 0x6d, 0x69, 0x6e, 0x6f, 0x75, 0x73, 0x0, 0x6f, 0x6d, 0x69, 0x73,
    0x73, 0x69, 0x6f, 0x6e, 0x0, 0x6f, 0x6d, 0x69, 0x74, 0x0, 0x6f, 0x6d, 0x6e, 0x69, 0x76, 0x6f,
    0x72, 0x65, 0x0, 0x6f, 0x6e, 0x62, 0x6f, 0x61, 0x72, 0x64, 0x0, 0x6f, 0x6e, 0x63, 0x6f, 0x6d,
    0x69, 0x6e, 0x67, 0x0, 0x6f, 0x6e, 0x67, 0x6f, 0x69, 0x6e, 0x67, 0x0, 0x6f, 0x6e, 0x69, 0x6f,
    0x6e, 0x0, 0x6f, 0x6e, 0x6c, 0x69, 0x6e, 0x65, 0x0, 0x6f, 0x6e, 0x6c, 0x6f, 0x6f, 0x6b, 0x65,
    0x72, 0x0, 0x6f, 0x6e, 0x6c, 0x79, 0x0, 0x6f, 0x6e, 0x73, 0x63, 0x72, 0x65, 0x65, 0x6e, 0x0,
    0x6f, 0x6e, 0x73, 0x65, 0x74, 0x0, 0x6f, 0x6e, 0x73, 0x68, 0x6f, 0x72, 0x65, 0x0, 0x6f, 0x6e,
    0x73, 0x6c, 0x61, 0x75, 0x67, 0x68, 0x74, 0x0, 0x6f, 0x6e, 0x73, 0x74, 0x61, 0x67, 0x65, 0x0,
    0x6f, 0x6e, 0x74, 0x6f, 0x0, 0x6f, 0x6e, 0x77, 0x61, 0x72, 0x64, 0x0, 0x6f, 0x6e, 0x79, 0x78,
    0x0, 0x6f, 0x6f, 0x70, 0x73, 0x0, 0x6f, 0x6f, 0x7a, 0x65, 0x0, 0x6f, 0x6f, 0x7a, 0x79, 0x0,
    0x6f, 0x70, 0x61, 0x63, 0x69, 0x74, 0x79, 0x0, 0x6f, 0x70, 0x61, 0x6c, 0x0, 0x6f, 0x70, 0x65,
    0x6e, 0x0, 0x6f, 0x70, 0x65, 0x72, 0x61, 0x62, 0x6c, 0x65, 0x0, 0x6f, 0x70, 0x65, 0x72, 0x61,
    0x74, 0x65, 0x0, 0x6f, 0x70, 0x65, 0x72, 0x61, 0x74, 0x69, 0x6e, 0x67, 0x0, 0x6f, 0x70, 0x65,
    0x72, 0x61, 0x74, 0x69, 0x6f, 0x6e, 0x0, 0x6f, 0x70, 0x65, 0x72, 0x61, 0x74, 0x69, 0x76, 0x65,
    0x0, 0x6f, 0x70, 0x65, 0x72, 0x61, 0x74, 0x6f, 0x72, 0x0, 0x6f, 0x70, 0x69, 0x75, 0x6d, 0x0,
    0x6f, 0x70, 0x6f, 0x73, 0x73, 0x75, 0x6d, 0x0, 0x6f, 0x70, 0x70, 0x6f, 0x6e, 0x65, 0x6e, 0x74,
    0x0, 0x6f, 0x70, 0x70, 0x6f, 0x73, 0x65, 0x0, 0x6f, 0x70, 0x70, 0x6f, 0x73, 0x69, 0x6e, 0x67,
    0x0, 0x6f, 0x70, 0x70, 0x6f, 0x73, 0x69, 0x74, 0x65, 0x0, 0x6f, 0x70, 0x70, 0x72, 0x65, 0x73,
    0x73, 0x65, 0x64, 0x0, 0x6f, 0x70, 0x70, 0x72, 0x65, 0x73, 0x73, 0x6f, 0x72, 0x0, 0x6f, 0x70,
    0x74, 0x0, 0x6f, 0x70, 0x75, 0x6c, 0x65, 0x6e, 0x74, 0x6c, 0x79, 0x0, 0x6f, 0x73, 0x6d, 0x6f,
    0x73, 0x69, 0x73, 0x0, 0x6f, 0x74, 0x68, 0x65, 0x72, 0x0, 0x6f, 0x74, 0x74, 0x65, 0x72, 0x0,
    0x6f, 0x75, 0x63, 0x68, 0x0, 0x6f, 0x75, 0x67, 0x68, 0x74, 0x0, 0x6f, 0x75, 0x6e, 0x63, 0x65,
    0x0, 0x6f, 0x75, 0x74, 0x61, 0x67, 0x65, 0x0, 0x6f, 0x75, 0x74, 0x62, 0x61, 0x63, 0x6b, 0x0,
    0x6f, 0x75, 0x74, 0x62, 0x69, 0x64, 0x0, 0x6f, 0x75, 0x74, 0x62, 0x6f, 0x61, 0x72, 0x64, 0x0,
    0x6f, 0x75, 0x74, 0x62, 0x6f, 0x75, 0x6e, 0x64, 0x0, 0x6f, 0x75, 0x74, 0x62, 0x72, 0x65, 0x61,
    0x6b, 0x0, 0x6f, 0x75, 0x74, 0x62, 0x75, 0x72, 0x73, 0x74, 0x0, 0x6f, 0x75, 0x74, 0x63, 0x61,
    0x73, 0x74, 0x0, 0x6f, 0x75, 0x74, 0x63, 0x6c, 0x61, 0x73, 0x73, 0x0, 0x6f, 0x75, 0x74, 0x63,
    0x6f, 0x6d, 0x65, 0x0, 0x6f, 0x75, 0x74, 0x64, 0x61, 0x74, 0x65, 0x64, 0x0, 0x6f, 0x75, 0x74,
    0x64, 0x6f, 0x6f, 0x72, 0x73, 0x0, 0x6f, 0x75, 0x74, 0x65, 0x72, 0x0, 0x6f, 0x75, 0x74, 0x66,
    0x69, 0x65, 0x6c, 0x64, 0x0, 0x6f, 0x75, 0x74, 0x66, 0x69, 0x74, 0x0, 0x6f, 0x75, 0x74, 0x66,
    0x6c, 0x61, 0x6e, 0x6b, 0x0, 0x6f, 0x75, 0x74, 0x67, 0x6f, 0x69, 0x6e, 0x67, 0x0, 0x6f, 0x75,
    0x74, 0x67, 0x72, 0x6f, 0x77, 0x0, 0x6f, 0x75, 0x74, 0x68, 0x6f, 0x75, 0x73, 0x65, 0x0, 0x6f,
    0x75, 0x74, 0x69, 0x6e, 0x67, 0x0, 0x6f, 0x75, 0x74, 0x6c, 0x61, 0x73, 0x74, 0x0, 0x6f, 0x75,
    0x74, 0x6c, 0x65, 0x74, 0x0, 0x6f, 0x75, 0x74, 0x6c, 0x69, 0x6e, 0x65, 0x0, 0x6f, 0x75, 0x74,
    0x6c, 0x6f, 0x6f, 0x6b, 0x0, 0x6f, 0x75, 0x74, 0x6c, 0x79, 0x69, 0x6e, 0x67, 0x0, 0x6f, 0x75,
    0x74, 0x6d, 0x61, 0x74, 0x63, 0x68, 0x0, 0x6f, 0x75, 0x74, 0x6d, 0x6f, 0x73, 0x74, 0x0, 0x6f,
    0x75, 0x74, 0x6e, 0x75, 0x6d, 0x62, 0x65, 0x72, 0x0, 0x6f, 0x75, 0x74, 0x70, 0x6c, 0x61, 0x79,
    0x65, 0x64, 0x0, 0x6f, 0x75, 0x74, 0x70, 0x6f, 0x73, 0x74, 0x0, 0x6f, 0x75, 0x74, 0x70, 0x6f,
    0x75, 0x72, 0x0, 0x6f, 0x75, 0x74, 0x70, 0x75, 0x74, 0x0, 0x6f, 0x75, 0x74, 0x72, 0x61, 0x67,
    0x65, 0x0, 0x6f, 0x75, 0x74, 0x72, 0x61, 0x6e, 0x6b, 0x0, 0x6f, 0x75, 0x74, 0x72, 0x65, 0x61,
    0x63, 0x68, 0x0, 0x6f, 0x75, 0x74, 0x72, 0x69, 0x67, 0x68, 0x74, 0x0, 0x6f, 0x75, 0x74, 0x73,
    0x63, 0x6f, 0x72, 0x65, 0x0, 0x6f, 0x75, 0x74, 0x73, 0x65, 0x6c, 0x6c, 0x0, 0x6f, 0x75, 0x74,
    0x73, 0x68, 0x69, 0x6e, 0x65, 0x0, 0x6f, 0x75, 0x74, 0x73, 0x68, 0x6f, 0x6f, 0x74, 0x0, 0x6f,
    0x75, 0x74, 0x73, 0x69, 0x64, 0x65, 0x72, 0x0, 0x6f, 0x75, 0x74, 0x73, 0x6b, 0x69, 0x72, 0x74,
    0x73, 0x0, 0x6f, 0x75, 0x74, 0x73, 0x6d, 0x61, 0x72, 0x74, 0x0, 0x6f, 0x75, 0x74, 0x73, 0x6f,
    0x75, 0x72, 0x63, 0x65, 0x0, 0x6f, 0x75, 0x74, 0x73, 0x70, 0x6f, 0x6b, 0x65, 0x6e, 0x0, 0x6f,
    0x75, 0x74, 0x74, 0x61, 0x6b, 0x65, 0x73, 0x0, 0x6f, 0x75, 0x74, 0x74, 0x68, 0x69, 0x6e, 0x6b,
    0x0, 0x6f, 0x75, 0x74, 0x77, 0x61, 0x72, 0x64, 0x0, 0x6f, 0x75, 0x74, 0x77, 0x65, 0x69, 0x67,
    0x68, 0x0, 0x6f, 0x75, 0x74, 0x77, 0x69, 0x74, 0x0, 0x6f, 0x76, 0x61, 0x6c, 0x0, 0x6f, 0x76,
    0x61, 0x72, 0x79, 0x0, 0x6f, 0x76, 0x65, 0x6e, 0x0, 0x6f, 0x76, 0x65, 0x72, 0x61, 0x63, 0x74,
    0x0, 0x6f, 0x76, 0x65, 0x72, 0x61, 0x6c, 0x6c, 0x0, 0x6f, 0x76, 0x65, 0x72, 0x61, 0x72, 0x63,
    0x68, 0x0, 0x6f, 0x76, 0x65, 0x72, 0x62, 0x69, 0x64, 0x0, 0x6f, 0x76, 0x65, 0x72, 0x62, 0x69,
    0x6c, 0x6c, 0x0, 0x6f, 0x76, 0x65, 0x72, 0x62, 0x69, 0x74, 0x65, 0x0, 0x6f, 0x76, 0x65, 0x72,
    0x62, 0x6c, 0x6f, 0x77, 0x6e, 0x0, 0x6f, 0x76, 0x65, 0x72, 0x62, 0x6f, 0x61, 0x72, 0x64, 0x0,
    0x6f, 0x76, 0x65, 0x72, 0x62, 0x6f, 0x6f, 0x6b, 0x0, 0x6f, 0x76, 0x65, 0x72, 0x62, 0x75, 0x69,
    0x6c, 0x74, 0x0, 0x6f, 0x76, 0x65, 0x72, 0x63, 0x61, 0x73, 0x74, 0x0, 0x6f, 0x76, 0x65, 0x72,
    0x63, 0x6f, 0x61, 0x74, 0x0, 0x6f, 0x76, 0x65, 0x72, 0x63, 0x6f, 0x6d, 0x65, 0x0, 0x6f, 0x76,
    0x65, 0x72, 0x63, 0x6f, 0x6f, 0x6b, 0x0, 0x6f, 0x76, 0x65, 0x72, 0x63, 0x72, 0x6f, 0x77, 0x64,
    0x0, 0x6f, 0x76, 0x65, 0x72, 0x64, 0x72, 0x61, 0x66, 0x74, 0x0, 0x6f, 0x76, 0x65, 0x72, 0x64,
    0x72, 0x61, 0x77, 0x6e, 0x0, 0x6f, 0x76, 0x65, 0x72, 0x64, 0x72, 0x65, 0x73, 0x73, 0x0, 0x6f,
    0x76, 0x65, 0x72, 0x64, 0x72, 0x69, 0x76, 0x65, 0x0, 0x6f, 0x76, 0x65, 0x72, 0x64, 0x75, 0x65,
    0x0, 0x6f, 0x76, 0x65, 0x72, 0x65, 0x61, 0x67, 0x65, 0x72, 0x0, 0x6f, 0x76, 0x65, 0x72, 0x65,
    0x61, 0x74, 0x65, 0x72, 0x0, 0x6f, 0x76, 0x65, 0x72, 0x65, 0x78, 0x65, 0x72, 0x74, 0x0, 0x6f,
    0x76, 0x65, 0x72, 0x66, 0x65, 0x64, 0x0, 0x6f, 0x76, 0x65, 0x72, 0x66, 0x65, 0x65, 0x64, 0x0,
    0x6f, 0x76, 0x65, 0x72, 0x66, 0x69, 0x6c, 0x6c, 0x0, 0x6f, 0x76, 0x65, 0x72, 0x66, 0x6c, 0x6f,
    0x77, 0x0, 0x6f, 0x76, 0x65, 0x72, 0x66, 0x75, 0x6c, 0x6c, 0x0, 0x6f, 0x76, 0x65, 0x72, 0x67,
    0x72, 0x6f, 0x77, 0x6e, 0x0, 0x6f, 0x76, 0x65, 0x72, 0x68, 0x61, 0x6e, 0x64, 0x0, 0x6f, 0x76,
    0x65, 0x72, 0x68, 0x61, 0x6e, 0x67, 0x0, 0x6f, 0x76, 0x65, 0x72, 0x68, 0x61, 0x75, 0x6c, 0x0,
    0x6f, 0x76, 0x65, 0x72, 0x68, 0x65, 0x61, 0x64, 0x0, 0x6f, 0x76, 0x65, 0x72, 0x68, 0x65, 0x61,
    0x72, 0x0, 0x6f, 0x76, 0x65, 0x72, 0x68, 0x65, 0x61, 0x74, 0x0, 0x6f, 0x76, 0x65, 0x72, 0x68,
    0x75, 0x6e, 0x67, 0x0, 0x6f, 0x76, 0x65, 0x72, 0x6a, 0x6f, 0x79, 0x65, 0x64, 0x0, 0x6f, 0x76,
    0x65, 0x72, 0x6b, 0x69, 0x6c, 0x6c, 0x0, 0x6f, 0x76, 0x65, 0x72, 0x6c, 0x61, 0x62, 0x6f, 0x72,
    0x0, 0x6f, 0x76, 0x65, 0x72, 0x6c, 0x61, 0x69, 0x64, 0x0, 0x6f, 0x76, 0x65, 0x72, 0x6c, 0x61,
    0x70, 0x0, 0x6f, 0x76, 0x65, 0x72, 0x6c, 0x61, 0x79, 0x0, 0x6f, 0x76, 0x65, 0x72, 0x6c, 0x6f,
    0x61, 0x64, 0x0, 0x6f, 0x76, 0x65, 0x72, 0x6c, 0x6f, 0x6f, 0x6b, 0x0, 0x6f, 0x76, 0x65, 0x72,
    0x6c, 0x6f, 0x72, 0x64, 0x0, 0x6f, 0x76, 0x65, 0x72, 0x6c, 0x79, 0x69, 0x6e, 0x67, 0x0, 0x6f,
    0x76, 0x65, 0x72, 0x6e, 0x69, 0x67, 0x68, 0x74, 0x0, 0x6f, 0x76, 0x65, 0x72, 0x70, 0x61, 0x73,
    0x73, 0x0, 0x6f, 0x76, 0x65, 0x72, 0x70, 0x61, 0x79, 0x0, 0x6f, 0x76, 0x65, 0x72, 0x70, 0x6c,
    0x61, 0x6e, 0x74, 0x0, 0x6f, 0x76, 0x65, 0x72, 0x70, 0x6c, 0x61, 0x79, 0x0, 0x6f, 0x76, 0x65,
    0x72, 0x70, 0x6f, 0x77, 0x65, 0x72, 0x0, 0x6f, 0x76, 0x65, 0x72, 0x70, 0x72, 0x69, 0x63, 0x65,
    0x0, 0x6f, 0x76, 0x65, 0x72, 0x72, 0x61, 0x74, 0x65, 0x0, 0x6f, 0x76, 0x65, 0x72, 0x72, 0x65,
    0x61, 0x63, 0x68, 0x0, 0x6f, 0x76, 0x65, 0x72, 0x72, 0x65, 0x61, 0x63, 0x74, 0x0, 0x6f, 0x76,
    0x65, 0x72, 0x72, 0x69, 0x64, 0x65, 0x0, 0x6f, 0x76, 0x65, 0x72, 0x72, 0x69, 0x70, 0x65, 0x0,
    0x6f, 0x76, 0x65, 0x72, 0x72, 0x75, 0x6c, 0x65, 0x0, 0x6f, 0x76, 0x65, 0x72, 0x72, 0x75, 0x6e,
    0x0, 0x6f, 0x76, 0x65, 0x72, 0x73, 0x68, 0x6f, 0x6f, 0x74, 0x0, 0x6f, 0x76, 0x65, 0x72, 0x73,
    0x68, 0x6f, 0x74, 0x0, 0x6f, 0x76, 0x65, 0x72, 0x73, 0x69, 0x67, 0x68, 0x74, 0x0, 0x6f, 0x76,
    0x65, 0x72, 0x73, 0x69, 0x7a, 0x65, 0x64, 0x0, 0x6f, 0x76, 0x65, 0x72, 0x73, 0x6c, 0x65, 0x65,
    0x70, 0x0, 0x6f, 0x76, 0x65, 0x72, 0x73, 0x6f, 0x6c, 0x64, 0x0, 0x6f, 0x76, 0x65, 0x72, 0x73,
    0x70, 0x65, 0x6e, 0x64, 0x0, 0x6f, 0x76, 0x65, 0x72, 0x73, 0x74, 0x61, 0x74, 0x65, 0x0, 0x6f,
    0x76, 0x65, 0x72, 0x73, 0x74, 0x61, 0x79, 0x0, 0x6f, 0x76, 0x65, 0x72, 0x73, 0x74, 0x65, 0x70,
    0x0, 0x6f, 0x76, 0x65, 0x72, 0x73, 0x74, 0x6f, 0x63, 0x6b, 0x0, 0x6f, 0x76, 0x65, 0x72, 0x73,
    0x74, 0x75, 0x66, 0x66, 0x0, 0x6f, 0x76, 0x65, 0x72, 0x73, 0x77, 0x65, 0x65, 0x74, 0x0, 0x6f,
    0x76, 0x65, 0x72, 0x74, 0x61, 0x6b, 0x65, 0x0, 0x6f, 0x76, 0x65, 0x72, 0x74, 0x68, 0x72, 0x6f,
    0x77, 0x0, 0x6f, 0x76, 0x65, 0x72, 0x74, 0x69, 0x6d, 0x65, 0x0, 0x6f, 0x76, 0x65, 0x72, 0x74,
    0x6c, 0x79, 0x0, 0x6f, 0x76, 0x65, 0x72, 0x74, 0x6f, 0x6e, 0x65, 0x0, 0x6f, 0x76, 0x65, 0x72,
    0x74, 0x75, 0x72, 0x65, 0x0, 0x6f, 0x76, 0x65, 0x72, 0x74, 0x75, 0x72, 0x6e, 0x0, 0x6f, 0x76,
    0x65, 0x72, 0x75, 0x73, 0x65, 0x0, 0x6f, 0x76, 0x65, 0x72, 0x76, 0x61, 0x6c, 0x75, 0x65, 0x0,
    0x6f, 0x76, 0x65, 0x72, 0x76, 0x69, 0x65, 0x77, 0x0, 0x6f, 0x76, 0x65, 0x72, 0x77, 0x72, 0x69,
    0x74, 0x65, 0x0, 0x6f, 0x77, 0x6c, 0x0, 0x6f, 0x78, 0x66, 0x6f, 0x72, 0x64, 0x0, 0x6f, 0x78,
    0x69, 0x64, 0x61, 0x6e, 0x74, 0x0, 0x6f, 0x78, 0x69, 0x64, 0x61, 0x74, 0x69, 0x6f, 0x6e, 0x0,
    0x6f, 0x78, 0x69, 0x64, 0x69, 0x7a, 0x65, 0x0, 0x6f, 0x78, 0x69, 0x64, 0x69, 0x7a, 0x69, 0x6e,
    0x67, 0x0, 0x6f, 0x78, 0x79, 0x67, 0x65, 0x6e, 0x0, 0x6f, 0x78, 0x79, 0x6d, 0x6f, 0x72, 0x6f,
    0x6e, 0x0, 0x6f, 0x79, 0x73, 0x74, 0x65, 0x72, 0x0, 0x6f, 0x7a, 0x6f, 0x6e, 0x65, 0x0, 0x70,
    0x61, 0x63, 0x65, 0x64, 0x0, 0x70, 0x61, 0x63, 0x65, 0x6d, 0x61, 0x6b, 0x65, 0x72, 0x0, 0x70,
    0x61, 0x63, 0x69, 0x66, 0x69, 0x63, 0x0, 0x70, 0x61, 0x63, 0x69, 0x66, 0x69, 0x65, 0x72, 0x0,
    0x70, 0x61, 0x63, 0x69, 0x66, 0x69, 0x73, 0x6d, 0x0, 0x70, 0x61, 0x63, 0x69, 0x66, 0x69, 0x73,
    0x74, 0x0, 0x70, 0x61, 0x63, 0x69, 0x66, 0x79, 0x0, 0x70, 0x61, 0x64, 0x64, 0x65, 0x64, 0x0,
    0x70, 0x61, 0x64, 0x64, 0x69, 0x6e, 0x67, 0x0, 0x70, 0x61, 0x64, 0x64, 0x6c, 0x65, 0x0, 0x70,
    0x61, 0x64, 0x64, 0x6c, 0x69, 0x6e, 0x67, 0x0, 0x70, 0x61, 0x64, 0x6c, 0x6f, 0x63, 0x6b, 0x0,
    0x70, 0x61, 0x67, 0x61, 0x6e, 0x0, 0x70, 0x61, 0x67, 0x65, 0x72, 0x0, 0x70, 0x61, 0x67, 0x69,
    0x6e, 0x67, 0x0, 0x70, 0x61, 0x6a, 0x61, 0x6d, 0x61, 0x73, 0x0, 0x70, 0x61, 0x6c, 0x61, 0x63,
    0x65, 0x0, 0x70, 0x61, 0x6c, 0x61, 0x74, 0x61, 0x62, 0x6c, 0x65, 0x0, 0x70, 0x61, 0x6c, 0x6d,
    0x0, 0x70, 0x61, 0x6c, 0x70, 0x61, 0x62, 0x6c, 0x65, 0x0, 0x70, 0x61, 0x6c, 0x70, 0x69, 0x74,
    0x61, 0x74, 0x65, 0x0, 0x70, 0x61, 0x6c, 0x74, 0x72, 0x79, 0x0, 0x70, 0x61, 0x6d, 0x70, 0x65,
    0x72, 0x65, 0x64, 0x0, 0x70, 0x61, 0x6d, 0x70, 0x65, 0x72, 0x65, 0x72, 0x0, 0x70, 0x61, 0x6d,
    0x70, 0x65, 0x72, 0x73, 0x0, 0x70, 0x61, 0x6d, 0x70, 0x68, 0x6c, 0x65, 0x74, 0x0, 0x70, 0x61,
    0x6e, 0x61, 0x6d, 0x61, 0x0, 0x70, 0x61, 0x6e, 0x63, 0x61, 0x6b, 0x65, 0x0, 0x70, 0x61, 0x6e,
    0x63, 0x72, 0x65, 0x61, 0x73, 0x0, 0x70, 0x61, 0x6e, 0x64, 0x61, 0x0, 0x70, 0x61, 0x6e, 0x64,
    0x65, 0x6d, 0x69, 0x63, 0x0, 0x70, 0x61, 0x6e, 0x67, 0x0, 0x70, 0x61, 0x6e, 0x68, 0x61, 0x6e,
    0x64, 0x6c, 0x65, 0x0, 0x70, 0x61, 0x6e, 0x69, 0x63, 0x0, 0x70, 0x61, 0x6e, 0x6e, 0x69, 0x6e,
    0x67, 0x0, 0x70, 0x61, 0x6e, 0x6f, 0x72, 0x61, 0x6d, 0x61, 0x0, 0x70, 0x61, 0x6e, 0x6f, 0x72,
    0x61, 0x6d, 0x69, 0x63, 0x0, 0x70, 0x61, 0x6e, 0x74, 0x68, 0x65, 0x72, 0x0, 0x70, 0x61, 0x6e,
    0x74, 0x6f, 0x6d, 0x69, 0x6d, 0x65, 0x0, 0x70, 0x61, 0x6e, 0x74, 0x72, 0x79, 0x0, 0x70, 0x61,
    0x6e, 0x74, 0x73, 0x0, 0x70, 0x61, 0x6e, 0x74, 0x79, 0x68, 0x6f, 0x73, 0x65, 0x0, 0x70, 0x61,
    0x70, 0x61, 0x72, 0x61, 0x7a, 0x7a, 0x69, 0x0, 0x70, 0x61, 0x70, 0x61, 0x79, 0x61, 0x0, 0x70,
    0x61, 0x70, 0x65, 0x72, 0x0, 0x70, 0x61, 0x70, 0x72, 0x69, 0x6b, 0x61, 0x0, 0x70, 0x61, 0x70,
    0x79, 0x72, 0x75, 0x73, 0x0, 0x70, 0x61, 0x72, 0x61, 0x62, 0x6f, 0x6c, 0x61, 0x0, 0x70, 0x61,
    0x72, 0x61, 0x63, 0x68, 0x75, 0x74, 0x65, 0x0, 0x70, 0x61, 0x72, 0x61, 0x64, 0x65, 0x0, 0x70,
    0x61, 0x72, 0x61, 0x64, 0x6f, 0x78, 0x0, 0x70, 0x61, 0x72, 0x61, 0x67, 0x72, 0x61, 0x70, 0x68,
    0x0, 0x70, 0x61, 0x72, 0x61, 0x6b, 0x65, 0x65, 0x74, 0x0, 0x70, 0x61, 0x72, 0x61, 0x6c, 0x65,
    0x67, 0x61, 0x6c, 0x0, 0x70, 0x61, 0x72, 0x61, 0x6c, 0x79, 0x73, 0x65, 0x73, 0x0, 0x70, 0x61,
    0x72, 0x61, 0x6c, 0x79, 0x73, 0x69, 0x73, 0x0, 0x70, 0x61, 0x72, 0x61, 0x6c, 0x79, 0x7a, 0x65,
    0x0, 0x70, 0x61, 0x72, 0x61, 0x6d, 0x65, 0x64, 0x69, 0x63, 0x0, 0x70, 0x61, 0x72, 0x61, 0x6d,
    0x65, 0x74, 0x65, 0x72, 0x0, 0x70, 0x61, 0x72, 0x61, 0x6d, 0x6f, 0x75, 0x6e, 0x74, 0x0, 0x70,
    0x61, 0x72, 0x61, 0x73, 0x61, 0x69, 0x6c, 0x0, 0x70, 0x61, 0x72, 0x61, 0x73, 0x69, 0x74, 0x65,
    0x0, 0x70, 0x61, 0x72, 0x61, 0x73, 0x69, 0x74, 0x69, 0x63, 0x0, 0x70, 0x61, 0x72, 0x63, 0x65,
    0x6c, 0x0, 0x70, 0x61, 0x72, 0x63, 0x68, 0x65, 0x64, 0x0, 0x70, 0x61, 0x72, 0x63, 0x68, 0x6d,
    0x65, 0x6e, 0x74, 0x0, 0x70, 0x61, 0x72, 0x64, 0x6f, 0x6e, 0x0, 0x70, 0x61, 0x72, 0x69, 0x73,
    0x68, 0x0, 0x70, 0x61, 0x72, 0x6b, 0x61, 0x0, 0x70, 0x61, 0x72, 0x6b, 0x69, 0x6e, 0x67, 0x0,
    0x70, 0x61, 0x72, 0x6b, 0x77, 0x61, 0x79, 0x0, 0x70, 0x61, 0x72, 0x6c, 0x6f, 0x72, 0x0, 0x70,
    0x61, 0x72, 0x6d, 0x65, 0x73, 0x61, 0x6e, 0x0, 0x70, 0x61, 0x72, 0x6f, 0x6c, 0x65, 0x0, 0x70,
    0x61, 0x72, 0x72, 0x6f, 0x74, 0x0, 0x70, 0x61, 0x72, 0x73, 0x6c, 0x65, 0x79, 0x0, 0x70, 0x61,
    0x72, 0x73, 0x6e, 0x69, 0x70, 0x0, 0x70, 0x61, 0x72, 0x74, 0x61, 0x6b, 0x65, 0x0, 0x70, 0x61,
    0x72, 0x74, 0x65, 0x64, 0x0, 0x70, 0x61, 0x72, 0x74, 0x69, 0x6e, 0x67, 0x0, 0x70, 0x61, 0x72,
    0x74, 0x69, 0x74, 0x69, 0x6f, 0x6e, 0x0, 0x70, 0x61, 0x72, 0x74, 0x6c, 0x79, 0x0, 0x70, 0x61,
    0x72, 0x74, 0x6e, 0x65, 0x72, 0x0, 0x70, 0x61, 0x72, 0x74, 0x72, 0x69, 0x64, 0x67, 0x65, 0x0,
    0x70, 0x61, 0x72, 0x74, 0x79, 0x0, 0x70, 0x61, 0x73, 0x73, 0x61, 0x62, 0x6c, 0x65, 0x0, 0x70,
    0x61, 0x73, 0x73, 0x61, 0x62, 0x6c, 0x79, 0x0, 0x70, 0x61, 0x73, 0x73, 0x61, 0x67, 0x65, 0x0,
    0x70, 0x61, 0x73, 0x73, 0x63, 0x6f, 0x64, 0x65, 0x0, 0x70, 0x61, 0x73, 0x73, 0x65, 0x6e, 0x67,
    0x65, 0x72, 0x0, 0x70, 0x61, 0x73, 0x73, 0x65, 0x72, 0x62, 0x79, 0x0, 0x70, 0x61, 0x73, 0x73,
    0x69, 0x6e, 0x67, 0x0, 0x70, 0x61, 0x73, 0x73, 0x69, 0x6f, 0x6e, 0x0, 0x70, 0x61, 0x73, 0x73,
    0x69, 0x76, 0x65, 0x0, 0x70, 0x61, 0x73, 0x73, 0x69, 0x76, 0x69, 0x73, 0x6d, 0x0, 0x70, 0x61,
    0x73, 0x73, 0x6f, 0x76, 0x65, 0x72, 0x0, 0x70, 0x61, 0x73, 0x73, 0x70, 0x6f, 0x72, 0x74, 0x0,
    0x70, 0x61, 0x73, 0x73, 0x77, 0x6f, 0x72, 0x64, 0x0, 0x70, 0x61, 0x73, 0x74, 0x61, 0x0, 0x70,
    0x61, 0x73, 0x74, 0x65, 0x64, 0x0, 0x70, 0x61, 0x73, 0x74, 0x65, 0x6c, 0x0, 0x70, 0x61, 0x73,
    0x74, 0x69, 0x6d, 0x65, 0x0, 0x70, 0x61, 0x73, 0x74, 0x6f, 0x72, 0x0, 0x70, 0x61, 0x73, 0x74,
    0x72, 0x61, 0x6d, 0x69, 0x0, 0x70, 0x61, 0x73, 0x74, 0x75, 0x72, 0x65, 0x0, 0x70, 0x61, 0x73,
    0x74, 0x79, 0x0, 0x70, 0x61, 0x74, 0x63, 0x68, 0x77, 0x6f, 0x72, 0x6b, 0x0, 0x70, 0x61, 0x74,
    0x63, 0x68, 0x79, 0x0, 0x70, 0x61, 0x74, 0x65, 0x72, 0x6e, 0x61, 0x6c, 0x0, 0x70, 0x61, 0x74,
    0x65, 0x72, 0x6e, 0x69, 0x74, 0x79, 0x0, 0x70, 0x61, 0x74, 0x68, 0x0, 0x70, 0x61, 0x74, 0x69,
    0x65, 0x6e, 0x63, 0x65, 0x0, 0x70, 0x61, 0x74, 0x69, 0x65, 0x6e, 0x74, 0x0, 0x70, 0x61, 0x74,
    0x69, 0x6f, 0x0, 0x70, 0x61, 0x74, 0x72, 0x69, 0x61, 0x72, 0x63, 0x68, 0x0, 0x70, 0x61, 0x74,
    0x72, 0x69, 0x6f, 0x74, 0x0, 0x70, 0x61, 0x74, 0x72, 0x6f, 0x6c, 0x0, 0x70, 0x61, 0x74, 0x72,
    0x6f, 0x6e, 0x61, 0x67, 0x65, 0x0, 0x70, 0x61, 0x74, 0x72, 0x6f, 0x6e, 0x69, 0x7a, 0x65, 0x0,
    0x70, 0x61, 0x75, 0x70, 0x65, 0x72, 0x0, 0x70, 0x61, 0x76, 0x65, 0x6d, 0x65, 0x6e, 0x74, 0x0,
    0x70, 0x61, 0x76, 0x65, 0x72, 0x0, 0x70, 0x61, 0x76, 0x65, 0x73, 0x74, 0x6f, 0x6e, 0x65, 0x0,
    0x70, 0x61, 0x76, 0x69, 0x6c, 0x69, 0x6f, 0x6e, 0x0, 0x70, 0x61, 0x76, 0x69, 0x6e, 0x67, 0x0,
    0x70, 0x61, 0x77, 0x69, 0x6e, 0x67, 0x0, 0x70, 0x61, 0x79, 0x61, 0x62, 0x6c, 0x65, 0x0, 0x70,
    0x61, 0x79, 0x62, 0x61, 0x63, 0x6b, 0x0, 0x70, 0x61, 0x79, 0x63, 0x68, 0x65, 0x63, 0x6b, 0x0,
    0x70, 0x61, 0x79, 0x64, 0x61, 0x79, 0x0, 0x70, 0x61, 0x79, 0x65, 0x65, 0x0, 0x70, 0x61, 0x79,
    0x65, 0x72, 0x0, 0x70, 0x61, 0x79, 0x69, 0x6e, 0x67, 0x0, 0x70, 0x61, 0x79, 0x6d, 0x65, 0x6e,
    0x74, 0x0, 0x70, 0x61, 0x79, 0x70, 0x68, 0x6f, 0x6e, 0x65, 0x0, 0x70, 0x61, 0x79, 0x72, 0x6f,
    0x6c, 0x6c, 0x0, 0x70, 0x65, 0x62, 0x62, 0x6c, 0x65, 0x0, 0x70, 0x65, 0x62, 0x62, 0x6c, 0x79,
    0x0, 0x70, 0x65, 0x63, 0x61, 0x6e, 0x0, 0x70, 0x65, 0x63, 0x74, 0x69, 0x6e, 0x0, 0x70, 0x65,
    0x63, 0x75, 0x6c, 0x69, 0x61, 0x72, 0x0, 0x70, 0x65, 0x64, 0x64, 0x6c, 0x69, 0x6e, 0x67, 0x0,
    0x70, 0x65, 0x64, 0x69, 0x61, 0x74, 0x72, 0x69, 0x63, 0x0, 0x70, 0x65, 0x64, 0x69, 0x63, 0x75,
    0x72, 0x65, 0x0, 0x70, 0x65, 0x64, 0x69, 0x67, 0x72, 0x65, 0x65, 0x0, 0x70, 0x65, 0x64, 0x6f,
    0x6d, 0x65, 0x74, 0x65, 0x72, 0x0, 0x70, 0x65, 0x67, 0x62, 0x6f, 0x61, 0x72, 0x64, 0x0, 0x70,
    0x65, 0x6c, 0x69, 0x63, 0x61, 0x6e, 0x0, 0x70, 0x65, 0x6c, 0x6c, 0x65, 0x74, 0x0, 0x70, 0x65,
    0x6c, 0x74, 0x0, 0x70, 0x65, 0x6c, 0x76, 0x69, 0x73, 0x0, 0x70, 0x65, 0x6e, 0x61, 0x6c, 0x69,
    0x7a, 0x65, 0x0, 0x70, 0x65, 0x6e, 0x61, 0x6c, 0x74, 0x79, 0x0, 0x70, 0x65, 0x6e, 0x63, 0x69,
    0x6c, 0x0, 0x70, 0x65, 0x6e, 0x64, 0x61, 0x6e, 0x74, 0x0, 0x70, 0x65, 0x6e, 0x64, 0x69, 0x6e,
    0x67, 0x0, 0x70, 0x65, 0x6e, 0x68, 0x6f, 0x6c, 0x64, 0x65, 0x72, 0x0, 0x70, 0x65, 0x6e, 0x6b,
    0x6e, 0x69, 0x66, 0x65, 0x0, 0x70, 0x65, 0x6e, 0x6e, 0x61, 0x6e, 0x74, 0x0, 0x70, 0x65, 0x6e,
    0x6e, 0x69, 0x6c, 0x65, 0x73, 0x73, 0x0, 0x70, 0x65, 0x6e, 0x6e, 0x79, 0x0, 0x70, 0x65, 0x6e,
    0x70, 0x61, 0x6c, 0x0, 0x70, 0x65, 0x6e, 0x73, 0x69, 0x6f, 0x6e, 0x0, 0x70, 0x65, 0x6e, 0x74,
    0x61, 0x67, 0x6f, 0x6e, 0x0, 0x70, 0x65, 0x6e, 0x74, 0x61, 0x67, 0x72, 0x61, 0x6d, 0x0, 0x70,
    0x65, 0x70, 0x0, 0x70, 0x65, 0x72, 0x63, 0x65, 0x69, 0x76, 0x65, 0x0, 0x70, 0x65, 0x72, 0x63,
    0x65, 0x6e, 0x74, 0x0, 0x70, 0x65, 0x72, 0x63, 0x68, 0x0, 0x70, 0x65, 0x72, 0x63, 0x6f, 0x6c,
    0x61, 0x74, 0x65, 0x0, 0x70, 0x65, 0x72, 0x65, 0x6e, 0x6e, 0x69, 0x61, 0x6c, 0x0, 0x70, 0x65,
    0x72, 0x66, 0x65, 0x63, 0x74, 0x65, 0x64, 0x0, 0x70, 0x65, 0x72, 0x66, 0x65, 0x63, 0x74, 0x6c,
    0x79, 0x0, 0x70, 0x65, 0x72, 0x66, 0x75, 0x6d, 0x65, 0x0, 0x70, 0x65, 0x72, 0x69, 0x73, 0x63,
    0x6f, 0x70, 0x65, 0x0, 0x70, 0x65, 0x72, 0x69, 0x73, 0x68, 0x0, 0x70, 0x65, 0x72, 0x6a, 0x75,
    0x72, 0x65, 0x72, 0x0, 0x70, 0x65, 0x72, 0x6a, 0x75, 0x72, 0x79, 0x0, 0x70, 0x65, 0x72, 0x6b,
    0x69, 0x6e, 0x65, 0x73, 0x73, 0x0, 0x70, 0x65, 0x72, 0x6b, 0x79, 0x0, 0x70, 0x65, 0x72, 0x6d,
    0x0, 0x70, 0x65, 0x72, 0x6f, 0x78, 0x69, 0x64, 0x65, 0x0, 0x70, 0x65, 0x72, 0x70, 0x65, 0x74,
    0x75, 0x61, 0x6c, 0x0, 0x70, 0x65, 0x72, 0x70, 0x6c, 0x65, 0x78, 0x65, 0x64, 0x0, 0x70, 0x65,
    0x72, 0x73, 0x65, 0x63, 0x75, 0x74, 0x65, 0x0, 0x70, 0x65, 0x72, 0x73, 0x65, 0x76, 0x65, 0x72,
    0x65, 0x0, 0x70, 0x65, 0x72, 0x73, 0x75, 0x61, 0x64, 0x65, 0x64, 0x0, 0x70, 0x65, 0x72, 0x73,
    0x75, 0x61, 0x64, 0x65, 0x72, 0x0, 0x70, 0x65, 0x73, 0x6b, 0x79, 0x0, 0x70, 0x65, 0x73, 0x6f,
    0x0, 0x70, 0x65, 0x73, 0x73, 0x69, 0x6d, 0x69, 0x73, 0x6d, 0x0, 0x70, 0x65, 0x73, 0x73, 0x69,
    0x6d, 0x69, 0x73, 0x74, 0x0, 0x70, 0x65, 0x73, 0x74, 0x65, 0x72, 0x0, 0x70, 0x65, 0x73, 0x74,
    0x69, 0x63, 0x69, 0x64, 0x65, 0x0, 0x70, 0x65, 0x74, 0x61, 0x6c, 0x0, 0x70, 0x65, 0x74, 0x69,
    0x74, 0x65, 0x0, 0x70, 0x65, 0x74, 0x69, 0x74, 0x69, 0x6f, 0x6e, 0x0, 0x70, 0x65, 0x74, 0x72,
    0x69, 0x0, 0x70, 0x65, 0x74, 0x72, 0x6f, 0x6c, 0x65, 0x75, 0x6d, 0x0, 0x70, 0x65, 0x74, 0x74,
    0x65, 0x64, 0x0, 0x70, 0x65, 0x74, 0x74, 0x69, 0x63, 0x6f, 0x61, 0x74, 0x0, 0x70, 0x65, 0x74,
    0x74, 0x69, 0x6e, 0x65, 0x73, 0x73, 0x0, 0x70, 0x65, 0x74, 0x74, 0x79, 0x0, 0x70, 0x65, 0x74,
    0x75, 0x6e, 0x69, 0x61, 0x0, 0x70, 0x68, 0x61, 0x6e, 0x74, 0x6f, 0x6d, 0x0, 0x70, 0x68, 0x6f,
    0x62, 0x69, 0x61, 0x0, 0x70, 0x68, 0x6f, 0x65, 0x6e, 0x69, 0x78, 0x0, 0x70, 0x68, 0x6f, 0x6e,
    0x65, 0x62, 0x6f, 0x6f, 0x6b, 0x0, 0x70, 0x68, 0x6f, 0x6e, 0x65, 0x79, 0x0, 0x70, 0x68, 0x6f,
    0x6e, 0x69, 0x63, 0x73, 0x0, 0x70, 0x68, 0x6f, 0x6e, 0x69, 0x6e, 0x65, 0x73, 0x73, 0x0, 0x70,
    0x68, 0x6f, 0x6e, 0x79, 0x0, 0x70, 0x68, 0x6f, 0x73, 0x70, 0x68, 0x61, 0x74, 0x65, 0x0, 0x70,
    0x68, 0x6f, 0x74, 0x6f, 0x0, 0x70, 0x68, 0x72, 0x61, 0x73, 0x65, 0x0, 0x70, 0x68, 0x72, 0x61,
    0x73, 0x69, 0x6e, 0x67, 0x0, 0x70, 0x6c, 0x61, 0x63, 0x61, 0x72, 0x64, 0x0, 0x70, 0x6c, 0x61,
    0x63, 0x61, 0x74, 0x65, 0x0, 0x70, 0x6c, 0x61, 0x63, 0x69, 0x64, 0x6c, 0x79, 0x0, 0x70, 0x6c,
    0x61, 0x6e, 0x6b, 0x0, 0x70, 0x6c, 0x61, 0x6e, 0x6e, 0x65, 0x72, 0x0, 0x70, 0x6c, 0x61, 0x6e,
    0x74, 0x0, 0x70, 0x6c, 0x61, 0x73, 0x6d, 0x61, 0x0, 0x70, 0x6c, 0x61, 0x73, 0x74, 0x65, 0x72,
    0x0, 0x70, 0x6c, 0x61, 0x73, 0x74, 0x69, 0x63, 0x0, 0x70, 0x6c, 0x61, 0x74, 0x65, 0x64, 0x0,
    0x70, 0x6c, 0x61, 0x74, 0x66, 0x6f, 0x72, 0x6d, 0x0, 0x70, 0x6c, 0x61, 0x74, 0x69, 0x6e, 0x67,
    0x0, 0x70, 0x6c, 0x61, 0x74, 0x69, 0x6e, 0x75, 0x6d, 0x0, 0x70, 0x6c, 0x61, 0x74, 0x6f, 0x6e,
    0x69, 0x63, 0x0, 0x70, 0x6c, 0x61, 0x74, 0x74, 0x65, 0x72, 0x0, 0x70, 0x6c, 0x61, 0x74, 0x79,
    0x70, 0x75, 0x73, 0x0, 0x70, 0x6c, 0x61, 0x75, 0x73, 0x69, 0x62, 0x6c, 0x65, 0x0, 0x70, 0x6c,
    0x61, 0x75, 0x73, 0x69, 0x62, 0x6c, 0x79, 0x0, 0x70, 0x6c, 0x61, 0x79, 0x61, 0x62, 0x6c, 0x65,
    0x0, 0x70, 0x6c, 0x61, 0x79, 0x62, 0x61, 0x63, 0x6b, 0x0, 0x70, 0x6c, 0x61, 0x79, 0x65, 0x72,
    0x0, 0x70, 0x6c, 0x61, 0x79, 0x66, 0x75, 0x6c, 0x0, 0x70, 0x6c, 0x61, 0x79, 0x67, 0x72, 0x6f,
    0x75, 0x70, 0x0, 0x70, 0x6c, 0x61, 0x79, 0x68, 0x6f, 0x75, 0x73, 0x65, 0x0, 0x70, 0x6c, 0x61,
    0x79, 0x69, 0x6e, 0x67, 0x0, 0x70, 0x6c, 0x61, 0x79, 0x6c, 0x69, 0x73, 0x74, 0x0, 0x70, 0x6c,
    0x61, 0x79, 0x6d, 0x61, 0x6b, 0x65, 0x72, 0x0, 0x70, 0x6c, 0x61, 0x79, 0x6d, 0x61, 0x74, 0x65,
    0x0, 0x70, 0x6c, 0x61, 0x79, 0x6f, 0x66, 0x66, 0x0, 0x70, 0x6c, 0x61, 0x79, 0x70, 0x65, 0x6e,
    0x0, 0x70, 0x6c, 0x61, 0x79, 0x72, 0x6f, 0x6f, 0x6d, 0x0, 0x70, 0x6c, 0x61, 0x79, 0x73, 0x65,
    0x74, 0x0, 0x70, 0x6c, 0x61, 0x79, 0x74, 0x68, 0x69, 0x6e, 0x67, 0x0, 0x70, 0x6c, 0x61, 0x79,
    0x74, 0x69, 0x6d, 0x65, 0x0, 0x70, 0x6c, 0x61, 0x7a, 0x61, 0x0, 0x70, 0x6c, 0x65, 0x61, 0x64,
    0x69, 0x6e, 0x67, 0x0, 0x70, 0x6c, 0x65, 0x61, 0x74, 0x0, 0x70, 0x6c, 0x65, 0x64, 0x67, 0x65,
    0x0, 0x70, 0x6c, 0x65, 0x6e, 0x74, 0x69, 0x66, 0x75, 0x6c, 0x0, 0x70, 0x6c, 0x65, 0x6e, 0x74,
    0x79, 0x0, 0x70, 0x6c, 0x65, 0x74, 0x68, 0x6f, 0x72, 0x61, 0x0, 0x70, 0x6c, 0x65, 0x78, 0x69,
    0x67, 0x6c, 0x61, 0x73, 0x0, 0x70, 0x6c, 0x69, 0x61, 0x62, 0x6c, 0x65, 0x0, 0x70, 0x6c, 0x6f,
    0x64, 0x0, 0x70, 0x6c, 0x6f, 0x70, 0x0, 0x70, 0x6c, 0x6f, 0x74, 0x0, 0x70, 0x6c, 0x6f, 0x77,
    0x0, 0x70, 0x6c, 0x6f, 0x79, 0x0, 0x70, 0x6c, 0x75, 0x63, 0x6b, 0x0, 0x70, 0x6c, 0x75, 0x67,
    0x0, 0x70, 0x6c, 0x75, 0x6e, 0x64, 0x65, 0x72, 0x0, 0x70, 0x6c, 0x75, 0x6e, 0x67, 0x69, 0x6e,
    0x67, 0x0, 0x70, 0x6c, 0x75, 0x72, 0x61, 0x6c, 0x0, 0x70, 0x6c, 0x75, 0x73, 0x0, 0x70, 0x6c,
    0x75, 0x74, 0x6f, 0x6e, 0x69, 0x75, 0x6d, 0x0, 0x70, 0x6c, 0x79, 0x77, 0x6f, 0x6f, 0x64, 0x0,
    0x70, 0x6f, 0x61, 0x63, 0x68, 0x0, 0x70, 0x6f, 0x64, 0x0, 0x70, 0x6f, 0x65, 0x6d, 0x0, 0x70,
    0x6f, 0x65, 0x74, 0x0, 0x70, 0x6f, 0x67, 0x6f, 0x0, 0x70, 0x6f, 0x69, 0x6e, 0x74, 0x65, 0x64,
    0x0, 0x70, 0x6f, 0x69, 0x6e, 0x74, 0x65, 0x72, 0x0, 0x70, 0x6f, 0x69, 0x6e, 0x74, 0x69, 0x6e,
    0x67, 0x0, 0x70, 0x6f, 0x69, 0x6e, 0x74, 0x6c, 0x65, 0x73, 0x73, 0x0, 0x70, 0x6f, 0x69, 0x6e,
    0x74, 0x79, 0x0, 0x70, 0x6f, 0x69, 0x73, 0x65, 0x0, 0x70, 0x6f, 0x69, 0x73, 0x6f, 0x6e, 0x0,
    0x70, 0x6f, 0x6b, 0x65, 0x72, 0x0, 0x70, 0x6f, 0x6b, 0x69, 0x6e, 0x67, 0x0, 0x70, 0x6f, 0x6c,
    0x61, 0x72, 0x0, 0x70, 0x6f, 0x6c, 0x69, 0x63, 0x65, 0x0, 0x70, 0x6f, 0x6c, 0x69, 0x63, 0x79,
    0x0, 0x70, 0x6f, 0x6c, 0x69, 0x6f, 0x0, 0x70, 0x6f, 0x6c, 0x69, 0x73, 0x68, 0x0, 0x70, 0x6f,
    0x6c, 0x69, 0x74, 0x65, 0x6c, 0x79, 0x0, 0x70, 0x6f, 0x6c, 0x6b, 0x61, 0x0, 0x70, 0x6f, 0x6c,
    0x6f, 0x0, 0x70, 0x6f, 0x6c, 0x79, 0x65, 0x73, 0x74, 0x65, 0x72, 0x0, 0x70, 0x6f, 0x6c, 0x79,
    0x67, 0x6f, 0x6e, 0x0, 0x70, 0x6f, 0x6c, 0x79, 0x67, 0x72, 0x61, 0x70, 0x68, 0x0, 0x70, 0x6f,
    0x6c, 0x79, 0x6d, 0x65, 0x72, 0x0, 0x70, 0x6f, 0x6e, 0x63, 0x68, 0x6f, 0x0, 0x70, 0x6f, 0x6e,
    0x64, 0x0, 0x70, 0x6f, 0x6e, 0x79, 0x0, 0x70, 0x6f, 0x70, 0x63, 0x6f, 0x72, 0x6e, 0x0, 0x70,
    0x6f, 0x70, 0x65, 0x0, 0x70, 0x6f, 0x70, 0x6c, 0x61, 0x72, 0x0, 0x70, 0x6f, 0x70, 0x70, 0x65,
    0x72, 0x0, 0x70, 0x6f, 0x70, 0x70, 0x79, 0x0, 0x70, 0x6f, 0x70, 0x73, 0x69, 0x63, 0x6c, 0x65,
    0x0, 0x70, 0x6f, 0x70, 0x75, 0x6c, 0x61, 0x63, 0x65, 0x0, 0x70, 0x6f, 0x70, 0x75, 0x6c, 0x61,
    0x72, 0x0, 0x70, 0x6f, 0x70, 0x75, 0x6c, 0x61, 0x74, 0x65, 0x0, 0x70, 0x6f, 0x72, 0x63, 0x75,
    0x70, 0x69, 0x6e, 0x65, 0x0, 0x70, 0x6f, 0x72, 0x6b, 0x0, 0x70, 0x6f, 0x72, 0x6f, 0x75, 0x73,
    0x0, 0x70, 0x6f, 0x72, 0x72, 0x69, 0x64, 0x67, 0x65, 0x0, 0x70, 0x6f, 0x72, 0x74, 0x61, 0x62,
    0x6c, 0x65, 0x0, 0x70, 0x6f, 0x72, 0x74, 0x61, 0x6c, 0x0, 0x70, 0x6f, 0x72, 0x74, 0x66, 0x6f,
    0x6c, 0x69, 0x6f, 0x0, 0x70, 0x6f, 0x72, 0x74, 0x68, 0x6f, 0x6c, 0x65, 0x0, 0x70, 0x6f, 0x72,
    0x74, 0x69, 0x6f, 0x6e, 0x0, 0x70, 0x6f, 0x72, 0x74, 0x6c, 0x79, 0x0, 0x70, 0x6f, 0x72, 0x74,
    0x73, 0x69, 0x64, 0x65, 0x0, 0x70, 0x6f, 0x73, 0x65, 0x72, 0x0, 0x70, 0x6f, 0x73, 0x68, 0x0,
    0x70, 0x6f, 0x73, 0x69, 0x6e, 0x67, 0x0, 0x70, 0x6f, 0x73, 0x73, 0x69, 0x62, 0x6c, 0x65, 0x0,
    0x70, 0x6f, 0x73, 0x73, 0x69, 0x62, 0x6c, 0x79, 0x0, 0x70, 0x6f, 0x73, 0x73, 0x75, 0x6d, 0x0,
    0x70, 0x6f, 0x73, 0x74, 0x61, 0x67, 0x65, 0x0, 0x70, 0x6f, 0x73, 0x74, 0x61, 0x6c, 0x0, 0x70,
    0x6f, 0x73, 0x74, 0x62, 0x6f, 0x78, 0x0, 0x70, 0x6f, 0x73, 0x74, 0x63, 0x61, 0x72, 0x64, 0x0,
    0x70, 0x6f, 0x73, 0x74, 0x65, 0x64, 0x0, 0x70, 0x6f, 0x73, 0x74, 0x65, 0x72, 0x0, 0x70, 0x6f,
    0x73, 0x74, 0x69, 0x6e, 0x67, 0x0, 0x70, 0x6f, 0x73, 0x74, 0x6e, 0x61, 0x73, 0x61, 0x6c, 0x0,
    0x70, 0x6f, 0x73, 0x74, 0x75, 0x72, 0x65, 0x0, 0x70, 0x6f, 0x73, 0x74, 0x77, 0x61, 0x72, 0x0,
    0x70, 0x6f, 0x75, 0x63, 0x68, 0x0, 0x70, 0x6f, 0x75, 0x6e, 0x63, 0x65, 0x0, 0x70, 0x6f, 0x75,
    0x6e, 0x63, 0x69, 0x6e, 0x67, 0x0, 0x70, 0x6f, 0x75, 0x6e, 0x64, 0x0, 0x70, 0x6f, 0x75, 0x72,
    0x69, 0x6e, 0x67, 0x0, 0x70, 0x6f, 0x75, 0x74, 0x0, 0x70, 0x6f, 0x77, 0x64, 0x65, 0x72, 0x65,
    0x64, 0x0, 0x70, 0x6f, 0x77, 0x64, 0x65, 0x72, 0x69, 0x6e, 0x67, 0x0, 0x70, 0x6f, 0x77, 0x64,
    0x65, 0x72, 0x79, 0x0, 0x70, 0x6f, 0x77, 0x65, 0x72, 0x0, 0x70, 0x6f, 0x77, 0x77, 0x6f, 0x77,
    0x0, 0x70, 0x6f, 0x78, 0x0, 0x70, 0x72, 0x61, 0x69, 0x73, 0x69, 0x6e, 0x67, 0x0, 0x70, 0x72,
    0x61, 0x6e, 0x63, 0x65, 0x0, 0x70, 0x72, 0x61, 0x6e, 0x63, 0x69, 0x6e, 0x67, 0x0, 0x70, 0x72,
    0x61, 0x6e, 0x6b, 0x65, 0x72, 0x0, 0x70, 0x72, 0x61, 0x6e, 0x6b, 0x69, 0x73, 0x68, 0x0, 0x70,
    0x72, 0x61, 0x6e, 0x6b, 0x73, 0x74, 0x65, 0x72, 0x0, 0x70, 0x72, 0x61, 0x79, 0x65, 0x72, 0x0,
    0x70, 0x72, 0x61, 0x79, 0x69, 0x6e, 0x67, 0x0, 0x70, 0x72, 0x65, 0x61, 0x63, 0x68, 0x65, 0x72,
    0x0, 0x70, 0x72, 0x65, 0x61, 0x63, 0x68, 0x69, 0x6e, 0x67, 0x0, 0x70, 0x72, 0x65, 0x61, 0x63,
    0x68, 0x79, 0x0, 0x70, 0x72, 0x65, 0x61, 0x6d, 0x62, 0x6c, 0x65, 0x0, 0x70, 0x72, 0x65, 0x63,
    0x69, 0x6e, 0x63, 0x74, 0x0, 0x70, 0x72, 0x65, 0x63, 0x69, 0x73, 0x65, 0x0, 0x70, 0x72, 0x65,
    0x63, 0x69, 0x73, 0x69, 0x6f, 0x6e, 0x0, 0x70, 0x72, 0x65, 0x63, 0x6f, 0x6f, 0x6b, 0x0, 0x70,
    0x72, 0x65, 0x63, 0x75, 0x74, 0x0, 0x70, 0x72, 0x65, 0x64, 0x61, 0x74, 0x6f, 0x72, 0x0, 0x70,
    0x72, 0x65, 0x64, 0x65, 0x66, 0x69, 0x6e, 0x65, 0x0, 0x70, 0x72, 0x65, 0x64, 0x69, 0x63, 0x74,
    0x0, 0x70, 0x72, 0x65, 0x66, 0x61, 0x63, 0x65, 0x0, 0x70, 0x72, 0x65, 0x66, 0x69, 0x78, 0x0,
    0x70, 0x72, 0x65, 0x66, 0x6c, 0x69, 0x67, 0x68, 0x74, 0x0, 0x70, 0x72, 0x65, 0x66, 0x6f, 0x72,
    0x6d, 0x65, 0x64, 0x0, 0x70, 0x72, 0x65, 0x67, 0x61, 0x6d, 0x65, 0x0, 0x70, 0x72, 0x65, 0x67,
    0x6e, 0x61, 0x6e, 0x63, 0x79, 0x0, 0x70, 0x72, 0x65, 0x67, 0x6e, 0x61, 0x6e, 0x74, 0x0, 0x70,
    0x72, 0x65, 0x68, 0x65, 0x61, 0x74, 0x65, 0x64, 0x0, 0x70, 0x72, 0x65, 0x6c, 0x61, 0x75, 0x6e,
    0x63, 0x68, 0x0, 0x70, 0x72, 0x65, 0x6c, 0x61, 0x77, 0x0, 0x70, 0x72, 0x65, 0x6c, 0x75, 0x64,
    0x65, 0x0, 0x70, 0x72, 0x65, 0x6d, 0x69, 0x65, 0x72, 0x65, 0x0, 0x70, 0x72, 0x65, 0x6d, 0x69,
    0x73, 0x65, 0x73, 0x0, 0x70, 0x72, 0x65, 0x6d, 0x69, 0x75, 0x6d, 0x0, 0x70, 0x72, 0x65, 0x6e,
    0x61, 0x74, 0x61, 0x6c, 0x0, 0x70, 0x72, 0x65, 0x6f, 0x63, 0x63, 0x75, 0x70, 0x79, 0x0, 0x70,
    0x72, 0x65, 0x6f, 0x72, 0x64, 0x65, 0x72, 0x0, 0x70, 0x72, 0x65, 0x70, 0x61, 0x69, 0x64, 0x0,
    0x70, 0x72, 0x65, 0x70, 0x61, 0x79, 0x0, 0x70, 0x72, 0x65, 0x70, 0x6c, 0x61, 0x6e, 0x0, 0x70,
    0x72, 0x65, 0x70, 0x70, 0x79, 0x0, 0x70, 0x72, 0x65, 0x73, 0x63, 0x68, 0x6f, 0x6f, 0x6c, 0x0,
    0x70, 0x72, 0x65, 0x73, 0x63, 0x72, 0x69, 0x62, 0x65, 0x0, 0x70, 0x72, 0x65, 0x73, 0x65, 0x61,
    0x73, 0x6f, 0x6e, 0x0, 0x70, 0x72, 0x65, 0x73, 0x65, 0x74, 0x0, 0x70, 0x72, 0x65, 0x73, 0x68,
    0x6f, 0x77, 0x0, 0x70, 0x72, 0x65, 0x73, 0x69, 0x64, 0x65, 0x6e, 0x74, 0x0, 0x70, 0x72, 0x65,
    0x73, 0x6f, 0x61, 0x6b, 0x0, 0x70, 0x72, 0x65, 0x73, 0x73, 0x0, 0x70, 0x72, 0x65, 0x73, 0x75,
    0x6d, 0x65, 0x0, 0x70, 0x72, 0x65, 0x73, 0x75, 0x6d, 0x69, 0x6e, 0x67, 0x0, 0x70, 0x72, 0x65,
    0x74, 0x65, 0x65, 0x6e, 0x0, 0x70, 0x72, 0x65, 0x74, 0x65, 0x6e, 0x64, 0x65, 0x64, 0x0, 0x70,
    0x72, 0x65, 0x74, 0x65, 0x6e, 0x64, 0x65, 0x72, 0x0, 0x70, 0x72, 0x65, 0x74, 0x65, 0x6e, 0x73,
    0x65, 0x0, 0x70, 0x72, 0x65, 0x74, 0x65, 0x78, 0x74, 0x0, 0x70, 0x72, 0x65, 0x74, 0x74, 0x79,
    0x0, 0x70, 0x72, 0x65, 0x74, 0x7a, 0x65, 0x6c, 0x0, 0x70, 0x72, 0x65, 0x76, 0x61, 0x69, 0x6c,
    0x0, 0x70, 0x72, 0x65, 0x76, 0x61, 0x6c, 0x65, 0x6e, 0x74, 0x0, 0x70, 0x72, 0x65, 0x76, 0x65,
    0x6e, 0x74, 0x0, 0x70, 0x72, 0x65, 0x76, 0x69, 0x65, 0x77, 0x0, 0x70, 0x72, 0x65, 0x76, 0x69,
    0x6f, 0x75, 0x73, 0x0, 0x70, 0x72, 0x65, 0x77, 0x61, 0x72, 0x0, 0x70, 0x72, 0x65, 0x77, 0x61,
    0x73, 0x68, 0x65, 0x64, 0x0, 0x70, 0x72, 0x69, 0x64, 0x65, 0x66, 0x75, 0x6c, 0x0, 0x70, 0x72,
    0x69, 0x65, 0x64, 0x0, 0x70, 0x72, 0x69, 0x6d, 0x61, 0x6c, 0x0, 0x70, 0x72, 0x69, 0x6d, 0x61,
    0x72, 0x69, 0x6c, 0x79, 0x0, 0x70, 0x72, 0x69, 0x6d, 0x61, 0x72, 0x79, 0x0, 0x70, 0x72, 0x69,
    0x6d, 0x61, 0x74, 0x65, 0x0, 0x70, 0x72, 0x69, 0x6d, 0x65, 0x72, 0x0, 0x70, 0x72, 0x69, 0x6d,
    0x70, 0x0, 0x70, 0x72, 0x69, 0x6e, 0x63, 0x65, 0x73, 0x73, 0x0, 0x70, 0x72, 0x69, 0x6e, 0x74,
    0x0, 0x70, 0x72, 0x69, 0x6f, 0x72, 0x0, 0x70, 0x72, 0x69, 0x73, 0x6d, 0x0, 0x70, 0x72, 0x69,
    0x73, 0x6f, 0x6e, 0x0, 0x70, 0x72, 0x69, 0x73, 0x73, 0x79, 0x0, 0x70, 0x72, 0x69, 0x73, 0x74,
    0x69, 0x6e, 0x65, 0x0, 0x70, 0x72, 0x69, 0x76, 0x61, 0x63, 0x79, 0x0, 0x70, 0x72, 0x69, 0x76,
    0x61, 0x74, 0x65, 0x0, 0x70, 0x72, 0x69, 0x76, 0x61, 0x74, 0x69, 0x7a, 0x65, 0x0, 0x70, 0x72,
    0x69, 0x7a, 0x65, 0x0, 0x70, 0x72, 0x6f, 0x61, 0x63, 0x74, 0x69, 0x76, 0x65, 0x0, 0x70, 0x72,
    0x6f, 0x62, 0x61, 0x62, 0x6c, 0x65, 0x0, 0x70, 0x72, 0x6f, 0x62, 0x61, 0x62, 0x6c, 0x79, 0x0,
    0x70, 0x72, 0x6f, 0x62, 0x61, 0x74, 0x69, 0x6f, 0x6e, 0x0, 0x70, 0x72, 0x6f, 0x62, 0x65, 0x0,
    0x70, 0x72, 0x6f, 0x62, 0x69, 0x6e, 0x67, 0x0, 0x70, 0x72, 0x6f, 0x62, 0x69, 0x6f, 0x74, 0x69,
    0x63, 0x0, 0x70, 0x72, 0x6f, 0x62, 0x6c, 0x65, 0x6d, 0x0, 0x70, 0x72, 0x6f, 0x63, 0x65, 0x64,
    0x75, 0x72, 0x65, 0x0, 0x70, 0x72, 0x6f, 0x63, 0x65, 0x73, 0x73, 0x0, 0x70, 0x72, 0x6f, 0x63,
    0x6c, 0x61, 0x69, 0x6d, 0x0, 0x70, 0x72, 0x6f, 0x63, 0x72, 0x65, 0x61, 0x74, 0x65, 0x0, 0x70,
    0x72, 0x6f, 0x63, 0x75, 0x72, 0x65, 0x72, 0x0, 0x70, 0x72, 0x6f, 0x64, 0x69, 0x67, 0x61, 0x6c,
    0x0, 0x70, 0x72, 0x6f, 0x64, 0x69, 0x67, 0x79, 0x0, 0x70, 0x72, 0x6f, 0x64, 0x75, 0x63, 0x65,
    0x0, 0x70, 0x72, 0x6f, 0x64, 0x75, 0x63, 0x74, 0x0, 0x70, 0x72, 0x6f, 0x66, 0x61, 0x6e, 0x65,
    0x0, 0x70, 0x72, 0x6f, 0x66, 0x61, 0x6e, 0x69, 0x74, 0x79, 0x0, 0x70, 0x72, 0x6f, 0x66, 0x65,
    0x73, 0x73, 0x65, 0x64, 0x0, 0x70, 0x72, 0x6f, 0x66, 0x65, 0x73, 0x73, 0x6f, 0x72, 0x0, 0x70,
    0x72, 0x6f, 0x66, 0x69, 0x6c, 0x65, 0x0, 0x70, 0x72, 0x6f, 0x66, 0x6f, 0x75, 0x6e, 0x64, 0x0,
    0x70, 0x72, 0x6f, 0x66, 0x75, 0x73, 0x65, 0x6c, 0x79, 0x0, 0x70, 0x72, 0x6f, 0x67, 0x65, 0x6e,
    0x79, 0x0, 0x70, 0x72, 0x6f, 0x67, 0x6e, 0x6f, 0x73, 0x69, 0x73, 0x0, 0x70, 0x72, 0x6f, 0x67,
    0x72, 0x61, 0x6d, 0x0, 0x70, 0x72, 0x6f, 0x67, 0x72, 0x65, 0x73, 0x73, 0x0, 0x70, 0x72, 0x6f,
    0x6a, 0x65, 0x63, 0x74, 0x6f, 0x72, 0x0, 0x70, 0x72, 0x6f, 0x6c, 0x6f, 0x67, 0x75, 0x65, 0x0,
    0x70, 0x72, 0x6f, 0x6c, 0x6f, 0x6e, 0x67, 0x65, 0x64, 0x0, 0x70, 0x72, 0x6f, 0x6d, 0x65, 0x6e,
    0x61, 0x64, 0x65, 0x0, 0x70, 0x72, 0x6f, 0x6d, 0x69, 0x6e, 0x65, 0x6e, 0x74, 0x0, 0x70, 0x72,
    0x6f, 0x6d, 0x6f, 0x74, 0x65, 0x72, 0x0, 0x70, 0x72, 0x6f, 0x6d, 0x6f, 0x74, 0x69, 0x6f, 0x6e,
    0x0, 0x70, 0x72, 0x6f, 0x6d, 0x70, 0x74, 0x65, 0x72, 0x0, 0x70, 0x72, 0x6f, 0x6d, 0x70, 0x74,
    0x6c, 0x79, 0x0, 0x70, 0x72, 0x6f, 0x6e, 0x65, 0x0, 0x70, 0x72, 0x6f, 0x6e, 0x67, 0x0, 0x70,
    0x72, 0x6f, 0x6e, 0x6f, 0x75, 0x6e, 0x63, 0x65, 0x0, 0x70, 0x72, 0x6f, 0x6e, 0x74, 0x6f, 0x0,
    0x70, 0x72, 0x6f, 0x6f, 0x66, 0x69, 0x6e, 0x67, 0x0, 0x70, 0x72, 0x6f, 0x6f, 0x66, 0x72, 0x65,
    0x61, 0x64, 0x0, 0x70, 0x72, 0x6f, 0x6f, 0x66, 0x73, 0x0, 0x70, 0x72, 0x6f, 0x70, 0x65, 0x6c,
    0x6c, 0x65, 0x72, 0x0, 0x70, 0x72, 0x6f, 0x70, 0x65, 0x72, 0x6c, 0x79, 0x0, 0x70, 0x72, 0x6f,
    0x70, 0x65, 0x72, 0x74, 0x79, 0x0, 0x70, 0x72, 0x6f, 0x70, 0x6f, 0x6e, 0x65, 0x6e, 0x74, 0x0,
    0x70, 0x72, 0x6f, 0x70, 0x6f, 0x73, 0x61, 0x6c, 0x0, 0x70, 0x72, 0x6f, 0x70, 0x6f, 0x73, 0x65,
    0x0, 0x70, 0x72, 0x6f, 0x70, 0x73, 0x0, 0x70, 0x72, 0x6f, 0x72, 0x61, 0x74, 0x65, 0x0, 0x70,
    0x72, 0x6f, 0x74, 0x65, 0x63, 0x74, 0x6f, 0x72, 0x0, 0x70, 0x72, 0x6f, 0x74, 0x65, 0x67, 0x65,
    0x65, 0x0, 0x70, 0x72, 0x6f, 0x74, 0x6f, 0x6e, 0x0, 0x70, 0x72, 0x6f, 0x74, 0x6f, 0x74, 0x79,
    0x70, 0x65, 0x0, 0x70, 0x72, 0x6f, 0x74, 0x6f, 0x7a, 0x6f, 0x61, 0x6e, 0x0, 0x70, 0x72, 0x6f,
    0x74, 0x72, 0x61, 0x63, 0x74, 0x0, 0x70, 0x72, 0x6f, 0x74, 0x72, 0x75, 0x64, 0x65, 0x0, 0x70,
    0x72, 0x6f, 0x75, 0x64, 0x0, 0x70, 0x72, 0x6f, 0x76, 0x61, 0x62, 0x6c, 0x65, 0x0, 0x70, 0x72,
    0x6f, 0x76, 0x65, 0x64, 0x0, 0x70, 0x72, 0x6f, 0x76, 0x65, 0x6e, 0x0, 0x70, 0x72, 0x6f, 0x76,
    0x69, 0x64, 0x65, 0x64, 0x0, 0x70, 0x72, 0x6f, 0x76, 0x69, 0x64, 0x65, 0x72, 0x0, 0x70, 0x72,
    0x6f, 0x76, 0x69, 0x64, 0x69, 0x6e, 0x67, 0x0, 0x70, 0x72, 0x6f, 0x76, 0x69, 0x6e, 0x63, 0x65,
    0x0, 0x70, 0x72, 0x6f, 0x76, 0x69, 0x6e, 0x67, 0x0, 0x70, 0x72, 0x6f, 0x76, 0x6f, 0x6b, 0x65,
    0x0, 0x70, 0x72, 0x6f, 0x76, 0x6f, 0x6b, 0x69, 0x6e, 0x67, 0x0, 0x70, 0x72, 0x6f, 0x76, 0x6f,
    0x6c, 0x6f, 0x6e, 0x65, 0x0, 0x70, 0x72, 0x6f, 0x77, 0x65, 0x73, 0x73, 0x0, 0x70, 0x72, 0x6f,
    0x77, 0x6c, 0x65, 0x72, 0x0, 0x70, 0x72, 0x6f, 0x77, 0x6c, 0x69, 0x6e, 0x67, 0x0, 0x70, 0x72,
    0x6f, 0x78, 0x69, 0x6d, 0x69, 0x74, 0x79, 0x0, 0x70, 0x72, 0x6f, 0x78, 0x79, 0x0, 0x70, 0x72,
    0x6f, 0x7a, 0x61, 0x63, 0x0, 0x70, 0x72, 0x75, 0x64, 0x65, 0x0, 0x70, 0x72, 0x75, 0x64, 0x69,
    0x73, 0x68, 0x6c, 0x79, 0x0, 0x70, 0x72, 0x75, 0x6e, 0x65, 0x0, 0x70, 0x72, 0x75, 0x6e, 0x69,
    0x6e, 0x67, 0x0, 0x70, 0x72, 0x79, 0x0, 0x70, 0x73, 0x79, 0x63, 0x68, 0x69, 0x63, 0x0, 0x70,
    0x75, 0x62, 0x6c, 0x69, 0x63, 0x0, 0x70, 0x75, 0x62, 0x6c, 0x69, 0x73, 0x68, 0x65, 0x72, 0x0,
    0x70, 0x75, 0x63, 0x6b, 0x65, 0x72, 0x0, 0x70, 0x75, 0x65, 0x62, 0x6c, 0x6f, 0x0, 0x70, 0x75,
    0x67, 0x0, 0x70, 0x75, 0x6c, 0x6c, 0x0, 0x70, 0x75, 0x6c, 0x6d, 0x6f, 0x6e, 0x61, 0x72, 0x79,
    0x0, 0x70, 0x75, 0x6c, 0x70, 0x0, 0x70, 0x75, 0x6c, 0x73, 0x61, 0x74, 0x65, 0x0, 0x70, 0x75,
    0x6c, 0x73, 0x65, 0x0, 0x70, 0x75, 0x6c, 0x76, 0x65, 0x72, 0x69, 0x7a, 0x65, 0x0, 0x70, 0x75,
    0x6d, 0x61, 0x0, 0x70, 0x75, 0x6d, 0x69, 0x63, 0x65, 0x0, 0x70, 0x75, 0x6d, 0x6d, 0x65, 0x6c,
    0x0, 0x70, 0x75, 0x6e, 0x63, 0x68, 0x0, 0x70, 0x75, 0x6e, 0x63, 0x74, 0x75, 0x61, 0x6c, 0x0,
    0x70, 0x75, 0x6e, 0x63, 0x74, 0x75, 0x61, 0x74, 0x65, 0x0, 0x70, 0x75, 0x6e, 0x63, 0x74, 0x75,
    0x72, 0x65, 0x64, 0x0, 0x70, 0x75, 0x6e, 0x67, 0x65, 0x6e, 0x74, 0x0, 0x70, 0x75, 0x6e, 0x69,
    0x73, 0x68, 0x65, 0x72, 0x0, 0x70, 0x75, 0x6e, 0x6b, 0x0, 0x70, 0x75, 0x70, 0x69, 0x6c, 0x0,
    0x70, 0x75, 0x70, 0x70, 0x65, 0x74, 0x0, 0x70, 0x75, 0x70, 0x70, 0x79, 0x0, 0x70, 0x75, 0x72,
    0x63, 0x68, 0x61, 0x73, 0x65, 0x0, 0x70, 0x75, 0x72, 0x65, 0x62, 0x6c, 0x6f, 0x6f, 0x64, 0x0,
    0x70, 0x75, 0x72, 0x65, 0x62, 0x72, 0x65, 0x64, 0x0, 0x70, 0x75, 0x72, 0x65, 0x6c, 0x79, 0x0,
    0x70, 0x75, 0x72, 0x65, 0x6e, 0x65, 0x73, 0x73, 0x0, 0x70, 0x75, 0x72, 0x67, 0x61, 0x74, 0x6f,
    0x72, 0x79, 0x0, 0x70, 0x75, 0x72, 0x67, 0x65, 0x0, 0x70, 0x75, 0x72, 0x67, 0x69, 0x6e, 0x67,
    0x0, 0x70, 0x75, 0x72, 0x69, 0x66, 0x69, 0x65, 0x72, 0x0, 0x70, 0x75, 0x72, 0x69, 0x66, 0x79,
    0x0, 0x70, 0x75, 0x72, 0x69, 0x73, 0x74, 0x0, 0x70, 0x75, 0x72, 0x69, 0x74, 0x61, 0x6e, 0x0,
    0x70, 0x75, 0x72, 0x69, 0x74, 0x79, 0x0, 0x70, 0x75, 0x72, 0x70, 0x6c, 0x65, 0x0, 0x70, 0x75,
    0x72, 0x70, 0x6c, 0x69, 0x73, 0x68, 0x0, 0x70, 0x75, 0x72, 0x70, 0x6f, 0x73, 0x65, 0x6c, 0x79,
    0x0, 0x70, 0x75, 0x72, 0x72, 0x0, 0x70, 0x75, 0x72, 0x73, 0x65, 0x0, 0x70, 0x75, 0x72, 0x73,
    0x75, 0x61, 0x62, 0x6c, 0x65, 0x0, 0x70, 0x75, 0x72, 0x73, 0x75, 0x61, 0x6e, 0x74, 0x0, 0x70,
    0x75, 0x72, 0x73, 0x75, 0x69, 0x74, 0x0, 0x70, 0x75, 0x72, 0x76, 0x65, 0x79, 0x6f, 0x72, 0x0,
    0x70, 0x75, 0x73, 0x68, 0x63, 0x61, 0x72, 0x74, 0x0, 0x70, 0x75, 0x73, 0x68, 0x63, 0x68, 0x61,
    0x69, 0x72, 0x0, 0x70, 0x75, 0x73, 0x68, 0x65, 0x72, 0x0, 0x70, 0x75, 0x73, 0x68, 0x69, 0x6e,
    0x65, 0x73, 0x73, 0x0, 0x70, 0x75, 0x73, 0x68, 0x69, 0x6e, 0x67, 0x0, 0x70, 0x75, 0x73, 0x68,
    0x6f, 0x76, 0x65, 0x72, 0x0, 0x70, 0x75, 0x73, 0x68, 0x70, 0x69, 0x6e, 0x0, 0x70, 0x75, 0x73,
    0x68, 0x75, 0x70, 0x0, 0x70, 0x75, 0x73, 0x68, 0x79, 0x0, 0x70, 0x75, 0x74, 0x64, 0x6f, 0x77,
    0x6e, 0x0, 0x70, 0x75, 0x74, 0x74, 0x0, 0x70, 0x75, 0x7a, 0x7a, 0x6c, 0x65, 0x0, 0x70, 0x75,
    0x7a, 0x7a, 0x6c, 0x69, 0x6e, 0x67, 0x0, 0x70, 0x79, 0x72, 0x61, 0x6d, 0x69, 0x64, 0x0, 0x70,
    0x79, 0x72, 0x6f, 0x6d, 0x61, 0x6e, 0x69, 0x61, 0x0, 0x70, 0x79, 0x74, 0x68, 0x6f, 0x6e, 0x0,
    0x71, 0x75, 0x61, 0x63, 0x6b, 0x0, 0x71, 0x75, 0x61, 0x64, 0x72, 0x61, 0x6e, 0x74, 0x0, 0x71,
    0x75, 0x61, 0x69, 0x6c, 0x0, 0x71, 0x75, 0x61, 0x69, 0x6e, 0x74, 0x6c, 0x79, 0x0, 0x71, 0x75,
    0x61, 0x6b, 0x65, 0x0, 0x71, 0x75, 0x61, 0x6b, 0x69, 0x6e, 0x67, 0x0, 0x71, 0x75, 0x61, 0x6c,
    0x69, 0x66, 0x69, 0x65, 0x64, 0x0, 0x71, 0x75, 0x61, 0x6c, 0x69, 0x66, 0x69, 0x65, 0x72, 0x0,
    0x71, 0x75, 0x61, 0x6c, 0x69, 0x66, 0x79, 0x0, 0x71, 0x75, 0x61, 0x6c, 0x69, 0x74, 0x79, 0x0,
    0x71, 0x75, 0x61, 0x6c, 0x6d, 0x0, 0x71, 0x75, 0x61, 0x6e, 0x74, 0x75, 0x6d, 0x0, 0x71, 0x75,
    0x61, 0x72, 0x72, 0x65, 0x6c, 0x0, 0x71, 0x75, 0x61, 0x72, 0x72, 0x79, 0x0, 0x71, 0x75, 0x61,
    0x72, 0x74, 0x65, 0x72, 0x65, 0x64, 0x0, 0x71, 0x75, 0x61, 0x72, 0x74, 0x65, 0x72, 0x6c, 0x79,
    0x0, 0x71, 0x75, 0x61, 0x72, 0x74, 0x65, 0x72, 0x73, 0x0, 0x71, 0x75, 0x61, 0x72, 0x74, 0x65,
    0x74, 0x0, 0x71, 0x75, 0x65, 0x6e, 0x63, 0x68, 0x0, 0x71, 0x75, 0x65, 0x72, 0x79, 0x0, 0x71,
    0x75, 0x69, 0x63, 0x6b, 0x65, 0x6e, 0x0, 0x71, 0x75, 0x69, 0x63, 0x6b, 0x6c, 0x79, 0x0, 0x71,
    0x75, 0x69, 0x63, 0x6b, 0x6e, 0x65, 0x73, 0x73, 0x0, 0x71, 0x75, 0x69, 0x63, 0x6b, 0x73, 0x61,
    0x6e, 0x64, 0x0, 0x71, 0x75, 0x69, 0x63, 0x6b, 0x73, 0x74, 0x65, 0x70, 0x0, 0x71, 0x75, 0x69,
    0x65, 0x74, 0x0, 0x71, 0x75, 0x69, 0x6c, 0x6c, 0x0, 0x71, 0x75, 0x69, 0x6c, 0x74, 0x0, 0x71,
    0x75, 0x69, 0x6e, 0x74, 0x65, 0x74, 0x0, 0x71, 0x75, 0x69, 0x6e, 0x74, 0x75, 0x70, 0x6c, 0x65,
    0x0, 0x71, 0x75, 0x69, 0x72, 0x6b, 0x0, 0x71, 0x75, 0x69, 0x74, 0x0, 0x71, 0x75, 0x69, 0x76,
    0x65, 0x72, 0x0, 0x71, 0x75, 0x69, 0x7a, 0x7a, 0x69, 0x63, 0x61, 0x6c, 0x0, 0x71, 0x75, 0x6f,
    0x74, 0x61, 0x62, 0x6c, 0x65, 0x0, 0x71, 0x75, 0x6f, 0x74, 0x61, 0x74, 0x69, 0x6f, 0x6e, 0x0,
    0x71, 0x75, 0x6f, 0x74, 0x65, 0x0, 0x72, 0x61, 0x62, 0x69, 0x64, 0x0, 0x72, 0x61, 0x63, 0x65,
    0x0, 0x72, 0x61, 0x63, 0x69, 0x6e, 0x67, 0x0, 0x72, 0x61, 0x63, 0x69, 0x73, 0x6d, 0x0, 0x72,
    0x61, 0x63, 0x6b, 0x0, 0x72, 0x61, 0x63, 0x6f, 0x6f, 0x6e, 0x0, 0x72, 0x61, 0x64, 0x61, 0x72,
    0x0, 0x72, 0x61, 0x64, 0x69, 0x61, 0x6c, 0x0, 0x72, 0x61, 0x64, 0x69, 0x61, 0x6e, 0x63, 0x65,
    0x0, 0x72, 0x61, 0x64, 0x69, 0x61, 0x6e, 0x74, 0x6c, 0x79, 0x0, 0x72, 0x61, 0x64, 0x69, 0x61,
    0x74, 0x65, 0x64, 0x0, 0x72, 0x61, 0x64, 0x69, 0x61, 0x74, 0x69, 0x6f, 0x6e, 0x0, 0x72, 0x61,
    0x64, 0x69, 0x61, 0x74, 0x6f, 0x72, 0x0, 0x72, 0x61, 0x64, 0x69, 0x6f, 0x0, 0x72, 0x61, 0x64,
    0x69, 0x73, 0x68, 0x0, 0x72, 0x61, 0x66, 0x66, 0x6c, 0x65, 0x0, 0x72, 0x61, 0x66, 0x74, 0x0,
    0x72, 0x61, 0x67, 0x65, 0x0, 0x72, 0x61, 0x67, 0x67, 0x65, 0x64, 0x0, 0x72, 0x61, 0x67, 0x69,
    0x6e, 0x67, 0x0, 0x72, 0x61, 0x67, 0x77, 0x65, 0x65, 0x64, 0x0, 0x72, 0x61, 0x69, 0x64, 0x65,
    0x72, 0x0, 0x72, 0x61, 0x69, 0x6c, 0x63, 0x61, 0x72, 0x0, 0x72, 0x61, 0x69, 0x6c, 0x69, 0x6e,
    0x67, 0x0, 0x72, 0x61, 0x69, 0x6c, 0x72, 0x6f, 0x61, 0x64, 0x0, 0x72, 0x61, 0x69, 0x6c, 0x77,
    0x61, 0x79, 0x0, 0x72, 0x61, 0x69, 0x73, 0x69, 0x6e, 0x0, 0x72, 0x61, 0x6b, 0x65, 0x0, 0x72,
    0x61, 0x6b, 0x69, 0x6e, 0x67, 0x0, 0x72, 0x61, 0x6c, 0x6c, 0x79, 0x0, 0x72, 0x61, 0x6d, 0x62,
    0x6c, 0x65, 0x0, 0x72, 0x61, 0x6d, 0x62, 0x6c, 0x69, 0x6e, 0x67, 0x0, 0x72, 0x61, 0x6d, 0x70,
    0x0, 0x72, 0x61, 0x6d, 0x72, 0x6f, 0x64, 0x0, 0x72, 0x61, 0x6e, 0x63, 0x68, 0x0, 0x72, 0x61,
    0x6e, 0x63, 0x69, 0x64, 0x69, 0x74, 0x79, 0x0, 0x72, 0x61, 0x6e, 0x64, 0x6f, 0x6d, 0x0, 0x72,
    0x61, 0x6e, 0x67, 0x65, 0x64, 0x0, 0x72, 0x61, 0x6e, 0x67, 0x65, 0x72, 0x0, 0x72, 0x61, 0x6e,
    0x67, 0x69, 0x6e, 0x67, 0x0, 0x72, 0x61, 0x6e, 0x6b, 0x65, 0x64, 0x0, 0x72, 0x61, 0x6e, 0x6b,
    0x69, 0x6e, 0x67, 0x0, 0x72, 0x61, 0x6e, 0x73, 0x61, 0x63, 0x6b, 0x0, 0x72, 0x61, 0x6e, 0x74,
    0x69, 0x6e, 0x67, 0x0, 0x72, 0x61, 0x6e, 0x74, 0x73, 0x0, 0x72, 0x61, 0x72, 0x65, 0x0, 0x72,
    0x61, 0x72, 0x69, 0x74, 0x79, 0x0, 0x72, 0x61, 0x73, 0x63, 0x61, 0x6c, 0x0, 0x72, 0x61, 0x73,
    0x68, 0x0, 0x72, 0x61, 0x73, 0x70, 0x69, 0x6e, 0x67, 0x0, 0x72, 0x61, 0x76, 0x61, 0x67, 0x65,
    0x0, 0x72, 0x61, 0x76, 0x65, 0x6e, 0x0, 0x72, 0x61, 0x76, 0x69, 0x6e, 0x65, 0x0, 0x72, 0x61,
    0x76, 0x69, 0x6e, 0x67, 0x0, 0x72, 0x61, 0x76, 0x69, 0x6f, 0x6c, 0x69, 0x0, 0x72, 0x61, 0x76,
    0x69, 0x73, 0x68, 0x69, 0x6e, 0x67, 0x0, 0x72, 0x65, 0x61, 0x62, 0x73, 0x6f, 0x72, 0x62, 0x0,
    0x72, 0x65, 0x61, 0x63, 0x68, 0x0, 0x72, 0x65, 0x61, 0x63, 0x71, 0x75, 0x69, 0x72, 0x65, 0x0,
    0x72, 0x65, 0x61, 0x63, 0x74, 0x69, 0x6f, 0x6e, 0x0, 0x72, 0x65, 0x61, 0x63, 0x74, 0x69, 0x76,
    0x65, 0x0, 0x72, 0x65, 0x61, 0x63, 0x74, 0x6f, 0x72, 0x0, 0x72, 0x65, 0x61, 0x66, 0x66, 0x69,
    0x72, 0x6d, 0x0, 0x72, 0x65, 0x61, 0x6d, 0x0, 0x72, 0x65, 0x61, 0x6e, 0x61, 0x6c, 0x79, 0x7a,
    0x65, 0x0, 0x72, 0x65, 0x61, 0x70, 0x70, 0x65, 0x61, 0x72, 0x0, 0x72, 0x65, 0x61, 0x70, 0x70,
    0x6c, 0x79, 0x0, 0x72, 0x65, 0x61, 0x70, 0x70, 0x6f, 0x69, 0x6e, 0x74, 0x0, 0x72, 0x65, 0x61,
    0x70, 0x70, 0x72, 0x6f, 0x76, 0x65, 0x0, 0x72, 0x65, 0x61, 0x72, 0x72, 0x61, 0x6e, 0x67, 0x65,
    0x0, 0x72, 0x65, 0x61, 0x72, 0x76, 0x69, 0x65, 0x77, 0x0, 0x72, 0x65, 0x61, 0x73, 0x6f, 0x6e,
    0x0, 0x72, 0x65, 0x61, 0x73, 0x73, 0x69, 0x67, 0x6e, 0x0, 0x72, 0x65, 0x61, 0x73, 0x73, 0x75,
    0x72, 0x65, 0x0, 0x72, 0x65, 0x61, 0x74, 0x74, 0x61, 0x63, 0x68, 0x0, 0x72, 0x65, 0x61, 0x77,
    0x61, 0x6b, 0x65, 0x0, 0x72, 0x65, 0x62, 0x61, 0x6c, 0x61, 0x6e, 0x63, 0x65, 0x0, 0x72, 0x65,
    0x62, 0x61, 0x74, 0x65, 0x0, 0x72, 0x65, 0x62, 0x65, 0x6c, 0x0, 0x72, 0x65, 0x62, 0x69, 0x72,
    0x74, 0x68, 0x0, 0x72, 0x65, 0x62, 0x6f, 0x6f, 0x74, 0x0, 0x72, 0x65, 0x62, 0x6f, 0x72, 0x6e,
    0x0, 0x72, 0x65, 0x62, 0x6f, 0x75, 0x6e, 0x64, 0x0, 0x72, 0x65, 0x62, 0x75, 0x66, 0x66, 0x0,
    0x72, 0x65, 0x62, 0x75, 0x69, 0x6c, 0x64, 0x0, 0x72, 0x65, 0x62, 0x75, 0x69, 0x6c, 0x74, 0x0,
    0x72, 0x65, 0x62, 0x75, 0x72, 0x69, 0x61, 0x6c, 0x0, 0x72, 0x65, 0x62, 0x75, 0x74, 0x74, 0x61,
    0x6c, 0x0, 0x72, 0x65, 0x63, 0x61, 0x6c, 0x6c, 0x0, 0x72, 0x65, 0x63, 0x61, 0x6e, 0x74, 0x0,
    0x72, 0x65, 0x63, 0x61, 0x70, 0x74, 0x75, 0x72, 0x65, 0x0, 0x72, 0x65, 0x63, 0x61, 0x73, 0x74,
    0x0, 0x72, 0x65, 0x63, 0x65, 0x64, 0x65, 0x0, 0x72, 0x65, 0x63, 0x65, 0x6e, 0x74, 0x0, 0x72,
    0x65, 0x63, 0x65, 0x73, 0x73, 0x0, 0x72, 0x65, 0x63, 0x68, 0x61, 0x72, 0x67, 0x65, 0x72, 0x0,
    0x72, 0x65, 0x63, 0x69, 0x70, 0x69, 0x65, 0x6e, 0x74, 0x0, 0x72, 0x65, 0x63, 0x69, 0x74, 0x61,
    0x6c, 0x0, 0x72, 0x65, 0x63, 0x69, 0x74, 0x65, 0x0, 0x72, 0x65, 0x63, 0x6b, 0x6c, 0x65, 0x73,
    0x73, 0x0, 0x72, 0x65, 0x63, 0x6c, 0x61, 0x69, 0x6d, 0x0, 0x72, 0x65, 0x63, 0x6c, 0x69, 0x6e,
    0x65, 0x72, 0x0, 0x72, 0x65, 0x63, 0x6c, 0x69, 0x6e, 0x69, 0x6e, 0x67, 0x0, 0x72, 0x65, 0x63,
    0x6c, 0x75, 0x73, 0x65, 0x0, 0x72, 0x65, 0x63, 0x6c, 0x75, 0x73, 0x69, 0x76, 0x65, 0x0, 0x72,
    0x65, 0x63, 0x6f, 0x67, 0x6e, 0x69, 0x7a, 0x65, 0x0, 0x72, 0x65, 0x63, 0x6f, 0x69, 0x6c, 0x0,
    0x72, 0x65, 0x63, 0x6f, 0x6c, 0x6c, 0x65, 0x63, 0x74, 0x0, 0x72, 0x65, 0x63, 0x6f, 0x6c, 0x6f,
    0x72, 0x0, 0x72, 0x65, 0x63, 0x6f, 0x6e, 0x63, 0x69, 0x6c, 0x65, 0x0, 0x72, 0x65, 0x63, 0x6f,
    0x6e, 0x66, 0x69, 0x72, 0x6d, 0x0, 0x72, 0x65, 0x63, 0x6f, 0x6e, 0x76, 0x65, 0x6e, 0x65, 0x0,
    0x72, 0x65, 0x63, 0x6f, 0x70, 0x79, 0x0, 0x72, 0x65, 0x63, 0x6f, 0x72, 0x64, 0x0, 0x72, 0x65,
    0x63, 0x6f, 0x75, 0x6e, 0x74, 0x0, 0x72, 0x65, 0x63, 0x6f, 0x75, 0x70, 0x0, 0x72, 0x65, 0x63,
    0x6f, 0x76, 0x65, 0x72, 0x79, 0x0, 0x72, 0x65, 0x63, 0x72, 0x65, 0x61, 0x74, 0x65, 0x0, 0x72,
    0x65, 0x63, 0x74, 0x61, 0x6c, 0x0, 0x72, 0x65, 0x63, 0x74, 0x61, 0x6e, 0x67, 0x6c, 0x65, 0x0,
    0x72, 0x65, 0x63, 0x74, 0x69, 0x66, 0x69, 0x65, 0x64, 0x0, 0x72, 0x65, 0x63, 0x74, 0x69, 0x66,
    0x79, 0x0, 0x72, 0x65, 0x63, 0x79, 0x63, 0x6c, 0x65, 0x64, 0x0, 0x72, 0x65, 0x63, 0x79, 0x63,
    0x6c, 0x65, 0x72, 0x0, 0x72, 0x65, 0x63, 0x79, 0x63, 0x6c, 0x69, 0x6e, 0x67, 0x0, 0x72, 0x65,
    0x65, 0x6d, 0x65, 0x72, 0x67, 0x65, 0x0, 0x72, 0x65, 0x65, 0x6e, 0x61, 0x63, 0x74, 0x0, 0x72,
    0x65, 0x65, 0x6e, 0x74, 0x65, 0x72, 0x0, 0x72, 0x65, 0x65, 0x6e, 0x74, 0x72, 0x79, 0x0, 0x72,
    0x65, 0x65, 0x78, 0x61, 0x6d, 0x69, 0x6e, 0x65, 0x0, 0x72, 0x65, 0x66, 0x65, 0x72, 0x61, 0x62,
    0x6c, 0x65, 0x0, 0x72, 0x65, 0x66, 0x65, 0x72, 0x65, 0x65, 0x0, 0x72, 0x65, 0x66, 0x65, 0x72,
    0x65, 0x6e, 0x63, 0x65, 0x0, 0x72, 0x65, 0x66, 0x69, 0x6c, 0x6c, 0x0, 0x72, 0x65, 0x66, 0x69,
    0x6e, 0x61, 0x6e, 0x63, 0x65, 0x0, 0x72, 0x65, 0x66, 0x69, 0x6e, 0x65, 0x64, 0x0, 0x72, 0x65,
    0x66, 0x69, 0x6e, 0x65, 0x72, 0x79, 0x0, 0x72, 0x65, 0x66, 0x69, 0x6e, 0x69, 0x6e, 0x67, 0x0,
    0x72, 0x65, 0x66, 0x69, 0x6e, 0x69, 0x73, 0x68, 0x0, 0x72, 0x65, 0x66, 0x6c, 0x65, 0x63, 0x74,
    0x65, 0x64, 0x0, 0x72, 0x65, 0x66, 0x6c, 0x65, 0x63, 0x74, 0x6f, 0x72, 0x0, 0x72, 0x65, 0x66,
    0x6c, 0x65, 0x78, 0x0, 0x72, 0x65, 0x66, 0x6c, 0x75, 0x78, 0x0, 0x72, 0x65, 0x66, 0x6f, 0x63,
    0x75, 0x73, 0x0, 0x72, 0x65, 0x66, 0x6f, 0x6c, 0x64, 0x0, 0x72, 0x65, 0x66, 0x6f, 0x72, 0x65,
    0x73, 0x74, 0x0, 0x72, 0x65, 0x66, 0x6f, 0x72, 0x6d, 0x61, 0x74, 0x0, 0x72, 0x65, 0x66, 0x6f,
    0x72, 0x6d, 0x65, 0x64, 0x0, 0x72, 0x65, 0x66, 0x6f, 0x72, 0x6d, 0x65, 0x72, 0x0, 0x72, 0x65,
    0x66, 0x6f, 0x72, 0x6d, 0x69, 0x73, 0x74, 0x0, 0x72, 0x65, 0x66, 0x72, 0x61, 0x63, 0x74, 0x0,
    0x72, 0x65, 0x66, 0x72, 0x61, 0x69, 0x6e, 0x0, 0x72, 0x65, 0x66, 0x72, 0x65, 0x65, 0x7a, 0x65,
    0x0, 0x72, 0x65, 0x66, 0x72, 0x65, 0x73, 0x68, 0x0, 0x72, 0x65, 0x66, 0x72, 0x69, 0x65, 0x64,
    0x0, 0x72, 0x65, 0x66, 0x75, 0x65, 0x6c, 0x69, 0x6e, 0x67, 0x0, 0x72, 0x65, 0x66, 0x75, 0x6e,
    0x64, 0x0, 0x72, 0x65, 0x66, 0x75, 0x72, 0x62, 0x69, 0x73, 0x68, 0x0, 0x72, 0x65, 0x66, 0x75,
    0x72, 0x6e, 0x69, 0x73, 0x68, 0x0, 0x72, 0x65, 0x66, 0x75, 0x73, 0x61, 0x6c, 0x0, 0x72, 0x65,
    0x66, 0x75, 0x73, 0x65, 0x0, 0x72, 0x65, 0x66, 0x75, 0x73, 0x69, 0x6e, 0x67, 0x0, 0x72, 0x65,
    0x66, 0x75, 0x74, 0x61, 0x62, 0x6c, 0x65, 0x0, 0x72, 0x65, 0x66, 0x75, 0x74, 0x65, 0x0, 0x72,
    0x65, 0x67, 0x61, 0x69, 0x6e, 0x0, 0x72, 0x65, 0x67, 0x61, 0x6c, 0x69, 0x61, 0x0, 0x72, 0x65,
    0x67, 0x61, 0x6c, 0x6c, 0x79, 0x0, 0x72, 0x65, 0x67, 0x67, 0x61, 0x65, 0x0, 0x72, 0x65, 0x67,
    0x69, 0x6d, 0x65, 0x0, 0x72, 0x65, 0x67, 0x69, 0x6f, 0x6e, 0x0, 0x72, 0x65, 0x67, 0x69, 0x73,
    0x74, 0x65, 0x72, 0x0, 0x72, 0x65, 0x67, 0x69, 0x73, 0x74, 0x72, 0x61, 0x72, 0x0, 0x72, 0x65,
    0x67, 0x69, 0x73, 0x74, 0x72, 0x79, 0x0, 0x72, 0x65, 0x67, 0x72, 0x65, 0x73, 0x73, 0x0, 0x72,
    0x65, 0x67, 0x72, 0x65, 0x74, 0x66, 0x75, 0x6c, 0x0, 0x72, 0x65, 0x67, 0x72, 0x6f, 0x75, 0x70,
    0x0, 0x72, 0x65, 0x67, 0x75, 0x6c, 0x61, 0x72, 0x0, 0x72, 0x65, 0x67, 0x75, 0x6c, 0x61, 0x74,
    0x65, 0x0, 0x72, 0x65, 0x67, 0x75, 0x6c, 0x61, 0x74, 0x6f, 0x72, 0x0, 0x72, 0x65, 0x68, 0x61,
    0x62, 0x0, 0x72, 0x65, 0x68, 0x65, 0x61, 0x74, 0x0, 0x72, 0x65, 0x68, 0x69, 0x72, 0x65, 0x0,
    0x72, 0x65, 0x68, 0x79, 0x64, 0x72, 0x61, 0x74, 0x65, 0x0, 0x72, 0x65, 0x69, 0x6d, 0x62, 0x75,
    0x72, 0x73, 0x65, 0x0, 0x72, 0x65, 0x69, 0x73, 0x73, 0x75, 0x65, 0x0, 0x72, 0x65, 0x69, 0x74,
    0x65, 0x72, 0x61, 0x74, 0x65, 0x0, 0x72, 0x65, 0x6a, 0x6f, 0x69, 0x63, 0x65, 0x0, 0x72, 0x65,
    0x6a, 0x6f, 0x69, 0x63, 0x69, 0x6e, 0x67, 0x0, 0x72, 0x65, 0x6a, 0x6f, 0x69, 0x6e, 0x0, 0x72,
    0x65, 0x6b, 0x69, 0x6e, 0x64, 0x6c, 0x65, 0x0, 0x72, 0x65, 0x6c, 0x61, 0x70, 0x73, 0x65, 0x0,
    0x72, 0x65, 0x6c, 0x61, 0x70, 0x73, 0x69, 0x6e, 0x67, 0x0, 0x72, 0x65, 0x6c, 0x61, 0x74, 0x61,
    0x62, 0x6c, 0x65, 0x0, 0x72, 0x65, 0x6c, 0x61, 0x74, 0x65, 0x64, 0x0, 0x72, 0x65, 0x6c, 0x61,
    0x74, 0x69, 0x6f, 0x6e, 0x0, 0x72, 0x65, 0x6c, 0x61, 0x74, 0x69, 0x76, 0x65, 0x0, 0x72, 0x65,
    0x6c, 0x61, 0x78, 0x0, 0x72, 0x65, 0x6c, 0x61, 0x79, 0x0, 0x72, 0x65, 0x6c, 0x65, 0x61, 0x72,
    0x6e, 0x0, 0x72, 0x65, 0x6c, 0x65, 0x61, 0x73, 0x65, 0x0, 0x72, 0x65, 0x6c, 0x65, 0x6e, 0x74,
    0x69, 0x6e, 0x67, 0x0, 0x72, 0x65, 0x6c, 0x69, 0x61, 0x62, 0x6c, 0x65, 0x0, 0x72, 0x65, 0x6c,
    0x69, 0x61, 0x62, 0x6c, 0x79, 0x0, 0x72, 0x65, 0x6c, 0x69, 0x61, 0x6e, 0x63, 0x65, 0x0, 0x72,
    0x65, 0x6c, 0x69, 0x61, 0x6e, 0x74, 0x0, 0x72, 0x65, 0x6c, 0x69, 0x63, 0x0, 0x72, 0x65, 0x6c,
    0x69, 0x65, 0x76, 0x65, 0x0, 0x72, 0x65, 0x6c, 0x69, 0x65, 0x76, 0x69, 0x6e, 0x67, 0x0, 0x72,
    0x65, 0x6c, 0x69, 0x67, 0x68, 0x74, 0x0, 0x72, 0x65, 0x6c, 0x69, 0x73, 0x68, 0x0, 0x72, 0x65,
    0x6c, 0x69, 0x76, 0x65, 0x0, 0x72, 0x65, 0x6c, 0x6f, 0x61, 0x64, 0x0, 0x72, 0x65, 0x6c, 0x6f,
    0x63, 0x61, 0x74, 0x65, 0x0, 0x72, 0x65, 0x6c, 0x6f, 0x63, 0x6b, 0x0, 0x72, 0x65, 0x6c, 0x75,
    0x63, 0x74, 0x61, 0x6e, 0x74, 0x0, 0x72, 0x65, 0x6c, 0x79, 0x0, 0x72, 0x65, 0x6d, 0x61, 0x6b,
    0x65, 0x0, 0x72, 0x65, 0x6d, 0x61, 0x72, 0x6b, 0x0, 0x72, 0x65, 0x6d, 0x61, 0x72, 0x72, 0x79,
    0x0, 0x72, 0x65, 0x6d, 0x61, 0x74, 0x63, 0x68, 0x0, 0x72, 0x65, 0x6d, 0x65, 0x64, 0x69, 0x61,
    0x6c, 0x0, 0x72, 0x65, 0x6d, 0x65, 0x64, 0x79, 0x0, 0x72, 0x65, 0x6d, 0x65, 0x6d, 0x62, 0x65,
    0x72, 0x0, 0x72, 0x65, 0x6d, 0x69, 0x6e, 0x64, 0x65, 0x72, 0x0, 0x72, 0x65, 0x6d, 0x69, 0x6e,
    0x64, 0x66, 0x75, 0x6c, 0x0, 0x72, 0x65, 0x6d, 0x69, 0x73, 0x73, 0x69, 0x6f, 0x6e, 0x0, 0x72,
    0x65, 0x6d, 0x69, 0x78, 0x0, 0x72, 0x65, 0x6d, 0x6e, 0x61, 0x6e, 0x74, 0x0, 0x72, 0x65, 0x6d,
    0x6f, 0x64, 0x65, 0x6c, 0x65, 0x72, 0x0, 0x72, 0x65, 0x6d, 0x6f, 0x6c, 0x64, 0x0, 0x72, 0x65,
    0x6d, 0x6f, 0x72, 0x73, 0x65, 0x0, 0x72, 0x65, 0x6d, 0x6f, 0x74, 0x65, 0x0, 0x72, 0x65, 0x6d,
    0x6f, 0x76, 0x61, 0x62, 0x6c, 0x65, 0x0, 0x72, 0x65, 0x6d, 0x6f, 0x76, 0x61, 0x6c, 0x0, 0x72,
    0x65, 0x6d, 0x6f, 0x76, 0x65, 0x64, 0x0, 0x72, 0x65, 0x6d, 0x6f, 0x76, 0x65, 0x72, 0x0, 0x72,
    0x65, 0x6d, 0x6f, 0x76, 0x69, 0x6e, 0x67, 0x0, 0x72, 0x65, 0x6e, 0x61, 0x6d, 0x65, 0x0, 0x72,
    0x65, 0x6e, 0x64, 0x65, 0x72, 0x65, 0x72, 0x0, 0x72, 0x65, 0x6e, 0x64, 0x65, 0x72, 0x69, 0x6e,
    0x67, 0x0, 0x72, 0x65, 0x6e, 0x64, 0x69, 0x74, 0x69, 0x6f, 0x6e, 0x0, 0x72, 0x65, 0x6e, 0x65,
    0x67, 0x61, 0x64, 0x65, 0x0, 0x72, 0x65, 0x6e, 0x65, 0x77, 0x61, 0x62, 0x6c, 0x65, 0x0, 0x72,
    0x65, 0x6e, 0x65, 0x77, 0x61, 0x62, 0x6c, 0x79, 0x0, 0x72, 0x65, 0x6e, 0x65, 0x77, 0x61, 0x6c,
    0x0, 0x72, 0x65, 0x6e, 0x65, 0x77, 0x65, 0x64, 0x0, 0x72, 0x65, 0x6e, 0x6f, 0x75, 0x6e, 0x63,
    0x65, 0x0, 0x72, 0x65, 0x6e, 0x6f, 0x76, 0x61, 0x74, 0x65, 0x0, 0x72, 0x65, 0x6e, 0x6f, 0x76,
    0x61, 0x74, 0x6f, 0x72, 0x0, 0x72, 0x65, 0x6e, 0x74, 0x61, 0x62, 0x6c, 0x65, 0x0, 0x72, 0x65,
    0x6e, 0x74, 0x61, 0x6c, 0x0, 0x72, 0x65, 0x6e, 0x74, 0x65, 0x64, 0x0, 0x72, 0x65, 0x6e, 0x74,
    0x65, 0x72, 0x0, 0x72, 0x65, 0x6f, 0x63, 0x63, 0x75, 0x70, 0x79, 0x0, 0x72, 0x65, 0x6f, 0x63,
    0x63, 0x75, 0x72, 0x0, 0x72, 0x65, 0x6f, 0x70, 0x65, 0x6e, 0x0, 0x72, 0x65, 0x6f, 0x72, 0x64,
    0x65, 0x72, 0x0, 0x72, 0x65, 0x70, 0x61, 0x63, 0x6b, 0x61, 0x67, 0x65, 0x0, 0x72, 0x65, 0x70,
    0x61, 0x63, 0x6b, 0x69, 0x6e, 0x67, 0x0, 0x72, 0x65, 0x70, 0x61, 0x69, 0x6e, 0x74, 0x0, 0x72,
    0x65, 0x70, 0x61, 0x69, 0x72, 0x0, 0x72, 0x65, 0x70, 0x61, 0x76, 0x65, 0x0, 0x72, 0x65, 0x70,
    0x61, 0x79, 0x69, 0x6e, 0x67, 0x0, 0x72, 0x65, 0x70, 0x61, 0x79, 0x6d, 0x65, 0x6e, 0x74, 0x0,
    0x72, 0x65, 0x70, 0x65, 0x61, 0x6c, 0x0, 0x72, 0x65, 0x70, 0x65, 0x61, 0x74, 0x65, 0x64, 0x0,
    0x72, 0x65, 0x70, 0x65, 0x61, 0x74, 0x65, 0x72, 0x0, 0x72, 0x65, 0x70, 0x65, 0x6e, 0x74, 0x0,
    0x72, 0x65, 0x70, 0x68, 0x72, 0x61, 0x73, 0x65, 0x0, 0x72, 0x65, 0x70, 0x6c, 0x61, 0x63, 0x65,
    0x0, 0x72, 0x65, 0x70, 0x6c, 0x61, 0x79, 0x0, 0x72, 0x65, 0x70, 0x6c, 0x69, 0x63, 0x61, 0x0,
    0x72, 0x65, 0x70, 0x6c, 0x79, 0x0, 0x72, 0x65, 0x70, 0x6f, 0x72, 0x74, 0x65, 0x72, 0x0, 0x72,
    0x65, 0x70, 0x6f, 0x73, 0x65, 0x0, 0x72, 0x65, 0x70, 0x6f, 0x73, 0x73, 0x65, 0x73, 0x73, 0x0,
    0x72, 0x65, 0x70, 0x6f, 0x73, 0x74, 0x0, 0x72, 0x65, 0x70, 0x72, 0x65, 0x73, 0x73, 0x65, 0x64,
    0x0, 0x72, 0x65, 0x70, 0x72, 0x69, 0x6d, 0x61, 0x6e, 0x64, 0x0, 0x72, 0x65, 0x70, 0x72, 0x69,
    0x6e, 0x74, 0x0, 0x72, 0x65, 0x70, 0x72, 0x69, 0x73, 0x65, 0x0, 0x72, 0x65, 0x70, 0x72, 0x6f,
    0x61, 0x63, 0x68, 0x0, 0x72, 0x65, 0x70, 0x72, 0x6f, 0x63, 0x65, 0x73, 0x73, 0x0, 0x72, 0x65,
    0x70, 0x72, 0x6f, 0x64, 0x75, 0x63, 0x65, 0x0, 0x72, 0x65, 0x70, 0x72, 0x6f, 0x67, 0x72, 0x61,
    0x6d, 0x0, 0x72, 0x65, 0x70, 0x73, 0x0, 0x72, 0x65, 0x70, 0x74, 0x69, 0x6c, 0x65, 0x0, 0x72,
    0x65, 0x70, 0x74, 0x69, 0x6c, 0x69, 0x61, 0x6e, 0x0, 0x72, 0x65, 0x70, 0x75, 0x67, 0x6e, 0x61,
    0x6e, 0x74, 0x0, 0x72, 0x65, 0x70, 0x75, 0x6c, 0x73, 0x69, 0x6f, 0x6e, 0x0, 0x72, 0x65, 0x70,
    0x75, 0x6c, 0x73, 0x69, 0x76, 0x65, 0x0, 0x72, 0x65, 0x70, 0x75, 0x72, 0x70, 0x6f, 0x73, 0x65,
    0x0, 0x72, 0x65, 0x70, 0x75, 0x74, 0x61, 0x62, 0x6c, 0x65, 0x0, 0x72, 0x65, 0x70, 0x75, 0x74,
    0x61, 0x62, 0x6c, 0x79, 0x0, 0x72, 0x65, 0x71, 0x75, 0x65, 0x73, 0x74, 0x0, 0x72, 0x65, 0x71,
    0x75, 0x69, 0x72, 0x65, 0x0, 0x72, 0x65, 0x71, 0x75, 0x69, 0x73, 0x69, 0x74, 0x65, 0x0, 0x72,
    0x65, 0x72, 0x6f, 0x75, 0x74, 0x65, 0x0, 0x72, 0x65, 0x72, 0x75, 0x6e, 0x0, 0x72, 0x65, 0x73,
    0x61, 0x6c, 0x65, 0x0, 0x72, 0x65, 0x73, 0x61, 0x6d, 0x70, 0x6c, 0x65, 0x0, 0x72, 0x65, 0x73,
    0x63, 0x75, 0x65, 0x72, 0x0, 0x72, 0x65, 0x73, 0x65, 0x61, 0x6c, 0x0, 0x72, 0x65, 0x73, 0x65,
    0x61, 0x72, 0x63, 0x68, 0x0, 0x72, 0x65, 0x73, 0x65, 0x6c, 0x65, 0x63, 0x74, 0x0, 0x72, 0x65,
    0x73, 0x65, 0x6c, 0x6c, 0x65, 0x72, 0x0, 0x72, 0x65, 0x73, 0x65, 0x6d, 0x62, 0x6c, 0x65, 0x0,
    0x72, 0x65, 0x73, 0x65, 0x6e, 0x64, 0x0, 0x72, 0x65, 0x73, 0x65, 0x6e, 0x74, 0x0, 0x72, 0x65,
    0x73, 0x65, 0x74, 0x0, 0x72, 0x65, 0x73, 0x68, 0x61, 0x70, 0x65, 0x0, 0x72, 0x65, 0x73, 0x68,
    0x6f, 0x6f, 0x74, 0x0, 0x72, 0x65, 0x73, 0x68, 0x75, 0x66, 0x66, 0x6c, 0x65, 0x0, 0x72, 0x65,
    0x73, 0x69, 0x64, 0x65, 0x6e, 0x63, 0x65, 0x0, 0x72, 0x65, 0x73, 0x69, 0x64, 0x65, 0x6e, 0x63,
    0x79, 0x0, 0x72, 0x65, 0x73, 0x69, 0x64, 0x65, 0x6e, 0x74, 0x0, 0x72, 0x65, 0x73, 0x69, 0x64,
    0x75, 0x61, 0x6c, 0x0, 0x72, 0x65, 0x73, 0x69, 0x64, 0x75, 0x65, 0x0, 0x72, 0x65, 0x73, 0x69,
    0x67, 0x6e, 0x65, 0x64, 0x0, 0x72, 0x65, 0x73, 0x69, 0x6c, 0x69, 0x65, 0x6e, 0x74, 0x0, 0x72,
    0x65, 0x73, 0x69, 0x73, 0x74, 0x61, 0x6e, 0x74, 0x0, 0x72, 0x65, 0x73, 0x69, 0x73, 0x74, 0x69,
    0x6e, 0x67, 0x0, 0x72, 0x65, 0x73, 0x69, 0x7a, 0x65, 0x0, 0x72, 0x65, 0x73, 0x6f, 0x6c, 0x75,
    0x74, 0x65, 0x0, 0x72, 0x65, 0x73, 0x6f, 0x6c, 0x76, 0x65, 0x64, 0x0, 0x72, 0x65, 0x73, 0x6f,
    0x6e, 0x61, 0x6e, 0x74, 0x0, 0x72, 0x65, 0x73, 0x6f, 0x6e, 0x61, 0x74, 0x65, 0x0, 0x72, 0x65,
    0x73, 0x6f, 0x72, 0x74, 0x0, 0x72, 0x65, 0x73, 0x6f, 0x75, 0x72, 0x63, 0x65, 0x0, 0x72, 0x65,
    0x73, 0x70, 0x65, 0x63, 0x74, 0x0, 0x72, 0x65, 0x73, 0x75, 0x62, 0x6d, 0x69, 0x74, 0x0, 0x72,
    0x65, 0x73, 0x75, 0x6c, 0x74, 0x0, 0x72, 0x65, 0x73, 0x75, 0x6d, 0x65, 0x0, 0x72, 0x65, 0x73,
    0x75, 0x70, 0x70, 0x6c, 0x79, 0x0, 0x72, 0x65, 0x73, 0x75, 0x72, 0x66, 0x61, 0x63, 0x65, 0x0,
    0x72, 0x65, 0x73, 0x75, 0x72, 0x72, 0x65, 0x63, 0x74, 0x0, 0x72, 0x65, 0x74, 0x61, 0x69, 0x6c,
    0x0, 0x72, 0x65, 0x74, 0x61, 0x69, 0x6e, 0x65, 0x72, 0x0, 0x72, 0x65, 0x74, 0x61, 0x69, 0x6e,
    0x69, 0x6e, 0x67, 0x0, 0x72, 0x65, 0x74, 0x61, 0x6b, 0x65, 0x0, 0x72, 0x65, 0x74, 0x61, 0x6c,
    0x69, 0x61, 0x74, 0x65, 0x0, 0x72, 0x65, 0x74, 0x65, 0x6e, 0x74, 0x69, 0x6f, 0x6e, 0x0, 0x72,
    0x65, 0x74, 0x68, 0x69, 0x6e, 0x6b, 0x0, 0x72, 0x65, 0x74, 0x69, 0x6e, 0x61, 0x6c, 0x0, 0x72,
    0x65, 0x74, 0x69, 0x72, 0x65, 0x64, 0x0, 0x72, 0x65, 0x74, 0x69, 0x72, 0x65, 0x65, 0x0, 0x72,
    0x65, 0x74, 0x69, 0x72, 0x69, 0x6e, 0x67, 0x0, 0x72, 0x65, 0x74, 0x6f, 0x6c, 0x64, 0x0, 0x72,
    0x65, 0x74, 0x6f, 0x6f, 0x6c, 0x0, 0x72, 0x65, 0x74, 0x6f, 0x72, 0x74, 0x65, 0x64, 0x0, 0x72,
    0x65, 0x74, 0x6f, 0x75, 0x63, 0x68, 0x0, 0x72, 0x65, 0x74, 0x72, 0x61, 0x63, 0x65, 0x0, 0x72,
    0x65, 0x74, 0x72, 0x61, 0x63, 0x74, 0x0, 0x72, 0x65, 0x74, 0x72, 0x61, 0x69, 0x6e, 0x0, 0x72,
    0x65, 0x74, 0x72, 0x65, 0x61, 0x64, 0x0, 0x72, 0x65, 0x74, 0x72, 0x65, 0x61, 0x74, 0x0, 0x72,
    0x65, 0x74, 0x72, 0x69, 0x61, 0x6c, 0x0, 0x72, 0x65, 0x74, 0x72, 0x69, 0x65, 0x76, 0x61, 0x6c,
    0x0, 0x72, 0x65, 0x74, 0x72, 0x69, 0x65, 0x76, 0x65, 0x72, 0x0, 0x72, 0x65, 0x74, 0x72, 0x79,
    0x0, 0x72, 0x65, 0x74, 0x75, 0x72, 0x6e, 0x0, 0x72, 0x65, 0x74, 0x79, 0x69, 0x6e, 0x67, 0x0,
    0x72, 0x65, 0x74, 0x79, 0x70, 0x65, 0x0, 0x72, 0x65, 0x75, 0x6e, 0x69, 0x6f, 0x6e, 0x0, 0x72,
    0x65, 0x75, 0x6e, 0x69, 0x74, 0x65, 0x0, 0x72, 0x65, 0x75, 0x73, 0x61, 0x62, 0x6c, 0x65, 0x0,
    0x72, 0x65, 0x75, 0x73, 0x65, 0x0, 0x72, 0x65, 0x76, 0x65, 0x61, 0x6c, 0x0, 0x72, 0x65, 0x76,
    0x65, 0x6c, 0x65, 0x72, 0x0, 0x72, 0x65, 0x76, 0x65, 0x6e, 0x67, 0x65, 0x0, 0x72, 0x65, 0x76,
    0x65, 0x6e, 0x75, 0x65, 0x0, 0x72, 0x65, 0x76, 0x65, 0x72, 0x62, 0x0, 0x72, 0x65, 0x76, 0x65,
    0x72, 0x65, 0x64, 0x0, 0x72, 0x65, 0x76, 0x65, 0x72, 0x65, 0x6e, 0x63, 0x65, 0x0, 0x72, 0x65,
    0x76, 0x65, 0x72, 0x65, 0x6e, 0x64, 0x0, 0x72, 0x65, 0x76, 0x65, 0x72, 0x73, 0x61, 0x6c, 0x0,
    0x72, 0x65, 0x76, 0x65, 0x72, 0x73, 0x65, 0x0, 0x72, 0x65, 0x76, 0x65, 0x72, 0x73, 0x69, 0x6e,
    0x67, 0x0, 0x72, 0x65, 0x76, 0x65, 0x72, 0x73, 0x69, 0x6f, 0x6e, 0x0, 0x72, 0x65, 0x76, 0x65,
    0x72, 0x74, 0x0, 0x72, 0x65, 0x76, 0x69, 0x73, 0x61, 0x62, 0x6c, 0x65, 0x0, 0x72, 0x65, 0x76,
    0x69, 0x73, 0x65, 0x0, 0x72, 0x65, 0x76, 0x69, 0x73, 0x69, 0x6f, 0x6e, 0x0, 0x72, 0x65, 0x76,
    0x69, 0x73, 0x69, 0x74, 0x0, 0x72, 0x65, 0x76, 0x69, 0x76, 0x61, 0x62, 0x6c, 0x65, 0x0, 0x72,
    0x65, 0x76, 0x69, 0x76, 0x61, 0x6c, 0x0, 0x72, 0x65, 0x76, 0x69, 0x76, 0x65, 0x72, 0x0, 0x72,
    0x65, 0x76, 0x69, 0x76, 0x69, 0x6e, 0x67, 0x0, 0x72, 0x65, 0x76, 0x6f, 0x63, 0x61, 0x62, 0x6c,
    0x65, 0x0, 0x72, 0x65, 0x76, 0x6f, 0x6b, 0x65, 0x0, 0x72, 0x65, 0x76, 0x6f, 0x6c, 0x74, 0x0,
    0x72, 0x65, 0x76, 0x6f, 0x6c, 0x76, 0x65, 0x72, 0x0, 0x72, 0x65, 0x76, 0x6f, 0x6c, 0x76, 0x69,
    0x6e, 0x67, 0x0, 0x72, 0x65, 0x77, 0x61, 0x72, 0x64, 0x0, 0x72, 0x65, 0x77, 0x61, 0x73, 0x68,
    0x0, 0x72, 0x65, 0x77, 0x69, 0x6e, 0x64, 0x0, 0x72, 0x65, 0x77, 0x69, 0x72, 0x65, 0x0, 0x72,
    0x65, 0x77, 0x6f, 0x72, 0x64, 0x0, 0x72, 0x65, 0x77, 0x6f, 0x72, 0x6b, 0x0, 0x72, 0x65, 0x77,
    0x72, 0x61, 0x70, 0x0, 0x72, 0x65, 0x77, 0x72, 0x69, 0x74, 0x65, 0x0, 0x72, 0x68, 0x79, 0x6d,
    0x65, 0x0, 0x72, 0x69, 0x62, 0x62, 0x6f, 0x6e, 0x0, 0x72, 0x69, 0x62, 0x63, 0x61, 0x67, 0x65,
    0x0, 0x72, 0x69, 0x63, 0x65, 0x0, 0x72, 0x69, 0x63, 0x68, 0x65, 0x73, 0x0, 0x72, 0x69, 0x63,
    0x68, 0x6c, 0x79, 0x0, 0x72, 0x69, 0x63, 0x68, 0x6e, 0x65, 0x73, 0x73, 0x0, 0x72, 0x69, 0x63,
    0x6b, 0x65, 0x74, 0x79, 0x0, 0x72, 0x69, 0x63, 0x6f, 0x74, 0x74, 0x61, 0x0, 0x72, 0x69, 0x64,
    0x64, 0x61, 0x6e, 0x63, 0x65, 0x0, 0x72, 0x69, 0x64, 0x64, 0x65, 0x6e, 0x0, 0x72, 0x69, 0x64,
    0x65, 0x0, 0x72, 0x69, 0x64, 0x69, 0x6e, 0x67, 0x0, 0x72, 0x69, 0x66, 0x6c, 0x69, 0x6e, 0x67,
    0x0, 0x72, 0x69, 0x66, 0x74, 0x0, 0x72, 0x69, 0x67, 0x67, 0x69, 0x6e, 0x67, 0x0, 0x72, 0x69,
    0x67, 0x69, 0x64, 0x0, 0x72, 0x69, 0x67, 0x6f, 0x72, 0x0, 0x72, 0x69, 0x6d, 0x6c, 0x65, 0x73,
    0x73, 0x0, 0x72, 0x69, 0x6d, 0x6d, 0x65, 0x64, 0x0, 0x72, 0x69, 0x6e, 0x64, 0x0, 0x72, 0x69,
    0x6e, 0x6b, 0x0, 0x72, 0x69, 0x6e, 0x73, 0x65, 0x0, 0x72, 0x69, 0x6e, 0x73, 0x69, 0x6e, 0x67,
    0x0, 0x72, 0x69, 0x6f, 0x74, 0x0, 0x72, 0x69, 0x70, 0x63, 0x6f, 0x72, 0x64, 0x0, 0x72, 0x69,
    0x70, 0x65, 0x6e, 0x65, 0x73, 0x73, 0x0, 0x72, 0x69, 0x70, 0x65, 0x6e, 0x69, 0x6e, 0x67, 0x0,
    0x72, 0x69, 0x70, 0x70, 0x69, 0x6e, 0x67, 0x0, 0x72, 0x69, 0x70, 0x70, 0x6c, 0x65, 0x0, 0x72,
    0x69, 0x70, 0x70, 0x6c, 0x69, 0x6e, 0x67, 0x0, 0x72, 0x69, 0x70, 0x74, 0x69, 0x64, 0x65, 0x0,
    0x72, 0x69, 0x73, 0x65, 0x0, 0x72, 0x69, 0x73, 0x69, 0x6e, 0x67, 0x0, 0x72, 0x69, 0x73, 0x6b,
    0x0, 0x72, 0x69, 0x73, 0x6f, 0x74, 0x74, 0x6f, 0x0, 0x72, 0x69, 0x74, 0x61, 0x6c, 0x69, 0x6e,
    0x0, 0x72, 0x69, 0x74, 0x7a, 0x79, 0x0, 0x72, 0x69, 0x76, 0x61, 0x6c, 0x0, 0x72, 0x69, 0x76,
    0x65, 0x72, 0x62, 0x61, 0x6e, 0x6b, 0x0, 0x72, 0x69, 0x76, 0x65, 0x72, 0x62, 0x65, 0x64, 0x0,
    0x72, 0x69, 0x76, 0x65, 0x72, 0x62, 0x6f, 0x61, 0x74, 0x0, 0x72, 0x69, 0x76, 0x65, 0x72, 0x73,
    0x69, 0x64, 0x65, 0x0, 0x72, 0x69, 0x76, 0x65, 0x74, 0x65, 0x72, 0x0, 0x72, 0x69, 0x76, 0x65,
    0x74, 0x69, 0x6e, 0x67, 0x0, 0x72, 0x6f, 0x61, 0x6d, 0x65, 0x72, 0x0, 0x72, 0x6f, 0x61, 0x6d,
    0x69, 0x6e, 0x67, 0x0, 0x72, 0x6f, 0x61, 0x73, 0x74, 0x0, 0x72, 0x6f, 0x62, 0x62, 0x69, 0x6e,
    0x67, 0x0, 0x72, 0x6f, 0x62, 0x65, 0x0, 0x72, 0x6f, 0x62, 0x69, 0x6e, 0x0, 0x72, 0x6f, 0x62,
    0x6f, 0x74, 0x69, 0x63, 0x73, 0x0, 0x72, 0x6f, 0x62, 0x75, 0x73, 0x74, 0x0, 0x72, 0x6f, 0x63,
    0x6b, 0x62, 0x61, 0x6e, 0x64, 0x0, 0x72, 0x6f, 0x63, 0x6b, 0x65, 0x72, 0x0, 0x72, 0x6f, 0x63,
    0x6b, 0x65, 0x74, 0x0, 0x72, 0x6f, 0x63, 0x6b, 0x66, 0x69, 0x73, 0x68, 0x0, 0x72, 0x6f, 0x63,
    0x6b, 0x69, 0x6e, 0x65, 0x73, 0x73, 0x0, 0x72, 0x6f, 0x63, 0x6b, 0x69, 0x6e, 0x67, 0x0, 0x72,
    0x6f, 0x63, 0x6b, 0x6c, 0x69, 0x6b, 0x65, 0x0, 0x72, 0x6f, 0x63, 0x6b, 0x73, 0x6c, 0x69, 0x64,
    0x65, 0x0, 0x72, 0x6f, 0x63, 0x6b, 0x73, 0x74, 0x61, 0x72, 0x0, 0x72, 0x6f, 0x63, 0x6b, 0x79,
    0x0, 0x72, 0x6f, 0x67, 0x75, 0x65, 0x0, 0x72, 0x6f, 0x6d, 0x61, 0x6e, 0x0, 0x72, 0x6f, 0x6d,
    0x70, 0x0, 0x72, 0x6f, 0x70, 0x65, 0x0, 0x72, 0x6f, 0x70, 0x69, 0x6e, 0x67, 0x0, 0x72, 0x6f,
    0x73, 0x74, 0x65, 0x72, 0x0, 0x72, 0x6f, 0x73, 0x79, 0x0, 0x72, 0x6f, 0x74, 0x74, 0x65, 0x6e,
    0x0, 0x72, 0x6f, 0x74, 0x74, 0x69, 0x6e, 0x67, 0x0, 0x72, 0x6f, 0x74, 0x75, 0x6e, 0x64, 0x61,
    0x0, 0x72, 0x6f, 0x75, 0x6c, 0x65, 0x74, 0x74, 0x65, 0x0, 0x72, 0x6f, 0x75, 0x6e, 0x64, 0x69,
    0x6e, 0x67, 0x0, 0x72, 0x6f, 0x75, 0x6e, 0x64, 0x69, 0x73, 0x68, 0x0, 0x72, 0x6f, 0x75, 0x6e,
    0x64, 0x6e, 0x65, 0x73, 0x73, 0x0, 0x72, 0x6f, 0x75, 0x6e, 0x64, 0x75, 0x70, 0x0, 0x72, 0x6f,
    0x75, 0x6e, 0x64, 0x77, 0x6f, 0x72, 0x6d, 0x0, 0x72, 0x6f, 0x75, 0x74, 0x69, 0x6e, 0x65, 0x0,
    0x72, 0x6f, 0x75, 0x74, 0x69, 0x6e, 0x67, 0x0, 0x72, 0x6f, 0x76, 0x65, 0x72, 0x0, 0x72, 0x6f,
    0x76, 0x69, 0x6e, 0x67, 0x0, 0x72, 0x6f, 0x79, 0x61, 0x6c, 0x0, 0x72, 0x75, 0x62, 0x62, 0x65,
    0x64, 0x0, 0x72, 0x75, 0x62, 0x62, 0x65, 0x72, 0x0, 0x72, 0x75, 0x62, 0x62, 0x69, 0x6e, 0x67,
    0x0, 0x72, 0x75, 0x62, 0x62, 0x6c, 0x65, 0x0, 0x72, 0x75, 0x62, 0x64, 0x6f, 0x77, 0x6e, 0x0,
    0x72, 0x75, 0x62, 0x79, 0x0, 0x72, 0x75, 0x63, 0x6b, 0x75, 0x73, 0x0, 0x72, 0x75, 0x64, 0x64,
    0x65, 0x72, 0x0, 0x72, 0x75, 0x67, 0x0, 0x72, 0x75, 0x69, 0x6e, 0x65, 0x64, 0x0, 0x72, 0x75,
    0x6c, 0x65, 0x0, 0x72, 0x75, 0x6d, 0x62, 0x6c, 0x65, 0x0, 0x72, 0x75, 0x6d, 0x62, 0x6c, 0x69,
    0x6e, 0x67, 0x0, 0x72, 0x75, 0x6d, 0x6d, 0x61, 0x67, 0x65, 0x0, 0x72, 0x75, 0x6d, 0x6f, 0x72,
    0x0, 0x72, 0x75, 0x6e, 0x61, 0x72, 0x6f, 0x75, 0x6e, 0x64, 0x0, 0x72, 0x75, 0x6e, 0x64, 0x6f,
    0x77, 0x6e, 0x0, 0x72, 0x75, 0x6e, 0x6e, 0x65, 0x72, 0x0, 0x72, 0x75, 0x6e, 0x6e, 0x69, 0x6e,
    0x67, 0x0, 0x72, 0x75, 0x6e, 0x6e, 0x79, 0x0, 0x72, 0x75, 0x6e, 0x74, 0x0, 0x72, 0x75, 0x6e,
    0x77, 0x61, 0x79, 0x0, 0x72, 0x75, 0x70, 0x74, 0x75, 0x72, 0x65, 0x0, 0x72, 0x75, 0x72, 0x61,
    0x6c, 0x0, 0x72, 0x75, 0x73, 0x65, 0x0, 0x72, 0x75, 0x73, 0x68, 0x0, 0x72, 0x75, 0x73, 0x74,
    0x0, 0x72, 0x75, 0x74, 0x0, 0x73, 0x61, 0x62, 0x62, 0x61, 0x74, 0x68, 0x0, 0x73, 0x61, 0x62,
    0x6f, 0x74, 0x61, 0x67, 0x65, 0x0, 0x73, 0x61, 0x63, 0x72, 0x61, 0x6d, 0x65, 0x6e, 0x74, 0x0,
    0x73, 0x61, 0x63, 0x72, 0x65, 0x64, 0x0, 0x73, 0x61, 0x63, 0x72, 0x69, 0x66, 0x69, 0x63, 0x65,
    0x0, 0x73, 0x61, 0x64, 0x64, 0x65, 0x6e, 0x0, 0x73, 0x61, 0x64, 0x64, 0x6c, 0x65, 0x62, 0x61,
    0x67, 0x0, 0x73, 0x61, 0x64, 0x64, 0x6c, 0x65, 0x64, 0x0, 0x73, 0x61, 0x64, 0x64, 0x6c, 0x69,
    0x6e, 0x67, 0x0, 0x73, 0x61, 0x64, 0x6c, 0x79, 0x0, 0x73, 0x61, 0x64, 0x6e, 0x65, 0x73, 0x73,
    0x0, 0x73, 0x61, 0x66, 0x61, 0x72, 0x69, 0x0, 0x73, 0x61, 0x66, 0x65, 0x67, 0x75, 0x61, 0x72,
    0x64, 0x0, 0x73, 0x61, 0x66, 0x65, 0x68, 0x6f, 0x75, 0x73, 0x65, 0x0, 0x73, 0x61, 0x66, 0x65,
    0x6c, 0x79, 0x0, 0x73, 0x61, 0x66, 0x65, 0x6e, 0x65, 0x73, 0x73, 0x0, 0x73, 0x61, 0x66, 0x66,
    0x72, 0x6f, 0x6e, 0x0, 0x73, 0x61, 0x67, 0x61, 0x0, 0x73, 0x61, 0x67, 0x65, 0x0, 0x73, 0x61,
    0x67, 0x67, 0x69, 0x6e, 0x67, 0x0, 0x73, 0x61, 0x67, 0x67, 0x79, 0x0, 0x73, 0x61, 0x69, 0x64,
    0x0, 0x73, 0x61, 0x69, 0x6e, 0x74, 0x0, 0x73, 0x61, 0x6b, 0x65, 0x0, 0x73, 0x61, 0x6c, 0x61,
    0x64, 0x0, 0x73, 0x61, 0x6c, 0x61, 0x6d, 0x69, 0x0, 0x73, 0x61, 0x6c, 0x61, 0x72, 0x69, 0x65,
    0x64, 0x0, 0x73, 0x61, 0x6c, 0x61, 0x72, 0x79, 0x0, 0x73, 0x61, 0x6c, 0x69, 0x6e, 0x65, 0x0,
    0x73, 0x61, 0x6c, 0x6f, 0x6e, 0x0, 0x73, 0x61, 0x6c, 0x6f, 0x6f, 0x6e, 0x0, 0x73, 0x61, 0x6c,
    0x73, 0x61, 0x0, 0x73, 0x61, 0x6c, 0x74, 0x0, 0x73, 0x61, 0x6c, 0x75, 0x74, 0x61, 0x72, 0x79,
    0x0, 0x73, 0x61, 0x6c, 0x75, 0x74, 0x65, 0x0, 0x73, 0x61, 0x6c, 0x76, 0x61, 0x67, 0x65, 0x0,
    0x73, 0x61, 0x6c, 0x76, 0x61, 0x67, 0x69, 0x6e, 0x67, 0x0, 0x73, 0x61, 0x6c, 0x76, 0x61, 0x74,
    0x69, 0x6f, 0x6e, 0x0, 0x73, 0x61, 0x6d, 0x65, 0x0, 0x73, 0x61, 0x6d, 0x70, 0x6c, 0x65, 0x0,
    0x73, 0x61, 0x6d, 0x70, 0x6c, 0x69, 0x6e, 0x67, 0x0, 0x73, 0x61, 0x6e, 0x63, 0x74, 0x69, 0x6f,
    0x6e, 0x0, 0x73, 0x61, 0x6e, 0x63, 0x74, 0x69, 0x74, 0x79, 0x0, 0x73, 0x61, 0x6e, 0x63, 0x74,
    0x75, 0x61, 0x72, 0x79, 0x0, 0x73, 0x61, 0x6e, 0x64, 0x61, 0x6c, 0x0, 0x73, 0x61, 0x6e, 0x64,
    0x62, 0x61, 0x67, 0x0, 0x73, 0x61, 0x6e, 0x64, 0x62, 0x61, 0x6e, 0x6b, 0x0, 0x73, 0x61, 0x6e,
    0x64, 0x62, 0x61, 0x72, 0x0, 0x73, 0x61, 0x6e, 0x64, 0x62, 0x6c, 0x61, 0x73, 0x74, 0x0, 0x73,
    0x61, 0x6e, 0x64, 0x62, 0x6f, 0x78, 0x0, 0x73, 0x61, 0x6e, 0x64, 0x65, 0x64, 0x0, 0x73, 0x61,
    0x6e, 0x64, 0x66, 0x69, 0x73, 0x68, 0x0, 0x73, 0x61, 0x6e, 0x64, 0x69, 0x6e, 0x67, 0x0, 0x73,
    0x61, 0x6e, 0x64, 0x6c, 0x6f, 0x74, 0x0, 0x73, 0x61, 0x6e, 0x64, 0x70, 0x61, 0x70, 0x65, 0x72,
    0x0, 0x73, 0x61, 0x6e, 0x64, 0x70, 0x69, 0x74, 0x0, 0x73, 0x61, 0x6e, 0x64, 0x73, 0x74, 0x6f,
    0x6e, 0x65, 0x0, 0x73, 0x61, 0x6e, 0x64, 0x73, 0x74, 0x6f, 0x72, 0x6d, 0x0, 0x73, 0x61, 0x6e,
    0x64, 0x77, 0x6f, 0x72, 0x6d, 0x0, 0x73, 0x61, 0x6e, 0x64, 0x79, 0x0, 0x73, 0x61, 0x6e, 0x69,
    0x74, 0x61, 0x72, 0x79, 0x0, 0x73, 0x61, 0x6e, 0x69, 0x74, 0x69, 0x7a, 0x65, 0x72, 0x0, 0x73,
    0x61, 0x6e, 0x6b, 0x0, 0x73, 0x61, 0x6e, 0x74, 0x61, 0x0, 0x73, 0x61, 0x70, 0x6c, 0x69, 0x6e,
    0x67, 0x0, 0x73, 0x61, 0x70, 0x70, 0x69, 0x6e, 0x65, 0x73, 0x73, 0x0, 0x73, 0x61, 0x70, 0x70,
    0x79, 0x0, 0x73, 0x61, 0x72, 0x63, 0x61, 0x73, 0x6d, 0x0, 0x73, 0x61, 0x72, 0x63, 0x61, 0x73,
    0x74, 0x69, 0x63, 0x0, 0x73, 0x61, 0x72, 0x64, 0x69, 0x6e, 0x65, 0x0, 0x73, 0x61, 0x73, 0x68,
    0x0, 0x73, 0x61, 0x73, 0x71, 0x75, 0x61, 0x74, 0x63, 0x68, 0x0, 0x73, 0x61, 0x73, 0x73, 0x79,
    0x0, 0x73, 0x61, 0x74, 0x63, 0x68, 0x65, 0x6c, 0x0, 0x73, 0x61, 0x74, 0x69, 0x61, 0x62, 0x6c,
    0x65, 0x0, 0x73, 0x61, 0x74, 0x69, 0x6e, 0x0, 0x73, 0x61, 0x74, 0x69, 0x72, 0x69, 0x63, 0x61,
    0x6c, 0x0, 0x73, 0x61, 0x74, 0x69, 0x73, 0x66, 0x69, 0x65, 0x64, 0x0, 0x73, 0x61, 0x74, 0x69,
    0x73, 0x66, 0x79, 0x0, 0x73, 0x61, 0x74, 0x75, 0x72, 0x61, 0x74, 0x65, 0x0, 0x73, 0x61, 0x74,
    0x75, 0x72, 0x64, 0x61, 0x79, 0x0, 0x73, 0x61, 0x75, 0x63, 0x69, 0x6e, 0x65, 0x73, 0x73, 0x0,
    0x73, 0x61, 0x75, 0x63, 0x79, 0x0, 0x73, 0x61, 0x75, 0x6e, 0x61, 0x0, 0x73, 0x61, 0x76, 0x61,
    0x67, 0x65, 0x0, 0x73, 0x61, 0x76, 0x61, 0x6e, 0x6e, 0x61, 0x0, 0x73, 0x61, 0x76, 0x65, 0x64,
    0x0, 0x73, 0x61, 0x76, 0x69, 0x6e, 0x67, 0x73, 0x0, 0x73, 0x61, 0x76, 0x69, 0x6f, 0x72, 0x0,
    0x73, 0x61, 0x76, 0x6f, 0x72, 0x0, 0x73, 0x61, 0x78, 0x6f, 0x70, 0x68, 0x6f, 0x6e, 0x65, 0x0,
    0x73, 0x61, 0x79, 0x0, 0x73, 0x63, 0x61, 0x62, 0x62, 0x65, 0x64, 0x0, 0x73, 0x63, 0x61, 0x62,
    0x62, 0x79, 0x0, 0x73, 0x63, 0x61, 0x6c, 0x64, 0x65, 0x64, 0x0, 0x73, 0x63, 0x61, 0x6c, 0x64,
    0x69, 0x6e, 0x67, 0x0, 0x73, 0x63, 0x61, 0x6c, 0x65, 0x0, 0x73, 0x63, 0x61, 0x6c, 0x69, 0x6e,
    0x67, 0x0, 0x73, 0x63, 0x61, 0x6c, 0x6c, 0x69, 0x6f, 0x6e, 0x0, 0x73, 0x63, 0x61, 0x6c, 0x6c,
    0x6f, 0x70, 0x0, 0x73, 0x63, 0x61, 0x6c, 0x70, 0x69, 0x6e, 0x67, 0x0, 0x73, 0x63, 0x61, 0x6d,
    0x0, 0x73, 0x63, 0x61, 0x6e, 0x64, 0x61, 0x6c, 0x0, 0x73, 0x63, 0x61, 0x6e, 0x6e, 0x65, 0x72,
    0x0, 0x73, 0x63, 0x61, 0x6e, 0x6e, 0x69, 0x6e, 0x67, 0x0, 0x73, 0x63, 0x61, 0x6e, 0x74, 0x0,
    0x73, 0x63, 0x61, 0x70, 0x65, 0x67, 0x6f, 0x61, 0x74, 0x0, 0x73, 0x63, 0x61, 0x72, 0x63, 0x65,
    0x0, 0x73, 0x63, 0x61, 0x72, 0x63, 0x69, 0x74, 0x79, 0x0, 0x73, 0x63, 0x61, 0x72, 0x65, 0x63,
    0x72, 0x6f, 0x77, 0x0, 0x73, 0x63, 0x61, 0x72, 0x65, 0x64, 0x0, 0x73, 0x63, 0x61, 0x72, 0x66,
    0x0, 0x73, 0x63, 0x61, 0x72, 0x69, 0x6c, 0x79, 0x0, 0x73, 0x63, 0x61, 0x72, 0x69, 0x6e, 0x65,
    0x73, 0x73, 0x0, 0x73, 0x63, 0x61, 0x72, 0x72, 0x69, 0x6e, 0x67, 0x0, 0x73, 0x63, 0x61, 0x72,
    0x79, 0x0, 0x73, 0x63, 0x61, 0x76, 0x65, 0x6e, 0x67, 0x65, 0x72, 0x0, 0x73, 0x63, 0x65, 0x6e,
    0x69, 0x63, 0x0, 0x73, 0x63, 0x68, 0x65, 0x64, 0x75, 0x6c, 0x65, 0x0, 0x73, 0x63, 0x68, 0x65,
    0x6d, 0x61, 0x74, 0x69, 0x63, 0x0, 0x73, 0x63, 0x68, 0x65, 0x6d, 0x65, 0x0, 0x73, 0x63, 0x68,
    0x65, 0x6d, 0x69, 0x6e, 0x67, 0x0, 0x73, 0x63, 0x68, 0x69, 0x6c, 0x6c, 0x69, 0x6e, 0x67, 0x0,
    0x73, 0x63, 0x68, 0x6e, 0x61, 0x70, 0x70, 0x73, 0x0, 0x73, 0x63, 0x68, 0x6f, 0x6c, 0x61, 0x72,
    0x0, 0x73, 0x63, 0x69, 0x65, 0x6e, 0x63, 0x65, 0x0, 0x73, 0x63, 0x69, 0x65, 0x6e, 0x74, 0x69,
    0x73, 0x74, 0x0, 0x73, 0x63, 0x69, 0x6f, 0x6e, 0x0, 0x73, 0x63, 0x6f, 0x66, 0x66, 0x0, 0x73,
    0x63, 0x6f, 0x6c, 0x64, 0x69, 0x6e, 0x67, 0x0, 0x73, 0x63, 0x6f, 0x6e, 0x65, 0x0, 0x73, 0x63,
    0x6f, 0x6f, 0x70, 0x0, 0x73, 0x63, 0x6f, 0x6f, 0x74, 0x65, 0x72, 0x0, 0x73, 0x63, 0x6f, 0x70,
    0x65, 0x0, 0x73, 0x63, 0x6f, 0x72, 0x63, 0x68, 0x0, 0x73, 0x63, 0x6f, 0x72, 0x65, 0x62, 0x6f,
    0x6f, 0x6b, 0x0, 0x73, 0x63, 0x6f, 0x72, 0x65, 0x63, 0x61, 0x72, 0x64, 0x0, 0x73, 0x63, 0x6f,
    0x72, 0x65, 0x64, 0x0, 0x73, 0x63, 0x6f, 0x72, 0x65, 0x6c, 0x65, 0x73, 0x73, 0x0, 0x73, 0x63,
    0x6f, 0x72, 0x65, 0x72, 0x0, 0x73, 0x63, 0x6f, 0x72, 0x69, 0x6e, 0x67, 0x0, 0x73, 0x63, 0x6f,
    0x72, 0x6e, 0x0, 0x73, 0x63, 0x6f, 0x72, 0x70, 0x69, 0x6f, 0x6e, 0x0, 0x73, 0x63, 0x6f, 0x74,
    0x63, 0x68, 0x0, 0x73, 0x63, 0x6f, 0x75, 0x6e, 0x64, 0x72, 0x65, 0x6c, 0x0, 0x73, 0x63, 0x6f,
    0x75, 0x72, 0x65, 0x64, 0x0, 0x73, 0x63, 0x6f, 0x75, 0x72, 0x69, 0x6e, 0x67, 0x0, 0x73, 0x63,
    0x6f, 0x75, 0x74, 0x69, 0x6e, 0x67, 0x0, 0x73, 0x63, 0x6f, 0x75, 0x74, 0x73, 0x0, 0x73, 0x63,
    0x6f, 0x77, 0x6c, 0x69, 0x6e, 0x67, 0x0, 0x73, 0x63, 0x72, 0x61, 0x62, 0x62, 0x6c, 0x65, 0x0,
    0x73, 0x63, 0x72, 0x61, 0x67, 0x67, 0x6c, 0x79, 0x0, 0x73, 0x63, 0x72, 0x61, 0x6d, 0x62, 0x6c,
    0x65, 0x64, 0x0, 0x73, 0x63, 0x72, 0x61, 0x6d, 0x62, 0x6c, 0x65, 0x72, 0x0, 0x73, 0x63, 0x72,
    0x61, 0x70, 0x0, 0x73, 0x63, 0x72, 0x61, 0x74, 0x63, 0x68, 0x0, 0x73, 0x63, 0x72, 0x61, 0x77,
    0x6e, 0x79, 0x0, 0x73, 0x63, 0x72, 0x65, 0x65, 0x6e, 0x0, 0x73, 0x63, 0x72, 0x69, 0x62, 0x62,
    0x6c, 0x65, 0x0, 0x73, 0x63, 0x72, 0x69, 0x62, 0x65, 0x0, 0x73, 0x63, 0x72, 0x69, 0x62, 0x69,
    0x6e, 0x67, 0x0, 0x73, 0x63, 0x72, 0x69, 0x6d, 0x6d, 0x61, 0x67, 0x65, 0x0, 0x73, 0x63, 0x72,
    0x69, 0x70, 0x74, 0x0, 0x73, 0x63, 0x72, 0x6f, 0x6c, 0x6c, 0x0, 0x73, 0x63, 0x72, 0x6f, 0x6f,
    0x67, 0x65, 0x0, 0x73, 0x63, 0x72, 0x6f, 0x75, 0x6e, 0x67, 0x65, 0x72, 0x0, 0x73, 0x63, 0x72,
    0x75, 0x62, 0x62, 0x65, 0x64, 0x0, 0x73, 0x63, 0x72, 0x75, 0x62, 0x62, 0x65, 0x72, 0x0, 0x73,
    0x63, 0x72, 0x75, 0x66, 0x66, 0x79, 0x0, 0x73, 0x63, 0x72, 0x75, 0x6e, 0x63, 0x68, 0x0, 0x73,
    0x63, 0x72, 0x75, 0x74, 0x69, 0x6e, 0x79, 0x0, 0x73, 0x63, 0x75, 0x62, 0x61, 0x0, 0x73, 0x63,
    0x75, 0x66, 0x66, 0x0, 0x73, 0x63, 0x75, 0x6c, 0x70, 0x74, 0x6f, 0x72, 0x0, 0x73, 0x63, 0x75,
    0x6c, 0x70, 0x74, 0x75, 0x72, 0x65, 0x0, 0x73, 0x63, 0x75, 0x72, 0x76, 0x79, 0x0, 0x73, 0x63,
    0x75, 0x74, 0x74, 0x6c, 0x65, 0x0, 0x73, 0x65, 0x63, 0x6c, 0x75, 0x64, 0x65, 0x64, 0x0, 0x73,
    0x65, 0x63, 0x6c, 0x75, 0x64, 0x69, 0x6e, 0x67, 0x0, 0x73, 0x65, 0x63, 0x6c, 0x75, 0x73, 0x69,
    0x6f, 0x6e, 0x0, 0x73, 0x65, 0x63, 0x6f, 0x6e, 0x64, 0x0, 0x73, 0x65, 0x63, 0x72, 0x65, 0x63,
    0x79, 0x0, 0x73, 0x65, 0x63, 0x72, 0x65, 0x74, 0x0, 0x73, 0x65, 0x63, 0x74, 0x69, 0x6f, 0x6e,
    0x61, 0x6c, 0x0, 0x73, 0x65, 0x63, 0x74, 0x6f, 0x72, 0x0, 0x73, 0x65, 0x63, 0x75, 0x6c, 0x61,
    0x72, 0x0, 0x73, 0x65, 0x63, 0x75, 0x72, 0x65, 0x6c, 0x79, 0x0, 0x73, 0x65, 0x63, 0x75, 0x72,
    0x69, 0x74, 0x79, 0x0, 0x73, 0x65, 0x64, 0x61, 0x6e, 0x0, 0x73, 0x65, 0x64, 0x61, 0x74, 0x65,
    0x0, 0x73, 0x65, 0x64, 0x61, 0x74, 0x69, 0x6f, 0x6e, 0x0, 0x73, 0x65, 0x64, 0x61, 0x74, 0x69,
    0x76, 0x65, 0x0, 0x73, 0x65, 0x64, 0x69, 0x6d, 0x65, 0x6e, 0x74, 0x0, 0x73, 0x65, 0x64, 0x75,
    0x63, 0x65, 0x0, 0x73, 0x65, 0x64, 0x75, 0x63, 0x69, 0x6e, 0x67, 0x0, 0x73, 0x65, 0x67, 0x6d,
    0x65, 0x6e, 0x74, 0x0, 0x73, 0x65, 0x69, 0x73, 0x6d, 0x69, 0x63, 0x0, 0x73, 0x65, 0x69, 0x7a,
    0x69, 0x6e, 0x67, 0x0, 0x73, 0x65, 0x6c, 0x64, 0x6f, 0x6d, 0x0, 0x73, 0x65, 0x6c, 0x65, 0x63,
    0x74, 0x65, 0x64, 0x0, 0x73, 0x65, 0x6c, 0x65, 0x63, 0x74, 0x69, 0x6f, 0x6e, 0x0, 0x73, 0x65,
    0x6c, 0x65, 0x63, 0x74, 0x69, 0x76, 0x65, 0x0, 0x73, 0x65, 0x6c, 0x65, 0x63, 0x74, 0x6f, 0x72,
    0x0, 0x73, 0x65, 0x6c, 0x66, 0x0, 0x73, 0x65, 0x6c, 0x74, 0x7a, 0x65, 0x72, 0x0, 0x73, 0x65,
    0x6d, 0x61, 0x6e, 0x74, 0x69, 0x63, 0x0, 0x73, 0x65, 0x6d, 0x65, 0x73, 0x74, 0x65, 0x72, 0x0,
    0x73, 0x65, 0x6d, 0x69, 0x63, 0x6f, 0x6c, 0x6f, 0x6e, 0x0, 0x73, 0x65, 0x6d, 0x69, 0x66, 0x69,
    0x6e, 0x61, 0x6c, 0x0, 0x73, 0x65, 0x6d, 0x69, 0x6e, 0x61, 0x72, 0x0, 0x73, 0x65, 0x6d, 0x69,
    0x73, 0x6f, 0x66, 0x74, 0x0, 0x73, 0x65, 0x6d, 0x69, 0x73, 0x77, 0x65, 0x65, 0x74, 0x0, 0x73,
    0x65, 0x6e, 0x61, 0x74, 0x65, 0x0, 0x73, 0x65, 0x6e, 0x61, 0x74, 0x6f, 0x72, 0x0, 0x73, 0x65,
    0x6e, 0x64, 0x0, 0x73, 0x65, 0x6e, 0x69, 0x6f, 0x72, 0x0, 0x73, 0x65, 0x6e, 0x6f, 0x72, 0x69,
    0x74, 0x61, 0x0, 0x73, 0x65, 0x6e, 0x73, 0x61, 0x74, 0x69, 0x6f, 0x6e, 0x0, 0x73, 0x65, 0x6e,
    0x73, 0x69, 0x74, 0x69, 0x76, 0x65, 0x0, 0x73, 0x65, 0x6e, 0x73, 0x69, 0x74, 0x69, 0x7a, 0x65,
    0x0, 0x73, 0x65, 0x6e, 0x73, 0x75, 0x61, 0x6c, 0x6c, 0x79, 0x0, 0x73, 0x65, 0x6e, 0x73, 0x75,
    0x6f, 0x75, 0x73, 0x0, 0x73, 0x65, 0x70, 0x69, 0x61, 0x0, 0x73, 0x65, 0x70, 0x74, 0x65, 0x6d,
    0x62, 0x65, 0x72, 0x0, 0x73, 0x65, 0x70, 0x74, 0x69, 0x63, 0x0, 0x73, 0x65, 0x70, 0x74, 0x75,
    0x6d, 0x0, 0x73, 0x65, 0x71, 0x75, 0x65, 0x6c, 0x0, 0x73, 0x65, 0x71, 0x75, 0x65, 0x6e, 0x63,
    0x65, 0x0, 0x73, 0x65, 0x71, 0x75, 0x65, 0x73, 0x74, 0x65, 0x72, 0x0, 0x73, 0x65, 0x72, 0x69,
    0x65, 0x73, 0x0, 0x73, 0x65, 0x72, 0x6d, 0x6f, 0x6e, 0x0, 0x73, 0x65, 0x72, 0x6f, 0x74, 0x6f,
    0x6e, 0x69, 0x6e, 0x0, 0x73, 0x65, 0x72, 0x70, 0x65, 0x6e, 0x74, 0x0, 0x73, 0x65, 0x72, 0x72,
    0x61, 0x74, 0x65, 0x64, 0x0, 0x73, 0x65, 0x72, 0x76, 0x65, 0x0, 0x73, 0x65, 0x72, 0x76, 0x69,
    0x63, 0x65, 0x0, 0x73, 0x65, 0x72, 0x76, 0x69, 0x6e, 0x67, 0x0, 0x73, 0x65, 0x73, 0x61, 0x6d,
    0x65, 0x0, 0x73, 0x65, 0x73, 0x73, 0x69, 0x6f, 0x6e, 0x73, 0x0, 0x73, 0x65, 0x74, 0x62, 0x61,
    0x63, 0x6b, 0x0, 0x73, 0x65, 0x74, 0x74, 0x69, 0x6e, 0x67, 0x0, 0x73, 0x65, 0x74, 0x74, 0x6c,
    0x65, 0x0, 0x73, 0x65, 0x74, 0x74, 0x6c, 0x69, 0x6e, 0x67, 0x0, 0x73, 0x65, 0x74, 0x75, 0x70,
    0x0, 0x73, 0x65, 0x76, 0x65, 0x6e, 0x66, 0x6f, 0x6c, 0x64, 0x0, 0x73, 0x65, 0x76, 0x65, 0x6e,
    0x74, 0x65, 0x65, 0x6e, 0x0, 0x73, 0x65, 0x76, 0x65, 0x6e, 0x74, 0x68, 0x0, 0x73, 0x65, 0x76,
    0x65, 0x6e, 0x74, 0x79, 0x0, 0x73, 0x65, 0x76, 0x65, 0x72, 0x69, 0x74, 0x79, 0x0, 0x73, 0x68,
    0x61, 0x62, 0x62, 0x79, 0x0, 0x73, 0x68, 0x61, 0x63, 0x6b, 0x0, 0x73, 0x68, 0x61, 0x64, 0x65,
    0x64, 0x0, 0x73, 0x68, 0x61, 0x64, 0x69, 0x6c, 0x79, 0x0, 0x73, 0x68, 0x61, 0x64, 0x69, 0x6e,
    0x65, 0x73, 0x73, 0x0, 0x73, 0x68, 0x61, 0x64, 0x69, 0x6e, 0x67, 0x0, 0x73, 0x68, 0x61, 0x64,
    0x6f, 0x77, 0x0, 0x73, 0x68, 0x61, 0x64, 0x79, 0x0, 0x73, 0x68, 0x61, 0x66, 0x74, 0x0, 0x73,
    0x68, 0x61, 0x6b, 0x61, 0x62, 0x6c, 0x65, 0x0, 0x73, 0x68, 0x61, 0x6b, 0x69, 0x6c, 0x79, 0x0,
    0x73, 0x68, 0x61, 0x6b, 0x69, 0x6e, 0x65, 0x73, 0x73, 0x0, 0x73, 0x68, 0x61, 0x6b, 0x69, 0x6e,
    0x67, 0x0, 0x73, 0x68, 0x61, 0x6b, 0x79, 0x0, 0x73, 0x68, 0x61, 0x6c, 0x65, 0x0, 0x73, 0x68,
    0x61, 0x6c, 0x6c, 0x6f, 0x74, 0x0, 0x73, 0x68, 0x61, 0x6c, 0x6c, 0x6f, 0x77, 0x0, 0x73, 0x68,
    0x61, 0x6d, 0x65, 0x0, 0x73, 0x68, 0x61, 0x6d, 0x70, 0x6f, 0x6f, 0x0, 0x73, 0x68, 0x61, 0x6d,
    0x72, 0x6f, 0x63, 0x6b, 0x0, 0x73, 0x68, 0x61, 0x6e, 0x6b, 0x0, 0x73, 0x68, 0x61, 0x6e, 0x74,
    0x79, 0x0, 0x73, 0x68, 0x61, 0x70, 0x65, 0x0, 0x73, 0x68, 0x61, 0x70, 0x69, 0x6e, 0x67, 0x0,
    0x73, 0x68, 0x61, 0x72, 0x65, 0x0, 0x73, 0x68, 0x61, 0x72, 0x70, 0x65, 0x6e, 0x65, 0x72, 0x0,
    0x73, 0x68, 0x61, 0x72, 0x70, 0x65, 0x72, 0x0, 0x73, 0x68, 0x61, 0x72, 0x70, 0x69, 0x65, 0x0,
    0x73, 0x68, 0x61, 0x72, 0x70, 0x6c, 0x79, 0x0, 0x73, 0x68, 0x61, 0x72, 0x70, 0x6e, 0x65, 0x73,
    0x73, 0x0, 0x73, 0x68, 0x61, 0x77, 0x6c, 0x0, 0x73, 0x68, 0x65, 0x61, 0x74, 0x68, 0x0, 0x73,
    0x68, 0x65, 0x64, 0x0, 0x73, 0x68, 0x65, 0x65, 0x70, 0x0, 0x73, 0x68, 0x65, 0x65, 0x74, 0x0,
    0x73, 0x68, 0x65, 0x6c, 0x66, 0x0, 0x73, 0x68, 0x65, 0x6c, 0x6c, 0x0, 0x73, 0x68, 0x65, 0x6c,
    0x74, 0x65, 0x72, 0x0, 0x73, 0x68, 0x65, 0x6c, 0x76, 0x65, 0x0, 0x73, 0x68, 0x65, 0x6c, 0x76,
    0x69, 0x6e, 0x67, 0x0, 0x73, 0x68, 0x65, 0x72, 0x72, 0x79, 0x0, 0x73, 0x68, 0x69, 0x65, 0x6c,
    0x64, 0x0, 0x73, 0x68, 0x69, 0x66, 0x74, 0x65, 0x72, 0x0, 0x73, 0x68, 0x69, 0x66, 0x74, 0x69,
    0x6e, 0x67, 0x0, 0x73, 0x68, 0x69, 0x66, 0x74, 0x6c, 0x65, 0x73, 0x73, 0x0, 0x73, 0x68, 0x69,
    0x66, 0x74, 0x79, 0x0, 0x73, 0x68, 0x69, 0x6d, 0x6d, 0x65, 0x72, 0x0, 0x73, 0x68, 0x69, 0x6d,
    0x6d, 0x79, 0x0, 0x73, 0x68, 0x69, 0x6e, 0x64, 0x69, 0x67, 0x0, 0x73, 0x68, 0x69, 0x6e, 0x65,
    0x0, 0x73, 0x68, 0x69, 0x6e, 0x67, 0x6c, 0x65, 0x0, 0x73, 0x68, 0x69, 0x6e, 0x69, 0x6e, 0x65,
    0x73, 0x73, 0x0, 0x73, 0x68, 0x69, 0x6e, 0x69, 0x6e, 0x67, 0x0, 0x73, 0x68, 0x69, 0x6e, 0x79,
    0x0, 0x73, 0x68, 0x69, 0x70, 0x0, 0x73, 0x68, 0x69, 0x72, 0x74, 0x0, 0x73, 0x68, 0x69, 0x76,
    0x65, 0x72, 0x69, 0x6e, 0x67, 0x0, 0x73, 0x68, 0x6f, 0x63, 0x6b, 0x0, 0x73, 0x68, 0x6f, 0x6e,
    0x65, 0x0, 0x73, 0x68, 0x6f, 0x70, 0x6c, 0x69, 0x66, 0x74, 0x0, 0x73, 0x68, 0x6f, 0x70, 0x70,
    0x65, 0x72, 0x0, 0x73, 0x68, 0x6f, 0x70, 0x70, 0x69, 0x6e, 0x67, 0x0, 0x73, 0x68, 0x6f, 0x70,
    0x74, 0x61, 0x6c, 0x6b, 0x0, 0x73, 0x68, 0x6f, 0x72, 0x65, 0x0, 0x73, 0x68, 0x6f, 0x72, 0x74,
    0x61, 0x67, 0x65, 0x0, 0x73, 0x68, 0x6f, 0x72, 0x74, 0x63, 0x61, 0x6b, 0x65, 0x0, 0x73, 0x68,
    0x6f, 0x72, 0x74, 0x63, 0x75, 0x74, 0x0, 0x73, 0x68, 0x6f, 0x72, 0x74, 0x65, 0x6e, 0x0, 0x73,
    0x68, 0x6f, 0x72, 0x74, 0x65, 0x72, 0x0, 0x73, 0x68, 0x6f, 0x72, 0x74, 0x68, 0x61, 0x6e, 0x64,
    0x0, 0x73, 0x68, 0x6f, 0x72, 0x74, 0x6c, 0x69, 0x73, 0x74, 0x0, 0x73, 0x68, 0x6f, 0x72, 0x74,
    0x6c, 0x79, 0x0, 0x73, 0x68, 0x6f, 0x72, 0x74, 0x6e, 0x65, 0x73, 0x73, 0x0, 0x73, 0x68, 0x6f,
    0x72, 0x74, 0x73, 0x0, 0x73, 0x68, 0x6f, 0x72, 0x74, 0x77, 0x61, 0x76, 0x65, 0x0, 0x73, 0x68,
    0x6f, 0x72, 0x74, 0x79, 0x0, 0x73, 0x68, 0x6f, 0x75, 0x74, 0x0, 0x73, 0x68, 0x6f, 0x76, 0x65,
    0x0, 0x73, 0x68, 0x6f, 0x77, 0x62, 0x69, 0x7a, 0x0, 0x73, 0x68, 0x6f, 0x77, 0x63, 0x61, 0x73,
    0x65, 0x0, 0x73, 0x68, 0x6f, 0x77, 0x64, 0x6f, 0x77, 0x6e, 0x0, 0x73, 0x68, 0x6f, 0x77, 0x65,
    0x72, 0x0, 0x73, 0x68, 0x6f, 0x77, 0x67, 0x69, 0x72, 0x6c, 0x0, 0x73, 0x68, 0x6f, 0x77, 0x69,
    0x6e, 0x67, 0x0, 0x73, 0x68, 0x6f, 0x77, 0x6d, 0x61, 0x6e, 0x0, 0x73, 0x68, 0x6f, 0x77, 0x6e,
    0x0, 0x73, 0x68, 0x6f, 0x77, 0x6f, 0x66, 0x66, 0x0, 0x73, 0x68, 0x6f, 0x77, 0x70, 0x69, 0x65,
    0x63, 0x65, 0x0, 0x73, 0x68, 0x6f, 0x77, 0x70, 0x6c, 0x61, 0x63, 0x65, 0x0, 0x73, 0x68, 0x6f,
    0x77, 0x72, 0x6f, 0x6f, 0x6d, 0x0, 0x73, 0x68, 0x6f, 0x77, 0x79, 0x0, 0x73, 0x68, 0x72, 0x61,
    0x6e, 0x6b, 0x0, 0x73, 0x68, 0x72, 0x61, 0x70, 0x6e, 0x65, 0x6c, 0x0, 0x73, 0x68, 0x72, 0x65,
    0x64, 0x64, 0x65, 0x72, 0x0, 0x73, 0x68, 0x72, 0x65, 0x64, 0x64, 0x69, 0x6e, 0x67, 0x0, 0x73,
    0x68, 0x72, 0x65, 0x77, 0x64, 0x6c, 0x79, 0x0, 0x73, 0x68, 0x72, 0x69, 0x65, 0x6b, 0x0, 0x73,
    0x68, 0x72, 0x69, 0x6c, 0x6c, 0x0, 0x73, 0x68, 0x72, 0x69, 0x6d, 0x70, 0x0, 0x73, 0x68, 0x72,
    0x69, 0x6e, 0x65, 0x0, 0x73, 0x68, 0x72, 0x69, 0x6e, 0x6b, 0x0, 0x73, 0x68, 0x72, 0x69, 0x76,
    0x65, 0x6c, 0x0, 0x73, 0x68, 0x72, 0x6f, 0x75, 0x64, 0x65, 0x64, 0x0, 0x73, 0x68, 0x72, 0x75,
    0x62, 0x62, 0x65, 0x72, 0x79, 0x0, 0x73, 0x68, 0x72, 0x75, 0x62, 0x73, 0x0, 0x73, 0x68, 0x72,
    0x75, 0x67, 0x0, 0x73, 0x68, 0x72, 0x75, 0x6e, 0x6b, 0x0, 0x73, 0x68, 0x75, 0x63, 0x6b, 0x69,
    0x6e, 0x67, 0x0, 0x73, 0x68, 0x75, 0x64, 0x64, 0x65, 0x72, 0x0, 0x73, 0x68, 0x75, 0x66, 0x66,
    0x6c, 0x65, 0x0, 0x73, 0x68, 0x75, 0x66, 0x66, 0x6c, 0x69, 0x6e, 0x67, 0x0, 0x73, 0x68, 0x75,
    0x6e, 0x0, 0x73, 0x68, 0x75, 0x73, 0x68, 0x0, 0x73, 0x68, 0x75, 0x74, 0x0, 0x73, 0x68, 0x79,
    0x0, 0x73, 0x69, 0x61, 0x6d, 0x65, 0x73, 0x65, 0x0, 0x73, 0x69, 0x62, 0x65, 0x72, 0x69, 0x61,
    0x6e, 0x0, 0x73, 0x69, 0x62, 0x6c, 0x69, 0x6e, 0x67, 0x0, 0x73, 0x69, 0x64, 0x69, 0x6e, 0x67,
    0x0, 0x73, 0x69, 0x65, 0x72, 0x72, 0x61, 0x0, 0x73, 0x69, 0x65, 0x73, 0x74, 0x61, 0x0, 0x73,
    0x69, 0x66, 0x74, 0x0, 0x73, 0x69, 0x67, 0x68, 0x69, 0x6e, 0x67, 0x0, 0x73, 0x69, 0x6c, 0x65,
    0x6e, 0x63, 0x65, 0x64, 0x0, 0x73, 0x69, 0x6c, 0x65, 0x6e, 0x63, 0x65, 0x72, 0x0, 0x73, 0x69,
    0x6c, 0x65, 0x6e, 0x74, 0x0, 0x73, 0x69, 0x6c, 0x69, 0x63, 0x61, 0x0, 0x73, 0x69, 0x6c, 0x69,
    0x63, 0x6f, 0x6e, 0x0, 0x73, 0x69, 0x6c, 0x6b, 0x0, 0x73, 0x69, 0x6c, 0x6c, 0x69, 0x6e, 0x65,
    0x73, 0x73, 0x0, 0x73, 0x69, 0x6c, 0x6c, 0x79, 0x0, 0x73, 0x69, 0x6c, 0x6f, 0x0, 0x73, 0x69,
    0x6c, 0x74, 0x0, 0x73, 0x69, 0x6c, 0x76, 0x65, 0x72, 0x0, 0x73, 0x69, 0x6d, 0x69, 0x6c, 0x61,
    0x72, 0x6c, 0x79, 0x0, 0x73, 0x69, 0x6d, 0x69, 0x6c, 0x65, 0x0, 0x73, 0x69, 0x6d, 0x6d, 0x65,
    0x72, 0x69, 0x6e, 0x67, 0x0, 0x73, 0x69, 0x6d, 0x70, 0x6c, 0x65, 0x0, 0x73, 0x69, 0x6d, 0x70,
    0x6c, 0x69, 0x66, 0x79, 0x0, 0x73, 0x69, 0x6d, 0x70, 0x6c, 0x79, 0x0, 0x73, 0x69, 0x6e, 0x63,
    0x65, 0x72, 0x65, 0x0, 0x73, 0x69, 0x6e, 0x63, 0x65, 0x72, 0x69, 0x74, 0x79, 0x0, 0x73, 0x69,
    0x6e, 0x67, 0x65, 0x72, 0x0, 0x73, 0x69, 0x6e, 0x67, 0x69, 0x6e, 0x67, 0x0, 0x73, 0x69, 0x6e,
    0x67, 0x6c, 0x65, 0x0, 0x73, 0x69, 0x6e, 0x67, 0x75, 0x6c, 0x61, 0x72, 0x0, 0x73, 0x69, 0x6e,
    0x69, 0x73, 0x74, 0x65, 0x72, 0x0, 0x73, 0x69, 0x6e, 0x6c, 0x65, 0x73, 0x73, 0x0, 0x73, 0x69,
    0x6e, 0x6e, 0x65, 0x72, 0x0, 0x73, 0x69, 0x6e, 0x75, 0x6f, 0x75, 0x73, 0x0, 0x73, 0x69, 0x70,
    0x0, 0x73, 0x69, 0x72, 0x65, 0x6e, 0x0, 0x73, 0x69, 0x73, 0x74, 0x65, 0x72, 0x0, 0x73, 0x69,
    0x74, 0x63, 0x6f, 0x6d, 0x0, 0x73, 0x69, 0x74, 0x74, 0x65, 0x72, 0x0, 0x73, 0x69, 0x74, 0x74,
    0x69, 0x6e, 0x67, 0x0, 0x73, 0x69, 0x74, 0x75, 0x61, 0x74, 0x65, 0x64, 0x0, 0x73, 0x69, 0x74,
    0x75, 0x61, 0x74, 0x69, 0x6f, 0x6e, 0x0, 0x73, 0x69, 0x78, 0x66, 0x6f, 0x6c, 0x64, 0x0, 0x73,
    0x69, 0x78, 0x74, 0x65, 0x65, 0x6e, 0x0, 0x73, 0x69, 0x78, 0x74, 0x68, 0x0, 0x73, 0x69, 0x78,
    0x74, 0x69, 0x65, 0x73, 0x0, 0x73, 0x69, 0x78, 0x74, 0x69, 0x65, 0x74, 0x68, 0x0, 0x73, 0x69,
    0x78, 0x74, 0x79, 0x66, 0x6f, 0x6c, 0x64, 0x0, 0x73, 0x69, 0x7a, 0x61, 0x62, 0x6c, 0x65, 0x0,
    0x73, 0x69, 0x7a, 0x61, 0x62, 0x6c, 0x79, 0x0, 0x73, 0x69, 0x7a, 0x65, 0x0, 0x73, 0x69, 0x7a,
    0x69, 0x6e, 0x67, 0x0, 0x73, 0x69, 0x7a, 0x7a, 0x6c, 0x65, 0x0, 0x73, 0x69, 0x7a, 0x7a, 0x6c,
    0x69, 0x6e, 0x67, 0x0, 0x73, 0x6b, 0x61, 0x74, 0x65, 0x72, 0x0, 0x73, 0x6b, 0x61, 0x74, 0x69,
    0x6e, 0x67, 0x0, 0x73, 0x6b, 0x65, 0x64, 0x61, 0x64, 0x64, 0x6c, 0x65, 0x0, 0x73, 0x6b, 0x65,
    0x6c, 0x65, 0x74, 0x61, 0x6c, 0x0, 0x73, 0x6b, 0x65, 0x6c, 0x65, 0x74, 0x6f, 0x6e, 0x0, 0x73,
    0x6b, 0x65, 0x70, 0x74, 0x69, 0x63, 0x0, 0x73, 0x6b, 0x65, 0x74, 0x63, 0x68, 0x0, 0x73, 0x6b,
    0x65, 0x77, 0x65, 0x64, 0x0, 0x73, 0x6b, 0x65, 0x77, 0x65, 0x72, 0x0, 0x73, 0x6b, 0x69, 0x64,
    0x0, 0x73, 0x6b, 0x69, 0x65, 0x64, 0x0, 0x73, 0x6b, 0x69, 0x65, 0x72, 0x0, 0x73, 0x6b, 0x69,
    0x65, 0x73, 0x0, 0x73, 0x6b, 0x69, 0x69, 0x6e, 0x67, 0x0, 0x73, 0x6b, 0x69, 0x6c, 0x6c, 0x65,
    0x64, 0x0, 0x73, 0x6b, 0x69, 0x6c, 0x6c, 0x65, 0x74, 0x0, 0x73, 0x6b, 0x69, 0x6c, 0x6c, 0x66,
    0x75, 0x6c, 0x0, 0x73, 0x6b, 0x69, 0x6d, 0x6d, 0x65, 0x64, 0x0, 0x73, 0x6b, 0x69, 0x6d, 0x6d,
    0x65, 0x72, 0x0, 0x73, 0x6b, 0x69, 0x6d, 0x6d, 0x69, 0x6e, 0x67, 0x0, 0x73, 0x6b, 0x69, 0x6d,
    0x70, 0x69, 0x6c, 0x79, 0x0, 0x73, 0x6b, 0x69, 0x6e, 0x63, 0x61, 0x72, 0x65, 0x0, 0x73, 0x6b,
    0x69, 0x6e, 0x68, 0x65, 0x61, 0x64, 0x0, 0x73, 0x6b, 0x69, 0x6e, 0x6c, 0x65, 0x73, 0x73, 0x0,
    0x73, 0x6b, 0x69, 0x6e, 0x6e, 0x69, 0x6e, 0x67, 0x0, 0x73, 0x6b, 0x69, 0x6e, 0x6e, 0x79, 0x0,
    0x73, 0x6b, 0x69, 0x6e, 0x74, 0x69, 0x67, 0x68, 0x74, 0x0, 0x73, 0x6b, 0x69, 0x70, 0x70, 0x65,
    0x72, 0x0, 0x73, 0x6b, 0x69, 0x70, 0x70, 0x69, 0x6e, 0x67, 0x0, 0x73, 0x6b, 0x69, 0x72, 0x6d,
    0x69, 0x73, 0x68, 0x0, 0x73, 0x6b, 0x69, 0x72, 0x74, 0x0, 0x73, 0x6b, 0x69, 0x74, 0x74, 0x6c,
    0x65, 0x0, 0x73, 0x6b, 0x79, 0x64, 0x69, 0x76, 0x65, 0x72, 0x0, 0x73, 0x6b, 0x79, 0x6c, 0x69,
    0x67, 0x68, 0x74, 0x0, 0x73, 0x6b, 0x79, 0x6c, 0x69, 0x6e, 0x65, 0x0, 0x73, 0x6b, 0x79, 0x70,
    0x65, 0x0, 0x73, 0x6b, 0x79, 0x72, 0x6f, 0x63, 0x6b, 0x65, 0x74, 0x0, 0x73, 0x6b, 0x79, 0x77,
    0x61, 0x72, 0x64, 0x0, 0x73, 0x6c, 0x61, 0x62, 0x0, 0x73, 0x6c, 0x61, 0x63, 0x6b, 0x65, 0x64,
    0x0, 0x73, 0x6c, 0x61, 0x63, 0x6b, 0x65, 0x72, 0x0, 0x73, 0x6c, 0x61, 0x63, 0x6b, 0x69, 0x6e,
    0x67, 0x0, 0x73, 0x6c, 0x61, 0x63, 0x6b, 0x6e, 0x65, 0x73, 0x73, 0x0, 0x73, 0x6c, 0x61, 0x63,
    0x6b, 0x73, 0x0, 0x73, 0x6c, 0x61, 0x69, 0x6e, 0x0, 0x73, 0x6c, 0x61, 0x6d, 0x0, 0x73, 0x6c,
    0x61, 0x6e, 0x64, 0x65, 0x72, 0x0, 0x73, 0x6c, 0x61, 0x6e, 0x67, 0x0, 0x73, 0x6c, 0x61, 0x70,
    0x70, 0x69, 0x6e, 0x67, 0x0, 0x73, 0x6c, 0x61, 0x70, 0x73, 0x74, 0x69, 0x63, 0x6b, 0x0, 0x73,
    0x6c, 0x61, 0x73, 0x68, 0x65, 0x64, 0x0, 0x73, 0x6c, 0x61, 0x73, 0x68, 0x69, 0x6e, 0x67, 0x0,
    0x73, 0x6c, 0x61, 0x74, 0x65, 0x0, 0x73, 0x6c, 0x61, 0x74, 0x68, 0x65, 0x72, 0x0, 0x73, 0x6c,
    0x61, 0x77, 0x0, 0x73, 0x6c, 0x65, 0x64, 0x0, 0x73, 0x6c, 0x65, 0x65, 0x6b, 0x0, 0x73, 0x6c,
    0x65, 0x65, 0x70, 0x0, 0x73, 0x6c, 0x65, 0x65, 0x74, 0x0, 0x73, 0x6c, 0x65, 0x65, 0x76, 0x65,
    0x0, 0x73, 0x6c, 0x65, 0x70, 0x74, 0x0, 0x73, 0x6c, 0x69, 0x63, 0x65, 0x61, 0x62, 0x6c, 0x65,
    0x0, 0x73, 0x6c, 0x69, 0x63, 0x65, 0x64, 0x0, 0x73, 0x6c, 0x69, 0x63, 0x65, 0x72, 0x0, 0x73,
    0x6c, 0x69, 0x63, 0x69, 0x6e, 0x67, 0x0, 0x73, 0x6c, 0x69, 0x63, 0x6b, 0x0, 0x73, 0x6c, 0x69,
    0x64, 0x65, 0x72, 0x0, 0x73, 0x6c, 0x69, 0x64, 0x65, 0x73, 0x68, 0x6f, 0x77, 0x0, 0x73, 0x6c,
    0x69, 0x64, 0x69, 0x6e, 0x67, 0x0, 0x73, 0x6c, 0x69, 0x67, 0x68, 0x74, 0x65, 0x64, 0x0, 0x73,
    0x6c, 0x69, 0x67, 0x68, 0x74, 0x69, 0x6e, 0x67, 0x0, 0x73, 0x6c, 0x69, 0x67, 0x68, 0x74, 0x6c,
    0x79, 0x0, 0x73, 0x6c, 0x69, 0x6d, 0x6e, 0x65, 0x73, 0x73, 0x0, 0x73, 0x6c, 0x69, 0x6d, 0x79,
    0x0, 0x73, 0x6c, 0x69, 0x6e, 0x67, 0x69, 0x6e, 0x67, 0x0, 0x73, 0x6c, 0x69, 0x6e, 0x67, 0x73,
    0x68, 0x6f, 0x74, 0x0, 0x73, 0x6c, 0x69, 0x6e, 0x6b, 0x79, 0x0, 0x73, 0x6c, 0x69, 0x70, 0x0,
    0x73, 0x6c, 0x69, 0x74, 0x0, 0x73, 0x6c, 0x69, 0x76, 0x65, 0x72, 0x0, 0x73, 0x6c, 0x6f, 0x62,
    0x62, 0x65, 0x72, 0x79, 0x0, 0x73, 0x6c, 0x6f, 0x67, 0x61, 0x6e, 0x0, 0x73, 0x6c, 0x6f, 0x70,
    0x65, 0x64, 0x0, 0x73, 0x6c, 0x6f, 0x70, 0x69, 0x6e, 0x67, 0x0, 0x73, 0x6c, 0x6f, 0x70, 0x70,
    0x69, 0x6c, 0x79, 0x0, 0x73, 0x6c, 0x6f, 0x70, 0x70, 0x79, 0x0, 0x73, 0x6c, 0x6f, 0x74, 0x0,
    0x73, 0x6c, 0x6f, 0x75, 0x63, 0x68, 0x69, 0x6e, 0x67, 0x0, 0x73, 0x6c, 0x6f, 0x75, 0x63, 0x68,
    0x79, 0x0, 0x73, 0x6c, 0x75, 0x64, 0x67, 0x65, 0x0, 0x73, 0x6c, 0x75, 0x67, 0x0, 0x73, 0x6c,
    0x75, 0x6d, 0x0, 0x73, 0x6c, 0x75, 0x72, 0x70, 0x0, 0x73, 0x6c, 0x75, 0x73, 0x68, 0x0, 0x73,
    0x6c, 0x79, 0x0, 0x73, 0x6d, 0x61, 0x6c, 0x6c, 0x0, 0x73, 0x6d, 0x61, 0x72, 0x74, 0x6c, 0x79,
    0x0, 0x73, 0x6d, 0x61, 0x72, 0x74, 0x6e, 0x65, 0x73, 0x73, 0x0, 0x73, 0x6d, 0x61, 0x73, 0x68,
    0x65, 0x72, 0x0, 0x73, 0x6d, 0x61, 0x73, 0x68, 0x69, 0x6e, 0x67, 0x0, 0x73, 0x6d, 0x61, 0x73,
    0x68, 0x75, 0x70, 0x0, 0x73, 0x6d, 0x65, 0x6c, 0x6c, 0x0, 0x73, 0x6d, 0x65, 0x6c, 0x74, 0x69,
    0x6e, 0x67, 0x0, 0x73, 0x6d, 0x69, 0x6c, 0x65, 0x0, 0x73, 0x6d, 0x69, 0x6c, 0x69, 0x6e, 0x67,
    0x6c, 0x79, 0x0, 0x73, 0x6d, 0x69, 0x72, 0x6b, 0x0, 0x73, 0x6d, 0x69, 0x74, 0x65, 0x0, 0x73,
    0x6d, 0x69, 0x74, 0x68, 0x0, 0x73, 0x6d, 0x69, 0x74, 0x74, 0x65, 0x6e, 0x0, 0x73, 0x6d, 0x6f,
    0x63, 0x6b, 0x0, 0x73, 0x6d, 0x6f, 0x67, 0x0, 0x73, 0x6d, 0x6f, 0x6b, 0x65, 0x64, 0x0, 0x73,
    0x6d, 0x6f, 0x6b, 0x65, 0x6c, 0x65, 0x73, 0x73, 0x0, 0x73, 0x6d, 0x6f, 0x6b, 0x69, 0x6e, 0x65,
    0x73, 0x73, 0x0, 0x73, 0x6d, 0x6f, 0x6b, 0x69, 0x6e, 0x67, 0x0, 0x73, 0x6d, 0x6f, 0x6b, 0x79,
    0x0, 0x73, 0x6d, 0x6f, 0x6c, 0x64, 0x65, 0x72, 0x0, 0x73, 0x6d, 0x6f, 0x6f, 0x74, 0x68, 0x0,
    0x73, 0x6d, 0x6f, 0x74, 0x68, 0x65, 0x72, 0x0, 0x73, 0x6d, 0x75, 0x64, 0x67, 0x65, 0x0, 0x73,
    0x6d, 0x75, 0x64, 0x67, 0x79, 0x0, 0x73, 0x6d, 0x75, 0x67, 0x67, 0x6c, 0x65, 0x72, 0x0, 0x73,
    0x6d, 0x75, 0x67, 0x67, 0x6c, 0x69, 0x6e, 0x67, 0x0, 0x73, 0x6d, 0x75, 0x67, 0x6c, 0x79, 0x0,
    0x73, 0x6d, 0x75, 0x67, 0x6e, 0x65, 0x73, 0x73, 0x0, 0x73, 0x6e, 0x61, 0x63, 0x6b, 0x0, 0x73,
    0x6e, 0x61, 0x67, 0x67, 0x65, 0x64, 0x0, 0x73, 0x6e, 0x61, 0x6b, 0x69, 0x6e, 0x67, 0x0, 0x73,
    0x6e, 0x61, 0x70, 0x0, 0x73, 0x6e, 0x61, 0x72, 0x65, 0x0, 0x73, 0x6e, 0x61, 0x72, 0x6c, 0x0,
    0x73, 0x6e, 0x61, 0x7a, 0x7a, 0x79, 0x0, 0x73, 0x6e, 0x65, 0x61, 0x6b, 0x0, 0x73, 0x6e, 0x65,
    0x65, 0x72, 0x0, 0x73, 0x6e, 0x65, 0x65, 0x7a, 0x65, 0x0, 0x73, 0x6e, 0x65, 0x65, 0x7a, 0x69,
    0x6e, 0x67, 0x0, 0x73, 0x6e, 0x69, 0x64, 0x65, 0x0, 0x73, 0x6e, 0x69, 0x66, 0x66, 0x0, 0x73,
    0x6e, 0x69, 0x70, 0x70, 0x65, 0x74, 0x0, 0x73, 0x6e, 0x69, 0x70, 0x70, 0x69, 0x6e, 0x67, 0x0,
    0x73, 0x6e, 0x69, 0x74, 0x63, 0x68, 0x0, 0x73, 0x6e, 0x6f, 0x6f, 0x70, 0x65, 0x72, 0x0, 0x73,
    0x6e, 0x6f, 0x6f, 0x7a, 0x65, 0x0, 0x73, 0x6e, 0x6f, 0x72, 0x65, 0x0, 0x73, 0x6e, 0x6f, 0x72,
    0x69, 0x6e, 0x67, 0x0, 0x73, 0x6e, 0x6f, 0x72, 0x6b, 0x65, 0x6c, 0x0, 0x73, 0x6e, 0x6f, 0x72,
    0x74, 0x0, 0x73, 0x6e, 0x6f, 0x75, 0x74, 0x0, 0x73, 0x6e, 0x6f, 0x77, 0x62, 0x69, 0x72, 0x64,
    0x0, 0x73, 0x6e, 0x6f, 0x77, 0x62, 0x6f, 0x61, 0x72, 0x64, 0x0, 0x73, 0x6e, 0x6f, 0x77, 0x62,
    0x6f, 0x75, 0x6e, 0x64, 0x0, 0x73, 0x6e, 0x6f, 0x77, 0x63, 0x61, 0x70, 0x0, 0x73, 0x6e, 0x6f,
    0x77, 0x64, 0x72, 0x69, 0x66, 0x74, 0x0, 0x73, 0x6e, 0x6f, 0x77, 0x64, 0x72, 0x6f, 0x70, 0x0,
    0x73, 0x6e, 0x6f, 0x77, 0x66, 0x61, 0x6c, 0x6c, 0x0, 0x73, 0x6e, 0x6f, 0x77, 0x66, 0x69, 0x65,
    0x6c, 0x64, 0x0, 0x73, 0x6e, 0x6f, 0x77, 0x66, 0x6c, 0x61, 0x6b, 0x65, 0x0, 0x73, 0x6e, 0x6f,
    0x77, 0x69, 0x6e, 0x65, 0x73, 0x73, 0x0, 0x73, 0x6e, 0x6f, 0x77, 0x6c, 0x65, 0x73, 0x73, 0x0,
    0x73, 0x6e, 0x6f, 0x77, 0x6d, 0x61, 0x6e, 0x0, 0x73, 0x6e, 0x6f, 0x77, 0x70, 0x6c, 0x6f, 0x77,
    0x0, 0x73, 0x6e, 0x6f, 0x77, 0x73, 0x68, 0x6f, 0x65, 0x0, 0x73, 0x6e, 0x6f, 0x77, 0x73, 0x74,
    0x6f, 0x72, 0x6d, 0x0, 0x73, 0x6e, 0x6f, 0x77, 0x73, 0x75, 0x69, 0x74, 0x0, 0x73, 0x6e, 0x6f,
    0x77, 0x79, 0x0, 0x73, 0x6e, 0x75, 0x62, 0x0, 0x73, 0x6e, 0x75, 0x66, 0x66, 0x0, 0x73, 0x6e,
    0x75, 0x67, 0x67, 0x6c, 0x65, 0x0, 0x73, 0x6e, 0x75, 0x67, 0x6c, 0x79, 0x0, 0x73, 0x6e, 0x75,
    0x67, 0x6e, 0x65, 0x73, 0x73, 0x0, 0x73, 0x70, 0x65, 0x61, 0x6b, 0x0, 0x73, 0x70, 0x65, 0x61,
    0x72, 0x66, 0x69, 0x73, 0x68, 0x0, 0x73, 0x70, 0x65, 0x61, 0x72, 0x68, 0x65, 0x61, 0x64, 0x0,
    0x73, 0x70, 0x65, 0x61, 0x72, 0x6d, 0x61, 0x6e, 0x0, 0x73, 0x70, 0x65, 0x61, 0x72, 0x6d, 0x69,
    0x6e, 0x74, 0x0, 0x73, 0x70, 0x65, 0x63, 0x69, 0x65, 0x73, 0x0, 0x73, 0x70, 0x65, 0x63, 0x69,
    0x6d, 0x65, 0x6e, 0x0, 0x73, 0x70, 0x65, 0x63, 0x6b, 0x65, 0x64, 0x0, 0x73, 0x70, 0x65, 0x63,
    0x6b, 0x6c, 0x65, 0x64, 0x0, 0x73, 0x70, 0x65, 0x63, 0x6b, 0x73, 0x0, 0x73, 0x70, 0x65, 0x63,
    0x74, 0x61, 0x63, 0x6c, 0x65, 0x0, 0x73, 0x70, 0x65, 0x63, 0x74, 0x61, 0x74, 0x6f, 0x72, 0x0,
    0x73, 0x70, 0x65, 0x63, 0x74, 0x72, 0x75, 0x6d, 0x0, 0x73, 0x70, 0x65, 0x63, 0x75, 0x6c, 0x61,
    0x74, 0x65, 0x0, 0x73, 0x70, 0x65, 0x65, 0x63, 0x68, 0x0, 0x73, 0x70, 0x65, 0x65, 0x64, 0x0,
    0x73, 0x70, 0x65, 0x6c, 0x6c, 0x62, 0x69, 0x6e, 0x64, 0x0, 0x73, 0x70, 0x65, 0x6c, 0x6c, 0x65,
    0x72, 0x0, 0x73, 0x70, 0x65, 0x6c, 0x6c, 0x69, 0x6e, 0x67, 0x0, 0x73, 0x70, 0x65, 0x6e, 0x64,
    0x61, 0x62, 0x6c, 0x65, 0x0, 0x73, 0x70, 0x65, 0x6e, 0x64, 0x65, 0x72, 0x0, 0x73, 0x70, 0x65,
    0x6e, 0x64, 0x69, 0x6e, 0x67, 0x0, 0x73, 0x70, 0x65, 0x6e, 0x74, 0x0, 0x73, 0x70, 0x65, 0x77,
    0x0, 0x73, 0x70, 0x68, 0x65, 0x72, 0x65, 0x0, 0x73, 0x70, 0x68, 0x65, 0x72, 0x69, 0x63, 0x61,
    0x6c, 0x0, 0x73, 0x70, 0x68, 0x69, 0x6e, 0x78, 0x0, 0x73, 0x70, 0x69, 0x64, 0x65, 0x72, 0x0,
    0x73, 0x70, 0x69, 0x65, 0x64, 0x0, 0x73, 0x70, 0x69, 0x66, 0x66, 0x79, 0x0, 0x73, 0x70, 0x69,
    0x6c, 0x6c, 0x0, 0x73, 0x70, 0x69, 0x6c, 0x74, 0x0, 0x73, 0x70, 0x69, 0x6e, 0x61, 0x63, 0x68,
    0x0, 0x73, 0x70, 0x69, 0x6e, 0x61, 0x6c, 0x0, 0x73, 0x70, 0x69, 0x6e, 0x64, 0x6c, 0x65, 0x0,
    0x73, 0x70, 0x69, 0x6e, 0x6e, 0x65, 0x72, 0x0, 0x73, 0x70, 0x69, 0x6e, 0x6e, 0x69, 0x6e, 0x67,
    0x0, 0x73, 0x70, 0x69, 0x6e, 0x6f, 0x75, 0x74, 0x0, 0x73, 0x70, 0x69, 0x6e, 0x73, 0x74, 0x65,
    0x72, 0x0, 0x73, 0x70, 0x69, 0x6e, 0x79, 0x0, 0x73, 0x70, 0x69, 0x72, 0x61, 0x6c, 0x0, 0x73,
    0x70, 0x69, 0x72, 0x69, 0x74, 0x65, 0x64, 0x0, 0x73, 0x70, 0x69, 0x72, 0x69, 0x74, 0x69, 0x73,
    0x6d, 0x0, 0x73, 0x70, 0x69, 0x72, 0x69, 0x74, 0x73, 0x0, 0x73, 0x70, 0x69, 0x72, 0x69, 0x74,
    0x75, 0x61, 0x6c, 0x0, 0x73, 0x70, 0x6c, 0x61, 0x73, 0x68, 0x65, 0x64, 0x0, 0x73, 0x70, 0x6c,
    0x61, 0x73, 0x68, 0x69, 0x6e, 0x67, 0x0, 0x73, 0x70, 0x6c, 0x61, 0x73, 0x68, 0x79, 0x0, 0x73,
    0x70, 0x6c, 0x61, 0x74, 0x74, 0x65, 0x72, 0x0, 0x73, 0x70, 0x6c, 0x65, 0x65, 0x6e, 0x0, 0x73,
    0x70, 0x6c, 0x65, 0x6e, 0x64, 0x69, 0x64, 0x0, 0x73, 0x70, 0x6c, 0x65, 0x6e, 0x64, 0x6f, 0x72,
    0x0, 0x73, 0x70, 0x6c, 0x69, 0x63, 0x65, 0x0, 0x73, 0x70, 0x6c, 0x69, 0x63, 0x69, 0x6e, 0x67,
    0x0, 0x73, 0x70, 0x6c, 0x69, 0x6e, 0x74, 0x65, 0x72, 0x0, 0x73, 0x70, 0x6c, 0x6f, 0x74, 0x63,
    0x68, 0x79, 0x0, 0x73, 0x70, 0x6c, 0x75, 0x72, 0x67, 0x65, 0x0, 0x73, 0x70, 0x6f, 0x69, 0x6c,
    0x61, 0x67, 0x65, 0x0, 0x73, 0x70, 0x6f, 0x69, 0x6c, 0x65, 0x64, 0x0, 0x73, 0x70, 0x6f, 0x69,
    0x6c, 0x65, 0x72, 0x0, 0x73, 0x70, 0x6f, 0x69, 0x6c, 0x69, 0x6e, 0x67, 0x0, 0x73, 0x70, 0x6f,
    0x69, 0x6c, 0x73, 0x0, 0x73, 0x70, 0x6f, 0x6b, 0x65, 0x6e, 0x0, 0x73, 0x70, 0x6f, 0x6b, 0x65,
    0x73, 0x6d, 0x61, 0x6e, 0x0, 0x73, 0x70, 0x6f, 0x6e, 0x67, 0x65, 0x0, 0x73, 0x70, 0x6f, 0x6e,
    0x67, 0x79, 0x0, 0x73, 0x70, 0x6f, 0x6e, 0x73, 0x6f, 0x72, 0x0, 0x73, 0x70, 0x6f, 0x6f, 0x66,
    0x0, 0x73, 0x70, 0x6f, 0x6f, 0x6b, 0x69, 0x6c, 0x79, 0x0, 0x73, 0x70, 0x6f, 0x6f, 0x6b, 0x79,
    0x0, 0x73, 0x70, 0x6f, 0x6f, 0x6c, 0x0, 0x73, 0x70, 0x6f, 0x6f, 0x6e, 0x0, 0x73, 0x70, 0x6f,
    0x72, 0x65, 0x0, 0x73, 0x70, 0x6f, 0x72, 0x74, 0x69, 0x6e, 0x67, 0x0, 0x73, 0x70, 0x6f, 0x72,
    0x74, 0x73, 0x0, 0x73, 0x70, 0x6f, 0x72, 0x74, 0x79, 0x0, 0x73, 0x70, 0x6f, 0x74, 0x6c, 0x65,
    0x73, 0x73, 0x0, 0x73, 0x70, 0x6f, 0x74, 0x6c, 0x69, 0x67, 0x68, 0x74, 0x0, 0x73, 0x70, 0x6f,
    0x74, 0x74, 0x65, 0x64, 0x0, 0x73, 0x70, 0x6f, 0x74, 0x74, 0x65, 0x72, 0x0, 0x73, 0x70, 0x6f,
    0x74, 0x74, 0x69, 0x6e, 0x67, 0x0, 0x73, 0x70, 0x6f, 0x74, 0x74, 0x79, 0x0, 0x73, 0x70, 0x6f,
    0x75, 0x73, 0x61, 0x6c, 0x0, 0x73, 0x70, 0x6f, 0x75, 0x73, 0x65, 0x0, 0x73, 0x70, 0x6f, 0x75,
    0x74, 0x0, 0x73, 0x70, 0x72, 0x61, 0x69, 0x6e, 0x0, 0x73, 0x70, 0x72, 0x61, 0x6e, 0x67, 0x0,
    0x73, 0x70, 0x72, 0x61, 0x77, 0x6c, 0x0, 0x73, 0x70, 0x72, 0x61, 0x79, 0x0, 0x73, 0x70, 0x72,
    0x65, 0x65, 0x0, 0x73, 0x70, 0x72, 0x69, 0x67, 0x0, 0x73, 0x70, 0x72, 0x69, 0x6e, 0x67, 0x0,
    0x73, 0x70, 0x72, 0x69, 0x6e, 0x6b, 0x6c, 0x65, 0x64, 0x0, 0x73, 0x70, 0x72, 0x69, 0x6e, 0x6b,
    0x6c, 0x65, 0x72, 0x0, 0x73, 0x70, 0x72, 0x69, 0x6e, 0x74, 0x0, 0x73, 0x70, 0x72, 0x69, 0x74,
    0x65, 0x0, 0x73, 0x70, 0x72, 0x6f, 0x75, 0x74, 0x0, 0x73, 0x70, 0x72, 0x75, 0x63, 0x65, 0x0,
    0x73, 0x70, 0x72, 0x75, 0x6e, 0x67, 0x0, 0x73, 0x70, 0x72, 0x79, 0x0, 0x73, 0x70, 0x75, 0x64,
    0x0, 0x73, 0x70, 0x75, 0x72, 0x0, 0x73, 0x70, 0x75, 0x74, 0x74, 0x65, 0x72, 0x0, 0x73, 0x70,
    0x79, 0x67, 0x6c, 0x61, 0x73, 0x73, 0x0, 0x73, 0x71, 0x75, 0x61, 0x62, 0x62, 0x6c, 0x65, 0x0,
    0x73, 0x71, 0x75, 0x61, 0x64, 0x0, 0x73, 0x71, 0x75, 0x61, 0x6c, 0x6c, 0x0, 0x73, 0x71, 0x75,
    0x61, 0x6e, 0x64, 0x65, 0x72, 0x0, 0x73, 0x71, 0x75, 0x61, 0x73, 0x68, 0x0, 0x73, 0x71, 0x75,
    0x61, 0x74, 0x74, 0x65, 0x64, 0x0, 0x73, 0x71, 0x75, 0x61, 0x74, 0x74, 0x65, 0x72, 0x0, 0x73,
    0x71, 0x75, 0x61, 0x74, 0x74, 0x69, 0x6e, 0x67, 0x0, 0x73, 0x71, 0x75, 0x65, 0x61, 0x6b, 0x0,
    0x73, 0x71, 0x75, 0x65, 0x61, 0x6c, 0x65, 0x72, 0x0, 0x73, 0x71, 0x75, 0x65, 0x61, 0x6c, 0x69,
    0x6e, 0x67, 0x0, 0x73, 0x71, 0x75, 0x65, 0x61, 0x6d, 0x69, 0x73, 0x68, 0x0, 0x73, 0x71, 0x75,
    0x65, 0x65, 0x67, 0x65, 0x65, 0x0, 0x73, 0x71, 0x75, 0x65, 0x65, 0x7a, 0x65, 0x0, 0x73, 0x71,
    0x75, 0x65, 0x65, 0x7a, 0x69, 0x6e, 0x67, 0x0, 0x73, 0x71, 0x75, 0x69, 0x64, 0x0, 0x73, 0x71,
    0x75, 0x69, 0x67, 0x67, 0x6c, 0x65, 0x0, 0x73, 0x71, 0x75, 0x69, 0x67, 0x67, 0x6c, 0x79, 0x0,
    0x73, 0x71, 0x75, 0x69, 0x6e, 0x74, 0x0, 0x73, 0x71, 0x75, 0x69, 0x72, 0x65, 0x0, 0x73, 0x71,
    0x75, 0x69, 0x72, 0x74, 0x0, 0x73, 0x71, 0x75, 0x69, 0x73, 0x68, 0x69, 0x65, 0x72, 0x0, 0x73,
    0x71, 0x75, 0x69, 0x73, 0x68, 0x79, 0x0, 0x73, 0x74, 0x61, 0x62, 0x69, 0x6c, 0x69, 0x74, 0x79,
    0x0, 0x73, 0x74, 0x61, 0x62, 0x69, 0x6c, 0x69, 0x7a, 0x65, 0x0, 0x73, 0x74, 0x61, 0x62, 0x6c,
    0x65, 0x0, 0x73, 0x74, 0x61, 0x63, 0x6b, 0x0, 0x73, 0x74, 0x61, 0x64, 0x69, 0x75, 0x6d, 0x0,
    0x73, 0x74, 0x61, 0x66, 0x66, 0x0, 0x73, 0x74, 0x61, 0x67, 0x65, 0x0, 0x73, 0x74, 0x61, 0x67,
    0x69, 0x6e, 0x67, 0x0, 0x73, 0x74, 0x61, 0x67, 0x6e, 0x61, 0x6e, 0x74, 0x0, 0x73, 0x74, 0x61,
    0x67, 0x6e, 0x61, 0x74, 0x65, 0x0, 0x73, 0x74, 0x61, 0x69, 0x6e, 0x61, 0x62, 0x6c, 0x65, 0x0,
    0x73, 0x74, 0x61, 0x69, 0x6e, 0x65, 0x64, 0x0, 0x73, 0x74, 0x61, 0x69, 0x6e, 0x69, 0x6e, 0x67,
    0x0, 0x73, 0x74, 0x61, 0x69, 0x6e, 0x6c, 0x65, 0x73, 0x73, 0x0, 0x73, 0x74, 0x61, 0x6c, 0x65,
    0x6d, 0x61, 0x74, 0x65, 0x0, 0x73, 0x74, 0x61, 0x6c, 0x65, 0x6e, 0x65, 0x73, 0x73, 0x0, 0x73,
    0x74, 0x61, 0x6c, 0x6c, 0x69, 0x6e, 0x67, 0x0, 0x73, 0x74, 0x61, 0x6c, 0x6c, 0x69, 0x6f, 0x6e,
    0x0, 0x73, 0x74, 0x61, 0x6d, 0x69, 0x6e, 0x61, 0x0, 0x73, 0x74, 0x61, 0x6d, 0x6d, 0x65, 0x72,
    0x0, 0x73, 0x74, 0x61, 0x6d, 0x70, 0x0, 0x73, 0x74, 0x61, 0x6e, 0x64, 0x0, 0x73, 0x74, 0x61,
    0x6e, 0x6b, 0x0, 0x73, 0x74, 0x61, 0x70, 0x6c, 0x65, 0x0, 0x73, 0x74, 0x61, 0x70, 0x6c, 0x69,
    0x6e, 0x67, 0x0, 0x73, 0x74, 0x61, 0x72, 0x62, 0x6f, 0x61, 0x72, 0x64, 0x0, 0x73, 0x74, 0x61,
    0x72, 0x63, 0x68, 0x0, 0x73, 0x74, 0x61, 0x72, 0x64, 0x6f, 0x6d, 0x0, 0x73, 0x74, 0x61, 0x72,
    0x64, 0x75, 0x73, 0x74, 0x0, 0x73, 0x74, 0x61, 0x72, 0x66, 0x69, 0x73, 0x68, 0x0, 0x73, 0x74,
    0x61, 0x72, 0x67, 0x61, 0x7a, 0x65, 0x72, 0x0, 0x73, 0x74, 0x61, 0x72, 0x69, 0x6e, 0x67, 0x0,
    0x73, 0x74, 0x61, 0x72, 0x6b, 0x0, 0x73, 0x74, 0x61, 0x72, 0x6c, 0x65, 0x73, 0x73, 0x0, 0x73,
    0x74, 0x61, 0x72, 0x6c, 0x65, 0x74, 0x0, 0x73, 0x74, 0x61, 0x72, 0x6c, 0x69, 0x67, 0x68, 0x74,
    0x0, 0x73, 0x74, 0x61, 0x72, 0x6c, 0x69, 0x74, 0x0, 0x73, 0x74, 0x61, 0x72, 0x72, 0x69, 0x6e,
    0x67, 0x0, 0x73, 0x74, 0x61, 0x72, 0x72, 0x79, 0x0, 0x73, 0x74, 0x61, 0x72, 0x73, 0x68, 0x69,
    0x70, 0x0, 0x73, 0x74, 0x61, 0x72, 0x74, 0x65, 0x72, 0x0, 0x73, 0x74, 0x61, 0x72, 0x74, 0x69,
    0x6e, 0x67, 0x0, 0x73, 0x74, 0x61, 0x72, 0x74, 0x6c, 0x65, 0x0, 0x73, 0x74, 0x61, 0x72, 0x74,
    0x6c, 0x69, 0x6e, 0x67, 0x0, 0x73, 0x74, 0x61, 0x72, 0x74, 0x75, 0x70, 0x0, 0x73, 0x74, 0x61,
    0x72, 0x76, 0x65, 0x64, 0x0, 0x73, 0x74, 0x61, 0x72, 0x76, 0x69, 0x6e, 0x67, 0x0, 0x73, 0x74,
    0x61, 0x73, 0x68, 0x0, 0x73, 0x74, 0x61, 0x74, 0x65, 0x0, 0x73, 0x74, 0x61, 0x74, 0x69, 0x63,
    0x0, 0x73, 0x74, 0x61, 0x74, 0x69, 0x73, 0x74, 0x69, 0x63, 0x0, 0x73, 0x74, 0x61, 0x74, 0x75,
    0x65, 0x0, 0x73, 0x74, 0x61, 0x74, 0x75, 0x72, 0x65, 0x0, 0x73, 0x74, 0x61, 0x74, 0x75, 0x73,
    0x0, 0x73, 0x74, 0x61, 0x74, 0x75, 0x74, 0x65, 0x0, 0x73, 0x74, 0x61, 0x74, 0x75, 0x74, 0x6f,
    0x72, 0x79, 0x0, 0x73, 0x74, 0x61, 0x75, 0x6e, 0x63, 0x68, 0x0, 0x73, 0x74, 0x61, 0x79, 0x73,
    0x0, 0x73, 0x74, 0x65, 0x61, 0x64, 0x66, 0x61, 0x73, 0x74, 0x0, 0x73, 0x74, 0x65, 0x61, 0x64,
    0x69, 0x65, 0x72, 0x0, 0x73, 0x74, 0x65, 0x61, 0x64, 0x69, 0x6c, 0x79, 0x0, 0x73, 0x74, 0x65,
    0x61, 0x64, 0x79, 0x69, 0x6e, 0x67, 0x0, 0x73, 0x74, 0x65, 0x61, 0x6d, 0x0, 0x73, 0x74, 0x65,
    0x65, 0x64, 0x0, 0x73, 0x74, 0x65, 0x65, 0x70, 0x0, 0x73, 0x74, 0x65, 0x65, 0x72, 0x61, 0x62,
    0x6c, 0x65, 0x0, 0x73, 0x74, 0x65, 0x65, 0x72, 0x69, 0x6e, 0x67, 0x0, 0x73, 0x74, 0x65, 0x65,
    0x72, 0x73, 0x6d, 0x61, 0x6e, 0x0, 0x73, 0x74, 0x65, 0x67, 0x6f, 0x73, 0x61, 0x75, 0x72, 0x0,
    0x73, 0x74, 0x65, 0x6c, 0x6c, 0x61, 0x72, 0x0, 0x73, 0x74, 0x65, 0x6d, 0x0, 0x73, 0x74, 0x65,
    0x6e, 0x63, 0x68, 0x0, 0x73, 0x74, 0x65, 0x6e, 0x63, 0x69, 0x6c, 0x0, 0x73, 0x74, 0x65, 0x70,
    0x0, 0x73, 0x74, 0x65, 0x72, 0x65, 0x6f, 0x0, 0x73, 0x74, 0x65, 0x72, 0x69, 0x6c, 0x65, 0x0,
    0x73, 0x74, 0x65, 0x72, 0x69, 0x6c, 0x69, 0x74, 0x79, 0x0, 0x73, 0x74, 0x65, 0x72, 0x69, 0x6c,
    0x69, 0x7a, 0x65, 0x0, 0x73, 0x74, 0x65, 0x72, 0x6c, 0x69, 0x6e, 0x67, 0x0, 0x73, 0x74, 0x65,
    0x72, 0x6e, 0x6e, 0x65, 0x73, 0x73, 0x0, 0x73, 0x74, 0x65, 0x72, 0x6e, 0x75, 0x6d, 0x0, 0x73,
    0x74, 0x65, 0x77, 0x0, 0x73, 0x74, 0x69, 0x63, 0x6b, 0x0, 0x73, 0x74, 0x69, 0x66, 0x66, 0x65,
    0x6e, 0x0, 0x73, 0x74, 0x69, 0x66, 0x66, 0x6c, 0x79, 0x0, 0x73, 0x74, 0x69, 0x66, 0x66, 0x6e,
    0x65, 0x73, 0x73, 0x0, 0x73, 0x74, 0x69, 0x66, 0x6c, 0x65, 0x0, 0x73, 0x74, 0x69, 0x66, 0x6c,
    0x69, 0x6e, 0x67, 0x0, 0x73, 0x74, 0x69, 0x6c, 0x6c, 0x6e, 0x65, 0x73, 0x73, 0x0, 0x73, 0x74,
    0x69, 0x6c, 0x74, 0x0, 0x73, 0x74, 0x69, 0x6d, 0x75, 0x6c, 0x61, 0x6e, 0x74, 0x0, 0x73, 0x74,
    0x69, 0x6d, 0x75, 0x6c, 0x61, 0x74, 0x65, 0x0, 0x73, 0x74, 0x69, 0x6d, 0x75, 0x6c, 0x69, 0x0,
    0x73, 0x74, 0x69, 0x6d, 0x75, 0x6c, 0x75, 0x73, 0x0, 0x73, 0x74, 0x69, 0x6e, 0x67, 0x65, 0x72,
    0x0, 0x73, 0x74, 0x69, 0x6e, 0x67, 0x69, 0x6c, 0x79, 0x0, 0x73, 0x74, 0x69, 0x6e, 0x67, 0x69,
    0x6e, 0x67, 0x0, 0x73, 0x74, 0x69, 0x6e, 0x67, 0x72, 0x61, 0x79, 0x0, 0x73, 0x74, 0x69, 0x6e,
    0x67, 0x79, 0x0, 0x73, 0x74, 0x69, 0x6e, 0x6b, 0x69, 0x6e, 0x67, 0x0, 0x73, 0x74, 0x69, 0x6e,
    0x6b, 0x79, 0x0, 0x73, 0x74, 0x69, 0x70, 0x65, 0x6e, 0x64, 0x0, 0x73, 0x74, 0x69, 0x70, 0x75,
    0x6c, 0x61, 0x74, 0x65, 0x0, 0x73, 0x74, 0x69, 0x72, 0x0, 0x73, 0x74, 0x69, 0x74, 0x63, 0x68,
    0x0, 0x73, 0x74, 0x6f, 0x63, 0x6b, 0x0, 0x73, 0x74, 0x6f, 0x69, 0x63, 0x0, 0x73, 0x74, 0x6f,
    0x6b, 0x65, 0x0, 0x73, 0x74, 0x6f, 0x6c, 0x65, 0x0, 0x73, 0x74, 0x6f, 0x6d, 0x70, 0x0, 0x73,
    0x74, 0x6f, 0x6e, 0x65, 0x77, 0x61, 0x6c, 0x6c, 0x0, 0x73, 0x74, 0x6f, 0x6e, 0x65, 0x77, 0x61,
    0x72, 0x65, 0x0, 0x73, 0x74, 0x6f, 0x6e, 0x65, 0x77, 0x6f, 0x72, 0x6b, 0x0, 0x73, 0x74, 0x6f,
    0x6e, 0x69, 0x6e, 0x67, 0x0, 0x73, 0x74, 0x6f, 0x6e, 0x79, 0x0, 0x73, 0x74, 0x6f, 0x6f, 0x64,
    0x0, 0x73, 0x74, 0x6f, 0x6f, 0x67, 0x65, 0x0, 0x73, 0x74, 0x6f, 0x6f, 0x6c, 0x0, 0x73, 0x74,
    0x6f, 0x6f, 0x70, 0x0, 0x73, 0x74, 0x6f, 0x70, 0x6c, 0x69, 0x67, 0x68, 0x74, 0x0, 0x73, 0x74,
    0x6f, 0x70, 0x70, 0x61, 0x62, 0x6c, 0x65, 0x0, 0x73, 0x74, 0x6f, 0x70, 0x70, 0x61, 0x67, 0x65,
    0x0, 0x73, 0x74, 0x6f, 0x70, 0x70, 0x65, 0x64, 0x0, 0x73, 0x74, 0x6f, 0x70, 0x70, 0x65, 0x72,
    0x0, 0x73, 0x74, 0x6f, 0x70, 0x70, 0x69, 0x6e, 0x67, 0x0, 0x73, 0x74, 0x6f, 0x70, 0x77, 0x61,
    0x74, 0x63, 0x68, 0x0, 0x73, 0x74, 0x6f, 0x72, 0x61, 0x62, 0x6c, 0x65, 0x0, 0x73, 0x74, 0x6f,
    0x72, 0x61, 0x67, 0x65, 0x0, 0x73, 0x74, 0x6f, 0x72, 0x65, 0x72, 0x6f, 0x6f, 0x6d, 0x0, 0x73,
    0x74, 0x6f, 0x72, 0x65, 0x77, 0x69, 0x64, 0x65, 0x0, 0x73, 0x74, 0x6f, 0x72, 0x6d, 0x0, 0x73,
    0x74, 0x6f, 0x75, 0x74, 0x0, 0x73, 0x74, 0x6f, 0x76, 0x65, 0x0, 0x73, 0x74, 0x6f, 0x77, 0x61,
    0x77, 0x61, 0x79, 0x0, 0x73, 0x74, 0x6f, 0x77, 0x69, 0x6e, 0x67, 0x0, 0x73, 0x74, 0x72, 0x61,
    0x64, 0x64, 0x6c, 0x65, 0x0, 0x73, 0x74, 0x72, 0x61, 0x67, 0x67, 0x6c, 0x65, 0x72, 0x0, 0x73,
    0x74, 0x72, 0x61, 0x69, 0x6e, 0x65, 0x64, 0x0, 0x73, 0x74, 0x72, 0x61, 0x69, 0x6e, 0x65, 0x72,
    0x0, 0x73, 0x74, 0x72, 0x61, 0x69, 0x6e, 0x69, 0x6e, 0x67, 0x0, 0x73, 0x74, 0x72, 0x61, 0x6e,
    0x67, 0x65, 0x6c, 0x79, 0x0, 0x73, 0x74, 0x72, 0x61, 0x6e, 0x67, 0x65, 0x72, 0x0, 0x73, 0x74,
    0x72, 0x61, 0x6e, 0x67, 0x6c, 0x65, 0x0, 0x73, 0x74, 0x72, 0x61, 0x74, 0x65, 0x67, 0x69, 0x63,
    0x0, 0x73, 0x74, 0x72, 0x61, 0x74, 0x65, 0x67, 0x79, 0x0, 0x73, 0x74, 0x72, 0x61, 0x74, 0x75,
    0x73, 0x0, 0x73, 0x74, 0x72, 0x61, 0x77, 0x0, 0x73, 0x74, 0x72, 0x61, 0x79, 0x0, 0x73, 0x74,
    0x72, 0x65, 0x61, 0x6b, 0x0, 0x73, 0x74, 0x72, 0x65, 0x61, 0x6d, 0x0, 0x73, 0x74, 0x72, 0x65,
    0x65, 0x74, 0x0, 0x73, 0x74, 0x72, 0x65, 0x6e, 0x67, 0x74, 0x68, 0x0, 0x73, 0x74, 0x72, 0x65,
    0x6e, 0x75, 0x6f, 0x75, 0x73, 0x0, 0x73, 0x74, 0x72, 0x65, 0x70, 0x0, 0x73, 0x74, 0x72, 0x65,
    0x73, 0x73, 0x0, 0x73, 0x74, 0x72, 0x65, 0x74, 0x63, 0x68, 0x0, 0x73, 0x74, 0x72, 0x65, 0x77,
    0x6e, 0x0, 0x73, 0x74, 0x72, 0x69, 0x63, 0x6b, 0x65, 0x6e, 0x0, 0x73, 0x74, 0x72, 0x69, 0x63,
    0x74, 0x0, 0x73, 0x74, 0x72, 0x69, 0x64, 0x65, 0x0, 0x73, 0x74, 0x72, 0x69, 0x66, 0x65, 0x0,
    0x73, 0x74, 0x72, 0x69, 0x6b, 0x65, 0x0, 0x73, 0x74, 0x72, 0x69, 0x6b, 0x69, 0x6e, 0x67, 0x0,
    0x73, 0x74, 0x72, 0x69, 0x76, 0x65, 0x0, 0x73, 0x74, 0x72, 0x69, 0x76, 0x69, 0x6e, 0x67, 0x0,
    0x73, 0x74, 0x72, 0x6f, 0x62, 0x65, 0x0, 0x73, 0x74, 0x72, 0x6f, 0x64, 0x65, 0x0, 0x73, 0x74,
    0x72, 0x6f, 0x6c, 0x6c, 0x65, 0x72, 0x0, 0x73, 0x74, 0x72, 0x6f, 0x6e, 0x67, 0x62, 0x6f, 0x78,
    0x0, 0x73, 0x74, 0x72, 0x6f, 0x6e, 0x67, 0x6c, 0x79, 0x0, 0x73, 0x74, 0x72, 0x6f, 0x6e, 0x67,
    0x6d, 0x61, 0x6e, 0x0, 0x73, 0x74, 0x72, 0x75, 0x63, 0x6b, 0x0, 0x73, 0x74, 0x72, 0x75, 0x63,
    0x74, 0x75, 0x72, 0x65, 0x0, 0x73, 0x74, 0x72, 0x75, 0x64, 0x65, 0x6c, 0x0, 0x73, 0x74, 0x72,
    0x75, 0x67, 0x67, 0x6c, 0x65, 0x0, 0x73, 0x74, 0x72, 0x75, 0x6d, 0x0, 0x73, 0x74, 0x72, 0x75,
    0x6e, 0x67, 0x0, 0x73, 0x74, 0x72, 0x75, 0x74, 0x0, 0x73, 0x74, 0x75, 0x62, 0x62, 0x65, 0x64,
    0x0, 0x73, 0x74, 0x75, 0x62, 0x62, 0x6c, 0x65, 0x0, 0x73, 0x74, 0x75, 0x62, 0x62, 0x6c, 0x79,
    0x0, 0x73, 0x74, 0x75, 0x62, 0x62, 0x6f, 0x72, 0x6e, 0x0, 0x73, 0x74, 0x75, 0x63, 0x63, 0x6f,
    0x0, 0x73, 0x74, 0x75, 0x63, 0x6b, 0x0, 0x73, 0x74, 0x75, 0x64, 0x65, 0x6e, 0x74, 0x0, 0x73,
    0x74, 0x75, 0x64, 0x69, 0x65, 0x64, 0x0, 0x73, 0x74, 0x75, 0x64, 0x69, 0x6f, 0x0, 0x73, 0x74,
    0x75, 0x64, 0x79, 0x0, 0x73, 0x74, 0x75, 0x66, 0x66, 0x65, 0x64, 0x0, 0x73, 0x74, 0x75, 0x66,
    0x66, 0x69, 0x6e, 0x67, 0x0, 0x73, 0x74, 0x75, 0x66, 0x66, 0x79, 0x0, 0x73, 0x74, 0x75, 0x6d,
    0x62, 0x6c, 0x65, 0x0, 0x73, 0x74, 0x75, 0x6d, 0x62, 0x6c, 0x69, 0x6e, 0x67, 0x0, 0x73, 0x74,
    0x75, 0x6d, 0x70, 0x0, 0x73, 0x74, 0x75, 0x6e, 0x67, 0x0, 0x73, 0x74, 0x75, 0x6e, 0x6e, 0x65,
    0x64, 0x0, 0x73, 0x74, 0x75, 0x6e, 0x6e, 0x65, 0x72, 0x0, 0x73, 0x74, 0x75, 0x6e, 0x6e, 0x69,
    0x6e, 0x67, 0x0, 0x73, 0x74, 0x75, 0x6e, 0x74, 0x0, 0x73, 0x74, 0x75, 0x70, 0x6f, 0x72, 0x0,
    0x73, 0x74, 0x75, 0x72, 0x64, 0x69, 0x6c, 0x79, 0x0, 0x73, 0x74, 0x75, 0x72, 0x64, 0x79, 0x0,
    0x73, 0x74, 0x79, 0x6c, 0x69, 0x6e, 0x67, 0x0, 0x73, 0x74, 0x79, 0x6c, 0x69, 0x73, 0x68, 0x6c,
    0x79, 0x0, 0x73, 0x74, 0x79, 0x6c, 0x69, 0x73, 0x74, 0x0, 0x73, 0x74, 0x79, 0x6c, 0x69, 0x7a,
    0x65, 0x64, 0x0, 0x73, 0x74, 0x79, 0x6c, 0x75, 0x73, 0x0, 0x73, 0x75, 0x61, 0x76, 0x65, 0x0,
    0x73, 0x75, 0x62, 0x61, 0x72, 0x63, 0x74, 0x69, 0x63, 0x0, 0x73, 0x75, 0x62, 0x61, 0x74, 0x6f,
    0x6d, 0x69, 0x63, 0x0, 0x73, 0x75, 0x62, 0x64, 0x69, 0x76, 0x69, 0x64, 0x65, 0x0, 0x73, 0x75,
    0x62, 0x64, 0x75, 0x65, 0x64, 0x0, 0x73, 0x75, 0x62, 0x64, 0x75, 0x69, 0x6e, 0x67, 0x0, 0x73,
    0x75, 0x62, 0x66, 0x6c, 0x6f, 0x6f, 0x72, 0x0, 0x73, 0x75, 0x62, 0x67, 0x72, 0x6f, 0x75, 0x70,
    0x0, 0x73, 0x75, 0x62, 0x68, 0x65, 0x61, 0x64, 0x65, 0x72, 0x0, 0x73, 0x75, 0x62, 0x6a, 0x65,
    0x63, 0x74, 0x0, 0x73, 0x75, 0x62, 0x6c, 0x65, 0x61, 0x73, 0x65, 0x0, 0x73, 0x75, 0x62, 0x6c,
    0x65, 0x74, 0x0, 0x73, 0x75, 0x62, 0x6c, 0x65, 0x76, 0x65, 0x6c, 0x0, 0x73, 0x75, 0x62, 0x6c,
    0x69, 0x6d, 0x65, 0x0, 0x73, 0x75, 0x62, 0x6d, 0x61, 0x72, 0x69, 0x6e, 0x65, 0x0, 0x73, 0x75,
    0x62, 0x6d, 0x65, 0x72, 0x67, 0x65, 0x0, 0x73, 0x75, 0x62, 0x6d, 0x65, 0x72, 0x73, 0x65, 0x64,
    0x0, 0x73, 0x75, 0x62, 0x6d, 0x69, 0x74, 0x74, 0x65, 0x72, 0x0, 0x73, 0x75, 0x62, 0x70, 0x61,
    0x6e, 0x65, 0x6c, 0x0, 0x73, 0x75, 0x62, 0x70, 0x61, 0x72, 0x0, 0x73, 0x75, 0x62, 0x70, 0x6c,
    0x6f, 0x74, 0x0, 0x73, 0x75, 0x62, 0x70, 0x72, 0x69, 0x6d, 0x65, 0x0, 0x73, 0x75, 0x62, 0x73,
    0x63, 0x72, 0x69, 0x62, 0x65, 0x0, 0x73, 0x75, 0x62, 0x73, 0x63, 0x72, 0x69, 0x70, 0x74, 0x0,
    0x73, 0x75, 0x62, 0x73, 0x65, 0x63, 0x74, 0x6f, 0x72, 0x0, 0x73, 0x75, 0x62, 0x73, 0x69, 0x64,
    0x65, 0x0, 0x73, 0x75, 0x62, 0x73, 0x69, 0x64, 0x69, 0x6e, 0x67, 0x0, 0x73, 0x75, 0x62, 0x73,
    0x69, 0x64, 0x69, 0x7a, 0x65, 0x0, 0x73, 0x75, 0x62, 0x73, 0x69, 0x64, 0x79, 0x0, 0x73, 0x75,
    0x62, 0x73, 0x6f, 0x69, 0x6c, 0x0, 0x73, 0x75, 0x62, 0x73, 0x6f, 0x6e, 0x69, 0x63, 0x0, 0x73,
    0x75, 0x62, 0x73, 0x74, 0x61, 0x6e, 0x63, 0x65, 0x0, 0x73, 0x75, 0x62, 0x73, 0x79, 0x73, 0x74,
    0x65, 0x6d, 0x0, 0x73, 0x75, 0x62, 0x74, 0x65, 0x78, 0x74, 0x0, 0x73, 0x75, 0x62, 0x74, 0x69,
    0x74, 0x6c, 0x65, 0x0, 0x73, 0x75, 0x62, 0x74, 0x6c, 0x79, 0x0, 0x73, 0x75, 0x62, 0x74, 0x6f,
    0x74, 0x61, 0x6c, 0x0, 0x73, 0x75, 0x62, 0x74, 0x72, 0x61, 0x63, 0x74, 0x0, 0x73, 0x75, 0x62,
    0x74, 0x79, 0x70, 0x65, 0x0, 0x73, 0x75, 0x62, 0x75, 0x72, 0x62, 0x0, 0x73, 0x75, 0x62, 0x77,
    0x61, 0x79, 0x0, 0x73, 0x75, 0x62, 0x77, 0x6f, 0x6f, 0x66, 0x65, 0x72, 0x0, 0x73, 0x75, 0x62,
    0x7a, 0x65, 0x72, 0x6f, 0x0, 0x73, 0x75, 0x63, 0x63, 0x75, 0x6c, 0x65, 0x6e, 0x74, 0x0, 0x73,
    0x75, 0x63, 0x68, 0x0, 0x73, 0x75, 0x63, 0x74, 0x69, 0x6f, 0x6e, 0x0, 0x73, 0x75, 0x64, 0x64,
    0x65, 0x6e, 0x0, 0x73, 0x75, 0x64, 0x6f, 0x6b, 0x75, 0x0, 0x73, 0x75, 0x64, 0x73, 0x0, 0x73,
    0x75, 0x66, 0x66, 0x65, 0x72, 0x65, 0x72, 0x0, 0x73, 0x75, 0x66, 0x66, 0x65, 0x72, 0x69, 0x6e,
    0x67, 0x0, 0x73, 0x75, 0x66, 0x66, 0x69, 0x63, 0x65, 0x0, 0x73, 0x75, 0x66, 0x66, 0x69, 0x78,
    0x0, 0x73, 0x75, 0x66, 0x66, 0x6f, 0x63, 0x61, 0x74, 0x65, 0x0, 0x73, 0x75, 0x66, 0x66, 0x72,
    0x61, 0x67, 0x65, 0x0, 0x73, 0x75, 0x67, 0x61, 0x72, 0x0, 0x73, 0x75, 0x67, 0x67, 0x65, 0x73,
    0x74, 0x0, 0x73, 0x75, 0x69, 0x6e, 0x67, 0x0, 0x73, 0x75, 0x69, 0x74, 0x61, 0x62, 0x6c, 0x65,
    0x0, 0x73, 0x75, 0x69, 0x74, 0x61, 0x62, 0x6c, 0x79, 0x0, 0x73, 0x75, 0x69, 0x74, 0x63, 0x61,
    0x73, 0x65, 0x0, 0x73, 0x75, 0x69, 0x74, 0x6f, 0x72, 0x0, 0x73, 0x75, 0x6c, 0x66, 0x61, 0x74,
    0x65, 0x0, 0x73, 0x75, 0x6c, 0x66, 0x69, 0x64, 0x65, 0x0, 0x73, 0x75, 0x6c, 0x66, 0x69, 0x74,
    0x65, 0x0, 0x73, 0x75, 0x6c, 0x66, 0x75, 0x72, 0x0, 0x73, 0x75, 0x6c, 0x6b, 0x0, 0x73, 0x75,
    0x6c, 0x6c, 0x65, 0x6e, 0x0, 0x73, 0x75, 0x6c, 0x70, 0x68, 0x61, 0x74, 0x65, 0x0, 0x73, 0x75,
    0x6c, 0x70, 0x68, 0x75, 0x72, 0x69, 0x63, 0x0, 0x73, 0x75, 0x6c, 0x74, 0x72, 0x79, 0x0, 0x73,
    0x75, 0x70, 0x65, 0x72, 0x62, 0x6f, 0x77, 0x6c, 0x0, 0x73, 0x75, 0x70, 0x65, 0x72, 0x67, 0x6c,
    0x75, 0x65, 0x0, 0x73, 0x75, 0x70, 0x65, 0x72, 0x68, 0x65, 0x72, 0x6f, 0x0, 0x73, 0x75, 0x70,
    0x65, 0x72, 0x69, 0x6f, 0x72, 0x0, 0x73, 0x75, 0x70, 0x65, 0x72, 0x6a, 0x65, 0x74, 0x0, 0x73,
    0x75, 0x70, 0x65, 0x72, 0x6d, 0x61, 0x6e, 0x0, 0x73, 0x75, 0x70, 0x65, 0x72, 0x6d, 0x6f, 0x6d,
    0x0, 0x73, 0x75, 0x70, 0x65, 0x72, 0x6e, 0x6f, 0x76, 0x61, 0x0, 0x73, 0x75, 0x70, 0x65, 0x72,
    0x76, 0x69, 0x73, 0x65, 0x0, 0x73, 0x75, 0x70, 0x70, 0x65, 0x72, 0x0, 0x73, 0x75, 0x70, 0x70,
    0x6c, 0x69, 0x65, 0x72, 0x0, 0x73, 0x75, 0x70, 0x70, 0x6c, 0x79, 0x0, 0x73, 0x75, 0x70, 0x70,
    0x6f, 0x72, 0x74, 0x0, 0x73, 0x75, 0x70, 0x72, 0x65, 0x6d, 0x61, 0x63, 0x79, 0x0, 0x73, 0x75,
    0x70, 0x72, 0x65, 0x6d, 0x65, 0x0, 0x73, 0x75, 0x72, 0x63, 0x68, 0x61, 0x72, 0x67, 0x65, 0x0,
    0x73, 0x75, 0x72, 0x65, 0x6c, 0x79, 0x0, 0x73, 0x75, 0x72, 0x65, 0x6e, 0x65, 0x73, 0x73, 0x0,
    0x73, 0x75, 0x72, 0x66, 0x61, 0x63, 0x65, 0x0, 0x73, 0x75, 0x72, 0x66, 0x61, 0x63, 0x69, 0x6e,
    0x67, 0x0, 0x73, 0x75, 0x72, 0x66, 0x62, 0x6f, 0x61, 0x72, 0x64, 0x0, 0x73, 0x75, 0x72, 0x66,
    0x65, 0x72, 0x0, 0x73, 0x75, 0x72, 0x67, 0x65, 0x72, 0x79, 0x0, 0x73, 0x75, 0x72, 0x67, 0x69,
    0x63, 0x61, 0x6c, 0x0, 0x73, 0x75, 0x72, 0x67, 0x69, 0x6e, 0x67, 0x0, 0x73, 0x75, 0x72, 0x6e,
    0x61, 0x6d, 0x65, 0x0, 0x73, 0x75, 0x72, 0x70, 0x61, 0x73, 0x73, 0x0, 0x73, 0x75, 0x72, 0x70,
    0x6c, 0x75, 0x73, 0x0, 0x73, 0x75, 0x72, 0x70, 0x72, 0x69, 0x73, 0x65, 0x0, 0x73, 0x75, 0x72,
    0x72, 0x65, 0x61, 0x6c, 0x0, 0x73, 0x75, 0x72, 0x72, 0x65, 0x6e, 0x64, 0x65, 0x72, 0x0, 0x73,
    0x75, 0x72, 0x72, 0x6f, 0x67, 0x61, 0x74, 0x65, 0x0, 0x73, 0x75, 0x72, 0x72, 0x6f, 0x75, 0x6e,
    0x64, 0x0, 0x73, 0x75, 0x72, 0x76, 0x65, 0x79, 0x0, 0x73, 0x75, 0x72, 0x76, 0x69, 0x76, 0x61,
    0x6c, 0x0, 0x73, 0x75, 0x72, 0x76, 0x69, 0x76, 0x65, 0x0, 0x73, 0x75, 0x72, 0x76, 0x69, 0x76,
    0x69, 0x6e, 0x67, 0x0, 0x73, 0x75, 0x72, 0x76, 0x69, 0x76, 0x6f, 0x72, 0x0, 0x73, 0x75, 0x73,
    0x68, 0x69, 0x0, 0x73, 0x75, 0x73, 0x70, 0x65, 0x63, 0x74, 0x0, 0x73, 0x75, 0x73, 0x70, 0x65,
    0x6e, 0x64, 0x0, 0x73, 0x75, 0x73, 0x70, 0x65, 0x6e, 0x73, 0x65, 0x0, 0x73, 0x75, 0x73, 0x74,
    0x61, 0x69, 0x6e, 0x65, 0x64, 0x0, 0x73, 0x75, 0x73, 0x74, 0x61, 0x69, 0x6e, 0x65, 0x72, 0x0,
    0x73, 0x77, 0x61, 0x62, 0x0, 0x73, 0x77, 0x61, 0x64, 0x64, 0x6c, 0x69, 0x6e, 0x67, 0x0, 0x73,
    0x77, 0x61, 0x67, 0x67, 0x65, 0x72, 0x0, 0x73, 0x77, 0x61, 0x6d, 0x70, 0x6c, 0x61, 0x6e, 0x64,
    0x0, 0x73, 0x77, 0x61, 0x6e, 0x0, 0x73, 0x77, 0x61, 0x70, 0x70, 0x69, 0x6e, 0x67, 0x0, 0x73,
    0x77, 0x61, 0x72, 0x6d, 0x0, 0x73, 0x77, 0x61, 0x79, 0x0, 0x73, 0x77, 0x65, 0x61, 0x72, 0x0,
    0x73, 0x77, 0x65, 0x61, 0x74, 0x0, 0x73, 0x77, 0x65, 0x65, 0x70, 0x0, 0x73, 0x77, 0x65, 0x6c,
    0x6c, 0x0, 0x73, 0x77, 0x65, 0x70, 0x74, 0x0, 0x73, 0x77, 0x65, 0x72, 0x76, 0x65, 0x0, 0x73,
    0x77, 0x69, 0x66, 0x74, 0x65, 0x72, 0x0, 0x73, 0x77, 0x69, 0x66, 0x74, 0x6c, 0x79, 0x0, 0x73,
    0x77, 0x69, 0x66, 0x74, 0x6e, 0x65, 0x73, 0x73, 0x0, 0x73, 0x77, 0x69, 0x6d, 0x6d, 0x61, 0x62,
    0x6c, 0x65, 0x0, 0x73, 0x77, 0x69, 0x6d, 0x6d, 0x65, 0x72, 0x0, 0x73, 0x77, 0x69, 0x6d, 0x6d,
    0x69, 0x6e, 0x67, 0x0, 0x73, 0x77, 0x69, 0x6d, 0x73, 0x75, 0x69, 0x74, 0x0, 0x73, 0x77, 0x69,
    0x6d, 0x77, 0x65, 0x61, 0x72, 0x0, 0x73, 0x77, 0x69, 0x6e, 0x67, 0x65, 0x72, 0x0, 0x73, 0x77,
    0x69, 0x6e, 0x67, 0x69, 0x6e, 0x67, 0x0, 0x73, 0x77, 0x69, 0x70, 0x65, 0x0, 0x73, 0x77, 0x69,
    0x72, 0x6c, 0x0, 0x73, 0x77, 0x69, 0x74, 0x63, 0x68, 0x0, 0x73, 0x77, 0x69, 0x76, 0x65, 0x6c,
    0x0, 0x73, 0x77, 0x69, 0x7a, 0x7a, 0x6c, 0x65, 0x0, 0x73, 0x77, 0x6f, 0x6f, 0x6e, 0x65, 0x64,
    0x0, 0x73, 0x77, 0x6f, 0x6f, 0x70, 0x0, 0x73, 0x77, 0x6f, 0x6f, 0x73, 0x68, 0x0, 0x73, 0x77,
    0x6f, 0x72, 0x65, 0x0, 0x73, 0x77, 0x6f, 0x72, 0x6e, 0x0, 0x73, 0x77, 0x75, 0x6e, 0x67, 0x0,
    0x73, 0x79, 0x63, 0x61, 0x6d, 0x6f, 0x72, 0x65, 0x0, 0x73, 0x79, 0x6d, 0x70, 0x61, 0x74, 0x68,
    0x79, 0x0, 0x73, 0x79, 0x6d, 0x70, 0x68, 0x6f, 0x6e, 0x69, 0x63, 0x0, 0x73, 0x79, 0x6d, 0x70,
    0x68, 0x6f, 0x6e, 0x79, 0x0, 0x73, 0x79, 0x6d, 0x70, 0x74, 0x6f, 0x6d, 0x0, 0x73, 0x79, 0x6e,
    0x61, 0x70, 0x73, 0x65, 0x0, 0x73, 0x79, 0x6e, 0x64, 0x72, 0x6f, 0x6d, 0x65, 0x0, 0x73, 0x79,
    0x6e, 0x65, 0x72, 0x67, 0x79, 0x0, 0x73, 0x79, 0x6e, 0x6f, 0x70, 0x73, 0x65, 0x73, 0x0, 0x73,
    0x79, 0x6e, 0x6f, 0x70, 0x73, 0x69, 0x73, 0x0, 0x73, 0x79, 0x6e, 0x74, 0x68, 0x65, 0x73, 0x69,
    0x73, 0x0, 0x73, 0x79, 0x6e, 0x74, 0x68, 0x65, 0x74, 0x69, 0x63, 0x0, 0x73, 0x79, 0x72, 0x75,
    0x70, 0x0, 0x73, 0x79, 0x73, 0x74, 0x65, 0x6d, 0x0, 0x74, 0x2d, 0x73, 0x68, 0x69, 0x72, 0x74,
    0x0, 0x74, 0x61, 0x62, 0x61, 0x73, 0x63, 0x6f, 0x0, 0x74, 0x61, 0x62, 0x62, 0x79, 0x0, 0x74,
    0x61, 0x62, 0x6c, 0x65, 0x66, 0x75, 0x6c, 0x0, 0x74, 0x61, 0x62, 0x6c, 0x65, 0x73, 0x0, 0x74,
    0x61, 0x62, 0x6c, 0x65, 0x74, 0x0, 0x74, 0x61, 0x62, 0x6c, 0x65, 0x77, 0x61, 0x72, 0x65, 0x0,
    0x74, 0x61, 0x62, 0x6c, 0x6f, 0x69, 0x64, 0x0, 0x74, 0x61, 0x63, 0x6b, 0x69, 0x6e, 0x65, 0x73,
    0x73, 0x0, 0x74, 0x61, 0x63, 0x6b, 0x69, 0x6e, 0x67, 0x0, 0x74, 0x61, 0x63, 0x6b, 0x6c, 0x65,
    0x0, 0x74, 0x61, 0x63, 0x6b, 0x6c, 0x69, 0x6e, 0x67, 0x0, 0x74, 0x61, 0x63, 0x6b, 0x79, 0x0,
    0x74, 0x61, 0x63, 0x6f, 0x0, 0x74, 0x61, 0x63, 0x74, 0x66, 0x75, 0x6c, 0x0, 0x74, 0x61, 0x63,
    0x74, 0x69, 0x63, 0x61, 0x6c, 0x0, 0x74, 0x61, 0x63, 0x74, 0x69, 0x63, 0x73, 0x0, 0x74, 0x61,
    0x63, 0x74, 0x69, 0x6c, 0x65, 0x0, 0x74, 0x61, 0x63, 0x74, 0x6c, 0x65, 0x73, 0x73, 0x0, 0x74,
    0x61, 0x64, 0x70, 0x6f, 0x6c, 0x65, 0x0, 0x74, 0x61, 0x65, 0x6b, 0x77, 0x6f, 0x6e, 0x64, 0x6f,
    0x0, 0x74, 0x61, 0x67, 0x0, 0x74, 0x61, 0x69, 0x6e, 0x74, 0x65, 0x64, 0x0, 0x74, 0x61, 0x6b,
    0x65, 0x0, 0x74, 0x61, 0x6b, 0x69, 0x6e, 0x67, 0x0, 0x74, 0x61, 0x6c, 0x63, 0x75, 0x6d, 0x0,
    0x74, 0x61, 0x6c, 0x69, 0x73, 0x6d, 0x61, 0x6e, 0x0, 0x74, 0x61, 0x6c, 0x6c, 0x0, 0x74, 0x61,
    0x6c, 0x6f, 0x6e, 0x0, 0x74, 0x61, 0x6d, 0x61, 0x6c, 0x65, 0x0, 0x74, 0x61, 0x6d, 0x65, 0x6e,
    0x65, 0x73, 0x73, 0x0, 0x74, 0x61, 0x6d, 0x65, 0x72, 0x0, 0x74, 0x61, 0x6d, 0x70, 0x65, 0x72,
    0x0, 0x74, 0x61, 0x6e, 0x6b, 0x0, 0x74, 0x61, 0x6e, 0x6e, 0x65, 0x64, 0x0, 0x74, 0x61, 0x6e,
    0x6e, 0x65, 0x72, 0x79, 0x0, 0x74, 0x61, 0x6e, 0x6e, 0x69, 0x6e, 0x67, 0x0, 0x74, 0x61, 0x6e,
    0x74, 0x72, 0x75, 0x6d, 0x0, 0x74, 0x61, 0x70, 0x65, 0x6c, 0x65, 0x73, 0x73, 0x0, 0x74, 0x61,
    0x70, 0x65, 0x72, 0x65, 0x64, 0x0, 0x74, 0x61, 0x70, 0x65, 0x72, 0x69, 0x6e, 0x67, 0x0, 0x74,
    0x61, 0x70, 0x65, 0x73, 0x74, 0x72, 0x79, 0x0, 0x74, 0x61, 0x70, 0x69, 0x6f, 0x63, 0x61, 0x0,
    0x74, 0x61, 0x70, 0x70, 0x69, 0x6e, 0x67, 0x0, 0x74, 0x61, 0x70, 0x73, 0x0, 0x74, 0x61, 0x72,
    0x61, 0x6e, 0x74, 0x75, 0x6c, 0x61, 0x0, 0x74, 0x61, 0x72, 0x67, 0x65, 0x74, 0x0, 0x74, 0x61,
    0x72, 0x6d, 0x61, 0x63, 0x0, 0x74, 0x61, 0x72, 0x6e, 0x69, 0x73, 0x68, 0x0, 0x74, 0x61, 0x72,
    0x6f, 0x74, 0x0, 0x74, 0x61, 0x72, 0x74, 0x61, 0x72, 0x0, 0x74, 0x61, 0x72, 0x74, 0x6c, 0x79,
    0x0, 0x74, 0x61, 0x72, 0x74, 0x6e, 0x65, 0x73, 0x73, 0x0, 0x74, 0x61, 0x73, 0x6b, 0x0, 0x74,
    0x61, 0x73, 0x73, 0x65, 0x6c, 0x0, 0x74, 0x61, 0x73, 0x74, 0x65, 0x0, 0x74, 0x61, 0x73, 0x74,
    0x69, 0x6e, 0x65, 0x73, 0x73, 0x0, 0x74, 0x61, 0x73, 0x74, 0x69, 0x6e, 0x67, 0x0, 0x74, 0x61,
    0x73, 0x74, 0x79, 0x0, 0x74, 0x61, 0x74, 0x74, 0x65, 0x72, 0x65, 0x64, 0x0, 0x74, 0x61, 0x74,
    0x74, 0x6c, 0x65, 0x0, 0x74, 0x61, 0x74, 0x74, 0x6c, 0x69, 0x6e, 0x67, 0x0, 0x74, 0x61, 0x74,
    0x74, 0x6f, 0x6f, 0x0, 0x74, 0x61, 0x75, 0x6e, 0x74, 0x0, 0x74, 0x61, 0x76, 0x65, 0x72, 0x6e,
    0x0, 0x74, 0x68, 0x61, 0x6e, 0x6b, 0x0, 0x74, 0x68, 0x61, 0x74, 0x0, 0x74, 0x68, 0x61, 0x77,
    0x0, 0x74, 0x68, 0x65, 0x61, 0x74, 0x65, 0x72, 0x0, 0x74, 0x68, 0x65, 0x61, 0x74, 0x72, 0x69,
    0x63, 0x73, 0x0, 0x74, 0x68, 0x65, 0x65, 0x0, 0x74, 0x68, 0x65, 0x66, 0x74, 0x0, 0x74, 0x68,
    0x65, 0x6d, 0x65, 0x0, 0x74, 0x68, 0x65, 0x6f, 0x6c, 0x6f, 0x67, 0x79, 0x0, 0x74, 0x68, 0x65,
    0x6f, 0x72, 0x69, 0x7a, 0x65, 0x0, 0x74, 0x68, 0x65, 0x72, 0x6d, 0x61, 0x6c, 0x0, 0x74, 0x68,
    0x65, 0x72, 0x6d, 0x6f, 0x73, 0x0, 0x74, 0x68, 0x65, 0x73, 0x61, 0x75, 0x72, 0x75, 0x73, 0x0,
    0x74, 0x68, 0x65, 0x73, 0x65, 0x0, 0x74, 0x68, 0x65, 0x73, 0x69, 0x73, 0x0, 0x74, 0x68, 0x65,
    0x73, 0x70, 0x69, 0x61, 0x6e, 0x0, 0x74, 0x68, 0x69, 0x63, 0x6b, 0x65, 0x6e, 0x0, 0x74, 0x68,
    0x69, 0x63, 0x6b, 0x65, 0x74, 0x0, 0x74, 0x68, 0x69, 0x63, 0x6b, 0x6e, 0x65, 0x73, 0x73, 0x0,
    0x74, 0x68, 0x69, 0x65, 0x76, 0x69, 0x6e, 0x67, 0x0, 0x74, 0x68, 0x69, 0x65, 0x76, 0x69, 0x73,
    0x68, 0x0, 0x74, 0x68, 0x69, 0x67, 0x68, 0x0, 0x74, 0x68, 0x69, 0x6d, 0x62, 0x6c, 0x65, 0x0,
    0x74, 0x68, 0x69, 0x6e, 0x67, 0x0, 0x74, 0x68, 0x69, 0x6e, 0x6b, 0x0, 0x74, 0x68, 0x69, 0x6e,
    0x6c, 0x79, 0x0, 0x74, 0x68, 0x69, 0x6e, 0x6e, 0x65, 0x72, 0x0, 0x74, 0x68, 0x69, 0x6e, 0x6e,
    0x65, 0x73, 0x73, 0x0, 0x74, 0x68, 0x69, 0x6e, 0x6e, 0x69, 0x6e, 0x67, 0x0, 0x74, 0x68, 0x69,
    0x72, 0x73, 0x74, 0x69, 0x6c, 0x79, 0x0, 0x74, 0x68, 0x69, 0x72, 0x73, 0x74, 0x69, 0x6e, 0x67,
    0x0, 0x74, 0x68, 0x69, 0x72, 0x73, 0x74, 0x79, 0x0, 0x74, 0x68, 0x69, 0x72, 0x74, 0x65, 0x65,
    0x6e, 0x0, 0x74, 0x68, 0x69, 0x72, 0x74, 0x79, 0x0, 0x74, 0x68, 0x6f, 0x6e, 0x67, 0x0, 0x74,
    0x68, 0x6f, 0x72, 0x6e, 0x0, 0x74, 0x68, 0x6f, 0x73, 0x65, 0x0, 0x74, 0x68, 0x6f, 0x75, 0x73,
    0x61, 0x6e, 0x64, 0x0, 0x74, 0x68, 0x72, 0x61, 0x73, 0x68, 0x0, 0x74, 0x68, 0x72, 0x65, 0x61,
    0x64, 0x0, 0x74, 0x68, 0x72, 0x65, 0x61, 0x74, 0x65, 0x6e, 0x0, 0x74, 0x68, 0x72, 0x65, 0x65,
    0x66, 0x6f, 0x6c, 0x64, 0x0, 0x74, 0x68, 0x72, 0x69, 0x66, 0x74, 0x0, 0x74, 0x68, 0x72, 0x69,
    0x6c, 0x6c, 0x0, 0x74, 0x68, 0x72, 0x69, 0x76, 0x65, 0x0, 0x74, 0x68, 0x72, 0x69, 0x76, 0x69,
    0x6e, 0x67, 0x0, 0x74, 0x68, 0x72, 0x6f, 0x61, 0x74, 0x0, 0x74, 0x68, 0x72, 0x6f, 0x62, 0x62,
    0x69, 0x6e, 0x67, 0x0, 0x74, 0x68, 0x72, 0x6f, 0x6e, 0x67, 0x0, 0x74, 0x68, 0x72, 0x6f, 0x74,
    0x74, 0x6c, 0x65, 0x0, 0x74, 0x68, 0x72, 0x6f, 0x77, 0x61, 0x77, 0x61, 0x79, 0x0, 0x74, 0x68,
    0x72, 0x6f, 0x77, 0x62, 0x61, 0x63, 0x6b, 0x0, 0x74, 0x68, 0x72, 0x6f, 0x77, 0x65, 0x72, 0x0,
    0x74, 0x68, 0x72, 0x6f, 0x77, 0x69, 0x6e, 0x67, 0x0, 0x74, 0x68, 0x75, 0x64, 0x0, 0x74, 0x68,
    0x75, 0x6d, 0x62, 0x0, 0x74, 0x68, 0x75, 0x6d, 0x70, 0x69, 0x6e, 0x67, 0x0, 0x74, 0x68, 0x75,
    0x72, 0x73, 0x64, 0x61, 0x79, 0x0, 0x74, 0x68, 0x75, 0x73, 0x0, 0x74, 0x68, 0x77, 0x61, 0x72,
    0x74, 0x69, 0x6e, 0x67, 0x0, 0x74, 0x68, 0x79, 0x73, 0x65, 0x6c, 0x66, 0x0, 0x74, 0x69, 0x61,
    0x72, 0x61, 0x0, 0x74, 0x69, 0x62, 0x69, 0x61, 0x0, 0x74, 0x69, 0x64, 0x61, 0x6c, 0x0, 0x74,
    0x69, 0x64, 0x62, 0x69, 0x74, 0x0, 0x74, 0x69, 0x64, 0x69, 0x6e, 0x65, 0x73, 0x73, 0x0, 0x74,
    0x69, 0x64, 0x69, 0x6e, 0x67, 0x73, 0x0, 0x74, 0x69, 0x64, 0x79, 0x0, 0x74, 0x69, 0x67, 0x65,
    0x72, 0x0, 0x74, 0x69, 0x67, 0x68, 0x74, 0x65, 0x6e, 0x0, 0x74, 0x69, 0x67, 0x68, 0x74, 0x6c,
    0x79, 0x0, 0x74, 0x69, 0x67, 0x68, 0x74, 0x6e, 0x65, 0x73, 0x73, 0x0, 0x74, 0x69, 0x67, 0x68,
    0x74, 0x72, 0x6f, 0x70, 0x65, 0x0, 0x74, 0x69, 0x67, 0x68, 0x74, 0x77, 0x61, 0x64, 0x0, 0x74,
    0x69, 0x67, 0x72, 0x65, 0x73, 0x73, 0x0, 0x74, 0x69, 0x6c, 0x65, 0x0, 0x74, 0x69, 0x6c, 0x69,
    0x6e, 0x67, 0x0, 0x74, 0x69, 0x6c, 0x6c, 0x0, 0x74, 0x69, 0x6c, 0x74, 0x0, 0x74, 0x69, 0x6d,
    0x69, 0x64, 0x0, 0x74, 0x69, 0x6d, 0x69, 0x6e, 0x67, 0x0, 0x74, 0x69, 0x6d, 0x6f, 0x74, 0x68,
    0x79, 0x0, 0x74, 0x69, 0x6e, 0x64, 0x65, 0x72, 0x62, 0x6f, 0x78, 0x0, 0x74, 0x69, 0x6e, 0x66,
    0x6f, 0x69, 0x6c, 0x0, 0x74, 0x69, 0x6e, 0x67, 0x6c, 0x65, 0x0, 0x74, 0x69, 0x6e, 0x67, 0x6c,
    0x69, 0x6e, 0x67, 0x0, 0x74, 0x69, 0x6e, 0x67, 0x6c, 0x79, 0x0, 0x74, 0x69, 0x6e, 0x6b, 0x65,
    0x72, 0x0, 0x74, 0x69, 0x6e, 0x6b, 0x6c, 0x69, 0x6e, 0x67, 0x0, 0x74, 0x69, 0x6e, 0x73, 0x65,
    0x6c, 0x0, 0x74, 0x69, 0x6e, 0x73, 0x6d, 0x69, 0x74, 0x68, 0x0, 0x74, 0x69, 0x6e, 0x74, 0x0,
    0x74, 0x69, 0x6e, 0x77, 0x6f, 0x72, 0x6b, 0x0, 0x74, 0x69, 0x6e, 0x79, 0x0, 0x74, 0x69, 0x70,
    0x6f, 0x66, 0x66, 0x0, 0x74, 0x69, 0x70, 0x70, 0x65, 0x64, 0x0, 0x74, 0x69, 0x70, 0x70, 0x65,
    0x72, 0x0, 0x74, 0x69, 0x70, 0x70, 0x69, 0x6e, 0x67, 0x0, 0x74, 0x69, 0x70, 0x74, 0x6f, 0x65,
    0x69, 0x6e, 0x67, 0x0, 0x74, 0x69, 0x70, 0x74, 0x6f, 0x70, 0x0, 0x74, 0x69, 0x72, 0x69, 0x6e,
    0x67, 0x0, 0x74, 0x69, 0x73, 0x73, 0x75, 0x65, 0x0, 0x74, 0x72, 0x61, 0x63, 0x65, 0x0, 0x74,
    0x72, 0x61, 0x63, 0x69, 0x6e, 0x67, 0x0, 0x74, 0x72, 0x61, 0x63, 0x6b, 0x0, 0x74, 0x72, 0x61,
    0x63, 0x74, 0x69, 0x6f, 0x6e, 0x0, 0x74, 0x72, 0x61, 0x63, 0x74, 0x6f, 0x72, 0x0, 0x74, 0x72,
    0x61, 0x64, 0x65, 0x0, 0x74, 0x72, 0x61, 0x64, 0x69, 0x6e, 0x67, 0x0, 0x74, 0x72, 0x61, 0x64,
    0x69, 0x74, 0x69, 0x6f, 0x6e, 0x0, 0x74, 0x72, 0x61, 0x66, 0x66, 0x69, 0x63, 0x0, 0x74, 0x72,
    0x61, 0x67, 0x65, 0x64, 0x79, 0x0, 0x74, 0x72, 0x61, 0x69, 0x6c, 0x69, 0x6e, 0x67, 0x0, 0x74,
    0x72, 0x61, 0x69, 0x6c, 0x73, 0x69, 0x64, 0x65, 0x0, 0x74, 0x72, 0x61, 0x69, 0x6e, 0x0, 0x74,
    0x72, 0x61, 0x69, 0x74, 0x6f, 0x72, 0x0, 0x74, 0x72, 0x61, 0x6e, 0x63, 0x65, 0x0, 0x74, 0x72,
    0x61, 0x6e, 0x71, 0x75, 0x69, 0x6c, 0x0, 0x74, 0x72, 0x61, 0x6e, 0x73, 0x66, 0x65, 0x72, 0x0,
    0x74, 0x72, 0x61, 0x6e, 0x73, 0x66, 0x6f, 0x72, 0x6d, 0x0, 0x74, 0x72, 0x61, 0x6e, 0x73, 0x6c,
    0x61, 0x74, 0x65, 0x0, 0x74, 0x72, 0x61, 0x6e, 0x73, 0x70, 0x69, 0x72, 0x65, 0x0, 0x74, 0x72,
    0x61, 0x6e, 0x73, 0x70, 0x6f, 0x72, 0x74, 0x0, 0x74, 0x72, 0x61, 0x6e, 0x73, 0x70, 0x6f, 0x73,
    0x65, 0x0, 0x74, 0x72, 0x61, 0x70, 0x64, 0x6f, 0x6f, 0x72, 0x0, 0x74, 0x72, 0x61, 0x70, 0x65,
    0x7a, 0x65, 0x0, 0x74, 0x72, 0x61, 0x70, 0x65, 0x7a, 0x6f, 0x69, 0x64, 0x0, 0x74, 0x72, 0x61,
    0x70, 0x70, 0x65, 0x64, 0x0, 0x74, 0x72, 0x61, 0x70, 0x70, 0x65, 0x72, 0x0, 0x74, 0x72, 0x61,
    0x70, 0x70, 0x69, 0x6e, 0x67, 0x0, 0x74, 0x72, 0x61, 0x70, 0x73, 0x0, 0x74, 0x72, 0x61, 0x73,
    0x68, 0x0, 0x74, 0x72, 0x61, 0x76, 0x65, 0x6c, 0x0, 0x74, 0x72, 0x61, 0x76, 0x65, 0x72, 0x73,
    0x65, 0x0, 0x74, 0x72, 0x61, 0x76, 0x65, 0x73, 0x74, 0x79, 0x0, 0x74, 0x72, 0x61, 0x79, 0x0,
    0x74, 0x72, 0x65, 0x61, 0x63, 0x68, 0x65, 0x72, 0x79, 0x0, 0x74, 0x72, 0x65, 0x61, 0x64, 0x69,
    0x6e, 0x67, 0x0, 0x74, 0x72, 0x65, 0x61, 0x64, 0x6d, 0x69, 0x6c, 0x6c, 0x0, 0x74, 0x72, 0x65,
    0x61, 0x73, 0x6f, 0x6e, 0x0, 0x74, 0x72, 0x65, 0x61, 0x74, 0x0, 0x74, 0x72, 0x65, 0x62, 0x6c,
    0x65, 0x0, 0x74, 0x72, 0x65, 0x65, 0x0, 0x74, 0x72, 0x65, 0x6b, 0x6b, 0x65, 0x72, 0x0, 0x74,
    0x72, 0x65, 0x6d, 0x62, 0x6c, 0x65, 0x0, 0x74, 0x72, 0x65, 0x6d, 0x62, 0x6c, 0x69, 0x6e, 0x67,
    0x0, 0x74, 0x72, 0x65, 0x6d, 0x6f, 0x72, 0x0, 0x74, 0x72, 0x65, 0x6e, 0x63, 0x68, 0x0, 0x74,
    0x72, 0x65, 0x6e, 0x64, 0x0, 0x74, 0x72, 0x65, 0x73, 0x70, 0x61, 0x73, 0x73, 0x0, 0x74, 0x72,
    0x69, 0x61, 0x67, 0x65, 0x0, 0x74, 0x72, 0x69, 0x61, 0x6c, 0x0, 0x74, 0x72, 0x69, 0x61, 0x6e,
    0x67, 0x6c, 0x65, 0x0, 0x74, 0x72, 0x69, 0x62, 0x65, 0x73, 0x6d, 0x61, 0x6e, 0x0, 0x74, 0x72,
    0x69, 0x62, 0x75, 0x6e, 0x61, 0x6c, 0x0, 0x74, 0x72, 0x69, 0x62, 0x75, 0x6e, 0x65, 0x0, 0x74,
    0x72, 0x69, 0x62, 0x75, 0x74, 0x61, 0x72, 0x79, 0x0, 0x74, 0x72, 0x69, 0x62, 0x75, 0x74, 0x65,
    0x0, 0x74, 0x72, 0x69, 0x63, 0x65, 0x70, 0x73, 0x0, 0x74, 0x72, 0x69, 0x63, 0x6b, 0x65, 0x72,
    0x79, 0x0, 0x74, 0x72, 0x69, 0x63, 0x6b, 0x69, 0x6c, 0x79, 0x0, 0x74, 0x72, 0x69, 0x63, 0x6b,
    0x69, 0x6e, 0x67, 0x0, 0x74, 0x72, 0x69, 0x63, 0x6b, 0x6c, 0x65, 0x0, 0x74, 0x72, 0x69, 0x63,
    0x6b, 0x73, 0x74, 0x65, 0x72, 0x0, 0x74, 0x72, 0x69, 0x63, 0x6b, 0x79, 0x0, 0x74, 0x72, 0x69,
    0x63, 0x6f, 0x6c, 0x6f, 0x72, 0x0, 0x74, 0x72, 0x69, 0x63, 0x79, 0x63, 0x6c, 0x65, 0x0, 0x74,
    0x72, 0x69, 0x64, 0x65, 0x6e, 0x74, 0x0, 0x74, 0x72, 0x69, 0x65, 0x64, 0x0, 0x74, 0x72, 0x69,
    0x66, 0x6c, 0x65, 0x0, 0x74, 0x72, 0x69, 0x66, 0x6f, 0x63, 0x61, 0x6c, 0x73, 0x0, 0x74, 0x72,
    0x69, 0x6c, 0x6c, 0x69, 0x6f, 0x6e, 0x0, 0x74, 0x72, 0x69, 0x6c, 0x6f, 0x67, 0x79, 0x0, 0x74,
    0x72, 0x69, 0x6d, 0x65, 0x73, 0x74, 0x65, 0x72, 0x0, 0x74, 0x72, 0x69, 0x6d, 0x6d, 0x65, 0x72,
    0x0, 0x74, 0x72, 0x69, 0x6d, 0x6d, 0x69, 0x6e, 0x67, 0x0, 0x74, 0x72, 0x69, 0x6d, 0x6e, 0x65,
    0x73, 0x73, 0x0, 0x74, 0x72, 0x69, 0x6e, 0x69, 0x74, 0x79, 0x0, 0x74, 0x72, 0x69, 0x6f, 0x0,
    0x74, 0x72, 0x69, 0x70, 0x6f, 0x64, 0x0, 0x74, 0x72, 0x69, 0x70, 0x70, 0x69, 0x6e, 0x67, 0x0,
    0x74, 0x72, 0x69, 0x75, 0x6d, 0x70, 0x68, 0x0, 0x74, 0x72, 0x69, 0x76, 0x69, 0x61, 0x6c, 0x0,
    0x74, 0x72, 0x6f, 0x64, 0x64, 0x65, 0x6e, 0x0, 0x74, 0x72, 0x6f, 0x6c, 0x6c, 0x69, 0x6e, 0x67,
    0x0, 0x74, 0x72, 0x6f, 0x6d, 0x62, 0x6f, 0x6e, 0x65, 0x0, 0x74, 0x72, 0x6f, 0x70, 0x68, 0x79,
    0x0, 0x74, 0x72, 0x6f, 0x70, 0x69, 0x63, 0x61, 0x6c, 0x0, 0x74, 0x72, 0x6f, 0x70, 0x69, 0x63,
    0x73, 0x0, 0x74, 0x72, 0x6f, 0x75, 0x62, 0x6c, 0x65, 0x0, 0x74, 0x72, 0x6f, 0x75, 0x62, 0x6c,
    0x69, 0x6e, 0x67, 0x0, 0x74, 0x72, 0x6f, 0x75, 0x67, 0x68, 0x0, 0x74, 0x72, 0x6f, 0x75, 0x73,
    0x65, 0x72, 0x73, 0x0, 0x74, 0x72, 0x6f, 0x75, 0x74, 0x0, 0x74, 0x72, 0x6f, 0x77, 0x65, 0x6c,
    0x0, 0x74, 0x72, 0x75, 0x63, 0x65, 0x0, 0x74, 0x72, 0x75, 0x63, 0x6b, 0x0, 0x74, 0x72, 0x75,
    0x66, 0x66, 0x6c, 0x65, 0x0, 0x74, 0x72, 0x75, 0x6d, 0x70, 0x0, 0x74, 0x72, 0x75, 0x6e, 0x6b,
    0x73, 0x0, 0x74, 0x72, 0x75, 0x73, 0x74, 0x61, 0x62, 0x6c, 0x65, 0x0, 0x74, 0x72, 0x75, 0x73,
    0x74, 0x65, 0x65, 0x0, 0x74, 0x72, 0x75, 0x73, 0x74, 0x66, 0x75, 0x6c, 0x0, 0x74, 0x72, 0x75,
    0x73, 0x74, 0x69, 0x6e, 0x67, 0x0, 0x74, 0x72, 0x75, 0x73, 0x74, 0x6c, 0x65, 0x73, 0x73, 0x0,
    0x74, 0x72, 0x75, 0x74, 0x68, 0x0, 0x74, 0x72, 0x79, 0x0, 0x74, 0x75, 0x62, 0x62, 0x79, 0x0,
    0x74, 0x75, 0x62, 0x65, 0x6c, 0x65, 0x73, 0x73, 0x0, 0x74, 0x75, 0x62, 0x75, 0x6c, 0x61, 0x72,
    0x0, 0x74, 0x75, 0x63, 0x6b, 0x69, 0x6e, 0x67, 0x0, 0x74, 0x75, 0x65, 0x73, 0x64, 0x61, 0x79,
    0x0, 0x74, 0x75, 0x67, 0x0, 0x74, 0x75, 0x69, 0x74, 0x69, 0x6f, 0x6e, 0x0, 0x74, 0x75, 0x6c,
    0x69, 0x70, 0x0, 0x74, 0x75, 0x6d, 0x62, 0x6c, 0x65, 0x0, 0x74, 0x75, 0x6d, 0x62, 0x6c, 0x69,
    0x6e, 0x67, 0x0, 0x74, 0x75, 0x6d, 0x6d, 0x79, 0x0, 0x74, 0x75, 0x72, 0x62, 0x61, 0x6e, 0x0,
    0x74, 0x75, 0x72, 0x62, 0x69, 0x6e, 0x65, 0x0, 0x74, 0x75, 0x72, 0x62, 0x6f, 0x66, 0x61, 0x6e,
    0x0, 0x74, 0x75, 0x72, 0x62, 0x6f, 0x6a, 0x65, 0x74, 0x0, 0x74, 0x75, 0x72, 0x62, 0x75, 0x6c,
    0x65, 0x6e, 0x74, 0x0, 0x74, 0x75, 0x72, 0x66, 0x0, 0x74, 0x75, 0x72, 0x6b, 0x65, 0x79, 0x0,
    0x74, 0x75, 0x72, 0x6d, 0x6f, 0x69, 0x6c, 0x0, 0x74, 0x75, 0x72, 0x72, 0x65, 0x74, 0x0, 0x74,
    0x75, 0x72, 0x74, 0x6c, 0x65, 0x0, 0x74, 0x75, 0x73, 0x6b, 0x0, 0x74, 0x75, 0x74, 0x6f, 0x72,
    0x0, 0x74, 0x75, 0x74, 0x75, 0x0, 0x74, 0x75, 0x78, 0x0, 0x74, 0x77, 0x65, 0x61, 0x6b, 0x0,
    0x74, 0x77, 0x65, 0x65, 0x64, 0x0, 0x74, 0x77, 0x65, 0x65, 0x74, 0x0, 0x74, 0x77, 0x65, 0x65,
    0x7a, 0x65, 0x72, 0x73, 0x0, 0x74, 0x77, 0x65, 0x6c, 0x76, 0x65, 0x0, 0x74, 0x77, 0x65, 0x6e,
    0x74, 0x69, 0x65, 0x74, 0x68, 0x0, 0x74, 0x77, 0x65, 0x6e, 0x74, 0x79, 0x0, 0x74, 0x77, 0x65,
    0x72, 0x70, 0x0, 0x74, 0x77, 0x69, 0x63, 0x65, 0x0, 0x74, 0x77, 0x69, 0x64, 0x64, 0x6c, 0x65,
    0x0, 0x74, 0x77, 0x69, 0x64, 0x64, 0x6c, 0x69, 0x6e, 0x67, 0x0, 0x74, 0x77, 0x69, 0x67, 0x0,
    0x74, 0x77, 0x69, 0x6c, 0x69, 0x67, 0x68, 0x74, 0x0, 0x74, 0x77, 0x69, 0x6e, 0x65, 0x0, 0x74,
    0x77, 0x69, 0x6e, 0x73, 0x0, 0x74, 0x77, 0x69, 0x72, 0x6c, 0x0, 0x74, 0x77, 0x69, 0x73, 0x74,
    0x61, 0x62, 0x6c, 0x65, 0x0, 0x74, 0x77, 0x69, 0x73, 0x74, 0x65, 0x64, 0x0, 0x74, 0x77, 0x69,
    0x73, 0x74, 0x65, 0x72, 0x0, 0x74, 0x77, 0x69, 0x73, 0x74, 0x69, 0x6e, 0x67, 0x0, 0x74, 0x77,
    0x69, 0x73, 0x74, 0x79, 0x0, 0x74, 0x77, 0x69, 0x74, 0x63, 0x68, 0x0, 0x74, 0x77, 0x69, 0x74,
    0x74, 0x65, 0x72, 0x0, 0x74, 0x79, 0x63, 0x6f, 0x6f, 0x6e, 0x0, 0x74, 0x79, 0x69, 0x6e, 0x67,
    0x0, 0x74, 0x79, 0x6b, 0x65, 0x0, 0x75, 0x64, 0x64, 0x65, 0x72, 0x0, 0x75, 0x6c, 0x74, 0x69,
    0x6d, 0x61, 0x74, 0x65, 0x0, 0x75, 0x6c, 0x74, 0x69, 0x6d, 0x61, 0x74, 0x75, 0x6d, 0x0, 0x75,
    0x6c, 0x74, 0x72, 0x61, 0x0, 0x75, 0x6d, 0x62, 0x69, 0x6c, 0x69, 0x63, 0x61, 0x6c, 0x0, 0x75,
    0x6d, 0x62, 0x72, 0x65, 0x6c, 0x6c, 0x61, 0x0, 0x75, 0x6d, 0x70, 0x69, 0x72, 0x65, 0x0, 0x75,
    0x6e, 0x61, 0x62, 0x61, 0x73, 0x68, 0x65, 0x64, 0x0, 0x75, 0x6e, 0x61, 0x62, 0x6c, 0x65, 0x0,
    0x75, 0x6e, 0x61, 0x64, 0x6f, 0x72, 0x6e, 0x65, 0x64, 0x0, 0x75, 0x6e, 0x61, 0x64, 0x76, 0x69,
    0x73, 0x65, 0x64, 0x0, 0x75, 0x6e, 0x61, 0x66, 0x72, 0x61, 0x69, 0x64, 0x0, 0x75, 0x6e, 0x61,
    0x69, 0x72, 0x65, 0x64, 0x0, 0x75, 0x6e, 0x61, 0x6c, 0x69, 0x67, 0x6e, 0x65, 0x64, 0x0, 0x75,
    0x6e, 0x61, 0x6c, 0x74, 0x65, 0x72, 0x65, 0x64, 0x0, 0x75, 0x6e, 0x61, 0x72, 0x6d, 0x6f, 0x72,
    0x65, 0x64, 0x0, 0x75, 0x6e, 0x61, 0x73, 0x68, 0x61, 0x6d, 0x65, 0x64, 0x0, 0x75, 0x6e, 0x61,
    0x75, 0x64, 0x69, 0x74, 0x65, 0x64, 0x0, 0x75, 0x6e, 0x61, 0x77, 0x61, 0x6b, 0x65, 0x0, 0x75,
    0x6e, 0x61, 0x77, 0x61, 0x72, 0x65, 0x0, 0x75, 0x6e, 0x62, 0x61, 0x6b, 0x65, 0x64, 0x0, 0x75,
    0x6e, 0x62, 0x61, 0x6c, 0x61, 0x6e, 0x63, 0x65, 0x0, 0x75, 0x6e, 0x62, 0x65, 0x61, 0x74, 0x65,
    0x6e, 0x0, 0x75, 0x6e, 0x62, 0x65, 0x6e, 0x64, 0x0, 0x75, 0x6e, 0x62, 0x65, 0x6e, 0x74, 0x0,
    0x75, 0x6e, 0x62, 0x69, 0x61, 0x73, 0x65, 0x64, 0x0, 0x75, 0x6e, 0x62, 0x69, 0x74, 0x74, 0x65,
    0x6e, 0x0, 0x75, 0x6e, 0x62, 0x6c, 0x65, 0x6e, 0x64, 0x65, 0x64, 0x0, 0x75, 0x6e, 0x62, 0x6c,
    0x65, 0x73, 0x73, 0x65, 0x64, 0x0, 0x75, 0x6e, 0x62, 0x6c, 0x6f, 0x63, 0x6b, 0x0, 0x75, 0x6e,
    0x62, 0x6f, 0x6c, 0x74, 0x65, 0x64, 0x0, 0x75, 0x6e, 0x62, 0x6f, 0x75, 0x6e, 0x64, 0x65, 0x64,
    0x0, 0x75, 0x6e, 0x62, 0x6f, 0x78, 0x65, 0x64, 0x0, 0x75, 0x6e, 0x62, 0x72, 0x61, 0x69, 0x64,
    0x65, 0x64, 0x0, 0x75, 0x6e, 0x62, 0x72, 0x69, 0x64, 0x6c, 0x65, 0x0, 0x75, 0x6e, 0x62, 0x72,
    0x6f, 0x6b, 0x65, 0x6e, 0x0, 0x75, 0x6e, 0x62, 0x75, 0x63, 0x6b, 0x6c, 0x65, 0x64, 0x0, 0x75,
    0x6e, 0x62, 0x75, 0x6e, 0x64, 0x6c, 0x65, 0x0, 0x75, 0x6e, 0x62, 0x75, 0x72, 0x6e, 0x65, 0x64,
    0x0, 0x75, 0x6e, 0x62, 0x75, 0x74, 0x74, 0x6f, 0x6e, 0x0, 0x75, 0x6e, 0x63, 0x61, 0x6e, 0x6e,
    0x79, 0x0, 0x75, 0x6e, 0x63, 0x61, 0x70, 0x70, 0x65, 0x64, 0x0, 0x75, 0x6e, 0x63, 0x61, 0x72,
    0x69, 0x6e, 0x67, 0x0, 0x75, 0x6e, 0x63, 0x65, 0x72, 0x74, 0x61, 0x69, 0x6e, 0x0, 0x75, 0x6e,
    0x63, 0x68, 0x61, 0x69, 0x6e, 0x0, 0x75, 0x6e, 0x63, 0x68, 0x61, 0x6e, 0x67, 0x65, 0x64, 0x0,
    0x75, 0x6e, 0x63, 0x68, 0x61, 0x72, 0x74, 0x65, 0x64, 0x0, 0x75, 0x6e, 0x63, 0x68, 0x65, 0x63,
    0x6b, 0x0, 0x75, 0x6e, 0x63, 0x69, 0x76, 0x69, 0x6c, 0x0, 0x75, 0x6e, 0x63, 0x6c, 0x61, 0x64,
    0x0, 0x75, 0x6e, 0x63, 0x6c, 0x61, 0x69, 0x6d, 0x65, 0x64, 0x0, 0x75, 0x6e, 0x63, 0x6c, 0x61,
    0x6d, 0x70, 0x65, 0x64, 0x0, 0x75, 0x6e, 0x63, 0x6c, 0x61, 0x73, 0x70, 0x0, 0x75, 0x6e, 0x63,
    0x6c, 0x65, 0x0, 0x75, 0x6e, 0x63, 0x6c, 0x69, 0x70, 0x0, 0x75, 0x6e, 0x63, 0x6c, 0x6f, 0x61,
    0x6b, 0x0, 0x75, 0x6e, 0x63, 0x6c, 0x6f, 0x67, 0x0, 0x75, 0x6e, 0x63, 0x6c, 0x6f, 0x74, 0x68,
    0x65, 0x64, 0x0, 0x75, 0x6e, 0x63, 0x6f, 0x61, 0x74, 0x65, 0x64, 0x0, 0x75, 0x6e, 0x63, 0x6f,
    0x69, 0x6c, 0x65, 0x64, 0x0, 0x75, 0x6e, 0x63, 0x6f, 0x6c, 0x6f, 0x72, 0x65, 0x64, 0x0, 0x75,
    0x6e, 0x63, 0x6f, 0x6d, 0x62, 0x65, 0x64, 0x0, 0x75, 0x6e, 0x63, 0x6f, 0x6d, 0x6d, 0x6f, 0x6e,
    0x0, 0x75, 0x6e, 0x63, 0x6f, 0x6f, 0x6b, 0x65, 0x64, 0x0, 0x75, 0x6e, 0x63, 0x6f, 0x72, 0x6b,
    0x0, 0x75, 0x6e, 0x63, 0x6f, 0x72, 0x72, 0x75, 0x70, 0x74, 0x0, 0x75, 0x6e, 0x63, 0x6f, 0x75,
    0x6e, 0x74, 0x65, 0x64, 0x0, 0x75, 0x6e, 0x63, 0x6f, 0x75, 0x70, 0x6c, 0x65, 0x0, 0x75, 0x6e,
    0x63, 0x6f, 0x75, 0x74, 0x68, 0x0, 0x75, 0x6e, 0x63, 0x6f, 0x76, 0x65, 0x72, 0x0, 0x75, 0x6e,
    0x63, 0x72, 0x6f, 0x73, 0x73, 0x0, 0x75, 0x6e, 0x63, 0x72, 0x6f, 0x77, 0x6e, 0x0, 0x75, 0x6e,
    0x63, 0x72, 0x75, 0x73, 0x68, 0x65, 0x64, 0x0, 0x75, 0x6e, 0x63, 0x75, 0x72, 0x65, 0x64, 0x0,
    0x75, 0x6e, 0x63, 0x75, 0x72, 0x69, 0x6f, 0x75, 0x73, 0x0, 0x75, 0x6e, 0x63, 0x75, 0x72, 0x6c,
    0x65, 0x64, 0x0, 0x75, 0x6e, 0x63, 0x75, 0x74, 0x0, 0x75, 0x6e, 0x64, 0x61, 0x6d, 0x61, 0x67,
    0x65, 0x64, 0x0, 0x75, 0x6e, 0x64, 0x61, 0x74, 0x65, 0x64, 0x0, 0x75, 0x6e, 0x64, 0x61, 0x75,
    0x6e, 0x74, 0x65, 0x64, 0x0, 0x75, 0x6e, 0x64, 0x65, 0x61, 0x64, 0x0, 0x75, 0x6e, 0x64, 0x65,
    0x63, 0x69, 0x64, 0x65, 0x64, 0x0, 0x75, 0x6e, 0x64, 0x65, 0x66, 0x69, 0x6e, 0x65, 0x64, 0x0,
    0x75, 0x6e, 0x64, 0x65, 0x72, 0x61, 0x67, 0x65, 0x0, 0x75, 0x6e, 0x64, 0x65, 0x72, 0x61, 0x72,
    0x6d, 0x0, 0x75, 0x6e, 0x64, 0x65, 0x72, 0x63, 0x6f, 0x61, 0x74, 0x0, 0x75, 0x6e, 0x64, 0x65,
    0x72, 0x63, 0x6f, 0x6f, 0x6b, 0x0, 0x75, 0x6e, 0x64, 0x65, 0x72, 0x63, 0x75, 0x74, 0x0, 0x75,
    0x6e, 0x64, 0x65, 0x72, 0x64, 0x6f, 0x67, 0x0, 0x75, 0x6e, 0x64, 0x65, 0x72, 0x64, 0x6f, 0x6e,
    0x65, 0x0, 0x75, 0x6e, 0x64, 0x65, 0x72, 0x66, 0x65, 0x64, 0x0, 0x75, 0x6e, 0x64, 0x65, 0x72,
    0x66, 0x65, 0x65, 0x64, 0x0, 0x75, 0x6e, 0x64, 0x65, 0x72, 0x66, 0x6f, 0x6f, 0x74, 0x0, 0x75,
    0x6e, 0x64, 0x65, 0x72, 0x67, 0x6f, 0x0, 0x75, 0x6e, 0x64, 0x65, 0x72, 0x67, 0x72, 0x61, 0x64,
    0x0, 0x75, 0x6e, 0x64, 0x65, 0x72, 0x68, 0x61, 0x6e, 0x64, 0x0, 0x75, 0x6e, 0x64, 0x65, 0x72,
    0x6c, 0x69, 0x6e, 0x65, 0x0, 0x75, 0x6e, 0x64, 0x65, 0x72, 0x6c, 0x69, 0x6e, 0x67, 0x0, 0x75,
    0x6e, 0x64, 0x65, 0x72, 0x6d, 0x69, 0x6e, 0x65, 0x0, 0x75, 0x6e, 0x64, 0x65, 0x72, 0x6d, 0x6f,
    0x73, 0x74, 0x0, 0x75, 0x6e, 0x64, 0x65, 0x72, 0x70, 0x61, 0x69, 0x64, 0x0, 0x75, 0x6e, 0x64,
    0x65, 0x72, 0x70, 0x61, 0x73, 0x73, 0x0, 0x75, 0x6e, 0x64, 0x65, 0x72, 0x70, 0x61, 0x79, 0x0,
    0x75, 0x6e, 0x64, 0x65, 0x72, 0x72, 0x61, 0x74, 0x65, 0x0, 0x75, 0x6e, 0x64, 0x65, 0x72, 0x74,
    0x61, 0x6b, 0x65, 0x0, 0x75, 0x6e, 0x64, 0x65, 0x72, 0x74, 0x6f, 0x6e, 0x65, 0x0, 0x75, 0x6e,
    0x64, 0x65, 0x72, 0x74, 0x6f, 0x6f, 0x6b, 0x0, 0x75, 0x6e, 0x64, 0x65, 0x72, 0x74, 0x6f, 0x77,
    0x0, 0x75, 0x6e, 0x64, 0x65, 0x72, 0x75, 0x73, 0x65, 0x0, 0x75, 0x6e, 0x64, 0x65, 0x72, 0x77,
    0x65, 0x61, 0x72, 0x0, 0x75, 0x6e, 0x64, 0x65, 0x72, 0x77, 0x65, 0x6e, 0x74, 0x0, 0x75, 0x6e,
    0x64, 0x65, 0x72, 0x77, 0x69, 0x72, 0x65, 0x0, 0x75, 0x6e, 0x64, 0x65, 0x73, 0x69, 0x72, 0x65,
    0x64, 0x0, 0x75, 0x6e, 0x64, 0x69, 0x6c, 0x75, 0x74, 0x65, 0x64, 0x0, 0x75, 0x6e, 0x64, 0x69,
    0x76, 0x69, 0x64, 0x65, 0x64, 0x0, 0x75, 0x6e, 0x64, 0x6f, 0x63, 0x6b, 0x65, 0x64, 0x0, 0x75,
    0x6e, 0x64, 0x6f, 0x69, 0x6e, 0x67, 0x0, 0x75, 0x6e, 0x64, 0x6f, 0x6e, 0x65, 0x0, 0x75, 0x6e,
    0x64, 0x72, 0x61, 0x66, 0x74, 0x65, 0x64, 0x0, 0x75, 0x6e, 0x64, 0x72, 0x65, 0x73, 0x73, 0x0,
    0x75, 0x6e, 0x64, 0x72, 0x69, 0x6c, 0x6c, 0x65, 0x64, 0x0, 0x75, 0x6e, 0x64, 0x75, 0x73, 0x74,
    0x65, 0x64, 0x0, 0x75, 0x6e, 0x64, 0x79, 0x69, 0x6e, 0x67, 0x0, 0x75, 0x6e, 0x65, 0x61, 0x72,
    0x6e, 0x65, 0x64, 0x0, 0x75, 0x6e, 0x65, 0x61, 0x72, 0x74, 0x68, 0x0, 0x75, 0x6e, 0x65, 0x61,
    0x73, 0x65, 0x0, 0x75, 0x6e, 0x65, 0x61, 0x73, 0x69, 0x6c, 0x79, 0x0, 0x75, 0x6e, 0x65, 0x61,
    0x73, 0x79, 0x0, 0x75, 0x6e, 0x65, 0x61, 0x74, 0x61, 0x62, 0x6c, 0x65, 0x0, 0x75, 0x6e, 0x65,
    0x61, 0x74, 0x65, 0x6e, 0x0, 0x75, 0x6e, 0x65, 0x64, 0x69, 0x74, 0x65, 0x64, 0x0, 0x75, 0x6e,
    0x65, 0x6c, 0x65, 0x63, 0x74, 0x65, 0x64, 0x0, 0x75, 0x6e, 0x65, 0x6e, 0x64, 0x69, 0x6e, 0x67,
    0x0, 0x75, 0x6e, 0x65, 0x6e, 0x67, 0x61, 0x67, 0x65, 0x64, 0x0, 0x75, 0x6e, 0x65, 0x6e, 0x76,
    0x69, 0x65, 0x64, 0x0, 0x75, 0x6e, 0x65, 0x71, 0x75, 0x61, 0x6c, 0x0, 0x75, 0x6e, 0x65, 0x74,
    0x68, 0x69, 0x63, 0x61, 0x6c, 0x0, 0x75, 0x6e, 0x65, 0x76, 0x65, 0x6e, 0x0, 0x75, 0x6e, 0x65,
    0x78, 0x70, 0x69, 0x72, 0x65, 0x64, 0x0, 0x75, 0x6e, 0x65, 0x78, 0x70, 0x6f, 0x73, 0x65, 0x64,
    0x0, 0x75, 0x6e, 0x66, 0x61, 0x69, 0x6c, 0x69, 0x6e, 0x67, 0x0, 0x75, 0x6e, 0x66, 0x61, 0x69,
    0x72, 0x0, 0x75, 0x6e, 0x66, 0x61, 0x73, 0x74, 0x65, 0x6e, 0x0, 0x75, 0x6e, 0x66, 0x61, 0x7a,
    0x65, 0x64, 0x0, 0x75, 0x6e, 0x66, 0x65, 0x65, 0x6c, 0x69, 0x6e, 0x67, 0x0, 0x75, 0x6e, 0x66,
    0x69, 0x6c, 0x65, 0x64, 0x0, 0x75, 0x6e, 0x66, 0x69, 0x6c, 0x6c, 0x65, 0x64, 0x0, 0x75, 0x6e,
    0x66, 0x69, 0x74, 0x74, 0x65, 0x64, 0x0, 0x75, 0x6e, 0x66, 0x69, 0x74, 0x74, 0x69, 0x6e, 0x67,
    0x0, 0x75, 0x6e, 0x66, 0x69, 0x78, 0x61, 0x62, 0x6c, 0x65, 0x0, 0x75, 0x6e, 0x66, 0x69, 0x78,
    0x65, 0x64, 0x0, 0x75, 0x6e, 0x66, 0x6c, 0x61, 0x77, 0x65, 0x64, 0x0, 0x75, 0x6e, 0x66, 0x6f,
    0x63, 0x75, 0x73, 0x65, 0x64, 0x0, 0x75, 0x6e, 0x66, 0x6f, 0x6c, 0x64, 0x0, 0x75, 0x6e, 0x66,
    0x6f, 0x75, 0x6e, 0x64, 0x65, 0x64, 0x0, 0x75, 0x6e, 0x66, 0x72, 0x61, 0x6d, 0x65, 0x64, 0x0,
    0x75, 0x6e, 0x66, 0x72, 0x65, 0x65, 0x7a, 0x65, 0x0, 0x75, 0x6e, 0x66, 0x72, 0x6f, 0x73, 0x74,
    0x65, 0x64, 0x0, 0x75, 0x6e, 0x66, 0x72, 0x6f, 0x7a, 0x65, 0x6e, 0x0, 0x75, 0x6e, 0x66, 0x75,
    0x6e, 0x64, 0x65, 0x64, 0x0, 0x75, 0x6e, 0x67, 0x6c, 0x61, 0x7a, 0x65, 0x64, 0x0, 0x75, 0x6e,
    0x67, 0x6c, 0x6f, 0x76, 0x65, 0x64, 0x0, 0x75, 0x6e, 0x67, 0x6c, 0x75, 0x65, 0x0, 0x75, 0x6e,
    0x67, 0x6f, 0x64, 0x6c, 0x79, 0x0, 0x75, 0x6e, 0x67, 0x72, 0x61, 0x64, 0x65, 0x64, 0x0, 0x75,
    0x6e, 0x67, 0x72, 0x65, 0x61, 0x73, 0x65, 0x64, 0x0, 0x75, 0x6e, 0x67, 0x75, 0x61, 0x72, 0x64,
    0x65, 0x64, 0x0, 0x75, 0x6e, 0x67, 0x75, 0x69, 0x64, 0x65, 0x64, 0x0, 0x75, 0x6e, 0x68, 0x61,
    0x70, 0x70, 0x69, 0x6c, 0x79, 0x0, 0x75, 0x6e, 0x68, 0x61, 0x70, 0x70, 0x79, 0x0, 0x75, 0x6e,
    0x68, 0x61, 0x72, 0x6d, 0x65, 0x64, 0x0, 0x75, 0x6e, 0x68, 0x65, 0x61, 0x6c, 0x74, 0x68, 0x79,
    0x0, 0x75, 0x6e, 0x68, 0x65, 0x61, 0x72, 0x64, 0x0, 0x75, 0x6e, 0x68, 0x65, 0x61, 0x72, 0x69,
    0x6e, 0x67, 0x0, 0x75, 0x6e, 0x68, 0x65, 0x61, 0x74, 0x65, 0x64, 0x0, 0x75, 0x6e, 0x68, 0x65,
    0x6c, 0x70, 0x66, 0x75, 0x6c, 0x0, 0x75, 0x6e, 0x68, 0x69, 0x64, 0x64, 0x65, 0x6e, 0x0, 0x75,
    0x6e, 0x68, 0x69, 0x6e, 0x67, 0x65, 0x0, 0x75, 0x6e, 0x68, 0x69, 0x74, 0x63, 0x68, 0x65, 0x64,
    0x0, 0x75, 0x6e, 0x68, 0x6f, 0x6c, 0x79, 0x0, 0x75, 0x6e, 0x68, 0x6f, 0x6f, 0x6b, 0x0, 0x75,
    0x6e, 0x69, 0x63, 0x6f, 0x72, 0x6e, 0x0, 0x75, 0x6e, 0x69, 0x63, 0x79, 0x63, 0x6c, 0x65, 0x0,
    0x75, 0x6e, 0x69, 0x66, 0x69, 0x65, 0x64, 0x0, 0x75, 0x6e, 0x69, 0x66, 0x69, 0x65, 0x72, 0x0,
    0x75, 0x6e, 0x69, 0x66, 0x6f, 0x72, 0x6d, 0x65, 0x64, 0x0, 0x75, 0x6e, 0x69, 0x66, 0x6f, 0x72,
    0x6d, 0x6c, 0x79, 0x0, 0x75, 0x6e, 0x69, 0x66, 0x79, 0x0, 0x75, 0x6e, 0x69, 0x6d, 0x70, 0x65,
    0x64, 0x65, 0x64, 0x0, 0x75, 0x6e, 0x69, 0x6e, 0x6a, 0x75, 0x72, 0x65, 0x64, 0x0, 0x75, 0x6e,
    0x69, 0x6e, 0x73, 0x74, 0x61, 0x6c, 0x6c, 0x0, 0x75, 0x6e, 0x69, 0x6e, 0x73, 0x75, 0x72, 0x65,
    0x64, 0x0, 0x75, 0x6e, 0x69, 0x6e, 0x76, 0x69, 0x74, 0x65, 0x64, 0x0, 0x75, 0x6e, 0x69, 0x6f,
    0x6e, 0x0, 0x75, 0x6e, 0x69, 0x71, 0x75, 0x65, 0x6c, 0x79, 0x0, 0x75, 0x6e, 0x69, 0x73, 0x65,
    0x78, 0x75, 0x61, 0x6c, 0x0, 0x75, 0x6e, 0x69, 0x73, 0x6f, 0x6e, 0x0, 0x75, 0x6e, 0x69, 0x73,
    0x73, 0x75, 0x65, 0x64, 0x0, 0x75, 0x6e, 0x69, 0x74, 0x0, 0x75, 0x6e, 0x69, 0x76, 0x65, 0x72,
    0x73, 0x61, 0x6c, 0x0, 0x75, 0x6e, 0x69, 0x76, 0x65, 0x72, 0x73, 0x65, 0x0, 0x75, 0x6e, 0x6a,
    0x75, 0x73, 0x74, 0x6c, 0x79, 0x0, 0x75, 0x6e, 0x6b, 0x65, 0x6d, 0x70, 0x74, 0x0, 0x75, 0x6e,
    0x6b, 0x69, 0x6e, 0x64, 0x0, 0x75, 0x6e, 0x6b, 0x6e, 0x6f, 0x74, 0x74, 0x65, 0x64, 0x0, 0x75,
    0x6e, 0x6b, 0x6e, 0x6f, 0x77, 0x69, 0x6e, 0x67, 0x0, 0x75, 0x6e, 0x6b, 0x6e, 0x6f, 0x77, 0x6e,
    0x0, 0x75, 0x6e, 0x6c, 0x61, 0x63, 0x65, 0x64, 0x0, 0x75, 0x6e, 0x6c, 0x61, 0x74, 0x63, 0x68,
    0x0, 0x75, 0x6e, 0x6c, 0x61, 0x77, 0x66, 0x75, 0x6c, 0x0, 0x75, 0x6e, 0x6c, 0x65, 0x61, 0x64,
    0x65, 0x64, 0x0, 0x75, 0x6e, 0x6c, 0x65, 0x61, 0x72, 0x6e, 0x65, 0x64, 0x0, 0x75, 0x6e, 0x6c,
    0x65, 0x61, 0x73, 0x68, 0x0, 0x75, 0x6e, 0x6c, 0x65, 0x73, 0x73, 0x0, 0x75, 0x6e, 0x6c, 0x65,
    0x76, 0x65, 0x6c, 0x65, 0x64, 0x0, 0x75, 0x6e, 0x6c, 0x69, 0x67, 0x68, 0x74, 0x65, 0x64, 0x0,
    0x75, 0x6e, 0x6c, 0x69, 0x6b, 0x61, 0x62, 0x6c, 0x65, 0x0, 0x75, 0x6e, 0x6c, 0x69, 0x6d, 0x69,
    0x74, 0x65, 0x64, 0x0, 0x75, 0x6e, 0x6c, 0x69, 0x6e, 0x65, 0x64, 0x0, 0x75, 0x6e, 0x6c, 0x69,
    0x6e, 0x6b, 0x65, 0x64, 0x0, 0x75, 0x6e, 0x6c, 0x69, 0x73, 0x74, 0x65, 0x64, 0x0, 0x75, 0x6e,
    0x6c, 0x69, 0x74, 0x0, 0x75, 0x6e, 0x6c, 0x69, 0x76, 0x61, 0x62, 0x6c, 0x65, 0x0, 0x75, 0x6e,
    0x6c, 0x6f, 0x61, 0x64, 0x65, 0x64, 0x0, 0x75, 0x6e, 0x6c, 0x6f, 0x61, 0x64, 0x65, 0x72, 0x0,
    0x75, 0x6e, 0x6c, 0x6f, 0x63, 0x6b, 0x65, 0x64, 0x0, 0x75, 0x6e, 0x6c, 0x6f, 0x63, 0x6b, 0x69,
    0x6e, 0x67, 0x0, 0x75, 0x6e, 0x6c, 0x6f, 0x76, 0x61, 0x62, 0x6c, 0x65, 0x0, 0x75, 0x6e, 0x6c,
    0x6f, 0x76, 0x65, 0x64, 0x0, 0x75, 0x6e, 0x6c, 0x6f, 0x76, 0x65, 0x6c, 0x79, 0x0, 0x75, 0x6e,
    0x6c, 0x6f, 0x76, 0x69, 0x6e, 0x67, 0x0, 0x75, 0x6e, 0x6c, 0x75, 0x63, 0x6b, 0x69, 0x6c, 0x79,
    0x0, 0x75, 0x6e, 0x6c, 0x75, 0x63, 0x6b, 0x79, 0x0, 0x75, 0x6e, 0x6d, 0x61, 0x64, 0x65, 0x0,
    0x75, 0x6e, 0x6d, 0x61, 0x6e, 0x61, 0x67, 0x65, 0x64, 0x0, 0x75, 0x6e, 0x6d, 0x61, 0x6e, 0x6e,
    0x65, 0x64, 0x0, 0x75, 0x6e, 0x6d, 0x61, 0x70, 0x70, 0x65, 0x64, 0x0, 0x75, 0x6e, 0x6d, 0x61,
    0x72, 0x6b, 0x65, 0x64, 0x0, 0x75, 0x6e, 0x6d, 0x61, 0x73, 0x6b, 0x65, 0x64, 0x0, 0x75, 0x6e,
    0x6d, 0x61, 0x73, 0x6b, 0x69, 0x6e, 0x67, 0x0, 0x75, 0x6e, 0x6d, 0x61, 0x74, 0x63, 0x68, 0x65,
    0x64, 0x0, 0x75, 0x6e, 0x6d, 0x69, 0x6e, 0x64, 0x66, 0x75, 0x6c, 0x0, 0x75, 0x6e, 0x6d, 0x69,
    0x78, 0x61, 0x62, 0x6c, 0x65, 0x0, 0x75, 0x6e, 0x6d, 0x69, 0x78, 0x65, 0x64, 0x0, 0x75, 0x6e,
    0x6d, 0x6f, 0x6c, 0x64, 0x65, 0x64, 0x0, 0x75, 0x6e, 0x6d, 0x6f, 0x72, 0x61, 0x6c, 0x0, 0x75,
    0x6e, 0x6d, 0x6f, 0x76, 0x61, 0x62, 0x6c, 0x65, 0x0, 0x75, 0x6e, 0x6d, 0x6f, 0x76, 0x65, 0x64,
    0x0, 0x75, 0x6e, 0x6d, 0x6f, 0x76, 0x69, 0x6e, 0x67, 0x0, 0x75, 0x6e, 0x6e, 0x61, 0x6d, 0x61,
    0x62, 0x6c, 0x65, 0x0, 0x75, 0x6e, 0x6e, 0x61, 0x6d, 0x65, 0x64, 0x0, 0x75, 0x6e, 0x6e, 0x61,
    0x74, 0x75, 0x72, 0x61, 0x6c, 0x0, 0x75, 0x6e, 0x6e, 0x65, 0x65, 0x64, 0x65, 0x64, 0x0, 0x75,
    0x6e, 0x6e, 0x65, 0x72, 0x76, 0x65, 0x0, 0x75, 0x6e, 0x6e, 0x65, 0x72, 0x76, 0x69, 0x6e, 0x67,
    0x0, 0x75, 0x6e, 0x6e, 0x6f, 0x74, 0x69, 0x63, 0x65, 0x64, 0x0, 0x75, 0x6e, 0x6f, 0x70, 0x65,
    0x6e, 0x65, 0x64, 0x0, 0x75, 0x6e, 0x6f, 0x70, 0x70, 0x6f, 0x73, 0x65, 0x64, 0x0, 0x75, 0x6e,
    0x70, 0x61, 0x63, 0x6b, 0x0, 0x75, 0x6e, 0x70, 0x61, 0x64, 0x64, 0x65, 0x64, 0x0, 0x75, 0x6e,
    0x70, 0x61, 0x69, 0x64, 0x0, 0x75, 0x6e, 0x70, 0x61, 0x69, 0x6e, 0x74, 0x65, 0x64, 0x0, 0x75,
    0x6e, 0x70, 0x61, 0x69, 0x72, 0x65, 0x64, 0x0, 0x75, 0x6e, 0x70, 0x61, 0x76, 0x65, 0x64, 0x0,
    0x75, 0x6e, 0x70, 0x65, 0x65, 0x6c, 0x65, 0x64, 0x0, 0x75, 0x6e, 0x70, 0x69, 0x63, 0x6b, 0x65,
    0x64, 0x0, 0x75, 0x6e, 0x70, 0x69, 0x6c, 0x6f, 0x74, 0x65, 0x64, 0x0, 0x75, 0x6e, 0x70, 0x69,
    0x6e, 0x6e, 0x65, 0x64, 0x0, 0x75, 0x6e, 0x70, 0x6c, 0x61, 0x6e, 0x6e, 0x65, 0x64, 0x0, 0x75,
    0x6e, 0x70, 0x6c, 0x61, 0x6e, 0x74, 0x65, 0x64, 0x0, 0x75, 0x6e, 0x70, 0x6c, 0x65, 0x61, 0x73,
    0x65, 0x64, 0x0, 0x75, 0x6e, 0x70, 0x6c, 0x65, 0x64, 0x67, 0x65, 0x64, 0x0, 0x75, 0x6e, 0x70,
    0x6c, 0x6f, 0x77, 0x65, 0x64, 0x0, 0x75, 0x6e, 0x70, 0x6c, 0x75, 0x67, 0x0, 0x75, 0x6e, 0x70,
    0x6f, 0x70, 0x75, 0x6c, 0x61, 0x72, 0x0, 0x75, 0x6e, 0x70, 0x72, 0x6f, 0x76, 0x65, 0x6e, 0x0,
    0x75, 0x6e, 0x71, 0x75, 0x6f, 0x74, 0x65, 0x0, 0x75, 0x6e, 0x72, 0x61, 0x6e, 0x6b, 0x65, 0x64,
    0x0, 0x75, 0x6e, 0x72, 0x61, 0x74, 0x65, 0x64, 0x0, 0x75, 0x6e, 0x72, 0x61, 0x76, 0x65, 0x6c,
    0x65, 0x64, 0x0, 0x75, 0x6e, 0x72, 0x65, 0x61, 0x63, 0x68, 0x65, 0x64, 0x0, 0x75, 0x6e, 0x72,
    0x65, 0x61, 0x64, 0x0, 0x75, 0x6e, 0x72, 0x65, 0x61, 0x6c, 0x0, 0x75, 0x6e, 0x72, 0x65, 0x65,
    0x6c, 0x69, 0x6e, 0x67, 0x0, 0x75, 0x6e, 0x72, 0x65, 0x66, 0x69, 0x6e, 0x65, 0x64, 0x0, 0x75,
    0x6e, 0x72, 0x65, 0x6c, 0x61, 0x74, 0x65, 0x64, 0x0, 0x75, 0x6e, 0x72, 0x65, 0x6e, 0x74, 0x65,
    0x64, 0x0, 0x75, 0x6e, 0x72, 0x65, 0x73, 0x74, 0x0, 0x75, 0x6e, 0x72, 0x65, 0x74, 0x69, 0x72,
    0x65, 0x64, 0x0, 0x75, 0x6e, 0x72, 0x65, 0x76, 0x69, 0x73, 0x65, 0x64, 0x0, 0x75, 0x6e, 0x72,
    0x69, 0x67, 0x67, 0x65, 0x64, 0x0, 0x75, 0x6e, 0x72, 0x69, 0x70, 0x65, 0x0, 0x75, 0x6e, 0x72,
    0x69, 0x76, 0x61, 0x6c, 0x65, 0x64, 0x0, 0x75, 0x6e, 0x72, 0x6f, 0x61, 0x73, 0x74, 0x65, 0x64,
    0x0, 0x75, 0x6e, 0x72, 0x6f, 0x62, 0x65, 0x64, 0x0, 0x75, 0x6e, 0x72, 0x6f, 0x6c, 0x6c, 0x0,
    0x75, 0x6e, 0x72, 0x75, 0x66, 0x66, 0x6c, 0x65, 0x64, 0x0, 0x75, 0x6e, 0x72, 0x75, 0x6c, 0x79,
    0x0, 0x75, 0x6e, 0x72, 0x75, 0x73, 0x68, 0x65, 0x64, 0x0, 0x75, 0x6e, 0x73, 0x61, 0x64, 0x64,
    0x6c, 0x65, 0x0, 0x75, 0x6e, 0x73, 0x61, 0x66, 0x65, 0x0, 0x75, 0x6e, 0x73, 0x61, 0x69, 0x64,
    0x0, 0x75, 0x6e, 0x73, 0x61, 0x6c, 0x74, 0x65, 0x64, 0x0, 0x75, 0x6e, 0x73, 0x61, 0x76, 0x65,
    0x64, 0x0, 0x75, 0x6e, 0x73, 0x61, 0x76, 0x6f, 0x72, 0x79, 0x0, 0x75, 0x6e, 0x73, 0x63, 0x61,
    0x74, 0x68, 0x65, 0x64, 0x0, 0x75, 0x6e, 0x73, 0x63, 0x65, 0x6e, 0x74, 0x65, 0x64, 0x0, 0x75,
    0x6e, 0x73, 0x63, 0x72, 0x65, 0x77, 0x0, 0x75, 0x6e, 0x73, 0x65, 0x61, 0x6c, 0x65, 0x64, 0x0,
    0x75, 0x6e, 0x73, 0x65, 0x61, 0x74, 0x65, 0x64, 0x0, 0x75, 0x6e, 0x73, 0x65, 0x63, 0x75, 0x72,
    0x65, 0x64, 0x0, 0x75, 0x6e, 0x73, 0x65, 0x65, 0x69, 0x6e, 0x67, 0x0, 0x75, 0x6e, 0x73, 0x65,
    0x65, 0x6d, 0x6c, 0x79, 0x0, 0x75, 0x6e, 0x73, 0x65, 0x65, 0x6e, 0x0, 0x75, 0x6e, 0x73, 0x65,
    0x6c, 0x65, 0x63, 0x74, 0x0, 0x75, 0x6e, 0x73, 0x65, 0x6c, 0x66, 0x69, 0x73, 0x68, 0x0, 0x75,
    0x6e, 0x73, 0x65, 0x6e, 0x74, 0x0, 0x75, 0x6e, 0x73, 0x65, 0x74, 0x74, 0x6c, 0x65, 0x64, 0x0,
    0x75, 0x6e, 0x73, 0x68, 0x61, 0x63, 0x6b, 0x6c, 0x65, 0x0, 0x75, 0x6e, 0x73, 0x68, 0x61, 0x6b,
    0x65, 0x6e, 0x0, 0x75, 0x6e, 0x73, 0x68, 0x61, 0x76, 0x65, 0x64, 0x0, 0x75, 0x6e, 0x73, 0x68,
    0x61, 0x76, 0x65, 0x6e, 0x0, 0x75, 0x6e, 0x73, 0x68, 0x65, 0x61, 0x74, 0x68, 0x65, 0x0, 0x75,
    0x6e, 0x73, 0x68, 0x69, 0x70, 0x70, 0x65, 0x64, 0x0, 0x75, 0x6e, 0x73, 0x69, 0x67, 0x68, 0x74,
    0x6c, 0x79, 0x0, 0x75, 0x6e, 0x73, 0x69, 0x67, 0x6e, 0x65, 0x64, 0x0, 0x75, 0x6e, 0x73, 0x6b,
    0x69, 0x6c, 0x6c, 0x65, 0x64, 0x0, 0x75, 0x6e, 0x73, 0x6c, 0x69, 0x63, 0x65, 0x64, 0x0, 0x75,
    0x6e, 0x73, 0x6d, 0x6f, 0x6f, 0x74, 0x68, 0x0, 0x75, 0x6e, 0x73, 0x6e, 0x61, 0x70, 0x0, 0x75,
    0x6e, 0x73, 0x6f, 0x63, 0x69, 0x61, 0x6c, 0x0, 0x75, 0x6e, 0x73, 0x6f, 0x69, 0x6c, 0x65, 0x64,
    0x0, 0x75, 0x6e, 0x73, 0x6f, 0x6c, 0x64, 0x0, 0x75, 0x6e, 0x73, 0x6f, 0x6c, 0x76, 0x65, 0x64,
    0x0, 0x75, 0x6e, 0x73, 0x6f, 0x72, 0x74, 0x65, 0x64, 0x0, 0x75, 0x6e, 0x73, 0x70, 0x6f, 0x69,
    0x6c, 0x65, 0x64, 0x0, 0x75, 0x6e, 0x73, 0x70, 0x6f, 0x6b, 0x65, 0x6e, 0x0, 0x75, 0x6e, 0x73,
    0x74, 0x61, 0x62, 0x6c, 0x65, 0x0, 0x75, 0x6e, 0x73, 0x74, 0x61, 0x66, 0x66, 0x65, 0x64, 0x0,
    0x75, 0x6e, 0x73, 0x74, 0x61, 0x6d, 0x70, 0x65, 0x64, 0x0, 0x75, 0x6e, 0x73, 0x74, 0x65, 0x61,
    0x64, 0x79, 0x0, 0x75, 0x6e, 0x73, 0x74, 0x65, 0x72, 0x69, 0x6c, 0x65, 0x0, 0x75, 0x6e, 0x73,
    0x74, 0x69, 0x72, 0x72, 0x65, 0x64, 0x0, 0x75, 0x6e, 0x73, 0x74, 0x69, 0x74, 0x63, 0x68, 0x0,
    0x75, 0x6e, 0x73, 0x74, 0x6f, 0x70, 0x70, 0x65, 0x64, 0x0, 0x75, 0x6e, 0x73, 0x74, 0x75, 0x63,
    0x6b, 0x0, 0x75, 0x6e, 0x73, 0x74, 0x75, 0x66, 0x66, 0x65, 0x64, 0x0, 0x75, 0x6e, 0x73, 0x74,
    0x79, 0x6c, 0x69, 0x73, 0x68, 0x0, 0x75, 0x6e, 0x73, 0x75, 0x62, 0x74, 0x6c, 0x65, 0x0, 0x75,
    0x6e, 0x73, 0x75, 0x62, 0x74, 0x6c, 0x79, 0x0, 0x75, 0x6e, 0x73, 0x75, 0x69, 0x74, 0x65, 0x64,
    0x0, 0x75, 0x6e, 0x73, 0x75, 0x72, 0x65, 0x0, 0x75, 0x6e, 0x73, 0x77, 0x6f, 0x72, 0x6e, 0x0,
    0x75, 0x6e, 0x74, 0x61, 0x67, 0x67, 0x65, 0x64, 0x0, 0x75, 0x6e, 0x74, 0x61, 0x69, 0x6e, 0x74,
    0x65, 0x64, 0x0, 0x75, 0x6e, 0x74, 0x61, 0x6b, 0x65, 0x6e, 0x0, 0x75, 0x6e, 0x74, 0x61, 0x6d,
    0x65, 0x64, 0x0, 0x75, 0x6e, 0x74, 0x61, 0x6e, 0x67, 0x6c, 0x65, 0x64, 0x0, 0x75, 0x6e, 0x74,
    0x61, 0x70, 0x70, 0x65, 0x64, 0x0, 0x75, 0x6e, 0x74, 0x61, 0x78, 0x65, 0x64, 0x0, 0x75, 0x6e,
    0x74, 0x68, 0x61, 0x77, 0x65, 0x64, 0x0, 0x75, 0x6e, 0x74, 0x68, 0x72, 0x65, 0x61, 0x64, 0x0,
    0x75, 0x6e, 0x74, 0x69, 0x64, 0x79, 0x0, 0x75, 0x6e, 0x74, 0x69, 0x65, 0x0, 0x75, 0x6e, 0x74,
    0x69, 0x6c, 0x0, 0x75, 0x6e, 0x74, 0x69, 0x6d, 0x65, 0x64, 0x0, 0x75, 0x6e, 0x74, 0x69, 0x6d,
    0x65, 0x6c, 0x79, 0x0, 0x75, 0x6e, 0x74, 0x69, 0x74, 0x6c, 0x65, 0x64, 0x0, 0x75, 0x6e, 0x74,
    0x6f, 0x61, 0x73, 0x74, 0x65, 0x64, 0x0, 0x75, 0x6e, 0x74, 0x6f, 0x6c, 0x64, 0x0, 0x75, 0x6e,
    0x74, 0x6f, 0x75, 0x63, 0x68, 0x65, 0x64, 0x0, 0x75, 0x6e, 0x74, 0x72, 0x61, 0x63, 0x6b, 0x65,
    0x64, 0x0, 0x75, 0x6e, 0x74, 0x72, 0x61, 0x69, 0x6e, 0x65, 0x64, 0x0, 0x75, 0x6e, 0x74, 0x72,
    0x65, 0x61, 0x74, 0x65, 0x64, 0x0, 0x75, 0x6e, 0x74, 0x72, 0x69, 0x65, 0x64, 0x0, 0x75, 0x6e,
    0x74, 0x72, 0x69, 0x6d, 0x6d, 0x65, 0x64, 0x0, 0x75, 0x6e, 0x74, 0x72, 0x75, 0x65, 0x0, 0x75,
    0x6e, 0x74, 0x72, 0x75, 0x74, 0x68, 0x0, 0x75, 0x6e, 0x74, 0x75, 0x72, 0x6e, 0x65, 0x64, 0x0,
    0x75, 0x6e, 0x74, 0x77, 0x69, 0x73, 0x74, 0x0, 0x75, 0x6e, 0x74, 0x79, 0x69, 0x6e, 0x67, 0x0,
    0x75, 0x6e, 0x75, 0x73, 0x61, 0x62, 0x6c, 0x65, 0x0, 0x75, 0x6e, 0x75, 0x73, 0x65, 0x64, 0x0,
    0x75, 0x6e, 0x75, 0x73, 0x75, 0x61, 0x6c, 0x0, 0x75, 0x6e, 0x76, 0x61, 0x6c, 0x75, 0x65, 0x64,
    0x0, 0x75, 0x6e, 0x76, 0x61, 0x72, 0x69, 0x65, 0x64, 0x0, 0x75, 0x6e, 0x76, 0x61, 0x72, 0x79,
    0x69, 0x6e, 0x67, 0x0, 0x75, 0x6e, 0x76, 0x65, 0x69, 0x6c, 0x65, 0x64, 0x0, 0x75, 0x6e, 0x76,
    0x65, 0x69, 0x6c, 0x69, 0x6e, 0x67, 0x0, 0x75, 0x6e, 0x76, 0x65, 0x6e, 0x74, 0x65, 0x64, 0x0,
    0x75, 0x6e, 0x76, 0x69, 0x61, 0x62, 0x6c, 0x65, 0x0, 0x75, 0x6e, 0x76, 0x69, 0x73, 0x69, 0x74,
    0x65, 0x64, 0x0, 0x75, 0x6e, 0x76, 0x6f, 0x63, 0x61, 0x6c, 0x0, 0x75, 0x6e, 0x77, 0x61, 0x6e,
    0x74, 0x65, 0x64, 0x0, 0x75, 0x6e, 0x77, 0x61, 0x72, 0x6c, 0x69, 0x6b, 0x65, 0x0, 0x75, 0x6e,
    0x77, 0x61, 0x72, 0x79, 0x0, 0x75, 0x6e, 0x77, 0x61, 0x73, 0x68, 0x65, 0x64, 0x0, 0x75, 0x6e,
    0x77, 0x61, 0x74, 0x63, 0x68, 0x65, 0x64, 0x0, 0x75, 0x6e, 0x77, 0x65, 0x61, 0x76, 0x65, 0x0,
    0x75, 0x6e, 0x77, 0x65, 0x64, 0x0, 0x75, 0x6e, 0x77, 0x65, 0x6c, 0x63, 0x6f, 0x6d, 0x65, 0x0,
    0x75, 0x6e, 0x77, 0x65, 0x6c, 0x6c, 0x0, 0x75, 0x6e, 0x77, 0x69, 0x65, 0x6c, 0x64, 0x79, 0x0,
    0x75, 0x6e, 0x77, 0x69, 0x6c, 0x6c, 0x69, 0x6e, 0x67, 0x0, 0x75, 0x6e, 0x77, 0x69, 0x6e, 0x64,
    0x0, 0x75, 0x6e, 0x77, 0x69, 0x72, 0x65, 0x64, 0x0, 0x75, 0x6e, 0x77, 0x69, 0x74, 0x74, 0x69,
    0x6e, 0x67, 0x0, 0x75, 0x6e, 0x77, 0x6f, 0x6d, 0x61, 0x6e, 0x6c, 0x79, 0x0, 0x75, 0x6e, 0x77,
    0x6f, 0x72, 0x6c, 0x64, 0x6c, 0x79, 0x0, 0x75, 0x6e, 0x77, 0x6f, 0x72, 0x6e, 0x0, 0x75, 0x6e,
    0x77, 0x6f, 0x72, 0x72, 0x69, 0x65, 0x64, 0x0, 0x75, 0x6e, 0x77, 0x6f, 0x72, 0x74, 0x68, 0x79,
    0x0, 0x75, 0x6e, 0x77, 0x6f, 0x75, 0x6e, 0x64, 0x0, 0x75, 0x6e, 0x77, 0x6f, 0x76, 0x65, 0x6e,
    0x0, 0x75, 0x6e, 0x77, 0x72, 0x61, 0x70, 0x70, 0x65, 0x64, 0x0, 0x75, 0x6e, 0x77, 0x72, 0x69,
    0x74, 0x74, 0x65, 0x6e, 0x0, 0x75, 0x6e, 0x7a, 0x69, 0x70, 0x0, 0x75, 0x70, 0x62, 0x65, 0x61,
    0x74, 0x0, 0x75, 0x70, 0x63, 0x68, 0x75, 0x63, 0x6b, 0x0, 0x75, 0x70, 0x63, 0x6f, 0x6d, 0x69,
    0x6e, 0x67, 0x0, 0x75, 0x70, 0x63, 0x6f, 0x75, 0x6e, 0x74, 0x72, 0x79, 0x0, 0x75, 0x70, 0x64,
    0x61, 0x74, 0x65, 0x0, 0x75, 0x70, 0x66, 0x72, 0x6f, 0x6e, 0x74, 0x0, 0x75, 0x70, 0x67, 0x72,
    0x61, 0x64, 0x65, 0x0, 0x75, 0x70, 0x68, 0x65, 0x61, 0x76, 0x61, 0x6c, 0x0, 0x75, 0x70, 0x68,
    0x65, 0x6c, 0x64, 0x0, 0x75, 0x70, 0x68, 0x69, 0x6c, 0x6c, 0x0, 0x75, 0x70, 0x68, 0x6f, 0x6c,
    0x64, 0x0, 0x75, 0x70, 0x6c, 0x69, 0x66, 0x74, 0x65, 0x64, 0x0, 0x75, 0x70, 0x6c, 0x69, 0x66,
    0x74, 0x69, 0x6e, 0x67, 0x0, 0x75, 0x70, 0x6c, 0x6f, 0x61, 0x64, 0x0, 0x75, 0x70, 0x6f, 0x6e,
    0x0, 0x75, 0x70, 0x70, 0x65, 0x72, 0x0, 0x75, 0x70, 0x72, 0x69, 0x67, 0x68, 0x74, 0x0, 0x75,
    0x70, 0x72, 0x69, 0x73, 0x69, 0x6e, 0x67, 0x0, 0x75, 0x70, 0x72, 0x69, 0x76, 0x65, 0x72, 0x0,
    0x75, 0x70, 0x72, 0x6f, 0x61, 0x72, 0x0, 0x75, 0x70, 0x72, 0x6f, 0x6f, 0x74, 0x0, 0x75, 0x70,
    0x73, 0x63, 0x61, 0x6c, 0x65, 0x0, 0x75, 0x70, 0x73, 0x69, 0x64, 0x65, 0x0, 0x75, 0x70, 0x73,
    0x74, 0x61, 0x67, 0x65, 0x0, 0x75, 0x70, 0x73, 0x74, 0x61, 0x69, 0x72, 0x73, 0x0, 0x75, 0x70,
    0x73, 0x74, 0x61, 0x72, 0x74, 0x0, 0x75, 0x70, 0x73, 0x74, 0x61, 0x74, 0x65, 0x0, 0x75, 0x70,
    0x73, 0x74, 0x72, 0x65, 0x61, 0x6d, 0x0, 0x75, 0x70, 0x73, 0x74, 0x72, 0x6f, 0x6b, 0x65, 0x0,
    0x75, 0x70, 0x73, 0x77, 0x69, 0x6e, 0x67, 0x0, 0x75, 0x70, 0x74, 0x61, 0x6b, 0x65, 0x0, 0x75,
    0x70, 0x74, 0x69, 0x67, 0x68, 0x74, 0x0, 0x75, 0x70, 0x74, 0x6f, 0x77, 0x6e, 0x0, 0x75, 0x70,
    0x74, 0x75, 0x72, 0x6e, 0x65, 0x64, 0x0, 0x75, 0x70, 0x77, 0x61, 0x72, 0x64, 0x0, 0x75, 0x70,
    0x77, 0x69, 0x6e, 0x64, 0x0, 0x75, 0x72, 0x61, 0x6e, 0x69, 0x75, 0x6d, 0x0, 0x75, 0x72, 0x62,
    0x61, 0x6e, 0x0, 0x75, 0x72, 0x63, 0x68, 0x69, 0x6e, 0x0, 0x75, 0x72, 0x65, 0x74, 0x68, 0x61,
    0x6e, 0x65, 0x0, 0x75, 0x72, 0x67, 0x65, 0x6e, 0x63, 0x79, 0x0, 0x75, 0x72, 0x67, 0x65, 0x6e,
    0x74, 0x0, 0x75, 0x72, 0x67, 0x69, 0x6e, 0x67, 0x0, 0x75, 0x72, 0x6f, 0x6c, 0x6f, 0x67, 0x69,
    0x73, 0x74, 0x0, 0x75, 0x72, 0x6f, 0x6c, 0x6f, 0x67, 0x79, 0x0, 0x75, 0x73, 0x61, 0x62, 0x6c,
    0x65, 0x0, 0x75, 0x73, 0x61, 0x67, 0x65, 0x0, 0x75, 0x73, 0x65, 0x61, 0x62, 0x6c, 0x65, 0x0,
    0x75, 0x73, 0x65, 0x64, 0x0, 0x75, 0x73, 0x65, 0x6c, 0x65, 0x73, 0x73, 0x6c, 0x79, 0x0, 0x75,
    0x73, 0x65, 0x72, 0x0, 0x75, 0x73, 0x68, 0x65, 0x72, 0x0, 0x75, 0x73, 0x75, 0x61, 0x6c, 0x0,
    0x75, 0x74, 0x65, 0x6e, 0x73, 0x69, 0x6c, 0x0, 0x75, 0x74, 0x69, 0x6c, 0x69, 0x74, 0x79, 0x0,
    0x75, 0x74, 0x69, 0x6c, 0x69, 0x7a, 0x65, 0x0, 0x75, 0x74, 0x6d, 0x6f, 0x73, 0x74, 0x0, 0x75,
    0x74, 0x6f, 0x70, 0x69, 0x61, 0x0, 0x75, 0x74, 0x74, 0x65, 0x72, 0x0, 0x76, 0x61, 0x63, 0x61,
    0x6e, 0x63, 0x79, 0x0, 0x76, 0x61, 0x63, 0x61, 0x6e, 0x74, 0x0, 0x76, 0x61, 0x63, 0x61, 0x74,
    0x65, 0x0, 0x76, 0x61, 0x63, 0x61, 0x74, 0x69, 0x6f, 0x6e, 0x0, 0x76, 0x61, 0x67, 0x61, 0x62,
    0x6f, 0x6e, 0x64, 0x0, 0x76, 0x61, 0x67, 0x72, 0x61, 0x6e, 0x63, 0x79, 0x0, 0x76, 0x61, 0x67,
    0x72, 0x61, 0x6e, 0x74, 0x6c, 0x79, 0x0, 0x76, 0x61, 0x67, 0x75, 0x65, 0x6c, 0x79, 0x0, 0x76,
    0x61, 0x67, 0x75, 0x65, 0x6e, 0x65, 0x73, 0x73, 0x0, 0x76, 0x61, 0x6c, 0x69, 0x61, 0x6e, 0x74,
    0x0, 0x76, 0x61, 0x6c, 0x69, 0x64, 0x0, 0x76, 0x61, 0x6c, 0x69, 0x75, 0x6d, 0x0, 0x76, 0x61,
    0x6c, 0x6c, 0x65, 0x79, 0x0, 0x76, 0x61, 0x6c, 0x75, 0x61, 0x62, 0x6c, 0x65, 0x73, 0x0, 0x76,
    0x61, 0x6c, 0x75, 0x65, 0x0, 0x76, 0x61, 0x6e, 0x69, 0x6c, 0x6c, 0x61, 0x0, 0x76, 0x61, 0x6e,
    0x69, 0x73, 0x68, 0x0, 0x76, 0x61, 0x6e, 0x69, 0x74, 0x79, 0x0, 0x76, 0x61, 0x6e, 0x71, 0x75,
    0x69, 0x73, 0x68, 0x0, 0x76, 0x61, 0x6e, 0x74, 0x61, 0x67, 0x65, 0x0, 0x76, 0x61, 0x70, 0x6f,
    0x72, 0x69, 0x7a, 0x65, 0x72, 0x0, 0x76, 0x61, 0x72, 0x69, 0x61, 0x62, 0x6c, 0x65, 0x0, 0x76,
    0x61, 0x72, 0x69, 0x61, 0x62, 0x6c, 0x79, 0x0, 0x76, 0x61, 0x72, 0x69, 0x65, 0x64, 0x0, 0x76,
    0x61, 0x72, 0x69, 0x65, 0x74, 0x79, 0x0, 0x76, 0x61, 0x72, 0x69, 0x6f, 0x75, 0x73, 0x0, 0x76,
    0x61, 0x72, 0x6d, 0x69, 0x6e, 0x74, 0x0, 0x76, 0x61, 0x72, 0x6e, 0x69, 0x73, 0x68, 0x0, 0x76,
    0x61, 0x72, 0x73, 0x69, 0x74, 0x79, 0x0, 0x76, 0x61, 0x72, 0x79, 0x69, 0x6e, 0x67, 0x0, 0x76,
    0x61, 0x73, 0x63, 0x75, 0x6c, 0x61, 0x72, 0x0, 0x76, 0x61, 0x73, 0x65, 0x6c, 0x69, 0x6e, 0x65,
    0x0, 0x76, 0x61, 0x73, 0x74, 0x6c, 0x79, 0x0, 0x76, 0x61, 0x73, 0x74, 0x6e, 0x65, 0x73, 0x73,
    0x0, 0x76, 0x65, 0x61, 0x6c, 0x0, 0x76, 0x65, 0x67, 0x61, 0x6e, 0x0, 0x76, 0x65, 0x67, 0x67,
    0x69, 0x65, 0x0, 0x76, 0x65, 0x68, 0x69, 0x63, 0x75, 0x6c, 0x61, 0x72, 0x0, 0x76, 0x65, 0x6c,
    0x63, 0x72, 0x6f, 0x0, 0x76, 0x65, 0x6c, 0x6f, 0x63, 0x69, 0x74, 0x79, 0x0, 0x76, 0x65, 0x6c,
    0x76, 0x65, 0x74, 0x0, 0x76, 0x65, 0x6e, 0x64, 0x65, 0x74, 0x74, 0x61, 0x0, 0x76, 0x65, 0x6e,
    0x64, 0x69, 0x6e, 0x67, 0x0, 0x76, 0x65, 0x6e, 0x64, 0x6f, 0x72, 0x0, 0x76, 0x65, 0x6e, 0x65,
    0x65, 0x72, 0x69, 0x6e, 0x67, 0x0, 0x76, 0x65, 0x6e, 0x67, 0x65, 0x66, 0x75, 0x6c, 0x0, 0x76,
    0x65, 0x6e, 0x6f, 0x6d, 0x6f, 0x75, 0x73, 0x0, 0x76, 0x65, 0x6e, 0x74, 0x72, 0x69, 0x63, 0x6c,
    0x65, 0x0, 0x76, 0x65, 0x6e, 0x74, 0x75, 0x72, 0x65, 0x0, 0x76, 0x65, 0x6e, 0x75, 0x65, 0x0,
    0x76, 0x65, 0x6e, 0x75, 0x73, 0x0, 0x76, 0x65, 0x72, 0x62, 0x61, 0x6c, 0x69, 0x7a, 0x65, 0x0,
    0x76, 0x65, 0x72, 0x62, 0x61, 0x6c, 0x6c, 0x79, 0x0, 0x76, 0x65, 0x72, 0x62, 0x6f, 0x73, 0x65,
    0x0, 0x76, 0x65, 0x72, 0x64, 0x69, 0x63, 0x74, 0x0, 0x76, 0x65, 0x72, 0x69, 0x66, 0x79, 0x0,
    0x76, 0x65, 0x72, 0x73, 0x65, 0x0, 0x76, 0x65, 0x72, 0x73, 0x69, 0x6f, 0x6e, 0x0, 0x76, 0x65,
    0x72, 0x73, 0x75, 0x73, 0x0, 0x76, 0x65, 0x72, 0x74, 0x65, 0x62, 0x72, 0x61, 0x65, 0x0, 0x76,
    0x65, 0x72, 0x74, 0x69, 0x63, 0x61, 0x6c, 0x0, 0x76, 0x65, 0x72, 0x74, 0x69, 0x67, 0x6f, 0x0,
    0x76, 0x65, 0x72, 0x79, 0x0, 0x76, 0x65, 0x73, 0x73, 0x65, 0x6c, 0x0, 0x76, 0x65, 0x73, 0x74,
    0x0, 0x76, 0x65, 0x74, 0x65, 0x72, 0x61, 0x6e, 0x0, 0x76, 0x65, 0x74, 0x6f, 0x0, 0x76, 0x65,
    0x78, 0x69, 0x6e, 0x67, 0x6c, 0x79, 0x0, 0x76, 0x69, 0x61, 0x62, 0x69, 0x6c, 0x69, 0x74, 0x79,
    0x0, 0x76, 0x69, 0x61, 0x62, 0x6c, 0x65, 0x0, 0x76, 0x69, 0x62, 0x65, 0x73, 0x0, 0x76, 0x69,
    0x63, 0x65, 0x0, 0x76, 0x69, 0x63, 0x69, 0x6e, 0x69, 0x74, 0x79, 0x0, 0x76, 0x69, 0x63, 0x74,
    0x6f, 0x72, 0x79, 0x0, 0x76, 0x69, 0x64, 0x65, 0x6f, 0x0, 0x76, 0x69, 0x65, 0x77, 0x61, 0x62,
    0x6c, 0x65, 0x0, 0x76, 0x69, 0x65, 0x77, 0x65, 0x72, 0x0, 0x76, 0x69, 0x65, 0x77, 0x69, 0x6e,
    0x67, 0x0, 0x76, 0x69, 0x65, 0x77, 0x6c, 0x65, 0x73, 0x73, 0x0, 0x76, 0x69, 0x65, 0x77, 0x70,
    0x6f, 0x69, 0x6e, 0x74, 0x0, 0x76, 0x69, 0x67, 0x6f, 0x72, 0x6f, 0x75, 0x73, 0x0, 0x76, 0x69,
    0x6c, 0x6c, 0x61, 0x67, 0x65, 0x0, 0x76, 0x69, 0x6c, 0x6c, 0x61, 0x69, 0x6e, 0x0, 0x76, 0x69,
    0x6e, 0x64, 0x69, 0x63, 0x61, 0x74, 0x65, 0x0, 0x76, 0x69, 0x6e, 0x65, 0x79, 0x61, 0x72, 0x64,
    0x0, 0x76, 0x69, 0x6e, 0x74, 0x61, 0x67, 0x65, 0x0, 0x76, 0x69, 0x6f, 0x6c, 0x61, 0x74, 0x65,
    0x0, 0x76, 0x69, 0x6f, 0x6c, 0x61, 0x74, 0x69, 0x6f, 0x6e, 0x0, 0x76, 0x69, 0x6f, 0x6c, 0x61,
    0x74, 0x6f, 0x72, 0x0, 0x76, 0x69, 0x6f, 0x6c, 0x65, 0x74, 0x0, 0x76, 0x69, 0x6f, 0x6c, 0x69,
    0x6e, 0x0, 0x76, 0x69, 0x70, 0x65, 0x72, 0x0, 0x76, 0x69, 0x72, 0x61, 0x6c, 0x0, 0x76, 0x69,
    0x72, 0x74, 0x75, 0x61, 0x6c, 0x0, 0x76, 0x69, 0x72, 0x74, 0x75, 0x6f, 0x75, 0x73, 0x0, 0x76,
    0x69, 0x72, 0x75, 0x73, 0x0, 0x76, 0x69, 0x73, 0x61, 0x0, 0x76, 0x69, 0x73, 0x63, 0x6f, 0x73,
    0x69, 0x74, 0x79, 0x0, 0x76, 0x69, 0x73, 0x63, 0x6f, 0x75, 0x73, 0x0, 0x76, 0x69, 0x73, 0x65,
    0x6c, 0x69, 0x6b, 0x65, 0x0, 0x76, 0x69, 0x73, 0x69, 0x62, 0x6c, 0x65, 0x0, 0x76, 0x69, 0x73,
    0x69, 0x62, 0x6c, 0x79, 0x0, 0x76, 0x69, 0x73, 0x69, 0x6f, 0x6e, 0x0, 0x76, 0x69, 0x73, 0x69,
    0x74, 0x69, 0x6e, 0x67, 0x0, 0x76, 0x69, 0x73, 0x69, 0x74, 0x6f, 0x72, 0x0, 0x76, 0x69, 0x73,
    0x6f, 0x72, 0x0, 0x76, 0x69, 0x73, 0x74, 0x61, 0x0, 0x76, 0x69, 0x74, 0x61, 0x6c, 0x69, 0x74,
    0x79, 0x0, 0x76, 0x69, 0x74, 0x61, 0x6c, 0x69, 0x7a, 0x65, 0x0, 0x76, 0x69, 0x74, 0x61, 0x6c,
    0x6c, 0x79, 0x0, 0x76, 0x69, 0x74, 0x61, 0x6d, 0x69, 0x6e, 0x73, 0x0, 0x76, 0x69, 0x76, 0x61,
    0x63, 0x69, 0x6f, 0x75, 0x73, 0x0, 0x76, 0x69, 0x76, 0x69, 0x64, 0x6c, 0x79, 0x0, 0x76, 0x69,
    0x76, 0x69, 0x64, 0x6e, 0x65, 0x73, 0x73, 0x0, 0x76, 0x69, 0x78, 0x65, 0x6e, 0x0, 0x76, 0x6f,
    0x63, 0x61, 0x6c, 0x69, 0x73, 0x74, 0x0, 0x76, 0x6f, 0x63, 0x61, 0x6c, 0x69, 0x7a, 0x65, 0x0,
    0x76, 0x6f, 0x63, 0x61, 0x6c, 0x6c, 0x79, 0x0, 0x76, 0x6f, 0x63, 0x61, 0x74, 0x69, 0x6f, 0x6e,
    0x0, 0x76, 0x6f, 0x69, 0x63, 0x65, 0x0, 0x76, 0x6f, 0x69, 0x63, 0x69, 0x6e, 0x67, 0x0, 0x76,
    0x6f, 0x69, 0x64, 0x0, 0x76, 0x6f, 0x6c, 0x61, 0x74, 0x69, 0x6c, 0x65, 0x0, 0x76, 0x6f, 0x6c,
    0x6c, 0x65, 0x79, 0x0, 0x76, 0x6f, 0x6c, 0x74, 0x61, 0x67, 0x65, 0x0, 0x76, 0x6f, 0x6c, 0x75,
    0x6d, 0x65, 0x73, 0x0, 0x76, 0x6f, 0x74, 0x65, 0x72, 0x0, 0x76, 0x6f, 0x74, 0x69, 0x6e, 0x67,
    0x0, 0x76, 0x6f, 0x75, 0x63, 0x68, 0x65, 0x72, 0x0, 0x76, 0x6f, 0x77, 0x65, 0x64, 0x0, 0x76,
    0x6f, 0x77, 0x65, 0x6c, 0x0, 0x76, 0x6f, 0x79, 0x61, 0x67, 0x65, 0x0, 0x77, 0x61, 0x63, 0x6b,
    0x69, 0x6e, 0x65, 0x73, 0x73, 0x0, 0x77, 0x61, 0x64, 0x0, 0x77, 0x61, 0x66, 0x65, 0x72, 0x0,
    0x77, 0x61, 0x66, 0x66, 0x6c, 0x65, 0x0, 0x77, 0x61, 0x67, 0x65, 0x64, 0x0, 0x77, 0x61, 0x67,
    0x65, 0x72, 0x0, 0x77, 0x61, 0x67, 0x65, 0x73, 0x0, 0x77, 0x61, 0x67, 0x67, 0x6c, 0x65, 0x0,
    0x77, 0x61, 0x67, 0x6f, 0x6e, 0x0, 0x77, 0x61, 0x6b, 0x65, 0x0, 0x77, 0x61, 0x6b, 0x69, 0x6e,
    0x67, 0x0, 0x77, 0x61, 0x6c, 0x6b, 0x0, 0x77, 0x61, 0x6c, 0x6d, 0x61, 0x72, 0x74, 0x0, 0x77,
    0x61, 0x6c, 0x6e, 0x75, 0x74, 0x0, 0x77, 0x61, 0x6c, 0x72, 0x75, 0x73, 0x0, 0x77, 0x61, 0x6c,
    0x74, 0x7a, 0x0, 0x77, 0x61, 0x6e, 0x64, 0x0, 0x77, 0x61, 0x6e, 0x6e, 0x61, 0x62, 0x65, 0x0,
    0x77, 0x61, 0x6e, 0x74, 0x65, 0x64, 0x0, 0x77, 0x61, 0x6e, 0x74, 0x69, 0x6e, 0x67, 0x0, 0x77,
    0x61, 0x73, 0x61, 0x62, 0x69, 0x0, 0x77, 0x61, 0x73, 0x68, 0x61, 0x62, 0x6c, 0x65, 0x0, 0x77,
    0x61, 0x73, 0x68, 0x62, 0x61, 0x73, 0x69, 0x6e, 0x0, 0x77, 0x61, 0x73, 0x68, 0x62, 0x6f, 0x61,
    0x72, 0x64, 0x0, 0x77, 0x61, 0x73, 0x68, 0x62, 0x6f, 0x77, 0x6c, 0x0, 0x77, 0x61, 0x73, 0x68,
    0x63, 0x6c, 0x6f, 0x74, 0x68, 0x0, 0x77, 0x61, 0x73, 0x68, 0x64, 0x61, 0x79, 0x0, 0x77, 0x61,
    0x73, 0x68, 0x65, 0x64, 0x0, 0x77, 0x61, 0x73, 0x68, 0x65, 0x72, 0x0, 0x77, 0x61, 0x73, 0x68,
    0x68, 0x6f, 0x75, 0x73, 0x65, 0x0, 0x77, 0x61, 0x73, 0x68, 0x69, 0x6e, 0x67, 0x0, 0x77, 0x61,
    0x73, 0x68, 0x6f, 0x75, 0x74, 0x0, 0x77, 0x61, 0x73, 0x68, 0x72, 0x6f, 0x6f, 0x6d, 0x0, 0x77,
    0x61, 0x73, 0x68, 0x73, 0x74, 0x61, 0x6e, 0x64, 0x0, 0x77, 0x61, 0x73, 0x68, 0x74, 0x75, 0x62,
    0x0, 0x77, 0x61, 0x73, 0x70, 0x0, 0x77, 0x61, 0x73, 0x74, 0x69, 0x6e, 0x67, 0x0, 0x77, 0x61,
    0x74, 0x63, 0x68, 0x0, 0x77, 0x61, 0x74, 0x65, 0x72, 0x0, 0x77, 0x61, 0x76, 0x69, 0x6e, 0x65,
    0x73, 0x73, 0x0, 0x77, 0x61, 0x76, 0x69, 0x6e, 0x67, 0x0, 0x77, 0x61, 0x76, 0x79, 0x0, 0x77,
    0x68, 0x61, 0x63, 0x6b, 0x69, 0x6e, 0x67, 0x0, 0x77, 0x68, 0x61, 0x63, 0x6b, 0x79, 0x0, 0x77,
    0x68, 0x61, 0x6d, 0x0, 0x77, 0x68, 0x61, 0x72, 0x66, 0x0, 0x77, 0x68, 0x65, 0x61, 0x74, 0x0,
    0x77, 0x68, 0x65, 0x6e, 0x65, 0x76, 0x65, 0x72, 0x0, 0x77, 0x68, 0x69, 0x66, 0x66, 0x0, 0x77,
    0x68, 0x69, 0x6d, 0x73, 0x69, 0x63, 0x61, 0x6c, 0x0, 0x77, 0x68, 0x69, 0x6e, 0x6e, 0x79, 0x0,
    0x77, 0x68, 0x69, 0x6e, 0x79, 0x0, 0x77, 0x68, 0x69, 0x73, 0x6b, 0x69, 0x6e, 0x67, 0x0, 0x77,
    0x68, 0x6f, 0x65, 0x76, 0x65, 0x72, 0x0, 0x77, 0x68, 0x6f, 0x6c, 0x65, 0x0, 0x77, 0x68, 0x6f,
    0x6d, 0x65, 0x76, 0x65, 0x72, 0x0, 0x77, 0x68, 0x6f, 0x6f, 0x70, 0x65, 0x65, 0x0, 0x77, 0x68,
    0x6f, 0x6f, 0x70, 0x69, 0x6e, 0x67, 0x0, 0x77, 0x68, 0x6f, 0x6f, 0x70, 0x73, 0x0, 0x77, 0x68,
    0x79, 0x0, 0x77, 0x69, 0x63, 0x6b, 0x0, 0x77, 0x69, 0x64, 0x65, 0x6c, 0x79, 0x0, 0x77, 0x69,
    0x64, 0x65, 0x6e, 0x0, 0x77, 0x69, 0x64, 0x67, 0x65, 0x74, 0x0, 0x77, 0x69, 0x64, 0x6f, 0x77,
    0x0, 0x77, 0x69, 0x64, 0x74, 0x68, 0x0, 0x77, 0x69, 0x65, 0x6c, 0x64, 0x61, 0x62, 0x6c, 0x65,
    0x0, 0x77, 0x69, 0x65, 0x6c, 0x64, 0x65, 0x72, 0x0, 0x77, 0x69, 0x66, 0x65, 0x0, 0x77, 0x69,
    0x66, 0x69, 0x0, 0x77, 0x69, 0x6b, 0x69, 0x70, 0x65, 0x64, 0x69, 0x61, 0x0, 0x77, 0x69, 0x6c,
    0x64, 0x63, 0x61, 0x72, 0x64, 0x0, 0x77, 0x69, 0x6c, 0x64, 0x63, 0x61, 0x74, 0x0, 0x77, 0x69,
    0x6c, 0x64, 0x65, 0x72, 0x0, 0x77, 0x69, 0x6c, 0x64, 0x66, 0x69, 0x72, 0x65, 0x0, 0x77, 0x69,
    0x6c, 0x64, 0x66, 0x6f, 0x77, 0x6c, 0x0, 0x77, 0x69, 0x6c, 0x64, 0x6c, 0x61, 0x6e, 0x64, 0x0,
    0x77, 0x69, 0x6c, 0x64, 0x6c, 0x69, 0x66, 0x65, 0x0, 0x77, 0x69, 0x6c, 0x64, 0x6c, 0x79, 0x0,
    0x77, 0x69, 0x6c, 0x64, 0x6e, 0x65, 0x73, 0x73, 0x0, 0x77, 0x69, 0x6c, 0x6c, 0x65, 0x64, 0x0,
    0x77, 0x69, 0x6c, 0x6c, 0x66, 0x75, 0x6c, 0x6c, 0x79, 0x0, 0x77, 0x69, 0x6c, 0x6c, 0x69, 0x6e,
    0x67, 0x0, 0x77, 0x69, 0x6c, 0x6c, 0x6f, 0x77, 0x0, 0x77, 0x69, 0x6c, 0x6c, 0x70, 0x6f, 0x77,
    0x65, 0x72, 0x0, 0x77, 0x69, 0x6c, 0x74, 0x0, 0x77, 0x69, 0x6d, 0x70, 0x0, 0x77, 0x69, 0x6e,
    0x63, 0x65, 0x0, 0x77, 0x69, 0x6e, 0x63, 0x69, 0x6e, 0x67, 0x0, 0x77, 0x69, 0x6e, 0x64, 0x0,
    0x77, 0x69, 0x6e, 0x67, 0x0, 0x77, 0x69, 0x6e, 0x6b, 0x69, 0x6e, 0x67, 0x0, 0x77, 0x69, 0x6e,
    0x6e, 0x65, 0x72, 0x0, 0x77, 0x69, 0x6e, 0x6e, 0x69, 0x6e, 0x67, 0x73, 0x0, 0x77, 0x69, 0x6e,
    0x74, 0x65, 0x72, 0x0, 0x77, 0x69, 0x70, 0x65, 0x0, 0x77, 0x69, 0x72, 0x65, 0x64, 0x0, 0x77,
    0x69, 0x72, 0x65, 0x6c, 0x65, 0x73, 0x73, 0x0, 0x77, 0x69, 0x72, 0x69, 0x6e, 0x67, 0x0, 0x77,
    0x69, 0x72, 0x79, 0x0, 0x77, 0x69, 0x73, 0x64, 0x6f, 0x6d, 0x0, 0x77, 0x69, 0x73, 0x65, 0x0,
    0x77, 0x69, 0x73, 0x68, 0x0, 0x77, 0x69, 0x73, 0x70, 0x6c, 0x69, 0x6b, 0x65, 0x0, 0x77, 0x69,
    0x73, 0x70, 0x79, 0x0, 0x77, 0x69, 0x73, 0x74, 0x66, 0x75, 0x6c, 0x0, 0x77, 0x69, 0x7a, 0x61,
    0x72, 0x64, 0x0, 0x77, 0x6f, 0x62, 0x62, 0x6c, 0x65, 0x0, 0x77, 0x6f, 0x62, 0x62, 0x6c, 0x69,
    0x6e, 0x67, 0x0, 0x77, 0x6f, 0x62, 0x62, 0x6c, 0x79, 0x0, 0x77, 0x6f, 0x6b, 0x0, 0x77, 0x6f,
    0x6c, 0x66, 0x0, 0x77, 0x6f, 0x6c, 0x76, 0x65, 0x72, 0x69, 0x6e, 0x65, 0x0, 0x77, 0x6f, 0x6d,
    0x61, 0x6e, 0x68, 0x6f, 0x6f, 0x64, 0x0, 0x77, 0x6f, 0x6d, 0x61, 0x6e, 0x6b, 0x69, 0x6e, 0x64,
    0x0, 0x77, 0x6f, 0x6d, 0x61, 0x6e, 0x6c, 0x65, 0x73, 0x73, 0x0, 0x77, 0x6f, 0x6d, 0x61, 0x6e,
    0x6c, 0x69, 0x6b, 0x65, 0x0, 0x77, 0x6f, 0x6d, 0x61, 0x6e, 0x6c, 0x79, 0x0, 0x77, 0x6f, 0x6d,
    0x62, 0x0, 0x77, 0x6f, 0x6f, 0x66, 0x0, 0x77, 0x6f, 0x6f, 0x69, 0x6e, 0x67, 0x0, 0x77, 0x6f,
    0x6f, 0x6c, 0x0, 0x77, 0x6f, 0x6f, 0x7a, 0x79, 0x0, 0x77, 0x6f, 0x72, 0x64, 0x0, 0x77, 0x6f,
    0x72, 0x6b, 0x0, 0x77, 0x6f, 0x72, 0x72, 0x69, 0x65, 0x64, 0x0, 0x77, 0x6f, 0x72, 0x72, 0x69,
    0x65, 0x72, 0x0, 0x77, 0x6f, 0x72, 0x72, 0x69, 0x73, 0x6f, 0x6d, 0x65, 0x0, 0x77, 0x6f, 0x72,
    0x72, 0x79, 0x0, 0x77, 0x6f, 0x72, 0x73, 0x65, 0x6e, 0x69, 0x6e, 0x67, 0x0, 0x77, 0x6f, 0x72,
    0x73, 0x68, 0x69, 0x70, 0x65, 0x72, 0x0, 0x77, 0x6f, 0x72, 0x73, 0x74, 0x0, 0x77, 0x6f, 0x75,
    0x6e, 0x64, 0x0, 0x77, 0x6f, 0x76, 0x65, 0x6e, 0x0, 0x77, 0x6f, 0x77, 0x0, 0x77, 0x72, 0x61,
    0x6e, 0x67, 0x6c, 0x65, 0x0, 0x77, 0x72, 0x61, 0x74, 0x68, 0x0, 0x77, 0x72, 0x65, 0x61, 0x74,
    0x68, 0x0, 0x77, 0x72, 0x65, 0x63, 0x6b, 0x61, 0x67, 0x65, 0x0, 0x77, 0x72, 0x65, 0x63, 0x6b,
    0x65, 0x72, 0x0, 0x77, 0x72, 0x65, 0x63, 0x6b, 0x69, 0x6e, 0x67, 0x0, 0x77, 0x72, 0x65, 0x6e,
    0x63, 0x68, 0x0, 0x77, 0x72, 0x69, 0x67, 0x67, 0x6c, 0x65, 0x0, 0x77, 0x72, 0x69, 0x67, 0x67,
    0x6c, 0x79, 0x0, 0x77, 0x72, 0x69, 0x6e, 0x6b, 0x6c, 0x65, 0x0, 0x77, 0x72, 0x69, 0x6e, 0x6b,
    0x6c, 0x79, 0x0, 0x77, 0x72, 0x69, 0x73, 0x74, 0x0, 0x77, 0x72, 0x69, 0x74, 0x69, 0x6e, 0x67,
    0x0, 0x77, 0x72, 0x69, 0x74, 0x74, 0x65, 0x6e, 0x0, 0x77, 0x72, 0x6f, 0x6e, 0x67, 0x64, 0x6f,
    0x65, 0x72, 0x0, 0x77, 0x72, 0x6f, 0x6e, 0x67, 0x65, 0x64, 0x0, 0x77, 0x72, 0x6f, 0x6e, 0x67,
    0x66, 0x75, 0x6c, 0x0, 0x77, 0x72, 0x6f, 0x6e, 0x67, 0x6c, 0x79, 0x0, 0x77, 0x72, 0x6f, 0x6e,
    0x67, 0x6e, 0x65, 0x73, 0x73, 0x0, 0x77, 0x72, 0x6f, 0x75, 0x67, 0x68, 0x74, 0x0, 0x78, 0x62,
    0x6f, 0x78, 0x0, 0x78, 0x65, 0x72, 0x6f, 0x78, 0x0, 0x79, 0x61, 0x68, 0x6f, 0x6f, 0x0, 0x79,
    0x61, 0x6d, 0x0, 0x79, 0x61, 0x6e, 0x6b, 0x69, 0x6e, 0x67, 0x0, 0x79, 0x61, 0x70, 0x70, 0x69,
    0x6e, 0x67, 0x0, 0x79, 0x61, 0x72, 0x64, 0x0, 0x79, 0x61, 0x72, 0x6e, 0x0, 0x79, 0x65, 0x61,
    0x68, 0x0, 0x79, 0x65, 0x61, 0x72, 0x62, 0x6f, 0x6f, 0x6b, 0x0, 0x79, 0x65, 0x61, 0x72, 0x6c,
    0x69, 0x6e, 0x67, 0x0, 0x79, 0x65, 0x61, 0x72, 0x6c, 0x79, 0x0, 0x79, 0x65, 0x61, 0x72, 0x6e,
    0x69, 0x6e, 0x67, 0x0, 0x79, 0x65, 0x61, 0x73, 0x74, 0x0, 0x79, 0x65, 0x6c, 0x6c, 0x69, 0x6e,
    0x67, 0x0, 0x79, 0x65, 0x6c, 0x70, 0x0, 0x79, 0x65, 0x6e, 0x0, 0x79, 0x65, 0x73, 0x74, 0x65,
    0x72, 0x64, 0x61, 0x79, 0x0, 0x79, 0x69, 0x64, 0x64, 0x69, 0x73, 0x68, 0x0, 0x79, 0x69, 0x65,
    0x6c, 0x64, 0x0, 0x79, 0x69, 0x6e, 0x0, 0x79, 0x69, 0x70, 0x70, 0x65, 0x65, 0x0, 0x79, 0x6f,
    0x2d, 0x79, 0x6f, 0x0, 0x79, 0x6f, 0x64, 0x65, 0x6c, 0x0, 0x79, 0x6f, 0x67, 0x61, 0x0, 0x79,
    0x6f, 0x67, 0x75, 0x72, 0x74, 0x0, 0x79, 0x6f, 0x6e, 0x64, 0x65, 0x72, 0x0, 0x79, 0x6f, 0x79,
    0x6f, 0x0, 0x79, 0x75, 0x6d, 0x6d, 0x79, 0x0, 0x7a, 0x61, 0x70, 0x0, 0x7a, 0x65, 0x61, 0x6c,
    0x6f, 0x75, 0x73, 0x0, 0x7a, 0x65, 0x62, 0x72, 0x61, 0x0, 0x7a, 0x65, 0x6e, 0x0, 0x7a, 0x65,
    0x70, 0x70, 0x65, 0x6c, 0x69, 0x6e, 0x0, 0x7a, 0x65, 0x72, 0x6f, 0x0, 0x7a, 0x65, 0x73, 0x74,
    0x66, 0x75, 0x6c, 0x6c, 0x79, 0x0, 0x7a, 0x65, 0x73, 0x74, 0x79, 0x0, 0x7a, 0x69, 0x67, 0x7a,
    0x61, 0x67, 0x67, 0x65, 0x64, 0x0, 0x7a, 0x69, 0x70, 0x66, 0x69, 0x6c, 0x65, 0x0, 0x7a, 0x69,
    0x70, 0x70, 0x69, 0x6e, 0x67, 0x0, 0x7a, 0x69, 0x70, 0x70, 0x79, 0x0, 0x7a, 0x69, 0x70, 0x73,
    0x0, 0x7a, 0x69, 0x74, 0x0, 0x7a, 0x6f, 0x64, 0x69, 0x61, 0x63, 0x0, 0x7a, 0x6f, 0x6d, 0x62,
    0x69, 0x65, 0x0, 0x7a, 0x6f, 0x6e, 0x65, 0x0, 0x7a, 0x6f, 0x6e, 0x69, 0x6e, 0x67, 0x0, 0x7a,
    0x6f, 0x6f, 0x6b, 0x65, 0x65, 0x70, 0x65, 0x72, 0x0, 0x7a, 0x6f, 0x6f, 0x6c, 0x6f, 0x67, 0x69,
    0x73, 0x74, 0x0, 0x7a, 0x6f, 0x6f, 0x6c, 0x6f, 0x67, 0x79, 0x0, 0x7a, 0x6f, 0x6f, 0x6d, 0x0,
};

static const int word_offsets[] = {
    0, 7, 15, 25, 31, 39, 47, 54, 59, 68, 77, 86, 94, 102, 109, 118,
    126, 135, 144, 153, 162, 170, 178, 187, 194, 201, 209, 219, 229, 237, 246, 255,
    264, 272, 281, 288, 293, 299, 308, 316, 321, 329, 337, 344, 351, 360, 370, 377,
    386, 395, 404, 412, 417, 425, 435, 444, 453, 461, 471, 476, 483, 492, 502, 512,
    522, 532, 539, 545, 555, 564, 571, 579, 586, 593, 602, 608, 615, 625, 635, 645,
    655, 665, 670, 678, 685, 692, 698, 708, 715, 721, 729, 735, 744, 752, 762, 768,
    778, 788, 795, 804, 814, 822, 828, 833, 838, 843, 847, 852, 862, 868, 878, 884,
    892, 900, 910, 916, 922, 932, 941, 948, 954, 960, 969, 978, 986, 995, 1002, 1007,
    1013, 1019, 1025, 1035, 1041, 1050, 1058, 1067, 1076, 1081, 1090, 1097, 1104, 1113, 1119, 1129,
    1135, 1144, 1154, 1164, 1173, 1183, 1193, 1200, 1210, 1220, 1227, 1235, 1243, 1252, 1257, 1263,
    1269, 1275, 1283, 1292, 1300, 1309, 1315, 1322, 1331, 1337, 1347, 1355, 1361, 1367, 1374, 1383,
    1390, 1400, 1407, 1415, 1424, 1434, 1442, 1452, 1460, 1467, 1475, 1483, 1491, 1498, 1505, 1514,
    1519, 1529, 1537, 1543, 1550, 1557, 1564, 1572, 1580, 1590, 1600, 1608, 1615, 1623, 1633, 1643,
    1652, 1658, 1668, 1674, 1680, 1689, 1699, 1708, 1717, 1725, 1734, 1742, 1752, 1760, 1770, 1779,
    1788, 1797, 1804, 1812, 1822, 1831, 1838, 1847, 1856, 1866, 1875, 1885, 1894, 1904, 1914, 1924,
    1934, 1941, 1949, 1955, 1961, 1969, 1976, 1984, 1991, 2000, 2009, 2017, 2024, 2033, 2039, 2046,
    2054, 2064, 2071, 2079, 2089, 2099, 2108, 2117, 2127, 2135, 2144, 2150, 2160, 2170, 2178, 2184,
    2194, 2204, 2214, 2224, 2233, 2242, 2250, 2258, 2264, 2270, 2279, 2285, 2290, 2299, 2309, 2319,
    2328, 2333, 2339, 2348, 2357, 2363, 2369, 2379, 2387, 2396, 2402, 2409, 2417, 2424, 2432, 2440,
    2448, 2455, 2463, 2468, 2474, 2480, 2487, 2495, 2503, 2509, 2516, 2524, 2531, 2541, 2550, 2556,
    2560, 2567, 2577, 2584, 2594, 2602, 2608, 2614, 2619, 2625, 2631, 2638, 2648, 2655, 2664, 2671,
    2679, 2688, 2696, 2704, 2714, 2724, 2734, 2741, 2750, 2756, 2761, 2770, 2775, 2782, 2792, 2800,
    2807, 2814, 2822, 2832, 2841, 2851, 2861, 2868, 2874, 2881, 2890, 2900, 2910, 2919, 2927, 2937,
    2946, 2954, 2962, 2971, 2977, 2986, 2996, 3003, 3013, 3020, 3027, 3036, 3046, 3056, 3066, 3076,
    3086, 3096, 3106, 3113, 3120, 3129, 3136, 3144, 3153, 3159, 3168, 3176, 3181, 3187, 3193, 3200,
    3206, 3212, 3219, 3227, 3234, 3240, 3245, 3250, 3257, 3266, 3273, 3280, 3289, 3299, 3309, 3318,
    3325, 3332, 3342, 3351, 3360, 3368, 3378, 3387, 3396, 3406, 3414, 3422, 3431, 3441, 3450, 3459,
    3469, 3478, 3487, 3497, 3506, 3515, 3525, 3534, 3544, 3551, 3560, 3569, 3579, 3588, 3594, 3603,
    3613, 3620, 3626, 3634, 3640, 3648, 3655, 3664, 3670, 3677, 3685, 3692, 3699, 3709, 3717, 3723,
    3731, 3740, 3746, 3753, 3762, 3769, 3777, 3787, 3795, 3801, 3810, 3817, 3824, 3831, 3840, 3846,
    3855, 3864, 3871, 3878, 3886, 3895, 3904, 3911, 3921, 3929, 3936, 3945, 3952, 3960, 3967, 3975,
    3981, 3990, 3998, 4007, 4014, 4022, 4029, 4034, 4044, 4052, 4062, 4069, 4078, 4088, 4096, 4105,
    4115, 4124, 4129, 4139, 4146, 4152, 4158, 4164, 4171, 4178, 4184, 4189, 4195, 4200, 4210, 4219,
    4229, 4237, 4245, 4252, 4259, 4267, 4275, 4283, 4289, 4294, 4300, 4308, 4318, 4328, 4334, 4344,
    4354, 4360, 4369, 4379, 4386, 4394, 4401, 4407, 4413, 4421, 4427, 4433, 4442, 4448, 4454, 4462,
    4470, 4479, 4486, 4491, 4500, 4506, 4515, 4523, 4532, 4537, 4542, 4551, 4560, 4568, 4573, 4580,
    4588, 4594, 4601, 4611, 4617, 4623, 4631, 4638, 4644, 4650, 4659, 4667, 4676, 4685, 4690, 4697,
    4705, 4712, 4719, 4727, 4735, 4745, 4750, 4757, 4764, 4770, 4775, 4779, 4787, 4792, 4800, 4807,
    4815, 4824, 4830, 4839, 4848, 4857, 4863, 4871, 4878, 4885, 4891, 4896, 4906, 4916, 4921, 4931,
    4938, 4944, 4951, 4959, 4968, 4976, 4982, 4988, 4994, 5001, 5009, 5018, 5028, 5033, 5043, 5052,
    5059, 5065, 5070, 5077, 5086, 5093, 5100, 5109, 5116, 5125, 5135, 5145, 5152, 5159, 5165, 5172,
    5180, 5185, 5192, 5199, 5208, 5218, 5226, 5235, 5242, 5249, 5258, 5266, 5274, 5280, 5286, 5292,
    5298, 5306, 5314, 5321, 5331, 5336, 5342, 5348, 5356, 5364, 5374, 5382, 5390, 5400, 5410, 5418,
    5426, 5436, 5446, 5456, 5464, 5473, 5480, 5487, 5497, 5504, 5511, 5520, 5526, 5532, 5540, 5549,
    5559, 5566, 5575, 5584, 5591, 5600, 5606, 5612, 5621, 5627, 5637, 5644, 5653, 5660, 5670, 5677,
    5684, 5691, 5700, 5709, 5719, 5729, 5738, 5747, 5755, 5761, 5768, 5776, 5783, 5790, 5798, 5806,
    5812, 5817, 5823, 5833, 5840, 5845, 5853, 5863, 5873, 5882, 5891, 5899, 5907, 5915, 5924, 5933,
    5942, 5948, 5954, 5961, 5968, 5975, 5983, 5993, 6002, 6008, 6013, 6020, 6025, 6032, 6040, 6045,
    6054, 6059, 6066, 6074, 6081, 6091, 6097, 6105, 6111, 6118, 6124, 6131, 6138, 6144, 6150, 6159,
    6167, 6172, 6180, 6185, 6194, 6203, 6211, 6221, 6230, 6238, 6248, 6253, 6261, 6269, 6277, 6287,
    6293, 6300, 6309, 6316, 6325, 6333, 6342, 6349, 6355, 6362, 6369, 6377, 6384, 6390, 6395, 6402,
    6411, 6420, 6427, 6435, 6442, 6449, 6456, 6462, 6472, 6479, 6487, 6494, 6502, 6510, 6519, 6524,
    6534, 6542, 6550, 6557, 6567, 6575, 6583, 6591, 6601, 6609, 6619, 6627, 6635, 6641, 6649, 6656,
    6666, 6673, 6681, 6690, 6699, 6709, 6719, 6729, 6738, 6745, 6755, 6761, 6768, 6776, 6784, 6793,
    6801, 6811, 6820, 6830, 6836, 6846, 6856, 6864, 6872, 6880, 6887, 6897, 6903, 6910, 6919, 6926,
    6934, 6944, 6954, 6960, 6968, 6976, 6984, 6989, 6994, 7001, 7008, 7015, 7024, 7033, 7042, 7051,
    7059, 7068, 7077, 7086, 7095, 7105, 7113, 7123, 7131, 7140, 7147, 7155, 7164, 7173, 7181, 7191,
    7200, 7208, 7215, 7222, 7229, 7237, 7247, 7254, 7260, 7268, 7278, 7285, 7292, 7302, 7308, 7316,
    7326, 7334, 7343, 7352, 7360, 7367, 7374, 7380, 7387, 7397, 7406, 7415, 7422, 7429, 7436, 7445,
    7454, 7464, 7474, 7484, 7492, 7501, 7510, 7516, 7525, 7531, 7537, 7545, 7555, 7563, 7573, 7582,
    7589, 7596, 7604, 7610, 7616, 7626, 7635, 7643, 7649, 7657, 7667, 7677, 7686, 7694, 7703, 7711,
    7719, 7725, 7733, 7741, 7750, 7756, 7764, 7771, 7780, 7789, 7798, 7806, 7815, 7822, 7831, 7839,
    7845, 7851, 7858, 7865, 7870, 7880, 7888, 7894, 7904, 7911, 7917, 7923, 7931, 7937, 7946, 7953,
    7961, 7967, 7973, 7983, 7993, 8003, 8012, 8022, 8032, 8038, 8044, 8050, 8055, 8064, 8071, 8080,
    8089, 8095, 8104, 8113, 8120, 8130, 8138, 8144, 8152, 8161, 8168, 8173, 8180, 8188, 8197, 8204,
    8211, 8217, 8222, 8229, 8235, 8241, 8247, 8253, 8259, 8268, 8274, 8281, 8290, 8297, 8306, 8315,
    8325, 8332, 8340, 8348, 8357, 8365, 8372, 8379, 8384, 8390, 8396, 8401, 8407, 8416, 8423, 8430,
    8436, 8446, 8452, 8461, 8469, 8477, 8486, 8494, 8503, 8511, 8517, 8523, 8529, 8537, 8544, 8553,
    8558, 8563, 8569, 8575, 8581, 8589, 8595, 8602, 8612, 8621, 8627, 8634, 8642, 8649, 8657, 8666,
    8672, 8679, 8688, 8693, 8700, 8706, 8714, 8720, 8726, 8734, 8743, 8751, 8759, 8768, 8774, 8781,
    8789, 8798, 8808, 8814, 8823, 8830, 8837, 8847, 8854, 8862, 8868, 8878, 8886, 8894, 8903, 8913,
    8923, 8928, 8937, 8944, 8952, 8959, 8965, 8973, 8977, 8986, 8993, 9001, 9008, 9018, 9028, 9038,
    9047, 9057, 9066, 9075, 9080, 9085, 9090, 9095, 9104, 9113, 9121, 9130, 9137, 9147, 9157, 9165,
    9172, 9182, 9191, 9200, 9209, 9216, 9225, 9230, 9235, 9240, 9248, 9254, 9260, 9267, 9273, 9282,
    9290, 9298, 9307, 9315, 9325, 9335, 9342, 9352, 9360, 9370, 9380, 9390, 9400, 9410, 9420, 9428,
    9436, 9443, 9451, 9458, 9468, 9477, 9486, 9496, 9504, 9514, 9523, 9532, 9542, 9551, 9561, 9569,
    9577, 9585, 9594, 9602, 9612, 9620, 9626, 9636, 9644, 9653, 9662, 9669, 9678, 9688, 9698, 9706,
    9716, 9726, 9734, 9739, 9747, 9756, 9766, 9776, 9785, 9795, 9805, 9814, 9824, 9832, 9841, 9849,
    9858, 9867, 9876, 9886, 9896, 9906, 9916, 9925, 9934, 9942, 9952, 9960, 9969, 9979, 9989, 9999,
    10007, 10015, 10025, 10035, 10045, 10054, 10064, 10074, 10084, 10092, 10101, 10111, 10119, 10129, 10138, 10146,
    10156, 10166, 10175, 10183, 10191, 10199, 10207, 10216, 10224, 10234, 10242, 10250, 10260, 10265, 10272, 10279,
    10287, 10294, 10302, 10309, 10314, 10320, 10325, 10334, 10344, 10352, 10359, 10366, 10373, 10383, 10393, 10402,
    10411, 10421, 10427, 10436, 10444, 10453, 10463, 10470, 10478, 10487, 10495, 10505, 10515, 10523, 10530, 10537,
    10546, 10556, 10563, 10570, 10580, 10585, 10593, 10600, 10606, 10612, 10618, 10628, 10638, 10647, 10657, 10665,
    10672, 10680, 10689, 10695, 10703, 10712, 10720, 10727, 10736, 10741, 10750, 10760, 10769, 10778, 10785, 10794,
    10802, 10811, 10821, 10831, 10838, 10844, 10854, 10860, 10868, 10876, 10882, 10888, 10894, 10902, 10911, 10920,
    10929, 10938, 10945, 10952, 10960, 10970, 10976, 10984, 10992, 11002, 11009, 11018, 11028, 11035, 11044, 11053,
    11062, 11071, 11080, 11087, 11093, 11099, 11106, 11112, 11118, 11127, 11135, 11144, 11154, 11162, 11171, 11179,
    11188, 11193, 11201, 11207, 11213, 11219, 11227, 11234, 11243, 11251, 11259, 11267, 11276, 11284, 11294, 11301,
    11310, 11318, 11324, 11330, 11336, 11342, 11347, 11353, 11360, 11368, 11376, 11382, 11388, 11396, 11404, 11414,
    11422, 11432, 11440, 11446, 11456, 11463, 11471, 11480, 11489, 11499, 11507, 11516, 11526, 11534, 11542, 11551,
    11557, 11562, 11569, 11577, 11585, 11595, 11600, 11608, 11616, 11625, 11632, 11639, 11648, 11657, 11667, 11676,
    11684, 11694, 11703, 11711, 11721, 11729, 11735, 11742, 11750, 11758, 11766, 11773, 11778, 11785, 11792, 11799,
    11806, 11816, 11824, 11830, 11836, 11842, 11850, 11857, 11865, 11872, 11879, 11889, 11895, 11901, 11907, 11912,
    11919, 11927, 11937, 11945, 11955, 11964, 11974, 11982, 11986, 11992, 11999, 12007, 12015, 12024, 12031, 12041,
    12051, 12055, 12059, 12068, 12075, 12081, 12090, 12097, 12103, 12109, 12118, 12124, 12132, 12142, 12149, 12158,
    12164, 12171, 12178, 12187, 12197, 12203, 12212, 12221, 12231, 12239, 12248, 12257, 12265, 12270, 12275, 12285,
    12290, 12300, 12305, 12314, 12321, 12330, 12339, 12347, 12352, 12359, 12368, 12376, 12385, 12394, 12402, 12410,
    12418, 12426, 12435, 12442, 12452, 12461, 12468, 12476, 12486, 12492, 12497, 12507, 12514, 12523, 12529, 12537,
    12546, 12553, 12559, 12566, 12573, 12579, 12585, 12595, 12601, 12610, 12617, 12626, 12636, 12645, 12653, 12660,
    12670, 12680, 12688, 12698, 12706, 12716, 12725, 12730, 12739, 12747, 12754, 12764, 12774, 12784, 12790, 12799,
    12806, 12815, 12825, 12832, 12839, 12844, 12849, 12856, 12863, 12872, 12879, 12888, 12895, 12903, 12910, 12920,
    12930, 12940, 12949, 12957, 12967, 12976, 12985, 12994, 13002, 13009, 13018, 13025, 13034, 13042, 13052, 13061,
    13071, 13081, 13087, 13096, 13104, 13112, 13119, 13126, 13131, 13140, 13150, 13159, 13166, 13176, 13182, 13191,
    13197, 13206, 13216, 13223, 13232, 13241, 13250, 13260, 13270, 13280, 13289, 13299, 13308, 13316, 13322, 13329,
    13338, 13345, 13355, 13365, 13374, 13381, 13391, 13400, 13407, 13416, 13426, 13436, 13445, 13452, 13458, 13465,
    13471, 13479, 13486, 13494, 13502, 13507, 13517, 13527, 13536, 13546, 13553, 13561, 13571, 13580, 13587, 13594,
    13601, 13610, 13620, 13630, 13638, 13646, 13652, 13661, 13668, 13675, 13684, 13690, 13698, 13708, 13716, 13726,
    13736, 13745, 13754, 13764, 13774, 13782, 13791, 13800, 13808, 13816, 13824, 13832, 13842, 13851, 13860, 13867,
    13877, 13887, 13896, 13906, 13916, 13923, 13932, 13942, 13951, 13959, 13965, 13973, 13982, 13990, 13998, 14008,
    14017, 14024, 14032, 14042, 14050, 14059, 14068, 14078, 14087, 14097, 14107, 14116, 14125, 14134, 14144, 14154,
    14162, 14167, 14176, 14183, 14193, 14199, 14204, 14211, 14219, 14229, 14238, 14248, 14257, 14266, 14276, 14286,
    14290, 14299, 14309, 14318, 14323, 14330, 14335, 14344, 14350, 14357, 14364, 14372, 14379, 14385, 14393, 14400,
    14410, 14416, 14422, 14429, 14436, 14444, 14452, 14460, 14467, 14474, 14482, 14491, 14501, 14511, 14520, 14530,
    14539, 14549, 14558, 14567, 14576, 14583, 14592, 14601, 14609, 14619, 14628, 14636, 14644, 14654, 14663, 14672,
    14681, 14691, 14700, 14708, 14716, 14726, 14736, 14745, 14750, 14760, 14768, 14773, 14781, 14791, 14801, 14810,
    14819, 14829, 14836, 14844, 14853, 14861, 14870, 14877, 14887, 14897, 14906, 14915, 14925, 14935, 14945, 14954,
    14962, 14972, 14981, 14989, 14998, 15006, 15016, 15024, 15033, 15042, 15050, 15059, 15067, 15076, 15084, 15093,
    15102, 15111, 15120, 15126, 15132, 15138, 15148, 15156, 15165, 15174, 15183, 15192, 15199, 15208, 15218, 15228,
    15237, 15246, 15255, 15265, 15271, 15278, 15285, 15290, 15299, 15308, 15314, 15320, 15326, 15332, 15337, 15344,
    15354, 15361, 15367, 15375, 15382, 15391, 15400, 15409, 15418, 15426, 15435, 15443, 15449, 15455, 15462, 15471,
    15481, 15490, 15498, 15506, 15515, 15524, 15533, 15542, 15550, 15556, 15561, 15571, 15578, 15585, 15590, 15597,
    15606, 15613, 15618, 15623, 15629, 15634, 15639, 15648, 15658, 15668, 15677, 15687, 15696, 15704, 15712, 15722,
    15731, 15741, 15747, 15755, 15763, 15768, 15776, 15785, 15795, 15805, 15814, 15824, 15834, 15844, 15851, 15858,
    15867, 15874, 15881, 15887, 15892, 15900, 15906, 15912, 15918, 15926, 15935, 15945, 15954, 15963, 15970, 15979,
    15986, 15993, 16002, 16010, 16018, 16026, 16032, 16038, 16044, 16054, 16062, 16071, 16079, 16087, 16095, 16101,
    16107, 16116, 16123, 16128, 16132, 16139, 16149, 16157, 16166, 16174, 16183, 16192, 16198, 16203, 16208, 16215,
    16222, 16226, 16231, 16238, 16247, 16252, 16260, 16269, 16278, 16282, 16287, 16294, 16304, 16314, 16322, 16330,
    16339, 16346, 16353, 16358, 16363, 16371, 16376, 16382, 16388, 16394, 16402, 16410, 16419, 16427, 16437, 16445,
    16454, 16462, 16471, 16480, 16485, 16491, 16499, 16507, 16515, 16522, 16530, 16536, 16544, 16552, 16561, 16570,
    16579, 16587, 16595, 16603, 16613, 16623, 16631, 16641, 16648, 16655, 16663, 16669, 16677, 16684, 16693, 16700,
    16710, 16720, 16727, 16736, 16744, 16750, 16757, 16764, 16769, 16774, 16780, 16786, 16792, 16802, 16807, 16814,
    16822, 16832, 16840, 16849, 16859, 16867, 16877, 16887, 16892, 16901, 16908, 16913, 16921, 16928, 16937, 16947,
    16956, 16960, 16970, 16978, 16988, 16995, 17005, 17012, 17019, 17028, 17037, 17047, 17055, 17065, 17072, 17078,
    17088, 17096, 17103, 17109, 17119, 17127, 17134, 17144, 17153, 17162, 17171, 17179, 17189, 17199, 17208, 17215,
    17219, 17228, 17237, 17247, 17253, 17261, 17268, 17272, 17280, 17289, 17293, 17303, 17309, 17319, 17328, 17338,
    17344, 17352, 17358, 17364, 17372, 17379, 17387, 17397, 17407, 17413, 17422, 17430, 17437, 17444, 17453, 17460,
    17470, 17476, 17484, 17494, 17503, 17508, 17514, 17523, 17531, 17540, 17548, 17556, 17565, 17574, 17584, 17593,
    17603, 17612, 17621, 17630, 17639, 17647, 17655, 17665, 17671, 17675, 17682, 17692, 17699, 17709, 17719, 17728,
    17736, 17746, 17753, 17760, 17770, 17780, 17789, 17797, 17805, 17814, 17823, 17833, 17839, 17846, 17854, 17862,
    17872, 17882, 17890, 17900, 17909, 17919, 17929, 17938, 17948, 17957, 17964, 17973, 17982, 17990, 17999, 18006,
    18014, 18023, 18032, 18042, 18050, 18057, 18065, 18075, 18085, 18095, 18103, 18112, 18122, 18131, 18141, 18151,
    18160, 18169, 18176, 18183, 18190, 18198, 18206, 18213, 18220, 18230, 18239, 18249, 18258, 18265, 18273, 18280,
    18287, 18297, 18304, 18311, 18320, 18328, 18337, 18345, 18355, 18364, 18373, 18382, 18390, 18399, 18405, 18410,
    18417, 18422, 18431, 18441, 18451, 18460, 18469, 18479, 18488, 18497, 18505, 18511, 18518, 18527, 18535, 18543,
    18553, 18560, 18570, 18580, 18589, 18596, 18603, 18611, 18621, 18628, 18635, 18643, 18649, 18655, 18664, 18674,
    18684, 18693, 18702, 18711, 18718, 18728, 18738, 18747, 18755, 18761, 18769, 18779, 18789, 18796, 18805, 18814,
    18824, 18834, 18843, 18851, 18859, 18868, 18876, 18882, 18892, 18899, 18909, 18918, 18926, 18932, 18941, 18951,
    18961, 18969, 18977, 18982, 18992, 19002, 19012, 19021, 19030, 19036, 19045, 19053, 19058, 19064, 19074, 19081,
    19087, 19095, 19103, 19112, 19122, 19132, 19142, 19149, 19158, 19168, 19177, 19185, 19193, 19203, 19213, 19223,
    19233, 19243, 19253, 19263, 19273, 19280, 19290, 19300, 19310, 19320, 19326, 19331, 19341, 19348, 19356, 19363,
    19369, 19378, 19383, 19390, 19400, 19409, 19418, 19425, 19433, 19443, 19453, 19463, 19473, 19483, 19489, 19496,
    19505, 19515, 19522, 19529, 19538, 19546, 19556, 19565, 19573, 19581, 19589, 19599, 19608, 19617, 19627, 19634,
    19643, 19651, 19661, 19671, 19680, 19690, 19697, 19707, 19716, 19725, 19733, 19743, 19753, 19760, 19770, 19778,
    19788, 19798, 19804, 19811, 19820, 19829, 19839, 19848, 19857, 19866, 19876, 19884, 19891, 19900, 19907, 19917,
    19925, 19933, 19940, 19950, 19958, 19966, 19971, 19978, 19986, 19993, 19998, 20004, 20012, 20017, 20026, 20033,
    20040, 20049, 20057, 20065, 20075, 20081, 20089, 20094, 20102, 20112, 20122, 20130, 20138, 20147, 20154, 20162,
    20171, 20178, 20188, 20198, 20206, 20215, 20224, 20228, 20234, 20242, 20249, 20256, 20261, 20266, 20273, 20280,
    20289, 20298, 20307, 20316, 20325, 20331, 20337, 20345, 20352, 20360, 20369, 20379, 20388, 20395, 20402, 20408,
    20415, 20422, 20431, 20439, 20449, 20455, 20461, 20467, 20473, 20481, 20488, 20497, 20506, 20516, 20524, 20532,
    20538, 20547, 20553, 20561, 20568, 20577, 20584, 20591, 20598, 20606, 20611, 20618, 20624, 20633, 20640, 20649,
    20658, 20666, 20674, 20684, 20690, 20699, 20705, 20713, 20722, 20731, 20741, 20748, 20756, 20764, 20773, 20777,
    20782, 20790, 20798, 20807, 20816, 20826, 20836, 20842, 20850, 20856, 20862, 20872, 20880, 20889, 20898, 20903,
    20911, 20921, 20931, 20941, 20950, 20959, 20966, 20972, 20980, 20989, 20996, 21005, 21013, 21023, 21033, 21042,
    21050, 21059, 21068, 21077, 21087, 21097, 21106, 21111, 21119, 21126, 21132, 21138, 21145, 21152, 21158, 21164,
    21169, 21175, 21181, 21187, 21196, 21201, 21208, 21216, 21222, 21231, 21239, 21247, 21253, 21260, 21268, 21277,
    21282, 21286, 21290, 21295, 21301, 21306, 21315, 21322, 21331, 21338, 21347, 21354, 21359, 21364, 21369, 21377,
    21386, 21395, 21405, 21412, 21421, 21430, 21439, 21447, 21456, 21464, 21473, 21481, 21490, 21500, 21509, 21517,
    21526, 21535, 21544, 21551, 21558, 21566, 21575, 21584, 21588, 21594, 21603, 21612, 21620, 21630, 21639, 21649,
    21658, 21664, 21670, 21678, 21686, 21696, 21703, 21711, 21717, 21726, 21735, 21744, 21752, 21760, 21768, 21777,
    21786, 21794, 21803, 21810, 21820, 21829, 21839, 21848, 21856, 21865, 21875, 21884, 21892, 21899, 21908, 21915,
    21925, 21934, 21940, 21948, 21956, 21965, 21972, 21979, 21985, 21992, 22001, 22011, 22021, 22030, 22036, 22043,
    22051, 22057, 22065, 22075, 22082, 22087, 22093, 22103, 22111, 22120, 22129, 22139, 22146, 22152, 22158, 22165,
    22174, 22184, 22193, 22199, 22209, 22216, 22220, 22226, 22230, 22240, 22248, 22254, 22259, 22269, 22278, 22286,
    22293, 22300, 22308, 22318, 22325, 22335, 22344, 22349, 22356, 22362, 22369, 22376, 22385, 22393, 22397, 22404,
    22412, 22419, 22426, 22434, 22441, 22449, 22456, 22464, 22471, 22475, 22484, 22494, 22501, 22509, 22518, 22524,
    22529, 22534, 22541, 22546, 22552, 22557, 22564, 22568, 22575, 22583, 22592, 22601, 22607, 22615, 22625, 22632,
    22638, 22648, 22657, 22667, 22675, 22685, 22694, 22703, 22710, 22720, 22730, 22740, 22749, 22759, 22767, 22777,
    22785, 22793, 22801, 22807, 22813, 22823, 22830, 22838, 22848, 22854, 22859, 22868, 22878, 22887, 22894, 22903,
    22910, 22917, 22924, 22930, 22938, 22945, 22954, 22960, 22966, 22973, 22979, 22987, 22995, 23003, 23009, 23019,
    23026, 23036, 23044, 23051, 23060, 23070, 23076, 23084, 23090, 23099, 23107, 23116, 23124, 23131, 23139, 23147,
    23155, 23163, 23170, 23178, 23185, 23193, 23202, 23211, 23218, 23228, 23238, 23246, 23255, 23261, 23267, 23273,
    23281, 23290, 23298, 23303, 23310, 23320, 23328, 23335, 23340, 23345, 23354, 23359, 23367, 23373, 23382, 23391,
    23401, 23406, 23414, 23420, 23428, 23433, 23438, 23443, 23449, 23458, 23468, 23474, 23481, 23486, 23493, 23498,
    23505, 23514, 23519, 23527, 23534, 23541, 23548, 23553, 23558, 23563, 23572, 23582, 23591, 23601, 23608, 23615,
    23624, 23632, 23642, 23651, 23660, 23668, 23677, 23683, 23692, 23701, 23709, 23717, 23725, 23734, 23742, 23749,
    23757, 23763, 23772, 23778, 23784, 23792, 23802, 23808, 23814, 23824, 23832, 23840, 23850, 23859, 23866, 23876,
    23883, 23893, 23903, 23911, 23917, 23922, 23930, 23939, 23948, 23958, 23965, 23971, 23979, 23988, 23993, 24003,
    24008, 24014, 24024, 24033, 24042, 24048, 24056, 24066, 24072, 24082, 24088, 24095, 24104, 24109, 24117, 24122,
    24131, 24138, 24144, 24150, 24157, 24166, 24173, 24179, 24186, 24194, 24200, 24206, 24213, 24221, 24227, 24232,
    24239, 24248, 24257, 24265, 24273, 24283, 24291, 24300, 24307, 24313, 24323, 24332, 24341, 24347, 24355, 24365,
    24371, 24376, 24385, 24391, 24396, 24404, 24412, 24422, 24430, 24436, 24443, 24452, 24457, 24462, 24468, 24474,
    24482, 24487, 24494, 24498, 24506, 24515, 24525, 24534, 24542, 24551, 24558, 24565, 24573, 24581, 24585, 24593,
    24599, 24604, 24612, 24617, 24624, 24631, 24641, 24648, 24656, 24663, 24671, 24681, 24689, 24698, 24707, 24717,
    24726, 24735, 24745, 24755, 24764, 24771, 24779, 24788, 24796, 24805, 24815, 24825, 24835, 24843, 24851, 24860,
    24869, 24877, 24886, 24896, 24905, 24913, 24921, 24931, 24941, 24951, 24960, 24969, 24979, 24989, 24998, 25007,
    25015, 25024, 25031, 25041, 25048, 25054, 25064, 25074, 25082, 25091, 25099, 25109, 25115, 25122, 25131, 25140,
    25150, 25159, 25168, 25177, 25187, 25195, 25204, 25214, 25221, 25230, 25239, 25248, 25258, 25267, 25273, 25281,
    25290, 25300, 25310, 25320, 25328, 25336, 25344, 25350, 25358, 25363, 25370, 25376, 25384, 25394, 25400, 25407,
    25417, 25426, 25434, 25443, 25453, 25458, 25466, 25473, 25479, 25485, 25492, 25501, 25508, 25517, 25524, 25529,
    25538, 25547, 25557, 25567, 25577, 25584, 25591, 25601, 25610, 25618, 25627, 25636, 25645, 25655, 25665, 25674,
    25683, 25693, 25701, 25710, 25720, 25730, 25738, 25747, 25752, 25757, 25763, 25771, 25781, 25789, 25795, 25803,
    25813, 25819, 25826, 25833, 25840, 25848, 25856, 25865, 25874, 25882, 25892, 25898, 25907, 25913, 25920, 25927,
    25937, 25943, 25952, 25959, 25967, 25975, 25983, 25991, 25997, 26007, 26016, 26025, 26033, 26042, 26049, 26056,
    26065, 26070, 26074, 26079, 26084, 26089, 26095, 26102, 26111, 26118, 26124, 26134, 26143, 26151, 26158, 26168,
    26177, 26187, 26196, 26205, 26212, 26219, 26229, 26239, 26246, 26255, 26262, 26267, 26274, 26282, 26291, 26300,
    26307, 26314, 26321, 26329, 26336, 26346, 26354, 26360, 26365, 26373, 26378, 26385, 26395, 26399, 26406, 26414,
    26423, 26433, 26442, 26452, 26462, 26472, 26479, 26488, 26497, 26506, 26516, 26526, 26536, 26546, 26556, 26566,
    26570, 26578, 26584, 26589, 26594, 26598, 26607, 26616, 26625, 26633, 26643, 26653, 26662, 26671, 26680, 26687,
    26693, 26698, 26704, 26713, 26720, 26727, 26737, 26746, 26755, 26761, 26771, 26780, 26788, 26797, 26805, 26815,
    26824, 26832, 26842, 26851, 26860, 26869, 26879, 26888, 26898, 26908, 26917, 26926, 26935, 26942, 26949, 26959,
    26967, 26976, 26986, 26996, 27005, 27012, 27020, 27030, 27040, 27049, 27057, 27067, 27077, 27083, 27092, 27102,
    27111, 27118, 27127, 27137, 27147, 27156, 27164, 27174, 27182, 27191, 27201, 27210, 27218, 27228, 27238, 27248,
    27256, 27266, 27273, 27282, 27289, 27296, 27300, 27305, 27312, 27317, 27323, 27327, 27332, 27342, 27351, 27361,
    27371, 27380, 27389, 27397, 27406, 27415, 27425, 27435, 27443, 27449, 27457, 27467, 27475, 27480, 27490, 27497,
    27503, 27507, 27511, 27518, 27525, 27535, 27543, 27552, 27562, 27569, 27579, 27588, 27592, 27600, 27608, 27615,
    27623, 27631, 27640, 27646, 27651, 27657, 27665, 27673, 27678, 27686, 27696, 27701, 27706, 27716, 27724, 27730,
    27737, 27744, 27748, 27754, 27761, 27767, 27774, 27783, 27788, 27796, 27804, 27808, 27815, 27825, 27832, 27840,
    27845, 27853, 27862, 27871, 27881, 27887, 27892, 27896, 27903, 27912, 27922, 27929, 27937, 27946, 27956, 27965,
    27971, 27981, 27990, 28000, 28005, 28012, 28021, 28029, 28035, 28045, 28051, 28059, 28067, 28072, 28079, 28085,
    28090, 28099, 28108, 28113, 28120, 28128, 28135, 28143, 28152, 28159, 28165, 28170, 28178, 28188, 28196, 28203,
    28212, 28221, 28227, 28236, 28244, 28251, 28257, 28263, 28270, 28279, 28284, 28288, 28293, 28300, 28305, 28314,
    28323, 28330, 28335, 28340, 28349, 28358, 28368, 28377, 28382, 28389, 28396, 28405, 28412, 28421, 28429, 28437,
    28445, 28450, 28458, 28466, 28476, 28485, 28492, 28500, 28508, 28513, 28520, 28526, 28531, 28539, 28548, 28553,
    28559, 28568, 28574, 28580, 28586, 28593, 28601, 28607, 28612, 28620, 28628, 28637, 28647, 28656, 28663, 28670,
    28676, 28684, 28693, 28700, 28708, 28715, 28720, 28725, 28731, 28738, 28747, 28756, 28764, 28773, 28782, 28791,
    28800, 28809, 28818, 28827, 28837, 28847, 28856, 28866, 28875, 28885, 28891, 28899, 28906, 28912, 28919, 28927,
    28934, 28939, 28945, 28950, 28955, 28961, 28966, 28972, 28977, 28984, 28993, 29001, 29008, 29017, 29024, 29032,
    29040, 29047, 29056, 29063, 29072, 29079, 29088, 29093, 29102, 29107, 29114, 29120, 29127, 29134, 29143, 29151,
    29159, 29169, 29174, 29182, 29189, 29199, 29207, 29213, 29218, 29225, 29230, 29235, 29243, 29250, 29258, 29268,
    29277, 29284, 29292, 29298, 29307, 29314, 29323, 29333, 29343, 29350, 29358, 29368, 29376, 29384, 29393, 29397,
    29402, 29409, 29417, 29425, 29434, 29441, 29450, 29459, 29466, 29472, 29478, 29483, 29488, 29496, 29506, 29512,
    29518, 29526, 29535, 29540, 29546, 29555, 29564, 29571, 29578, 29587, 29595, 29600, 29605, 29609, 29617, 29625,
    29632, 29637, 29642, 29651, 29661, 29668, 29675, 29682, 29690, 29696, 29703, 29709, 29719, 29727, 29734, 29741,
    29751, 29761, 29767, 29775, 29785, 29794, 29804, 29814, 29821, 29830, 29838, 29845, 29855, 29864, 29874, 29882,
    29890, 29897, 29903, 29912, 29921, 29931, 29941, 29946, 29952, 29957, 29967, 29972, 29979, 29988, 29995, 30005,
    30013, 30023, 30032, 30038, 30048, 30055, 30061, 30071, 30080, 30089, 30096, 30105, 30114, 30120, 30125, 30133,
    30143, 30152, 30160, 30167, 30175, 30184, 30190, 30200, 30209, 30219, 30229, 30239, 30247, 30257, 30266, 30275,
    30282, 30291, 30299, 30309, 30318, 30327, 30333, 30343, 30350, 30360, 30365, 30370, 30377, 30385, 30395, 30403,
    30412, 30420, 30429, 30437, 30447, 30456, 30463, 30470, 30476, 30482, 30492, 30500, 30508, 30516, 30526, 30535,
    30545, 30552, 30560, 30568, 30578, 30584, 30592, 30599, 30607, 30613, 30622, 30629, 30636, 30643, 30648, 30652,
    30661, 30671, 30679, 30687, 30696, 30702, 30708, 30718, 30728, 30735, 30744, 30751, 30758, 30766, 30775, 30782,
    30792, 30799, 30807, 30814, 30820, 30830, 30837, 30847, 30857, 30865, 30872, 30882, 30889, 30897, 30906, 30913,
    30921, 30929, 30937, 30947, 30956, 30964, 30973, 30983, 30992, 31001, 31011, 31016, 31023, 31033, 31043, 31050,
    31057, 31064, 31071, 31080, 31089, 31098, 31104, 31113, 31122, 31130, 31136, 31143, 31153, 31160, 31168, 31175,
    31184, 31193, 31201, 31207, 31214, 31221, 31230, 31237, 31245, 31255, 31262, 31270, 31280, 31289, 31295, 31304,
    31309, 31319, 31328, 31337, 31345, 31349, 31359, 31366, 31375, 31384, 31394, 31404, 31414, 31423, 31431, 31439,
    31448, 31457, 31466, 31476, 31485, 31494, 31503, 31512, 31521, 31530, 31538, 31548, 31556, 31565, 31573, 31583,
    31589, 31596, 31605, 31612, 31622, 31631, 31639, 31648, 31658, 31668, 31678, 31687, 31691, 31698, 31707, 31715,
    31725, 31734, 31743, 31752, 31758, 31768, 31777, 31787, 31797, 31805, 31814, 31821, 31827, 31832, 31841, 31851,
    31858, 31867, 31877, 31884, 31894, 31900, 31906, 31916, 31925, 31933, 31942, 31950, 31959, 31965, 31975, 31985,
    31991, 31997, 32005, 32010, 32016, 32023, 32029, 32036, 32041, 32046, 32050, 32054, 32063, 32069, 32074, 32081,
    32089, 32098, 32107, 32117, 32127, 32134, 32143, 32149, 32159, 32167, 32173, 32179, 32188, 32196, 32206, 32213,
    32219, 32229, 32235, 32245, 32254, 32261, 32269, 32279, 32288, 32294, 32300, 32307, 32317, 32323, 32331, 32339,
    32346, 32356, 32362, 32370, 32377, 32386, 32391, 32401, 32411, 32418, 32423, 32430, 32437, 32444, 32452, 32462,
    32470, 32475, 32481, 32485, 32490, 32495, 32502, 32508, 32518, 32523, 32530, 32537, 32545, 32551, 32558, 32566,
    32576, 32585, 32592, 32601, 32609, 32616, 32625, 32634, 32643, 32653, 32658, 32665, 32673, 32680, 32689, 32696,
    32705, 32712, 32722, 32729, 32736, 32745, 32754, 32764, 32773, 32783, 32793, 32801, 32809, 32814, 32821, 32826,
    32834, 32840, 32845, 32849, 32859, 32866, 32875, 32884, 32891, 32899, 32905, 32910, 32917, 32926, 32935, 32941,
    32947, 32954, 32961, 32970, 32980, 32986, 32995, 33001, 33009, 33016, 33024, 33031, 33039, 33046, 33054, 33061,
    33070, 33078, 33087, 33097, 33105, 33114, 33123, 33131, 33139, 33147, 33155, 33163, 33170, 33179, 33188, 33198,
    33204, 33211, 33217, 33221, 33225, 33231, 33235, 33245, 33254, 33263, 33270, 33279, 33287, 33296, 33306, 33313,
    33323, 33328, 33336, 33346, 33356, 33365, 33375, 33384, 33394, 33404, 33413, 33422, 33432, 33441, 33448, 33458,
    33465, 33473, 33483, 33493, 33502, 33511, 33518, 33524, 33531, 33539, 33546, 33554, 33562, 33567, 33571, 33576,
    33585, 33590, 33594, 33600, 33609, 33615, 33620, 33628, 33637, 33642, 33651, 33659, 33668, 33676, 33682, 33689,
    33698, 33703, 33712, 33718, 33726, 33736, 33744, 33749, 33756, 33761, 33766, 33771, 33776, 33784, 33789, 33794,
    33803, 33811, 33821, 33831, 33841, 33850, 33856, 33864, 33873, 33880, 33889, 33898, 33908, 33918, 33922, 33932,
    33940, 33946, 33952, 33957, 33963, 33969, 33976, 33984, 33991, 34000, 34009, 34018, 34027, 34035, 34044, 34052,
    34061, 34070, 34076, 34085, 34092, 34101, 34110, 34118, 34127, 34134, 34142, 34149, 34157, 34165, 34174, 34183,
    34191, 34201, 34211, 34219, 34227, 34234, 34242, 34250, 34259, 34268, 34277, 34285, 34294, 34303, 34312, 34322,
    34331, 34341, 34351, 34360, 34369, 34377, 34386, 34393, 34398, 34404, 34409, 34417, 34425, 34434, 34442, 34451,
    34460, 34470, 34480, 34489, 34499, 34508, 34517, 34526, 34535, 34545, 34555, 34565, 34575, 34585, 34593, 34603,
    34613, 34623, 34631, 34640, 34649, 34658, 34667, 34677, 34686, 34695, 34704, 34713, 34722, 34731, 34740, 34750,
    34759, 34769, 34778, 34786, 34794, 34803, 34812, 34821, 34831, 34841, 34850, 34858, 34868, 34877, 34887, 34897,
    34906, 34916, 34926, 34935, 34944, 34953, 34961, 34971, 34980, 34990, 35000, 35010, 35019, 35029, 35039, 35048,
    35057, 35067, 35077, 35087, 35096, 35106, 35115, 35123, 35132, 35141, 35150, 35158, 35168, 35177, 35187, 35191,
    35198, 35206, 35216, 35224, 35234, 35241, 35250, 35257, 35263, 35269, 35279, 35287, 35296, 35305, 35314, 35321,
    35328, 35336, 35343, 35352, 35360, 35366, 35372, 35379, 35387, 35394, 35404, 35409, 35418, 35428, 35435, 35444,
    35453, 35461, 35470, 35477, 35485, 35494, 35500, 35509, 35514, 35524, 35530, 35538, 35547, 35557, 35565, 35575,
    35582, 35588, 35598, 35608, 35615, 35621, 35629, 35637, 35646, 35656, 35663, 35671, 35681, 35690, 35700, 35710,
    35720, 35729, 35739, 35749, 35759, 35768, 35777, 35787, 35794, 35802, 35812, 35819, 35826, 35832, 35840, 35848,
    35855, 35864, 35871, 35878, 35886, 35894, 35902, 35909, 35917, 35927, 35934, 35942, 35952, 35958, 35967, 35976,
    35984, 35993, 36003, 36012, 36020, 36028, 36036, 36046, 36055, 36064, 36073, 36079, 36086, 36093, 36101, 36108,
    36117, 36125, 36131, 36141, 36148, 36157, 36167, 36172, 36181, 36189, 36195, 36205, 36213, 36220, 36230, 36240,
    36247, 36256, 36262, 36272, 36281, 36288, 36295, 36303, 36311, 36320, 36327, 36333, 36339, 36346, 36354, 36363,
    36371, 36378, 36385, 36391, 36398, 36407, 36416, 36426, 36435, 36444, 36454, 36463, 36471, 36478, 36483, 36490,
    36499, 36507, 36514, 36522, 36530, 36540, 36549, 36557, 36567, 36573, 36580, 36588, 36597, 36607, 36611, 36620,
    36628, 36634, 36644, 36654, 36664, 36674, 36682, 36692, 36699, 36708, 36716, 36726, 36732, 36737, 36746, 36756,
    36766, 36776, 36786, 36796, 36806, 36812, 36817, 36827, 36837, 36844, 36854, 36860, 36867, 36876, 36882, 36892,
    36899, 36909, 36919, 36925, 36933, 36941, 36948, 36956, 36966, 36973, 36981, 36991, 36997, 37007, 37013, 37020,
    37029, 37037, 37045, 37054, 37060, 37068, 37074, 37081, 37089, 37097, 37104, 37113, 37121, 37130, 37139, 37147,
    37156, 37166, 37176, 37185, 37194, 37201, 37209, 37219, 37229, 37237, 37246, 37256, 37265, 37273, 37281, 37290,
    37298, 37308, 37317, 37323, 37332, 37338, 37345, 37355, 37362, 37371, 37381, 37389, 37394, 37399, 37404, 37409,
    37414, 37420, 37425, 37433, 37442, 37449, 37454, 37464, 37472, 37478, 37482, 37487, 37492, 37497, 37505, 37513,
    37522, 37532, 37539, 37545, 37552, 37558, 37565, 37571, 37578, 37585, 37591, 37598, 37607, 37613, 37618, 37628,
    37636, 37646, 37654, 37661, 37666, 37671, 37679, 37684, 37691, 37698, 37704, 37713, 37722, 37730, 37739, 37749,
    37754, 37761, 37770, 37779, 37786, 37796, 37805, 37813, 37820, 37829, 37835, 37840, 37847, 37856, 37865, 37872,
    37880, 37887, 37895, 37904, 37911, 37918, 37926, 37936, 37944, 37952, 37958, 37965, 37974, 37980, 37988, 37993,
    38002, 38012, 38020, 38026, 38033, 38037, 38046, 38053, 38062, 38070, 38079, 38089, 38096, 38104, 38113, 38123,
    38131, 38140, 38149, 38157, 38167, 38175, 38182, 38191, 38201, 38209, 38217, 38224, 38234, 38244, 38252, 38262,
    38271, 38281, 38291, 38298, 38306, 38315, 38324, 38332, 38341, 38351, 38360, 38368, 38375, 38383, 38390, 38400,
    38410, 38420, 38427, 38435, 38445, 38453, 38459, 38467, 38477, 38485, 38495, 38505, 38514, 38522, 38529, 38537,
    38545, 38555, 38563, 38571, 38580, 38587, 38597, 38606, 38612, 38619, 38629, 38637, 38645, 38652, 38658, 38667,
    38673, 38679, 38685, 38692, 38699, 38708, 38716, 38724, 38734, 38740, 38750, 38759, 38768, 38778, 38784, 38792,
    38802, 38810, 38820, 38828, 38837, 38847, 38856, 38865, 38873, 38881, 38889, 38897, 38907, 38917, 38927, 38935,
    38944, 38954, 38962, 38972, 38980, 38989, 38999, 39008, 39018, 39028, 39038, 39047, 39057, 39066, 39075, 39081,
    39087, 39097, 39104, 39113, 39123, 39130, 39140, 39149, 39158, 39168, 39177, 39185, 39191, 39199, 39209, 39218,
    39225, 39235, 39245, 39254, 39263, 39269, 39278, 39285, 39292, 39301, 39310, 39320, 39329, 39337, 39345, 39355,
    39365, 39373, 39381, 39390, 39400, 39406, 39413, 39419, 39429, 39435, 39443, 39447, 39455, 39462, 39472, 39479,
    39486, 39490, 39495, 39505, 39510, 39518, 39524, 39534, 39539, 39546, 39553, 39559, 39568, 39578, 39588, 39596,
    39605, 39610, 39616, 39623, 39629, 39638, 39648, 39657, 39664, 39673, 39683, 39689, 39697, 39706, 39713, 39720,
    39728, 39735, 39742, 39751, 39761, 39766, 39772, 39782, 39791, 39799, 39808, 39817, 39827, 39834, 39844, 39852,
    39861, 39869, 39876, 39882, 39890, 39895, 39902, 39911, 39919, 39929, 39936, 39942, 39951, 39957, 39966, 39972,
    39980, 39990, 40000, 40008, 40016, 40022, 40030, 40038, 40045, 40055, 40065, 40074, 40082, 40089, 40095, 40103,
    40111, 40121, 40131, 40141, 40147, 40153, 40159, 40167, 40177, 40183, 40188, 40195, 40205, 40214, 40224, 40230,
    40236, 40241, 40248, 40255, 40260, 40267, 40273, 40280, 40289, 40299, 40308, 40318, 40327, 40333, 40340, 40347,
    40352, 40357, 40364, 40371, 40379, 40386, 40394, 40402, 40411, 40419, 40426, 40431, 40438, 40444, 40451, 40460,
    40465, 40472, 40478, 40488, 40495, 40502, 40509, 40517, 40524, 40532, 40540, 40548, 40554, 40559, 40566, 40573,
    40578, 40586, 40593, 40599, 40606, 40613, 40621, 40631, 40640, 40646, 40656, 40665, 40674, 40682, 40691, 40696,
    40706, 40715, 40723, 40733, 40743, 40753, 40762, 40769, 40778, 40787, 40796, 40804, 40814, 40821, 40827, 40835,
    40842, 40849, 40857, 40864, 40872, 40880, 40889, 40898, 40905, 40912, 40922, 40929, 40936, 40943, 40950, 40960,
    40970, 40978, 40985, 40994, 41002, 41011, 41021, 41029, 41039, 41049, 41056, 41066, 41074, 41084, 41094, 41104,
    41111, 41118, 41126, 41133, 41142, 41151, 41158, 41168, 41178, 41186, 41195, 41204, 41214, 41223, 41231, 41239,
    41247, 41257, 41267, 41275, 41285, 41292, 41302, 41310, 41319, 41328, 41337, 41347, 41357, 41364, 41371, 41379,
    41386, 41395, 41404, 41413, 41422, 41432, 41440, 41448, 41457, 41465, 41473, 41483, 41490, 41500, 41510, 41518,
    41525, 41534, 41544, 41551, 41558, 41566, 41574, 41581, 41588, 41595, 41604, 41614, 41623, 41631, 41641, 41649,
    41657, 41666, 41676, 41682, 41689, 41696, 41706, 41716, 41724, 41734, 41742, 41752, 41759, 41768, 41776, 41786,
    41796, 41804, 41813, 41822, 41828, 41834, 41842, 41850, 41860, 41869, 41878, 41887, 41895, 41901, 41909, 41919,
    41927, 41934, 41941, 41948, 41957, 41964, 41974, 41979, 41986, 41993, 42001, 42009, 42018, 42025, 42034, 42043,
    42053, 42063, 42069, 42077, 42087, 42094, 42102, 42109, 42119, 42127, 42135, 42143, 42152, 42159, 42168, 42178,
    42188, 42197, 42207, 42217, 42225, 42233, 42242, 42251, 42261, 42270, 42277, 42284, 42291, 42300, 42308, 42315,
    42323, 42333, 42343, 42351, 42358, 42365, 42374, 42384, 42391, 42400, 42409, 42416, 42425, 42433, 42440, 42448,
    42454, 42463, 42470, 42480, 42487, 42497, 42507, 42515, 42523, 42532, 42542, 42552, 42562, 42567, 42575, 42585,
    42595, 42605, 42615, 42625, 42635, 42645, 42653, 42661, 42671, 42679, 42685, 42692, 42701, 42709, 42716, 42725,
    42734, 42743, 42752, 42759, 42766, 42772, 42780, 42788, 42798, 42808, 42818, 42827, 42836, 42844, 42853, 42863,
    42873, 42883, 42890, 42899, 42908, 42917, 42926, 42933, 42942, 42950, 42959, 42966, 42973, 42982, 42992, 43002,
    43009, 43018, 43028, 43035, 43045, 43055, 43063, 43071, 43079, 43087, 43096, 43103, 43110, 43119, 43127, 43135,
    43143, 43151, 43159, 43167, 43175, 43185, 43195, 43201, 43208, 43216, 43223, 43231, 43239, 43248, 43254, 43261,
    43269, 43277, 43285, 43292, 43300, 43310, 43319, 43328, 43336, 43346, 43356, 43363, 43373, 43380, 43389, 43397,
    43407, 43415, 43423, 43432, 43442, 43449, 43456, 43465, 43475, 43482, 43489, 43496, 43503, 43510, 43517, 43524,
    43532, 43538, 43545, 43553, 43558, 43565, 43572, 43581, 43589, 43597, 43606, 43613, 43618, 43625, 43633, 43638,
    43646, 43652, 43658, 43666, 43673, 43678, 43683, 43689, 43697, 43702, 43710, 43719, 43728, 43736, 43743, 43752,
    43760, 43765, 43772, 43777, 43785, 43793, 43799, 43805, 43815, 43824, 43834, 43844, 43852, 43861, 43868, 43876,
    43882, 43890, 43895, 43901, 43910, 43917, 43926, 43933, 43940, 43949, 43959, 43967, 43976, 43986, 43995, 44001,
    44007, 44013, 44018, 44023, 44030, 44037, 44042, 44049, 44057, 44065, 44074, 44083, 44092, 44102, 44110, 44120,
    44128, 44136, 44142, 44149, 44155, 44162, 44169, 44177, 44184, 44192, 44197, 44204, 44211, 44215, 44222, 44227,
    44234, 44243, 44251, 44257, 44267, 44275, 44282, 44290, 44296, 44301, 44308, 44316, 44322, 44327, 44332, 44337,
    44341, 44349, 44358, 44368, 44375, 44385, 44392, 44402, 44410, 44419, 44425, 44433, 44440, 44450, 44460, 44467,
    44476, 44484, 44489, 44494, 44502, 44508, 44513, 44519, 44524, 44530, 44537, 44546, 44553, 44560, 44566, 44573,
    44579, 44584, 44593, 44600, 44608, 44618, 44628, 44633, 44640, 44649, 44658, 44667, 44677, 44684, 44692, 44701,
    44709, 44719, 44727, 44734, 44743, 44751, 44759, 44769, 44777, 44787, 44797, 44806, 44812, 44821, 44831, 44836,
    44842, 44850, 44860, 44866, 44874, 44884, 44892, 44897, 44907, 44913, 44921, 44930, 44936, 44946, 44956, 44964,
    44973, 44982, 44992, 44998, 45004, 45011, 45019, 45025, 45033, 45040, 45046, 45056, 45060, 45068, 45075, 45083,
    45092, 45098, 45106, 45115, 45123, 45132, 45137, 45145, 45153, 45162, 45168, 45178, 45185, 45194, 45204, 45211,
    45217, 45225, 45235, 45244, 45250, 45260, 45267, 45276, 45286, 45293, 45302, 45312, 45321, 45329, 45337, 45347,
    45353, 45359, 45368, 45374, 45380, 45388, 45394, 45401, 45411, 45421, 45428, 45438, 45445, 45453, 45459, 45468,
    45475, 45485, 45493, 45502, 45511, 45518, 45527, 45536, 45545, 45555, 45565, 45571, 45579, 45587, 45594, 45603,
    45610, 45619, 45629, 45636, 45643, 45651, 45661, 45670, 45679, 45687, 45695, 45704, 45710, 45716, 45725, 45735,
    45742, 45750, 45759, 45769, 45779, 45786, 45794, 45801, 45811, 45818, 45826, 45835, 45844, 45850, 45857, 45866,
    45875, 45884, 45891, 45900, 45908, 45916, 45924, 45931, 45940, 45950, 45960, 45969, 45974, 45982, 45991, 46000,
    46010, 46020, 46028, 46037, 46047, 46054, 46062, 46067, 46074, 46083, 46093, 46103, 46113, 46123, 46132, 46138,
    46148, 46155, 46162, 46169, 46178, 46188, 46195, 46202, 46212, 46220, 46229, 46235, 46243, 46251, 46258, 46267,
    46275, 46283, 46290, 46299, 46305, 46315, 46325, 46333, 46341, 46350, 46357, 46363, 46370, 46378, 46388, 46396,
    46403, 46409, 46415, 46424, 46432, 46442, 46450, 46456, 46462, 46470, 46478, 46484, 46492, 46501, 46507, 46514,
    46520, 46528, 46534, 46544, 46552, 46560, 46568, 46578, 46584, 46591, 46596, 46602, 46608, 46614, 46620, 46628,
    46635, 46644, 46651, 46658, 46666, 46675, 46685, 46692, 46700, 46707, 46715, 46721, 46729, 46739, 46747, 46753,
    46758, 46764, 46774, 46780, 46786, 46795, 46803, 46812, 46821, 46827, 46836, 46846, 46855, 46863, 46871, 46881,
    46891, 46899, 46909, 46916, 46926, 46933, 46939, 46945, 46953, 46962, 46971, 46978, 46987, 46995, 47003, 47009,
    47017, 47027, 47037, 47046, 47052, 47059, 47068, 47077, 47087, 47096, 47103, 47110, 47117, 47124, 47131, 47139,
    47148, 47158, 47165, 47171, 47178, 47187, 47195, 47203, 47213, 47218, 47224, 47229, 47233, 47241, 47250, 47258,
    47265, 47272, 47279, 47284, 47292, 47301, 47310, 47317, 47324, 47332, 47337, 47347, 47353, 47358, 47363, 47370,
    47380, 47387, 47397, 47404, 47413, 47420, 47428, 47438, 47445, 47453, 47460, 47469, 47478, 47486, 47493, 47501,
    47505, 47511, 47518, 47525, 47532, 47540, 47549, 47559, 47567, 47575, 47581, 47589, 47598, 47608, 47616, 47624,
    47629, 47636, 47643, 47652, 47659, 47667, 47677, 47686, 47695, 47703, 47710, 47717, 47724, 47729, 47735, 47741,
    47747, 47754, 47762, 47770, 47779, 47787, 47795, 47804, 47813, 47822, 47831, 47840, 47849, 47856, 47866, 47874,
    47883, 47892, 47898, 47906, 47915, 47924, 47932, 47938, 47948, 47956, 47961, 47969, 47977, 47986, 47996, 48003,
    48009, 48014, 48022, 48028, 48037, 48047, 48055, 48064, 48070, 48078, 48083, 48088, 48094, 48100, 48106, 48113,
    48119, 48129, 48136, 48143, 48151, 48157, 48164, 48174, 48182, 48191, 48201, 48210, 48219, 48225, 48234, 48244,
    48251, 48256, 48261, 48268, 48277, 48284, 48291, 48299, 48308, 48315, 48320, 48330, 48338, 48345, 48350, 48355,
    48361, 48367, 48371, 48377, 48385, 48395, 48403, 48412, 48420, 48426, 48435, 48441, 48451, 48457, 48463, 48469,
    48477, 48483, 48488, 48495, 48505, 48515, 48523, 48529, 48537, 48544, 48552, 48559, 48566, 48575, 48585, 48592,
    48601, 48607, 48615, 48623, 48628, 48634, 48640, 48647, 48653, 48659, 48666, 48675, 48681, 48687, 48695, 48704,
    48711, 48719, 48726, 48732, 48740, 48748, 48754, 48760, 48769, 48779, 48789, 48797, 48807, 48816, 48825, 48835,
    48845, 48855, 48864, 48872, 48881, 48890, 48900, 48909, 48915, 48920, 48926, 48934, 48941, 48950, 48956, 48966,
    48976, 48985, 48995, 49003, 49012, 49020, 49029, 49036, 49046, 49056, 49065, 49075, 49082, 49088, 49098, 49106,
    49115, 49125, 49133, 49142, 49148, 49153, 49160, 49170, 49177, 49184, 49190, 49197, 49203, 49209, 49217, 49224,
    49232, 49240, 49249, 49257, 49266, 49272, 49279, 49288, 49298, 49306, 49316, 49325, 49335, 49343, 49352, 49359,
    49368, 49377, 49384, 49393, 49402, 49411, 49419, 49428, 49436, 49444, 49453, 49460, 49467, 49477, 49484, 49491,
    49499, 49505, 49514, 49521, 49527, 49533, 49539, 49548, 49555, 49562, 49571, 49581, 49589, 49597, 49606, 49613,
    49621, 49628, 49634, 49641, 49648, 49655, 49661, 49667, 49673, 49680, 49690, 49700, 49707, 49714, 49721, 49728,
    49735, 49740, 49745, 49750, 49758, 49767, 49776, 49782, 49789, 49798, 49805, 49814, 49823, 49833, 49840, 49849,
    49859, 49869, 49878, 49886, 49896, 49902, 49911, 49920, 49927, 49934, 49941, 49951, 49959, 49969, 49979, 49986,
    49992, 50000, 50006, 50012, 50020, 50029, 50038, 50048, 50056, 50065, 50075, 50085, 50095, 50104, 50113, 50121,
    50129, 50135, 50141, 50147, 50154, 50163, 50173, 50180, 50188, 50197, 50206, 50216, 50224, 50230, 50239, 50247,
    50257, 50265, 50274, 50281, 50290, 50298, 50307, 50315, 50325, 50333, 50341, 50350, 50356, 50362, 50369, 50379,
    50386, 50394, 50401, 50409, 50419, 50427, 50433, 50443, 50452, 50461, 50471, 50477, 50483, 50489, 50499, 50508,
    50518, 50528, 50536, 50541, 50548, 50556, 50561, 50568, 50576, 50586, 50596, 50605, 50615, 50623, 50628, 50634,
    50642, 50650, 50660, 50667, 50676, 50686, 50692, 50702, 50712, 50720, 50729, 50737, 50746, 50755, 50764, 50771,
    50780, 50787, 50795, 50805, 50810, 50817, 50823, 50829, 50835, 50841, 50847, 50857, 50867, 50877, 50885, 50891,
    50897, 50904, 50910, 50916, 50926, 50936, 50945, 50953, 50961, 50970, 50980, 50989, 50997, 51007, 51017, 51023,
    51029, 51035, 51044, 51052, 51061, 51071, 51080, 51089, 51099, 51109, 51118, 51127, 51137, 51146, 51154, 51160,
    51166, 51173, 51180, 51187, 51196, 51206, 51212, 51219, 51227, 51234, 51243, 51250, 51257, 51264, 51271, 51280,
    51287, 51296, 51303, 51310, 51319, 51329, 51338, 51348, 51355, 51365, 51373, 51382, 51388, 51395, 51401, 51409,
    51417, 51425, 51434, 51441, 51447, 51455, 51463, 51470, 51476, 51484, 51493, 51500, 51508, 51518, 51524, 51530,
    51538, 51546, 51555, 51561, 51568, 51577, 51584, 51592, 51602, 51610, 51619, 51626, 51632, 51642, 51652, 51662,
    51670, 51679, 51688, 51697, 51707, 51715, 51724, 51731, 51740, 51748, 51758, 51767, 51777, 51787, 51796, 51803,
    51811, 51820, 51830, 51840, 51850, 51858, 51868, 51878, 51886, 51894, 51903, 51913, 51923, 51931, 51940, 51947,
    51956, 51965, 51973, 51980, 51987, 51997, 52005, 52015, 52020, 52028, 52035, 52042, 52047, 52056, 52066, 52074,
    52081, 52091, 52100, 52106, 52114, 52120, 52129, 52138, 52147, 52154, 52162, 52170, 52178, 52185, 52190, 52197,
    52206, 52216, 52223, 52233, 52243, 52253, 52262, 52271, 52280, 52289, 52299, 52309, 52316, 52325, 52332, 52340,
    52350, 52358, 52368, 52375, 52384, 52392, 52402, 52412, 52419, 52427, 52436, 52444, 52452, 52460, 52468, 52477,
    52485, 52495, 52505, 52514, 52521, 52530, 52538, 52548, 52557, 52563, 52571, 52579, 52588, 52598, 52608, 52613,
    52623, 52631, 52641, 52646, 52655, 52661, 52666, 52672, 52678, 52684, 52690, 52696, 52703, 52711, 52719, 52729,
    52739, 52747, 52756, 52765, 52774, 52782, 52791, 52797, 52803, 52810, 52817, 52825, 52833, 52839, 52846, 52852,
    52858, 52864, 52873, 52882, 52892, 52901, 52909, 52917, 52926, 52934, 52943, 52952, 52962, 52972, 52978, 52985,
    52993, 53001, 53007, 53016, 53023, 53030, 53040, 53048, 53058, 53066, 53073, 53082, 53088, 53093, 53101, 53110,
    53118, 53126, 53135, 53143, 53153, 53157, 53165, 53170, 53177, 53184, 53193, 53198, 53204, 53211, 53220, 53226,
    53233, 53238, 53245, 53253, 53261, 53269, 53278, 53286, 53295, 53304, 53312, 53320, 53325, 53335, 53342, 53349,
    53357, 53363, 53370, 53377, 53386, 53391, 53398, 53404, 53414, 53422, 53428, 53437, 53444, 53453, 53460, 53466,
    53473, 53479, 53484, 53489, 53497, 53507, 53512, 53518, 53524, 53533, 53542, 53550, 53558, 53568, 53574, 53581,
    53590, 53598, 53606, 53616, 53625, 53634, 53640, 53648, 53654, 53660, 53667, 53675, 53684, 53693, 53703, 53713,
    53721, 53730, 53737, 53743, 53749, 53755, 53764, 53771, 53778, 53787, 53797, 53804, 53811, 53818, 53827, 53834,
    53844, 53851, 53860, 53870, 53880, 53888, 53897, 53902, 53908, 53917, 53926, 53931, 53941, 53949, 53955, 53961,
    53967, 53974, 53983, 53991, 53996, 54002, 54010, 54018, 54028, 54038, 54047, 54055, 54060, 54067, 54072, 54077,
    54083, 54090, 54098, 54108, 54116, 54123, 54132, 54139, 54146, 54155, 54162, 54171, 54176, 54184, 54189, 54196,
    54203, 54210, 54218, 54228, 54235, 54242, 54249, 54255, 54263, 54269, 54278, 54286, 54292, 54300, 54310, 54318,
    54326, 54335, 54345, 54351, 54359, 54366, 54375, 54384, 54394, 54404, 54414, 54424, 54434, 54443, 54451, 54461,
    54469, 54477, 54486, 54492, 54498, 54505, 54514, 54523, 54528, 54538, 54547, 54557, 54565, 54571, 54578, 54583,
    54591, 54599, 54609, 54616, 54623, 54629, 54638, 54645, 54651, 54660, 54670, 54679, 54687, 54697, 54705, 54713,
    54722, 54731, 54740, 54748, 54758, 54765, 54774, 54783, 54791, 54797, 54804, 54814, 54823, 54831, 54841, 54849,
    54858, 54867, 54875, 54880, 54887, 54896, 54904, 54912, 54920, 54929, 54938, 54945, 54954, 54962, 54970, 54980,
    54987, 54996, 55002, 55009, 55015, 55021, 55029, 55035, 55042, 55052, 55060, 55069, 55078, 55088, 55094, 55098,
    55104, 55113, 55121, 55129, 55137, 55141, 55149, 55155, 55162, 55171, 55177, 55184, 55192, 55201, 55210, 55220,
    55225, 55232, 55240, 55247, 55254, 55259, 55265, 55270, 55274, 55280, 55286, 55292, 55301, 55308, 55318, 55325,
    55331, 55337, 55345, 55355, 55360, 55369, 55375, 55381, 55387, 55397, 55405, 55413, 55422, 55429, 55436, 55444,
    55451, 55457, 55462, 55468, 55477, 55487, 55493, 55503, 55512, 55519, 55529, 55536, 55546, 55556, 55565, 55573,
    55583, 55593, 55603, 55613, 55623, 55631, 55639, 55647, 55657, 55666, 55673, 55680, 55689, 55698, 55708, 55718,
    55726, 55735, 55745, 55753, 55763, 55772, 55781, 55791, 55800, 55809, 55818, 55826, 55835, 55844, 55854, 55862,
    55872, 55882, 55890, 55898, 55905, 55915, 55925, 55933, 55939, 55946, 55954, 55961, 55971, 55980, 55989, 55999,
    56008, 56017, 56026, 56033, 56043, 56053, 56062, 56070, 56078, 56086, 56094, 56104, 56112, 56122, 56131, 56137,
    56147, 56155, 56165, 56172, 56182, 56192, 56201, 56210, 56220, 56230, 56239, 56248, 56258, 56267, 56277, 56287,
    56295, 56305, 56315, 56325, 56335, 56345, 56355, 56365, 56375, 56384, 56394, 56404, 56414, 56424, 56433, 56442,
    56452, 56462, 56472, 56482, 56492, 56502, 56511, 56519, 56526, 56536, 56544, 56554, 56563, 56571, 56580, 56588,
    56595, 56604, 56611, 56621, 56629, 56638, 56648, 56657, 56667, 56676, 56684, 56694, 56701, 56711, 56721, 56731,
    56738, 56747, 56755, 56765, 56773, 56782, 56791, 56801, 56811, 56819, 56828, 56838, 56845, 56855, 56864, 56873,
    56883, 56892, 56901, 56910, 56919, 56926, 56934, 56943, 56953, 56963, 56972, 56982, 56990, 56999, 57009, 57017,
    57027, 57036, 57046, 57055, 57063, 57073, 57080, 57087, 57095, 57104, 57112, 57120, 57130, 57140, 57146, 57156,
    57166, 57176, 57186, 57196, 57202, 57211, 57221, 57228, 57237, 57242, 57252, 57261, 57270, 57278, 57285, 57295,
    57305, 57313, 57321, 57329, 57338, 57347, 57357, 57365, 57372, 57382, 57392, 57402, 57412, 57420, 57429, 57438,
    57444, 57454, 57463, 57472, 57481, 57491, 57501, 57509, 57518, 57527, 57537, 57545, 57552, 57562, 57571, 57580,
    57589, 57598, 57608, 57618, 57628, 57638, 57646, 57655, 57663, 57673, 57681, 57690, 57700, 57708, 57718, 57727,
    57735, 57745, 57755, 57764, 57774, 57781, 57790, 57797, 57807, 57816, 57824, 57833, 57842, 57852, 57861, 57871,
    57881, 57891, 57901, 57910, 57917, 57927, 57936, 57944, 57953, 57961, 57971, 57981, 57988, 57995, 58005, 58015,
    58025, 58034, 58041, 58051, 58061, 58070, 58077, 58087, 58097, 58105, 58112, 58122, 58129, 58138, 58147, 58154,
    58161, 58170, 58178, 58187, 58197, 58207, 58215, 58224, 58233, 58243, 58252, 58261, 58268, 58277, 58287, 58294,
    58304, 58314, 58323, 58332, 58341, 58351, 58361, 58371, 58380, 58390, 58399, 58408, 58415, 58424, 58433, 58440,
    58449, 58458, 58468, 58477, 58486, 58496, 58506, 58515, 58525, 58535, 58544, 58554, 58562, 58572, 58582, 58591,
    58600, 58609, 58616, 58624, 58633, 58643, 58651, 58659, 58669, 58678, 58686, 58695, 58704, 58711, 58717, 58723,
    58731, 58740, 58749, 58759, 58766, 58776, 58786, 58796, 58806, 58814, 58824, 58831, 58839, 58848, 58856, 58864,
    58873, 58880, 58888, 58897, 58906, 58916, 58925, 58935, 58944, 58953, 58963, 58971, 58980, 58990, 58997, 59006,
    59016, 59024, 59030, 59040, 59047, 59056, 59066, 59073, 59081, 59091, 59101, 59111, 59118, 59128, 59137, 59145,
    59153, 59163, 59173, 59179, 59186, 59194, 59203, 59213, 59220, 59228, 59236, 59245, 59252, 59259, 59266, 59275,
    59285, 59292, 59297, 59303, 59311, 59320, 59328, 59335, 59342, 59350, 59357, 59365, 59374, 59382, 59390, 59399,
    59408, 59416, 59423, 59431, 59438, 59447, 59454, 59461, 59469, 59475, 59482, 59491, 59499, 59506, 59513, 59523,
    59531, 59538, 59544, 59552, 59557, 59567, 59572, 59578, 59584, 59592, 59600, 59608, 59615, 59622, 59628, 59636,
    59643, 59650, 59659, 59668, 59677, 59687, 59695, 59705, 59713, 59719, 59726, 59733, 59743, 59749, 59757, 59764,
    59771, 59780, 59788, 59798, 59807, 59816, 59823, 59831, 59839, 59847, 59855, 59863, 59871, 59880, 59889, 59896,
    59905, 59910, 59916, 59923, 59933, 59940, 59949, 59956, 59965, 59973, 59980, 59990, 59999, 60008, 60018, 60026,
    60032, 60038, 60048, 60057, 60065, 60073, 60080, 60086, 60094, 60101, 60111, 60120, 60128, 60133, 60140, 60145,
    60153, 60158, 60167, 60177, 60184, 60190, 60195, 60204, 60212, 60218, 60227, 60234, 60242, 60251, 60261, 60270,
    60278, 60286, 60296, 60305, 60313, 60321, 60331, 60340, 60347, 60354, 60360, 60366, 60374, 60383, 60389, 60394,
    60404, 60412, 60421, 60429, 60437, 60444, 60453, 60461, 60467, 60473, 60482, 60491, 60499, 60508, 60518, 60526,
    60536, 60542, 60551, 60560, 60568, 60577, 60583, 60591, 60596, 60605, 60612, 60620, 60628, 60634, 60641, 60649,
    60655, 60661, 60668, 60678, 60682, 60688, 60695, 60701, 60707, 60713, 60720, 60726, 60731, 60738, 60743, 60751,
    60758, 60765, 60771, 60776, 60784, 60791, 60799, 60806, 60815, 60825, 60835, 60844, 60854, 60862, 60869, 60876,
    60886, 60894, 60902, 60911, 60921, 60929, 60934, 60942, 60948, 60954, 60963, 60970, 60975, 60984, 60991, 60996,
    61002, 61008, 61017, 61023, 61033, 61040, 61046, 61055, 61063, 61069, 61078, 61086, 61095, 61102, 61106, 61111,
    61118, 61124, 61131, 61137, 61143, 61153, 61161, 61166, 61171, 61181, 61190, 61198, 61205, 61214, 61223, 61232,
    61241, 61248, 61257, 61264, 61274, 61282, 61289, 61299, 61304, 61309, 61315, 61323, 61328, 61333, 61341, 61348,
    61357, 61364, 61369, 61375, 61384, 61391, 61396, 61403, 61408, 61413, 61422, 61428, 61436, 61443, 61450, 61459,
    61466, 61470, 61475, 61485, 61495, 61505, 61515, 61525, 61533, 61538, 61543, 61550, 61555, 61561, 61566, 61571,
    61579, 61587, 61597, 61603, 61613, 61623, 61629, 61635, 61641, 61645, 61653, 61659, 61666, 61675, 61683, 61692,
    61699, 61707, 61715, 61723, 61731, 61737, 61745, 61753, 61763, 61771, 61780, 61788, 61798, 61806, 61811, 61817,
    61823, 61827, 61835, 61843, 61848, 61853, 61858, 61867, 61876, 61883, 61892, 61898, 61906, 61911, 61915, 61925,
    61933, 61939, 61943, 61950, 61956, 61962, 61967, 61974, 61981, 61986, 61992, 61996, 62004, 62010, 62014, 62023,
    62028, 62038, 62044, 62054, 62062, 62070, 62076, 62081, 62085, 62092, 62099, 62104, 62111, 62121, 62131, 62139,
};

static const int word_count = 7776;

const char* eff_large_get_word(int idx) {
    if (idx < 0 || idx >= word_count) return nullptr;
    return words_blob + word_offsets[idx];
}

int eff_large_get_word_count() {
    return word_count;
}
