#include "wordnet_adjs.h"

static const char words_blob[] = {
    0x61, 0x62, 0x61, 0x6e, 0x64, 0x6f, 0x6e, 0x65, 0x64, 0x0, 0x61, 0x62, 0x64, 0x6f, 0x6d, 0x69,
    0x6e, 0x61, 0x6c, 0x0, 0x61, 0x62, 0x6c, 0x65, 0x0, 0x61, 0x62, 0x6e, 0x6f, 0x72, 0x6d, 0x61,
    0x6c, 0x0, 0x61, 0x62, 0x6f, 0x72, 0x69, 0x67, 0x69, 0x6e, 0x61, 0x6c, 0x0, 0x61, 0x62, 0x6f,
    0x75, 0x74, 0x0, 0x61, 0x62, 0x6f, 0x76, 0x65, 0x0, 0x61, 0x62, 0x72, 0x6f, 0x61, 0x64, 0x0,
    0x61, 0x62, 0x73, 0x65, 0x6e, 0x74, 0x0, 0x61, 0x62, 0x73, 0x6f, 0x6c, 0x75, 0x74, 0x65, 0x0,
    0x61, 0x62, 0x73, 0x6f, 0x72, 0x62, 0x65, 0x64, 0x0, 0x61, 0x62, 0x73, 0x6f, 0x72, 0x62, 0x69,
    0x6e, 0x67, 0x0, 0x61, 0x62, 0x73, 0x74, 0x72, 0x61, 0x63, 0x74, 0x0, 0x61, 0x62, 0x73, 0x75,
    0x72, 0x64, 0x0, 0x61, 0x62, 0x75, 0x6e, 0x64, 0x61, 0x6e, 0x74, 0x0, 0x61, 0x62, 0x75, 0x73,
    0x65, 0x64, 0x0, 0x61, 0x62, 0x75, 0x73, 0x69, 0x76, 0x65, 0x0, 0x61, 0x63, 0x61, 0x64, 0x65,
    0x6d, 0x69, 0x63, 0x0, 0x61, 0x63, 0x63, 0x65, 0x70, 0x74, 0x61, 0x62, 0x6c, 0x65, 0x0, 0x61,
    0x63, 0x63, 0x65, 0x70, 0x74, 0x65, 0x64, 0x0, 0x61, 0x63, 0x63, 0x65, 0x70, 0x74, 0x69, 0x6e,
    0x67, 0x0, 0x61, 0x63, 0x63, 0x65, 0x73, 0x73, 0x69, 0x62, 0x6c, 0x65, 0x0, 0x61, 0x63, 0x63,
    0x65, 0x73, 0x73, 0x6f, 0x72, 0x79, 0x0, 0x61, 0x63, 0x63, 0x69, 0x64, 0x65, 0x6e, 0x74, 0x61,
    0x6c, 0x0, 0x61, 0x63, 0x63, 0x6f, 0x72, 0x64, 0x69, 0x6e, 0x67, 0x0, 0x61, 0x63, 0x63, 0x72,
    0x65, 0x64, 0x69, 0x74, 0x65, 0x64, 0x0, 0x61, 0x63, 0x63, 0x75, 0x72, 0x61, 0x74, 0x65, 0x0,
    0x61, 0x63, 0x63, 0x75, 0x73, 0x69, 0x6e, 0x67, 0x0, 0x61, 0x63, 0x63, 0x75, 0x73, 0x74, 0x6f,
    0x6d, 0x65, 0x64, 0x0, 0x61, 0x63, 0x69, 0x64, 0x0, 0x61, 0x63, 0x6f, 0x75, 0x73, 0x74, 0x69,
    0x63, 0x0, 0x61, 0x63, 0x71, 0x75, 0x61, 0x69, 0x6e, 0x74, 0x65, 0x64, 0x0, 0x61, 0x63, 0x71,
    0x75, 0x69, 0x72, 0x65, 0x64, 0x0, 0x61, 0x63, 0x74, 0x69, 0x6e, 0x67, 0x0, 0x61, 0x63, 0x74,
    0x69, 0x76, 0x61, 0x74, 0x65, 0x64, 0x0, 0x61, 0x63, 0x74, 0x69, 0x76, 0x65, 0x0, 0x61, 0x63,
    0x74, 0x69, 0x76, 0x69, 0x73, 0x74, 0x0, 0x61, 0x63, 0x74, 0x75, 0x61, 0x6c, 0x0, 0x61, 0x63,
    0x75, 0x74, 0x65, 0x0, 0x61, 0x64, 0x61, 0x70, 0x74, 0x65, 0x64, 0x0, 0x61, 0x64, 0x61, 0x70,
    0x74, 0x69, 0x76, 0x65, 0x0, 0x61, 0x64, 0x64, 0x69, 0x63, 0x74, 0x65, 0x64, 0x0, 0x61, 0x64,
    0x64, 0x69, 0x63, 0x74, 0x69, 0x76, 0x65, 0x0, 0x61, 0x64, 0x64, 0x69, 0x74, 0x69, 0x6f, 0x6e,
    0x61, 0x6c, 0x0, 0x61, 0x64, 0x64, 0x72, 0x65, 0x73, 0x73, 0x65, 0x64, 0x0, 0x61, 0x64, 0x65,
    0x71, 0x75, 0x61, 0x74, 0x65, 0x0, 0x61, 0x64, 0x6a, 0x61, 0x63, 0x65, 0x6e, 0x74, 0x0, 0x61,
    0x64, 0x6a, 0x75, 0x73, 0x74, 0x61, 0x62, 0x6c, 0x65, 0x0, 0x61, 0x64, 0x6a, 0x75, 0x73, 0x74,
    0x65, 0x64, 0x0, 0x61, 0x64, 0x6d, 0x69, 0x72, 0x65, 0x64, 0x0, 0x61, 0x64, 0x6f, 0x6c, 0x65,
    0x73, 0x63, 0x65, 0x6e, 0x74, 0x0, 0x61, 0x64, 0x6f, 0x70, 0x74, 0x65, 0x64, 0x0, 0x61, 0x64,
    0x6f, 0x72, 0x61, 0x62, 0x6c, 0x65, 0x0, 0x61, 0x64, 0x75, 0x6c, 0x74, 0x0, 0x61, 0x64, 0x76,
    0x61, 0x6e, 0x63, 0x65, 0x64, 0x0, 0x61, 0x64, 0x76, 0x61, 0x6e, 0x63, 0x69, 0x6e, 0x67, 0x0,
    0x61, 0x64, 0x76, 0x65, 0x72, 0x73, 0x65, 0x0, 0x61, 0x64, 0x76, 0x65, 0x72, 0x74, 0x69, 0x73,
    0x65, 0x64, 0x0, 0x61, 0x64, 0x76, 0x69, 0x73, 0x65, 0x64, 0x0, 0x61, 0x64, 0x76, 0x69, 0x73,
    0x6f, 0x72, 0x79, 0x0, 0x61, 0x65, 0x72, 0x69, 0x61, 0x6c, 0x0, 0x61, 0x65, 0x73, 0x74, 0x68,
    0x65, 0x74, 0x69, 0x63, 0x0, 0x61, 0x66, 0x66, 0x65, 0x63, 0x74, 0x65, 0x64, 0x0, 0x61, 0x66,
    0x66, 0x65, 0x63, 0x74, 0x69, 0x6e, 0x67, 0x0, 0x61, 0x66, 0x66, 0x69, 0x6c, 0x69, 0x61, 0x74,
    0x65, 0x64, 0x0, 0x61, 0x66, 0x66, 0x6f, 0x72, 0x64, 0x61, 0x62, 0x6c, 0x65, 0x0, 0x61, 0x66,
    0x67, 0x68, 0x61, 0x6e, 0x0, 0x61, 0x66, 0x72, 0x61, 0x69, 0x64, 0x0, 0x61, 0x66, 0x72, 0x69,
    0x63, 0x61, 0x6e, 0x0, 0x61, 0x66, 0x74, 0x65, 0x72, 0x0, 0x61, 0x67, 0x65, 0x64, 0x0, 0x61,
    0x67, 0x67, 0x72, 0x65, 0x67, 0x61, 0x74, 0x65, 0x0, 0x61, 0x67, 0x67, 0x72, 0x65, 0x73, 0x73,
    0x69, 0x76, 0x65, 0x0, 0x61, 0x67, 0x69, 0x6e, 0x67, 0x0, 0x61, 0x67, 0x72, 0x65, 0x65, 0x64,
    0x0, 0x61, 0x68, 0x65, 0x61, 0x64, 0x0, 0x61, 0x69, 0x64, 0x65, 0x64, 0x0, 0x61, 0x69, 0x72,
    0x62, 0x6f, 0x72, 0x6e, 0x65, 0x0, 0x61, 0x69, 0x72, 0x65, 0x64, 0x0, 0x61, 0x6b, 0x69, 0x6e,
    0x0, 0x61, 0x6c, 0x61, 0x72, 0x6d, 0x69, 0x6e, 0x67, 0x0, 0x61, 0x6c, 0x63, 0x6f, 0x68, 0x6f,
    0x6c, 0x69, 0x63, 0x0, 0x61, 0x6c, 0x65, 0x72, 0x74, 0x0, 0x61, 0x6c, 0x69, 0x65, 0x6e, 0x0,
    0x61, 0x6c, 0x69, 0x67, 0x6e, 0x65, 0x64, 0x0, 0x61, 0x6c, 0x69, 0x6b, 0x65, 0x0, 0x61, 0x6c,
    0x69, 0x76, 0x65, 0x0, 0x61, 0x6c, 0x6c, 0x65, 0x67, 0x65, 0x64, 0x0, 0x61, 0x6c, 0x6c, 0x65,
    0x72, 0x67, 0x69, 0x63, 0x0, 0x61, 0x6c, 0x6c, 0x69, 0x65, 0x64, 0x0, 0x61, 0x6c, 0x6d, 0x69,
    0x67, 0x68, 0x74, 0x79, 0x0, 0x61, 0x6c, 0x6f, 0x6e, 0x65, 0x0, 0x61, 0x6c, 0x70, 0x68, 0x61,
    0x0, 0x61, 0x6c, 0x70, 0x69, 0x6e, 0x65, 0x0, 0x61, 0x6c, 0x72, 0x69, 0x67, 0x68, 0x74, 0x0,
    0x61, 0x6c, 0x74, 0x65, 0x72, 0x65, 0x64, 0x0, 0x61, 0x6c, 0x74, 0x65, 0x72, 0x6e, 0x61, 0x74,
    0x65, 0x0, 0x61, 0x6d, 0x61, 0x74, 0x65, 0x75, 0x72, 0x0, 0x61, 0x6d, 0x61, 0x7a, 0x65, 0x64,
    0x0, 0x61, 0x6d, 0x61, 0x7a, 0x69, 0x6e, 0x67, 0x0, 0x61, 0x6d, 0x62, 0x65, 0x72, 0x0, 0x61,
    0x6d, 0x62, 0x69, 0x65, 0x6e, 0x74, 0x0, 0x61, 0x6d, 0x62, 0x69, 0x67, 0x75, 0x6f, 0x75, 0x73,
    0x0, 0x61, 0x6d, 0x62, 0x69, 0x74, 0x69, 0x6f, 0x75, 0x73, 0x0, 0x61, 0x6d, 0x65, 0x6e, 0x64,
    0x65, 0x64, 0x0, 0x61, 0x6d, 0x65, 0x72, 0x69, 0x63, 0x61, 0x6e, 0x0, 0x61, 0x6d, 0x69, 0x6e,
    0x6f, 0x0, 0x61, 0x6d, 0x70, 0x6c, 0x65, 0x0, 0x61, 0x6d, 0x75, 0x73, 0x65, 0x64, 0x0, 0x61,
    0x6d, 0x75, 0x73, 0x69, 0x6e, 0x67, 0x0, 0x61, 0x6e, 0x61, 0x6c, 0x6f, 0x67, 0x0, 0x61, 0x6e,
    0x61, 0x6c, 0x79, 0x74, 0x69, 0x63, 0x61, 0x6c, 0x0, 0x61, 0x6e, 0x61, 0x6c, 0x79, 0x7a, 0x65,
    0x64, 0x0, 0x61, 0x6e, 0x63, 0x69, 0x65, 0x6e, 0x74, 0x0, 0x61, 0x6e, 0x67, 0x72, 0x79, 0x0,
    0x61, 0x6e, 0x67, 0x75, 0x6c, 0x61, 0x72, 0x0, 0x61, 0x6e, 0x69, 0x6d, 0x61, 0x6c, 0x0, 0x61,
    0x6e, 0x69, 0x6d, 0x61, 0x74, 0x65, 0x64, 0x0, 0x61, 0x6e, 0x6e, 0x6f, 0x75, 0x6e, 0x63, 0x65,
    0x64, 0x0, 0x61, 0x6e, 0x6e, 0x6f, 0x79, 0x65, 0x64, 0x0, 0x61, 0x6e, 0x6e, 0x6f, 0x79, 0x69,
    0x6e, 0x67, 0x0, 0x61, 0x6e, 0x6e, 0x75, 0x61, 0x6c, 0x0, 0x61, 0x6e, 0x6f, 0x6e, 0x79, 0x6d,
    0x6f, 0x75, 0x73, 0x0, 0x61, 0x6e, 0x6f, 0x74, 0x68, 0x65, 0x72, 0x0, 0x61, 0x6e, 0x73, 0x77,
    0x65, 0x72, 0x69, 0x6e, 0x67, 0x0, 0x61, 0x6e, 0x74, 0x61, 0x72, 0x63, 0x74, 0x69, 0x63, 0x0,
    0x61, 0x6e, 0x74, 0x65, 0x72, 0x69, 0x6f, 0x72, 0x0, 0x61, 0x6e, 0x74, 0x69, 0x62, 0x69, 0x6f,
    0x74, 0x69, 0x63, 0x0, 0x61, 0x6e, 0x74, 0x69, 0x71, 0x75, 0x65, 0x0, 0x61, 0x6e, 0x78, 0x69,
    0x6f, 0x75, 0x73, 0x0, 0x61, 0x70, 0x61, 0x72, 0x74, 0x0, 0x61, 0x70, 0x70, 0x61, 0x72, 0x65,
    0x6e, 0x74, 0x0, 0x61, 0x70, 0x70, 0x65, 0x61, 0x6c, 0x69, 0x6e, 0x67, 0x0, 0x61, 0x70, 0x70,
    0x6c, 0x69, 0x63, 0x61, 0x62, 0x6c, 0x65, 0x0, 0x61, 0x70, 0x70, 0x6c, 0x69, 0x65, 0x64, 0x0,
    0x61, 0x70, 0x70, 0x6f, 0x69, 0x6e, 0x74, 0x65, 0x64, 0x0, 0x61, 0x70, 0x70, 0x72, 0x6f, 0x76,
    0x65, 0x64, 0x0, 0x61, 0x71, 0x75, 0x61, 0x74, 0x69, 0x63, 0x0, 0x61, 0x72, 0x61, 0x62, 0x69,
    0x61, 0x6e, 0x0, 0x61, 0x72, 0x61, 0x62, 0x69, 0x63, 0x0, 0x61, 0x72, 0x62, 0x69, 0x74, 0x72,
    0x61, 0x72, 0x79, 0x0, 0x61, 0x72, 0x63, 0x68, 0x0, 0x61, 0x72, 0x63, 0x74, 0x69, 0x63, 0x0,
    0x61, 0x72, 0x67, 0x65, 0x6e, 0x74, 0x69, 0x6e, 0x65, 0x0, 0x61, 0x72, 0x6d, 0x65, 0x64, 0x0,
    0x61, 0x72, 0x6d, 0x65, 0x6e, 0x69, 0x61, 0x6e, 0x0, 0x61, 0x72, 0x6d, 0x6f, 0x72, 0x65, 0x64,
    0x0, 0x61, 0x72, 0x72, 0x61, 0x6e, 0x67, 0x65, 0x64, 0x0, 0x61, 0x72, 0x72, 0x65, 0x73, 0x74,
    0x69, 0x6e, 0x67, 0x0, 0x61, 0x72, 0x72, 0x6f, 0x67, 0x61, 0x6e, 0x74, 0x0, 0x61, 0x72, 0x74,
    0x69, 0x63, 0x75, 0x6c, 0x61, 0x74, 0x65, 0x0, 0x61, 0x72, 0x74, 0x69, 0x66, 0x69, 0x63, 0x69,
    0x61, 0x6c, 0x0, 0x61, 0x72, 0x74, 0x69, 0x73, 0x74, 0x69, 0x63, 0x0, 0x61, 0x73, 0x68, 0x61,
    0x6d, 0x65, 0x64, 0x0, 0x61, 0x73, 0x69, 0x61, 0x6e, 0x0, 0x61, 0x73, 0x6c, 0x65, 0x65, 0x70,
    0x0, 0x61, 0x73, 0x70, 0x69, 0x72, 0x69, 0x6e, 0x67, 0x0, 0x61, 0x73, 0x73, 0x65, 0x72, 0x74,
    0x65, 0x64, 0x0, 0x61, 0x73, 0x73, 0x69, 0x67, 0x6e, 0x65, 0x64, 0x0, 0x61, 0x73, 0x73, 0x69,
    0x73, 0x74, 0x61, 0x6e, 0x74, 0x0, 0x61, 0x73, 0x73, 0x69, 0x73, 0x74, 0x65, 0x64, 0x0, 0x61,
    0x73, 0x73, 0x6f, 0x63, 0x69, 0x61, 0x74, 0x65, 0x0, 0x61, 0x73, 0x73, 0x75, 0x6d, 0x65, 0x64,
    0x0, 0x61, 0x73, 0x73, 0x75, 0x6d, 0x69, 0x6e, 0x67, 0x0, 0x61, 0x73, 0x73, 0x75, 0x72, 0x65,
    0x64, 0x0, 0x61, 0x73, 0x74, 0x65, 0x72, 0x6f, 0x69, 0x64, 0x0, 0x61, 0x74, 0x68, 0x65, 0x69,
    0x73, 0x74, 0x0, 0x61, 0x74, 0x68, 0x6c, 0x65, 0x74, 0x69, 0x63, 0x0, 0x61, 0x74, 0x6c, 0x61,
    0x6e, 0x74, 0x69, 0x63, 0x0, 0x61, 0x74, 0x6f, 0x6d, 0x69, 0x63, 0x0, 0x61, 0x74, 0x74, 0x61,
    0x63, 0x68, 0x65, 0x64, 0x0, 0x61, 0x74, 0x74, 0x61, 0x63, 0x6b, 0x69, 0x6e, 0x67, 0x0, 0x61,
    0x74, 0x74, 0x61, 0x69, 0x6e, 0x65, 0x64, 0x0, 0x61, 0x74, 0x74, 0x65, 0x6d, 0x70, 0x74, 0x65,
    0x64, 0x0, 0x61, 0x74, 0x74, 0x65, 0x6e, 0x64, 0x61, 0x6e, 0x74, 0x0, 0x61, 0x74, 0x74, 0x65,
    0x6e, 0x64, 0x65, 0x64, 0x0, 0x61, 0x74, 0x74, 0x69, 0x63, 0x0, 0x61, 0x74, 0x74, 0x72, 0x61,
    0x63, 0x74, 0x69, 0x76, 0x65, 0x0, 0x61, 0x75, 0x62, 0x75, 0x72, 0x6e, 0x0, 0x61, 0x75, 0x67,
    0x6d, 0x65, 0x6e, 0x74, 0x65, 0x64, 0x0, 0x61, 0x75, 0x67, 0x75, 0x73, 0x74, 0x0, 0x61, 0x75,
    0x73, 0x74, 0x72, 0x61, 0x6c, 0x69, 0x61, 0x6e, 0x0, 0x61, 0x75, 0x73, 0x74, 0x72, 0x69, 0x61,
    0x6e, 0x0, 0x61, 0x75, 0x74, 0x68, 0x65, 0x6e, 0x74, 0x69, 0x63, 0x0, 0x61, 0x75, 0x74, 0x68,
    0x6f, 0x72, 0x69, 0x73, 0x65, 0x64, 0x0, 0x61, 0x75, 0x74, 0x68, 0x6f, 0x72, 0x69, 0x7a, 0x65,
    0x64, 0x0, 0x61, 0x75, 0x74, 0x6f, 0x6d, 0x61, 0x74, 0x65, 0x64, 0x0, 0x61, 0x75, 0x74, 0x6f,
    0x6d, 0x61, 0x74, 0x69, 0x63, 0x0, 0x61, 0x75, 0x74, 0x6f, 0x6d, 0x6f, 0x74, 0x69, 0x76, 0x65,
    0x0, 0x61, 0x75, 0x74, 0x6f, 0x6e, 0x6f, 0x6d, 0x6f, 0x75, 0x73, 0x0, 0x61, 0x75, 0x78, 0x69,
    0x6c, 0x69, 0x61, 0x72, 0x79, 0x0, 0x61, 0x76, 0x61, 0x69, 0x6c, 0x61, 0x62, 0x6c, 0x65, 0x0,
    0x61, 0x76, 0x65, 0x72, 0x61, 0x67, 0x65, 0x0, 0x61, 0x76, 0x69, 0x64, 0x0, 0x61, 0x77, 0x61,
    0x69, 0x74, 0x65, 0x64, 0x0, 0x61, 0x77, 0x61, 0x6b, 0x65, 0x0, 0x61, 0x77, 0x61, 0x72, 0x65,
    0x0, 0x61, 0x77, 0x61, 0x79, 0x0, 0x61, 0x77, 0x65, 0x73, 0x6f, 0x6d, 0x65, 0x0, 0x61, 0x77,
    0x66, 0x75, 0x6c, 0x0, 0x61, 0x77, 0x6b, 0x77, 0x61, 0x72, 0x64, 0x0, 0x62, 0x61, 0x63, 0x6b,
    0x65, 0x64, 0x0, 0x62, 0x61, 0x63, 0x6b, 0x73, 0x74, 0x61, 0x67, 0x65, 0x0, 0x62, 0x61, 0x63,
    0x6b, 0x77, 0x61, 0x72, 0x64, 0x0, 0x62, 0x61, 0x63, 0x74, 0x65, 0x72, 0x69, 0x61, 0x6c, 0x0,
    0x62, 0x61, 0x6b, 0x65, 0x64, 0x0, 0x62, 0x61, 0x6b, 0x69, 0x6e, 0x67, 0x0, 0x62, 0x61, 0x6c,
    0x61, 0x6e, 0x63, 0x65, 0x64, 0x0, 0x62, 0x61, 0x6c, 0x64, 0x0, 0x62, 0x61, 0x6c, 0x74, 0x69,
    0x63, 0x0, 0x62, 0x61, 0x6e, 0x67, 0x69, 0x6e, 0x67, 0x0, 0x62, 0x61, 0x6e, 0x6b, 0x72, 0x75,
    0x70, 0x74, 0x0, 0x62, 0x61, 0x6e, 0x6e, 0x65, 0x64, 0x0, 0x62, 0x61, 0x6e, 0x6e, 0x65, 0x72,
    0x0, 0x62, 0x61, 0x72, 0x65, 0x0, 0x62, 0x61, 0x72, 0x72, 0x65, 0x64, 0x0, 0x62, 0x61, 0x73,
    0x65, 0x64, 0x0, 0x62, 0x61, 0x73, 0x69, 0x63, 0x0, 0x62, 0x61, 0x73, 0x73, 0x0, 0x62, 0x61,
    0x74, 0x73, 0x0, 0x62, 0x65, 0x61, 0x72, 0x69, 0x6e, 0x67, 0x0, 0x62, 0x65, 0x61, 0x74, 0x65,
    0x6e, 0x0, 0x62, 0x65, 0x61, 0x75, 0x74, 0x69, 0x66, 0x75, 0x6c, 0x0, 0x62, 0x65, 0x63, 0x6f,
    0x6d, 0x69, 0x6e, 0x67, 0x0, 0x62, 0x65, 0x65, 0x74, 0x6c, 0x65, 0x0, 0x62, 0x65, 0x66, 0x6f,
    0x72, 0x65, 0x68, 0x61, 0x6e, 0x64, 0x0, 0x62, 0x65, 0x67, 0x69, 0x6e, 0x6e, 0x69, 0x6e, 0x67,
    0x0, 0x62, 0x65, 0x68, 0x61, 0x76, 0x69, 0x6f, 0x72, 0x61, 0x6c, 0x0, 0x62, 0x65, 0x68, 0x69,
    0x6e, 0x64, 0x0, 0x62, 0x65, 0x6c, 0x67, 0x69, 0x61, 0x6e, 0x0, 0x62, 0x65, 0x6c, 0x6f, 0x76,
    0x65, 0x64, 0x0, 0x62, 0x65, 0x6e, 0x65, 0x66, 0x69, 0x63, 0x69, 0x61, 0x6c, 0x0, 0x62, 0x65,
    0x6e, 0x69, 0x67, 0x6e, 0x0, 0x62, 0x65, 0x6e, 0x74, 0x0, 0x62, 0x65, 0x73, 0x74, 0x0, 0x62,
    0x65, 0x74, 0x61, 0x0, 0x62, 0x65, 0x74, 0x74, 0x65, 0x72, 0x0, 0x62, 0x65, 0x74, 0x74, 0x69,
    0x6e, 0x67, 0x0, 0x62, 0x69, 0x61, 0x73, 0x65, 0x64, 0x0, 0x62, 0x69, 0x62, 0x6c, 0x69, 0x63,
    0x61, 0x6c, 0x0, 0x62, 0x69, 0x67, 0x67, 0x65, 0x72, 0x0, 0x62, 0x69, 0x6c, 0x61, 0x74, 0x65,
    0x72, 0x61, 0x6c, 0x0, 0x62, 0x69, 0x6c, 0x69, 0x6e, 0x67, 0x75, 0x61, 0x6c, 0x0, 0x62, 0x69,
    0x6c, 0x6c, 0x65, 0x64, 0x0, 0x62, 0x69, 0x6c, 0x6c, 0x69, 0x6f, 0x6e, 0x0, 0x62, 0x69, 0x6e,
    0x61, 0x72, 0x79, 0x0, 0x62, 0x69, 0x6e, 0x64, 0x69, 0x6e, 0x67, 0x0, 0x62, 0x69, 0x6f, 0x6c,
    0x6f, 0x67, 0x69, 0x63, 0x61, 0x6c, 0x0, 0x62, 0x69, 0x70, 0x6f, 0x6c, 0x61, 0x72, 0x0, 0x62,
    0x69, 0x72, 0x63, 0x68, 0x0, 0x62, 0x69, 0x73, 0x65, 0x78, 0x75, 0x61, 0x6c, 0x0, 0x62, 0x69,
    0x74, 0x69, 0x6e, 0x67, 0x0, 0x62, 0x69, 0x74, 0x74, 0x65, 0x72, 0x0, 0x62, 0x69, 0x7a, 0x61,
    0x72, 0x72, 0x65, 0x0, 0x62, 0x6c, 0x61, 0x63, 0x6b, 0x0, 0x62, 0x6c, 0x61, 0x6d, 0x65, 0x64,
    0x0, 0x62, 0x6c, 0x61, 0x6e, 0x64, 0x0, 0x62, 0x6c, 0x61, 0x6e, 0x6b, 0x65, 0x74, 0x0, 0x62,
    0x6c, 0x61, 0x73, 0x74, 0x69, 0x6e, 0x67, 0x0, 0x62, 0x6c, 0x65, 0x6e, 0x64, 0x65, 0x64, 0x0,
    0x62, 0x6c, 0x65, 0x73, 0x73, 0x65, 0x64, 0x0, 0x62, 0x6c, 0x69, 0x6e, 0x64, 0x0, 0x62, 0x6c,
    0x6f, 0x63, 0x6b, 0x65, 0x64, 0x0, 0x62, 0x6c, 0x6f, 0x6e, 0x64, 0x65, 0x0, 0x62, 0x6c, 0x6f,
    0x77, 0x6e, 0x0, 0x62, 0x6c, 0x75, 0x65, 0x0, 0x62, 0x6c, 0x75, 0x66, 0x66, 0x0, 0x62, 0x6c,
    0x75, 0x6e, 0x74, 0x0, 0x62, 0x6f, 0x64, 0x69, 0x6c, 0x79, 0x0, 0x62, 0x6f, 0x68, 0x65, 0x6d,
    0x69, 0x61, 0x6e, 0x0, 0x62, 0x6f, 0x69, 0x6c, 0x65, 0x64, 0x0, 0x62, 0x6f, 0x6c, 0x64, 0x0,
    0x62, 0x6f, 0x6e, 0x65, 0x0, 0x62, 0x6f, 0x6e, 0x6e, 0x69, 0x65, 0x0, 0x62, 0x6f, 0x6f, 0x6b,
    0x65, 0x64, 0x0, 0x62, 0x6f, 0x72, 0x65, 0x64, 0x0, 0x62, 0x6f, 0x72, 0x69, 0x6e, 0x67, 0x0,
    0x62, 0x6f, 0x72, 0x6e, 0x0, 0x62, 0x6f, 0x73, 0x73, 0x0, 0x62, 0x6f, 0x74, 0x68, 0x65, 0x72,
    0x65, 0x64, 0x0, 0x62, 0x6f, 0x74, 0x74, 0x6f, 0x6d, 0x0, 0x62, 0x6f, 0x75, 0x6e, 0x63, 0x69,
    0x6e, 0x67, 0x0, 0x62, 0x6f, 0x75, 0x6e, 0x64, 0x65, 0x64, 0x0, 0x62, 0x72, 0x61, 0x6e, 0x64,
    0x65, 0x64, 0x0, 0x62, 0x72, 0x61, 0x76, 0x65, 0x0, 0x62, 0x72, 0x61, 0x7a, 0x69, 0x6c, 0x69,
    0x61, 0x6e, 0x0, 0x62, 0x72, 0x65, 0x61, 0x74, 0x68, 0x69, 0x6e, 0x67, 0x0, 0x62, 0x72, 0x65,
    0x65, 0x64, 0x69, 0x6e, 0x67, 0x0, 0x62, 0x72, 0x69, 0x64, 0x61, 0x6c, 0x0, 0x62, 0x72, 0x69,
    0x65, 0x66, 0x0, 0x62, 0x72, 0x69, 0x67, 0x68, 0x74, 0x0, 0x62, 0x72, 0x69, 0x6c, 0x6c, 0x69,
    0x61, 0x6e, 0x74, 0x0, 0x62, 0x72, 0x69, 0x74, 0x69, 0x73, 0x68, 0x0, 0x62, 0x72, 0x6f, 0x61,
    0x64, 0x62, 0x61, 0x6e, 0x64, 0x0, 0x62, 0x72, 0x6f, 0x6b, 0x65, 0x6e, 0x0, 0x62, 0x72, 0x6f,
    0x6e, 0x7a, 0x65, 0x0, 0x62, 0x72, 0x6f, 0x77, 0x6e, 0x0, 0x62, 0x72, 0x75, 0x73, 0x68, 0x65,
    0x64, 0x0, 0x62, 0x72, 0x75, 0x74, 0x61, 0x6c, 0x0, 0x62, 0x75, 0x64, 0x64, 0x68, 0x69, 0x73,
    0x74, 0x0, 0x62, 0x75, 0x66, 0x66, 0x0, 0x62, 0x75, 0x69, 0x6c, 0x74, 0x0, 0x62, 0x75, 0x6c,
    0x67, 0x61, 0x72, 0x69, 0x61, 0x6e, 0x0, 0x62, 0x75, 0x6c, 0x6c, 0x79, 0x69, 0x6e, 0x67, 0x0,
    0x62, 0x75, 0x72, 0x69, 0x65, 0x64, 0x0, 0x62, 0x75, 0x72, 0x6e, 0x65, 0x64, 0x0, 0x62, 0x75,
    0x72, 0x6e, 0x69, 0x6e, 0x67, 0x0, 0x62, 0x75, 0x72, 0x6e, 0x74, 0x0, 0x62, 0x75, 0x73, 0x68,
    0x0, 0x62, 0x75, 0x73, 0x74, 0x65, 0x64, 0x0, 0x62, 0x75, 0x73, 0x79, 0x0, 0x62, 0x75, 0x7a,
    0x7a, 0x69, 0x6e, 0x67, 0x0, 0x63, 0x61, 0x6c, 0x63, 0x75, 0x6c, 0x61, 0x74, 0x65, 0x64, 0x0,
    0x63, 0x61, 0x6c, 0x6c, 0x65, 0x72, 0x0, 0x63, 0x61, 0x6c, 0x6d, 0x0, 0x63, 0x61, 0x6d, 0x70,
    0x0, 0x63, 0x61, 0x6e, 0x61, 0x64, 0x69, 0x61, 0x6e, 0x0, 0x63, 0x61, 0x6e, 0x63, 0x65, 0x6c,
    0x6c, 0x65, 0x64, 0x0, 0x63, 0x61, 0x6e, 0x6e, 0x65, 0x64, 0x0, 0x63, 0x61, 0x70, 0x61, 0x62,
    0x6c, 0x65, 0x0, 0x63, 0x61, 0x70, 0x69, 0x74, 0x61, 0x6c, 0x69, 0x73, 0x74, 0x0, 0x63, 0x61,
    0x70, 0x70, 0x65, 0x64, 0x0, 0x63, 0x61, 0x70, 0x74, 0x69, 0x76, 0x65, 0x0, 0x63, 0x61, 0x72,
    0x64, 0x62, 0x6f, 0x61, 0x72, 0x64, 0x0, 0x63, 0x61, 0x72, 0x64, 0x69, 0x61, 0x63, 0x0, 0x63,
    0x61, 0x72, 0x64, 0x69, 0x6e, 0x61, 0x6c, 0x0, 0x63, 0x61, 0x72, 0x65, 0x66, 0x75, 0x6c, 0x0,
    0x63, 0x61, 0x72, 0x65, 0x6c, 0x65, 0x73, 0x73, 0x0, 0x63, 0x61, 0x72, 0x69, 0x6e, 0x67, 0x0,
    0x63, 0x61, 0x72, 0x6f, 0x6c, 0x69, 0x6e, 0x65, 0x0, 0x63, 0x61, 0x72, 0x76, 0x65, 0x64, 0x0,
    0x63, 0x61, 0x73, 0x75, 0x61, 0x6c, 0x0, 0x63, 0x61, 0x74, 0x63, 0x68, 0x69, 0x6e, 0x67, 0x0,
    0x63, 0x61, 0x74, 0x68, 0x65, 0x64, 0x72, 0x61, 0x6c, 0x0, 0x63, 0x61, 0x74, 0x68, 0x6f, 0x6c,
    0x69, 0x63, 0x0, 0x63, 0x61, 0x75, 0x74, 0x69, 0x6f, 0x75, 0x73, 0x0, 0x63, 0x65, 0x6c, 0x65,
    0x62, 0x72, 0x61, 0x74, 0x65, 0x64, 0x0, 0x63, 0x65, 0x6c, 0x65, 0x73, 0x74, 0x69, 0x61, 0x6c,
    0x0, 0x63, 0x65, 0x6c, 0x6c, 0x75, 0x6c, 0x61, 0x72, 0x0, 0x63, 0x65, 0x6c, 0x74, 0x69, 0x63,
    0x0, 0x63, 0x65, 0x6e, 0x74, 0x65, 0x72, 0x65, 0x64, 0x0, 0x63, 0x65, 0x6e, 0x74, 0x72, 0x61,
    0x6c, 0x0, 0x63, 0x65, 0x72, 0x61, 0x6d, 0x69, 0x63, 0x0, 0x63, 0x65, 0x72, 0x65, 0x61, 0x6c,
    0x0, 0x63, 0x65, 0x72, 0x65, 0x62, 0x72, 0x61, 0x6c, 0x0, 0x63, 0x65, 0x72, 0x74, 0x61, 0x69,
    0x6e, 0x0, 0x63, 0x65, 0x72, 0x74, 0x69, 0x66, 0x69, 0x65, 0x64, 0x0, 0x63, 0x68, 0x61, 0x6d,
    0x70, 0x69, 0x6f, 0x6e, 0x0, 0x63, 0x68, 0x61, 0x6e, 0x63, 0x65, 0x0, 0x63, 0x68, 0x61, 0x6e,
    0x67, 0x65, 0x64, 0x0, 0x63, 0x68, 0x61, 0x6e, 0x67, 0x69, 0x6e, 0x67, 0x0, 0x63, 0x68, 0x61,
    0x6f, 0x74, 0x69, 0x63, 0x0, 0x63, 0x68, 0x61, 0x72, 0x63, 0x6f, 0x61, 0x6c, 0x0, 0x63, 0x68,
    0x61, 0x72, 0x67, 0x65, 0x64, 0x0, 0x63, 0x68, 0x61, 0x72, 0x69, 0x74, 0x61, 0x62, 0x6c, 0x65,
    0x0, 0x63, 0x68, 0x61, 0x72, 0x6d, 0x69, 0x6e, 0x67, 0x0, 0x63, 0x68, 0x61, 0x72, 0x74, 0x65,
    0x72, 0x65, 0x64, 0x0, 0x63, 0x68, 0x65, 0x61, 0x70, 0x0, 0x63, 0x68, 0x65, 0x61, 0x74, 0x69,
    0x6e, 0x67, 0x0, 0x63, 0x68, 0x65, 0x63, 0x6b, 0x65, 0x64, 0x0, 0x63, 0x68, 0x65, 0x65, 0x6b,
    0x79, 0x0, 0x63, 0x68, 0x65, 0x65, 0x72, 0x66, 0x75, 0x6c, 0x0, 0x63, 0x68, 0x65, 0x65, 0x72,
    0x69, 0x6e, 0x67, 0x0, 0x63, 0x68, 0x65, 0x65, 0x73, 0x79, 0x0, 0x63, 0x68, 0x65, 0x6d, 0x69,
    0x63, 0x61, 0x6c, 0x0, 0x63, 0x68, 0x65, 0x72, 0x72, 0x79, 0x0, 0x63, 0x68, 0x69, 0x63, 0x6b,
    0x65, 0x6e, 0x0, 0x63, 0x68, 0x69, 0x65, 0x66, 0x0, 0x63, 0x68, 0x69, 0x6c, 0x64, 0x69, 0x73,
    0x68, 0x0, 0x63, 0x68, 0x69, 0x6c, 0x6c, 0x69, 0x6e, 0x67, 0x0, 0x63, 0x68, 0x69, 0x6c, 0x6c,
    0x79, 0x0, 0x63, 0x68, 0x69, 0x6e, 0x65, 0x73, 0x65, 0x0, 0x63, 0x68, 0x6f, 0x69, 0x63, 0x65,
    0x0, 0x63, 0x68, 0x6f, 0x6b, 0x65, 0x64, 0x0, 0x63, 0x68, 0x6f, 0x70, 0x70, 0x65, 0x64, 0x0,
    0x63, 0x68, 0x72, 0x69, 0x73, 0x74, 0x69, 0x61, 0x6e, 0x0, 0x63, 0x68, 0x72, 0x6f, 0x6e, 0x69,
    0x63, 0x0, 0x63, 0x69, 0x6e, 0x65, 0x6d, 0x61, 0x74, 0x69, 0x63, 0x0, 0x63, 0x69, 0x72, 0x63,
    0x75, 0x6c, 0x61, 0x72, 0x0, 0x63, 0x69, 0x76, 0x69, 0x63, 0x0, 0x63, 0x69, 0x76, 0x69, 0x6c,
    0x69, 0x61, 0x6e, 0x0, 0x63, 0x69, 0x76, 0x69, 0x6c, 0x69, 0x7a, 0x65, 0x64, 0x0, 0x63, 0x6c,
    0x61, 0x64, 0x0, 0x63, 0x6c, 0x61, 0x73, 0x73, 0x69, 0x63, 0x61, 0x6c, 0x0, 0x63, 0x6c, 0x61,
    0x73, 0x73, 0x69, 0x66, 0x69, 0x65, 0x64, 0x0, 0x63, 0x6c, 0x61, 0x73, 0x73, 0x79, 0x0, 0x63,
    0x6c, 0x65, 0x61, 0x6e, 0x73, 0x69, 0x6e, 0x67, 0x0, 0x63, 0x6c, 0x65, 0x61, 0x72, 0x65, 0x64,
    0x0, 0x63, 0x6c, 0x65, 0x76, 0x65, 0x72, 0x0, 0x63, 0x6c, 0x69, 0x6e, 0x69, 0x63, 0x61, 0x6c,
    0x0, 0x63, 0x6c, 0x6f, 0x73, 0x65, 0x64, 0x0, 0x63, 0x6c, 0x6f, 0x73, 0x69, 0x6e, 0x67, 0x0,
    0x63, 0x6c, 0x6f, 0x75, 0x64, 0x79, 0x0, 0x63, 0x6c, 0x75, 0x65, 0x6c, 0x65, 0x73, 0x73, 0x0,
    0x63, 0x6f, 0x61, 0x73, 0x74, 0x61, 0x6c, 0x0, 0x63, 0x6f, 0x61, 0x74, 0x65, 0x64, 0x0, 0x63,
    0x6f, 0x67, 0x6e, 0x69, 0x74, 0x69, 0x76, 0x65, 0x0, 0x63, 0x6f, 0x68, 0x65, 0x72, 0x65, 0x6e,
    0x74, 0x0, 0x63, 0x6f, 0x6c, 0x64, 0x0, 0x63, 0x6f, 0x6c, 0x6c, 0x61, 0x74, 0x65, 0x72, 0x61,
    0x6c, 0x0, 0x63, 0x6f, 0x6c, 0x6c, 0x65, 0x63, 0x74, 0x65, 0x64, 0x0, 0x63, 0x6f, 0x6c, 0x6c,
    0x65, 0x63, 0x74, 0x69, 0x76, 0x65, 0x0, 0x63, 0x6f, 0x6c, 0x6f, 0x6d, 0x62, 0x69, 0x61, 0x6e,
    0x0, 0x63, 0x6f, 0x6c, 0x6f, 0x6e, 0x69, 0x61, 0x6c, 0x0, 0x63, 0x6f, 0x6c, 0x6f, 0x72, 0x65,
    0x64, 0x0, 0x63, 0x6f, 0x6c, 0x6f, 0x72, 0x66, 0x75, 0x6c, 0x0, 0x63, 0x6f, 0x6c, 0x6f, 0x75,
    0x72, 0x65, 0x64, 0x0, 0x63, 0x6f, 0x6c, 0x6f, 0x75, 0x72, 0x66, 0x75, 0x6c, 0x0, 0x63, 0x6f,
    0x6d, 0x62, 0x69, 0x6e, 0x65, 0x64, 0x0, 0x63, 0x6f, 0x6d, 0x66, 0x6f, 0x72, 0x74, 0x69, 0x6e,
    0x67, 0x0, 0x63, 0x6f, 0x6d, 0x66, 0x79, 0x0, 0x63, 0x6f, 0x6d, 0x69, 0x63, 0x0, 0x63, 0x6f,
    0x6d, 0x69, 0x6e, 0x67, 0x0, 0x63, 0x6f, 0x6d, 0x6d, 0x61, 0x6e, 0x64, 0x69, 0x6e, 0x67, 0x0,
    0x63, 0x6f, 0x6d, 0x6d, 0x65, 0x72, 0x63, 0x69, 0x61, 0x6c, 0x0, 0x63, 0x6f, 0x6d, 0x6d, 0x69,
    0x74, 0x74, 0x65, 0x64, 0x0, 0x63, 0x6f, 0x6d, 0x6d, 0x6f, 0x6e, 0x0, 0x63, 0x6f, 0x6d, 0x6d,
    0x75, 0x6e, 0x61, 0x6c, 0x0, 0x63, 0x6f, 0x6d, 0x6d, 0x75, 0x6e, 0x69, 0x73, 0x74, 0x0, 0x63,
    0x6f, 0x6d, 0x70, 0x61, 0x63, 0x74, 0x0, 0x63, 0x6f, 0x6d, 0x70, 0x61, 0x72, 0x61, 0x62, 0x6c,
    0x65, 0x0, 0x63, 0x6f, 0x6d, 0x70, 0x61, 0x74, 0x69, 0x62, 0x6c, 0x65, 0x0, 0x63, 0x6f, 0x6d,
    0x70, 0x65, 0x6c, 0x6c, 0x69, 0x6e, 0x67, 0x0, 0x63, 0x6f, 0x6d, 0x70, 0x65, 0x74, 0x65, 0x6e,
    0x74, 0x0, 0x63, 0x6f, 0x6d, 0x70, 0x6c, 0x65, 0x74, 0x65, 0x64, 0x0, 0x63, 0x6f, 0x6d, 0x70,
    0x6c, 0x65, 0x74, 0x69, 0x6e, 0x67, 0x0, 0x63, 0x6f, 0x6d, 0x70, 0x6c, 0x65, 0x78, 0x0, 0x63,
    0x6f, 0x6d, 0x70, 0x6f, 0x73, 0x65, 0x64, 0x0, 0x63, 0x6f, 0x6d, 0x70, 0x6f, 0x73, 0x69, 0x74,
    0x65, 0x0, 0x63, 0x6f, 0x6d, 0x70, 0x6f, 0x75, 0x6e, 0x64, 0x0, 0x63, 0x6f, 0x6d, 0x70, 0x72,
    0x65, 0x73, 0x73, 0x65, 0x64, 0x0, 0x63, 0x6f, 0x6d, 0x70, 0x75, 0x6c, 0x73, 0x6f, 0x72, 0x79,
    0x0, 0x63, 0x6f, 0x6e, 0x63, 0x65, 0x61, 0x6c, 0x65, 0x64, 0x0, 0x63, 0x6f, 0x6e, 0x63, 0x65,
    0x70, 0x74, 0x75, 0x61, 0x6c, 0x0, 0x63, 0x6f, 0x6e, 0x63, 0x65, 0x72, 0x6e, 0x65, 0x64, 0x0,
    0x63, 0x6f, 0x6e, 0x63, 0x6c, 0x75, 0x64, 0x65, 0x64, 0x0, 0x63, 0x6f, 0x6e, 0x63, 0x6c, 0x75,
    0x64, 0x69, 0x6e, 0x67, 0x0, 0x63, 0x6f, 0x6e, 0x63, 0x72, 0x65, 0x74, 0x65, 0x0, 0x63, 0x6f,
    0x6e, 0x66, 0x69, 0x64, 0x65, 0x6e, 0x74, 0x0, 0x63, 0x6f, 0x6e, 0x66, 0x69, 0x6e, 0x65, 0x64,
    0x0, 0x63, 0x6f, 0x6e, 0x66, 0x69, 0x72, 0x6d, 0x65, 0x64, 0x0, 0x63, 0x6f, 0x6e, 0x66, 0x69,
    0x72, 0x6d, 0x69, 0x6e, 0x67, 0x0, 0x63, 0x6f, 0x6e, 0x66, 0x75, 0x73, 0x65, 0x64, 0x0, 0x63,
    0x6f, 0x6e, 0x66, 0x75, 0x73, 0x69, 0x6e, 0x67, 0x0, 0x63, 0x6f, 0x6e, 0x6e, 0x65, 0x63, 0x74,
    0x65, 0x64, 0x0, 0x63, 0x6f, 0x6e, 0x73, 0x63, 0x69, 0x6f, 0x75, 0x73, 0x0, 0x63, 0x6f, 0x6e,
    0x73, 0x69, 0x64, 0x65, 0x72, 0x65, 0x64, 0x0, 0x63, 0x6f, 0x6e, 0x73, 0x69, 0x73, 0x74, 0x65,
    0x6e, 0x74, 0x0, 0x63, 0x6f, 0x6e, 0x73, 0x74, 0x61, 0x6e, 0x74, 0x0, 0x63, 0x6f, 0x6e, 0x73,
    0x75, 0x6d, 0x69, 0x6e, 0x67, 0x0, 0x63, 0x6f, 0x6e, 0x74, 0x61, 0x67, 0x69, 0x6f, 0x75, 0x73,
    0x0, 0x63, 0x6f, 0x6e, 0x74, 0x61, 0x69, 0x6e, 0x65, 0x64, 0x0, 0x63, 0x6f, 0x6e, 0x74, 0x65,
    0x6e, 0x74, 0x0, 0x63, 0x6f, 0x6e, 0x74, 0x65, 0x73, 0x74, 0x65, 0x64, 0x0, 0x63, 0x6f, 0x6e,
    0x74, 0x69, 0x6e, 0x65, 0x6e, 0x74, 0x0, 0x63, 0x6f, 0x6e, 0x74, 0x69, 0x6e, 0x67, 0x65, 0x6e,
    0x74, 0x0, 0x63, 0x6f, 0x6e, 0x74, 0x69, 0x6e, 0x75, 0x65, 0x64, 0x0, 0x63, 0x6f, 0x6e, 0x74,
    0x69, 0x6e, 0x75, 0x69, 0x6e, 0x67, 0x0, 0x63, 0x6f, 0x6e, 0x74, 0x69, 0x6e, 0x75, 0x6f, 0x75,
    0x73, 0x0, 0x63, 0x6f, 0x6e, 0x74, 0x72, 0x61, 0x63, 0x74, 0x65, 0x64, 0x0, 0x63, 0x6f, 0x6e,
    0x74, 0x72, 0x61, 0x72, 0x79, 0x0, 0x63, 0x6f, 0x6e, 0x74, 0x72, 0x6f, 0x6c, 0x6c, 0x65, 0x64,
    0x0, 0x63, 0x6f, 0x6e, 0x76, 0x65, 0x6e, 0x69, 0x65, 0x6e, 0x74, 0x0, 0x63, 0x6f, 0x6e, 0x76,
    0x65, 0x72, 0x74, 0x65, 0x64, 0x0, 0x63, 0x6f, 0x6e, 0x76, 0x69, 0x6e, 0x63, 0x65, 0x64, 0x0,
    0x63, 0x6f, 0x6e, 0x76, 0x69, 0x6e, 0x63, 0x69, 0x6e, 0x67, 0x0, 0x63, 0x6f, 0x6f, 0x6b, 0x65,
    0x64, 0x0, 0x63, 0x6f, 0x6f, 0x6c, 0x0, 0x63, 0x6f, 0x6f, 0x72, 0x64, 0x69, 0x6e, 0x61, 0x74,
    0x65, 0x0, 0x63, 0x6f, 0x72, 0x61, 0x6c, 0x0, 0x63, 0x6f, 0x72, 0x70, 0x6f, 0x72, 0x61, 0x6c,
    0x0, 0x63, 0x6f, 0x72, 0x70, 0x6f, 0x72, 0x61, 0x74, 0x65, 0x0, 0x63, 0x6f, 0x72, 0x72, 0x65,
    0x63, 0x74, 0x65, 0x64, 0x0, 0x63, 0x6f, 0x72, 0x72, 0x65, 0x6c, 0x61, 0x74, 0x65, 0x64, 0x0,
    0x63, 0x6f, 0x72, 0x72, 0x75, 0x70, 0x74, 0x0, 0x63, 0x6f, 0x73, 0x6d, 0x65, 0x74, 0x69, 0x63,
    0x0, 0x63, 0x6f, 0x73, 0x6d, 0x69, 0x63, 0x0, 0x63, 0x6f, 0x73, 0x74, 0x6c, 0x79, 0x0, 0x63,
    0x6f, 0x75, 0x6e, 0x74, 0x65, 0x72, 0x0, 0x63, 0x6f, 0x75, 0x6e, 0x74, 0x6c, 0x65, 0x73, 0x73,
    0x0, 0x63, 0x6f, 0x75, 0x70, 0x6c, 0x65, 0x64, 0x0, 0x63, 0x6f, 0x75, 0x72, 0x61, 0x67, 0x65,
    0x6f, 0x75, 0x73, 0x0, 0x63, 0x6f, 0x76, 0x65, 0x72, 0x65, 0x64, 0x0, 0x63, 0x6f, 0x76, 0x65,
    0x72, 0x74, 0x0, 0x63, 0x6f, 0x7a, 0x79, 0x0, 0x63, 0x72, 0x61, 0x63, 0x6b, 0x65, 0x64, 0x0,
    0x63, 0x72, 0x61, 0x63, 0x6b, 0x69, 0x6e, 0x67, 0x0, 0x63, 0x72, 0x61, 0x6e, 0x6b, 0x0, 0x63,
    0x72, 0x61, 0x70, 0x70, 0x79, 0x0, 0x63, 0x72, 0x61, 0x73, 0x68, 0x69, 0x6e, 0x67, 0x0, 0x63,
    0x72, 0x61, 0x7a, 0x79, 0x0, 0x63, 0x72, 0x65, 0x61, 0x74, 0x69, 0x76, 0x65, 0x0, 0x63, 0x72,
    0x65, 0x64, 0x69, 0x62, 0x6c, 0x65, 0x0, 0x63, 0x72, 0x65, 0x64, 0x69, 0x74, 0x65, 0x64, 0x0,
    0x63, 0x72, 0x65, 0x65, 0x70, 0x79, 0x0, 0x63, 0x72, 0x65, 0x73, 0x63, 0x65, 0x6e, 0x74, 0x0,
    0x63, 0x72, 0x69, 0x6d, 0x69, 0x6e, 0x61, 0x6c, 0x0, 0x63, 0x72, 0x69, 0x6d, 0x73, 0x6f, 0x6e,
    0x0, 0x63, 0x72, 0x69, 0x70, 0x70, 0x6c, 0x65, 0x64, 0x0, 0x63, 0x72, 0x69, 0x73, 0x70, 0x0,
    0x63, 0x72, 0x69, 0x74, 0x69, 0x63, 0x61, 0x6c, 0x0, 0x63, 0x72, 0x6f, 0x6f, 0x6b, 0x65, 0x64,
    0x0, 0x63, 0x72, 0x6f, 0x73, 0x73, 0x65, 0x64, 0x0, 0x63, 0x72, 0x6f, 0x77, 0x64, 0x65, 0x64,
    0x0, 0x63, 0x72, 0x6f, 0x77, 0x6e, 0x65, 0x64, 0x0, 0x63, 0x72, 0x75, 0x63, 0x69, 0x61, 0x6c,
    0x0, 0x63, 0x72, 0x75, 0x64, 0x65, 0x0, 0x63, 0x72, 0x75, 0x65, 0x6c, 0x0, 0x63, 0x72, 0x75,
    0x73, 0x68, 0x65, 0x64, 0x0, 0x63, 0x72, 0x75, 0x73, 0x68, 0x69, 0x6e, 0x67, 0x0, 0x63, 0x72,
    0x79, 0x69, 0x6e, 0x67, 0x0, 0x63, 0x75, 0x62, 0x61, 0x6e, 0x0, 0x63, 0x75, 0x62, 0x69, 0x63,
    0x0, 0x63, 0x75, 0x6c, 0x69, 0x6e, 0x61, 0x72, 0x79, 0x0, 0x63, 0x75, 0x6c, 0x74, 0x69, 0x76,
    0x61, 0x74, 0x65, 0x64, 0x0, 0x63, 0x75, 0x6c, 0x74, 0x75, 0x72, 0x61, 0x6c, 0x0, 0x63, 0x75,
    0x6d, 0x75, 0x6c, 0x61, 0x74, 0x69, 0x76, 0x65, 0x0, 0x63, 0x75, 0x72, 0x65, 0x64, 0x0, 0x63,
    0x75, 0x72, 0x69, 0x6f, 0x75, 0x73, 0x0, 0x63, 0x75, 0x72, 0x6c, 0x69, 0x6e, 0x67, 0x0, 0x63,
    0x75, 0x72, 0x6c, 0x79, 0x0, 0x63, 0x75, 0x72, 0x72, 0x65, 0x6e, 0x74, 0x0, 0x63, 0x75, 0x72,
    0x73, 0x65, 0x64, 0x0, 0x63, 0x75, 0x72, 0x76, 0x65, 0x64, 0x0, 0x63, 0x75, 0x73, 0x74, 0x6f,
    0x6d, 0x61, 0x72, 0x79, 0x0, 0x63, 0x75, 0x74, 0x65, 0x0, 0x63, 0x75, 0x74, 0x74, 0x69, 0x6e,
    0x67, 0x0, 0x63, 0x79, 0x6e, 0x69, 0x63, 0x61, 0x6c, 0x0, 0x63, 0x7a, 0x65, 0x63, 0x68, 0x0,
    0x64, 0x61, 0x69, 0x6c, 0x79, 0x0, 0x64, 0x61, 0x6d, 0x61, 0x67, 0x65, 0x64, 0x0, 0x64, 0x61,
    0x6d, 0x61, 0x67, 0x69, 0x6e, 0x67, 0x0, 0x64, 0x61, 0x6d, 0x6e, 0x65, 0x64, 0x0, 0x64, 0x61,
    0x6d, 0x70, 0x0, 0x64, 0x61, 0x6e, 0x67, 0x65, 0x72, 0x6f, 0x75, 0x73, 0x0, 0x64, 0x61, 0x6e,
    0x69, 0x73, 0x68, 0x0, 0x64, 0x61, 0x72, 0x69, 0x6e, 0x67, 0x0, 0x64, 0x61, 0x72, 0x6b, 0x0,
    0x64, 0x61, 0x72, 0x6c, 0x69, 0x6e, 0x67, 0x0, 0x64, 0x61, 0x74, 0x65, 0x64, 0x0, 0x64, 0x65,
    0x61, 0x64, 0x6c, 0x79, 0x0, 0x64, 0x65, 0x61, 0x66, 0x0, 0x64, 0x65, 0x61, 0x72, 0x0, 0x64,
    0x65, 0x63, 0x65, 0x61, 0x73, 0x65, 0x64, 0x0, 0x64, 0x65, 0x63, 0x65, 0x6e, 0x74, 0x0, 0x64,
    0x65, 0x63, 0x69, 0x64, 0x65, 0x64, 0x0, 0x64, 0x65, 0x63, 0x69, 0x64, 0x69, 0x6e, 0x67, 0x0,
    0x64, 0x65, 0x63, 0x69, 0x73, 0x69, 0x76, 0x65, 0x0, 0x64, 0x65, 0x63, 0x6c, 0x61, 0x72, 0x65,
    0x64, 0x0, 0x64, 0x65, 0x63, 0x6f, 0x72, 0x61, 0x74, 0x65, 0x64, 0x0, 0x64, 0x65, 0x63, 0x6f,
    0x72, 0x61, 0x74, 0x69, 0x76, 0x65, 0x0, 0x64, 0x65, 0x63, 0x72, 0x65, 0x61, 0x73, 0x65, 0x64,
    0x0, 0x64, 0x65, 0x63, 0x72, 0x65, 0x61, 0x73, 0x69, 0x6e, 0x67, 0x0, 0x64, 0x65, 0x64, 0x69,
    0x63, 0x61, 0x74, 0x65, 0x64, 0x0, 0x64, 0x65, 0x65, 0x70, 0x0, 0x64, 0x65, 0x66, 0x65, 0x61,
    0x74, 0x65, 0x64, 0x0, 0x64, 0x65, 0x66, 0x65, 0x63, 0x74, 0x69, 0x76, 0x65, 0x0, 0x64, 0x65,
    0x66, 0x65, 0x6e, 0x64, 0x69, 0x6e, 0x67, 0x0, 0x64, 0x65, 0x66, 0x65, 0x6e, 0x73, 0x69, 0x76,
    0x65, 0x0, 0x64, 0x65, 0x66, 0x69, 0x6e, 0x65, 0x64, 0x0, 0x64, 0x65, 0x66, 0x69, 0x6e, 0x69,
    0x74, 0x65, 0x0, 0x64, 0x65, 0x66, 0x69, 0x6e, 0x69, 0x74, 0x69, 0x76, 0x65, 0x0, 0x64, 0x65,
    0x6c, 0x61, 0x79, 0x65, 0x64, 0x0, 0x64, 0x65, 0x6c, 0x69, 0x62, 0x65, 0x72, 0x61, 0x74, 0x65,
    0x0, 0x64, 0x65, 0x6c, 0x69, 0x63, 0x61, 0x74, 0x65, 0x0, 0x64, 0x65, 0x6c, 0x69, 0x63, 0x69,
    0x6f, 0x75, 0x73, 0x0, 0x64, 0x65, 0x6c, 0x69, 0x67, 0x68, 0x74, 0x65, 0x64, 0x0, 0x64, 0x65,
    0x6c, 0x69, 0x67, 0x68, 0x74, 0x66, 0x75, 0x6c, 0x0, 0x64, 0x65, 0x6c, 0x75, 0x73, 0x69, 0x6f,
    0x6e, 0x61, 0x6c, 0x0, 0x64, 0x65, 0x6c, 0x75, 0x78, 0x65, 0x0, 0x64, 0x65, 0x6d, 0x61, 0x6e,
    0x64, 0x69, 0x6e, 0x67, 0x0, 0x64, 0x65, 0x6d, 0x6f, 0x63, 0x72, 0x61, 0x74, 0x69, 0x63, 0x0,
    0x64, 0x65, 0x6d, 0x6f, 0x6c, 0x69, 0x73, 0x68, 0x65, 0x64, 0x0, 0x64, 0x65, 0x6e, 0x73, 0x65,
    0x0, 0x64, 0x65, 0x6e, 0x74, 0x61, 0x6c, 0x0, 0x64, 0x65, 0x70, 0x61, 0x72, 0x74, 0x65, 0x64,
    0x0, 0x64, 0x65, 0x70, 0x65, 0x6e, 0x64, 0x65, 0x6e, 0x74, 0x0, 0x64, 0x65, 0x70, 0x69, 0x63,
    0x74, 0x65, 0x64, 0x0, 0x64, 0x65, 0x70, 0x72, 0x65, 0x73, 0x73, 0x65, 0x64, 0x0, 0x64, 0x65,
    0x70, 0x72, 0x65, 0x73, 0x73, 0x69, 0x6e, 0x67, 0x0, 0x64, 0x65, 0x70, 0x72, 0x69, 0x76, 0x65,
    0x64, 0x0, 0x64, 0x65, 0x72, 0x69, 0x76, 0x61, 0x74, 0x69, 0x76, 0x65, 0x0, 0x64, 0x65, 0x72,
    0x69, 0x76, 0x65, 0x64, 0x0, 0x64, 0x65, 0x73, 0x63, 0x65, 0x6e, 0x64, 0x69, 0x6e, 0x67, 0x0,
    0x64, 0x65, 0x73, 0x63, 0x72, 0x69, 0x62, 0x65, 0x64, 0x0, 0x64, 0x65, 0x73, 0x65, 0x72, 0x74,
    0x65, 0x64, 0x0, 0x64, 0x65, 0x73, 0x65, 0x72, 0x76, 0x65, 0x64, 0x0, 0x64, 0x65, 0x73, 0x65,
    0x72, 0x76, 0x69, 0x6e, 0x67, 0x0, 0x64, 0x65, 0x73, 0x69, 0x67, 0x6e, 0x65, 0x64, 0x0, 0x64,
    0x65, 0x73, 0x69, 0x67, 0x6e, 0x69, 0x6e, 0x67, 0x0, 0x64, 0x65, 0x73, 0x69, 0x72, 0x61, 0x62,
    0x6c, 0x65, 0x0, 0x64, 0x65, 0x73, 0x69, 0x72, 0x65, 0x64, 0x0, 0x64, 0x65, 0x73, 0x70, 0x65,
    0x72, 0x61, 0x74, 0x65, 0x0, 0x64, 0x65, 0x73, 0x74, 0x69, 0x6e, 0x65, 0x64, 0x0, 0x64, 0x65,
    0x73, 0x74, 0x72, 0x6f, 0x79, 0x65, 0x64, 0x0, 0x64, 0x65, 0x74, 0x61, 0x63, 0x68, 0x65, 0x64,
    0x0, 0x64, 0x65, 0x74, 0x61, 0x69, 0x6c, 0x65, 0x64, 0x0, 0x64, 0x65, 0x74, 0x65, 0x63, 0x74,
    0x65, 0x64, 0x0, 0x64, 0x65, 0x74, 0x65, 0x72, 0x6d, 0x69, 0x6e, 0x65, 0x64, 0x0, 0x64, 0x65,
    0x76, 0x65, 0x6c, 0x6f, 0x70, 0x65, 0x64, 0x0, 0x64, 0x65, 0x76, 0x65, 0x6c, 0x6f, 0x70, 0x69,
    0x6e, 0x67, 0x0, 0x64, 0x65, 0x76, 0x6f, 0x74, 0x65, 0x64, 0x0, 0x64, 0x65, 0x78, 0x74, 0x65,
    0x72, 0x0, 0x64, 0x69, 0x61, 0x67, 0x6e, 0x6f, 0x73, 0x74, 0x69, 0x63, 0x0, 0x64, 0x69, 0x65,
    0x74, 0x61, 0x72, 0x79, 0x0, 0x64, 0x69, 0x66, 0x66, 0x65, 0x72, 0x65, 0x6e, 0x74, 0x0, 0x64,
    0x69, 0x66, 0x66, 0x69, 0x63, 0x75, 0x6c, 0x74, 0x0, 0x64, 0x69, 0x67, 0x69, 0x74, 0x61, 0x6c,
    0x0, 0x64, 0x69, 0x6d, 0x69, 0x6e, 0x69, 0x73, 0x68, 0x65, 0x64, 0x0, 0x64, 0x69, 0x70, 0x6c,
    0x6f, 0x6d, 0x61, 0x74, 0x69, 0x63, 0x0, 0x64, 0x69, 0x70, 0x70, 0x65, 0x64, 0x0, 0x64, 0x69,
    0x72, 0x65, 0x63, 0x74, 0x65, 0x64, 0x0, 0x64, 0x69, 0x72, 0x65, 0x63, 0x74, 0x69, 0x6e, 0x67,
    0x0, 0x64, 0x69, 0x72, 0x65, 0x63, 0x74, 0x69, 0x76, 0x65, 0x0, 0x64, 0x69, 0x72, 0x74, 0x79,
    0x0, 0x64, 0x69, 0x73, 0x61, 0x62, 0x6c, 0x65, 0x64, 0x0, 0x64, 0x69, 0x73, 0x61, 0x73, 0x74,
    0x72, 0x6f, 0x75, 0x73, 0x0, 0x64, 0x69, 0x73, 0x63, 0x61, 0x72, 0x64, 0x65, 0x64, 0x0, 0x64,
    0x69, 0x73, 0x63, 0x68, 0x61, 0x72, 0x67, 0x65, 0x64, 0x0, 0x64, 0x69, 0x73, 0x63, 0x6c, 0x6f,
    0x73, 0x65, 0x64, 0x0, 0x64, 0x69, 0x73, 0x63, 0x6f, 0x76, 0x65, 0x72, 0x65, 0x64, 0x0, 0x64,
    0x69, 0x73, 0x63, 0x72, 0x65, 0x74, 0x65, 0x0, 0x64, 0x69, 0x73, 0x67, 0x75, 0x69, 0x73, 0x65,
    0x64, 0x0, 0x64, 0x69, 0x73, 0x67, 0x75, 0x73, 0x74, 0x65, 0x64, 0x0, 0x64, 0x69, 0x73, 0x67,
    0x75, 0x73, 0x74, 0x69, 0x6e, 0x67, 0x0, 0x64, 0x69, 0x73, 0x68, 0x6f, 0x6e, 0x65, 0x73, 0x74,
    0x0, 0x64, 0x69, 0x73, 0x6d, 0x69, 0x73, 0x73, 0x65, 0x64, 0x0, 0x64, 0x69, 0x73, 0x70, 0x65,
    0x72, 0x73, 0x65, 0x64, 0x0, 0x64, 0x69, 0x73, 0x70, 0x6f, 0x73, 0x61, 0x62, 0x6c, 0x65, 0x0,
    0x64, 0x69, 0x73, 0x70, 0x6f, 0x73, 0x65, 0x64, 0x0, 0x64, 0x69, 0x73, 0x70, 0x75, 0x74, 0x65,
    0x64, 0x0, 0x64, 0x69, 0x73, 0x73, 0x6f, 0x6c, 0x76, 0x65, 0x64, 0x0, 0x64, 0x69, 0x73, 0x74,
    0x61, 0x6e, 0x74, 0x0, 0x64, 0x69, 0x73, 0x74, 0x69, 0x6e, 0x63, 0x74, 0x0, 0x64, 0x69, 0x73,
    0x74, 0x6f, 0x72, 0x74, 0x65, 0x64, 0x0, 0x64, 0x69, 0x73, 0x74, 0x72, 0x61, 0x63, 0x74, 0x65,
    0x64, 0x0, 0x64, 0x69, 0x73, 0x74, 0x72, 0x65, 0x73, 0x73, 0x65, 0x64, 0x0, 0x64, 0x69, 0x73,
    0x74, 0x75, 0x72, 0x62, 0x65, 0x64, 0x0, 0x64, 0x69, 0x73, 0x74, 0x75, 0x72, 0x62, 0x69, 0x6e,
    0x67, 0x0, 0x64, 0x69, 0x76, 0x65, 0x72, 0x73, 0x65, 0x0, 0x64, 0x69, 0x76, 0x69, 0x64, 0x65,
    0x64, 0x0, 0x64, 0x69, 0x76, 0x69, 0x6e, 0x65, 0x0, 0x64, 0x69, 0x76, 0x6f, 0x72, 0x63, 0x65,
    0x64, 0x0, 0x64, 0x6f, 0x63, 0x74, 0x6f, 0x72, 0x61, 0x6c, 0x0, 0x64, 0x6f, 0x63, 0x75, 0x6d,
    0x65, 0x6e, 0x74, 0x65, 0x64, 0x0, 0x64, 0x6f, 0x6d, 0x65, 0x73, 0x74, 0x69, 0x63, 0x0, 0x64,
    0x6f, 0x6d, 0x69, 0x6e, 0x61, 0x6e, 0x74, 0x0, 0x64, 0x6f, 0x6d, 0x69, 0x6e, 0x61, 0x74, 0x65,
    0x64, 0x0, 0x64, 0x6f, 0x6d, 0x69, 0x6e, 0x61, 0x74, 0x69, 0x6e, 0x67, 0x0, 0x64, 0x6f, 0x6d,
    0x69, 0x6e, 0x69, 0x63, 0x61, 0x6e, 0x0, 0x64, 0x6f, 0x6e, 0x65, 0x0, 0x64, 0x6f, 0x6f, 0x6d,
    0x65, 0x64, 0x0, 0x64, 0x6f, 0x75, 0x62, 0x6c, 0x65, 0x64, 0x0, 0x64, 0x6f, 0x75, 0x62, 0x74,
    0x66, 0x75, 0x6c, 0x0, 0x64, 0x6f, 0x77, 0x6e, 0x68, 0x69, 0x6c, 0x6c, 0x0, 0x64, 0x6f, 0x77,
    0x6e, 0x73, 0x74, 0x61, 0x69, 0x72, 0x73, 0x0, 0x64, 0x6f, 0x77, 0x6e, 0x73, 0x74, 0x72, 0x65,
    0x61, 0x6d, 0x0, 0x64, 0x6f, 0x77, 0x6e, 0x74, 0x6f, 0x77, 0x6e, 0x0, 0x64, 0x6f, 0x77, 0x6e,
    0x77, 0x61, 0x72, 0x64, 0x0, 0x64, 0x6f, 0x7a, 0x65, 0x6e, 0x0, 0x64, 0x72, 0x61, 0x67, 0x67,
    0x69, 0x6e, 0x67, 0x0, 0x64, 0x72, 0x61, 0x69, 0x6e, 0x65, 0x64, 0x0, 0x64, 0x72, 0x61, 0x69,
    0x6e, 0x69, 0x6e, 0x67, 0x0, 0x64, 0x72, 0x61, 0x6d, 0x61, 0x74, 0x69, 0x63, 0x0, 0x64, 0x72,
    0x61, 0x73, 0x74, 0x69, 0x63, 0x0, 0x64, 0x72, 0x61, 0x77, 0x6e, 0x0, 0x64, 0x72, 0x65, 0x61,
    0x64, 0x66, 0x75, 0x6c, 0x0, 0x64, 0x72, 0x65, 0x61, 0x6d, 0x65, 0x64, 0x0, 0x64, 0x72, 0x65,
    0x73, 0x73, 0x65, 0x64, 0x0, 0x64, 0x72, 0x69, 0x65, 0x64, 0x0, 0x64, 0x72, 0x69, 0x66, 0x74,
    0x69, 0x6e, 0x67, 0x0, 0x64, 0x72, 0x69, 0x6c, 0x6c, 0x65, 0x64, 0x0, 0x64, 0x72, 0x69, 0x76,
    0x65, 0x6e, 0x0, 0x64, 0x72, 0x69, 0x76, 0x69, 0x6e, 0x67, 0x0, 0x64, 0x72, 0x6f, 0x70, 0x70,
    0x69, 0x6e, 0x67, 0x0, 0x64, 0x72, 0x75, 0x6e, 0x6b, 0x65, 0x6e, 0x0, 0x64, 0x75, 0x61, 0x6c,
    0x0, 0x64, 0x75, 0x6c, 0x6c, 0x0, 0x64, 0x75, 0x6d, 0x6d, 0x79, 0x0, 0x64, 0x75, 0x70, 0x6c,
    0x69, 0x63, 0x61, 0x74, 0x65, 0x0, 0x64, 0x75, 0x72, 0x61, 0x62, 0x6c, 0x65, 0x0, 0x64, 0x75,
    0x73, 0x74, 0x79, 0x0, 0x64, 0x75, 0x74, 0x63, 0x68, 0x0, 0x64, 0x79, 0x69, 0x6e, 0x67, 0x0,
    0x64, 0x79, 0x6e, 0x61, 0x6d, 0x69, 0x63, 0x0, 0x65, 0x61, 0x63, 0x68, 0x0, 0x65, 0x61, 0x67,
    0x65, 0x72, 0x0, 0x65, 0x61, 0x72, 0x6c, 0x69, 0x65, 0x72, 0x0, 0x65, 0x61, 0x72, 0x6c, 0x69,
    0x65, 0x73, 0x74, 0x0, 0x65, 0x61, 0x72, 0x6c, 0x79, 0x0, 0x65, 0x61, 0x72, 0x6e, 0x65, 0x64,
    0x0, 0x65, 0x61, 0x72, 0x6e, 0x65, 0x73, 0x74, 0x0, 0x65, 0x61, 0x73, 0x74, 0x65, 0x72, 0x6e,
    0x0, 0x65, 0x61, 0x73, 0x79, 0x0, 0x65, 0x63, 0x63, 0x65, 0x6e, 0x74, 0x72, 0x69, 0x63, 0x0,
    0x65, 0x63, 0x6f, 0x6c, 0x6f, 0x67, 0x69, 0x63, 0x61, 0x6c, 0x0, 0x65, 0x63, 0x6f, 0x6e, 0x6f,
    0x6d, 0x69, 0x63, 0x61, 0x6c, 0x0, 0x65, 0x64, 0x67, 0x65, 0x64, 0x0, 0x65, 0x64, 0x69, 0x62,
    0x6c, 0x65, 0x0, 0x65, 0x64, 0x69, 0x74, 0x65, 0x64, 0x0, 0x65, 0x64, 0x69, 0x74, 0x6f, 0x72,
    0x69, 0x61, 0x6c, 0x0, 0x65, 0x64, 0x75, 0x63, 0x61, 0x74, 0x65, 0x64, 0x0, 0x65, 0x66, 0x66,
    0x65, 0x63, 0x74, 0x69, 0x76, 0x65, 0x0, 0x65, 0x66, 0x66, 0x69, 0x63, 0x69, 0x65, 0x6e, 0x74,
    0x0, 0x65, 0x67, 0x79, 0x70, 0x74, 0x69, 0x61, 0x6e, 0x0, 0x65, 0x69, 0x67, 0x68, 0x74, 0x65,
    0x65, 0x6e, 0x0, 0x65, 0x69, 0x67, 0x68, 0x74, 0x68, 0x0, 0x65, 0x69, 0x67, 0x68, 0x74, 0x79,
    0x0, 0x65, 0x6c, 0x61, 0x62, 0x6f, 0x72, 0x61, 0x74, 0x65, 0x0, 0x65, 0x6c, 0x61, 0x73, 0x74,
    0x69, 0x63, 0x0, 0x65, 0x6c, 0x64, 0x65, 0x72, 0x6c, 0x79, 0x0, 0x65, 0x6c, 0x64, 0x65, 0x73,
    0x74, 0x0, 0x65, 0x6c, 0x65, 0x63, 0x74, 0x65, 0x64, 0x0, 0x65, 0x6c, 0x65, 0x63, 0x74, 0x6f,
    0x72, 0x61, 0x6c, 0x0, 0x65, 0x6c, 0x65, 0x63, 0x74, 0x72, 0x69, 0x63, 0x61, 0x6c, 0x0, 0x65,
    0x6c, 0x65, 0x63, 0x74, 0x72, 0x6f, 0x6e, 0x69, 0x63, 0x0, 0x65, 0x6c, 0x65, 0x67, 0x61, 0x6e,
    0x74, 0x0, 0x65, 0x6c, 0x65, 0x6d, 0x65, 0x6e, 0x74, 0x61, 0x72, 0x79, 0x0, 0x65, 0x6c, 0x65,
    0x76, 0x61, 0x74, 0x65, 0x64, 0x0, 0x65, 0x6c, 0x65, 0x76, 0x65, 0x6e, 0x0, 0x65, 0x6c, 0x69,
    0x67, 0x69, 0x62, 0x6c, 0x65, 0x0, 0x65, 0x6c, 0x69, 0x74, 0x65, 0x0, 0x65, 0x6d, 0x62, 0x65,
    0x64, 0x64, 0x65, 0x64, 0x0, 0x65, 0x6d, 0x65, 0x72, 0x67, 0x69, 0x6e, 0x67, 0x0, 0x65, 0x6d,
    0x69, 0x6e, 0x65, 0x6e, 0x74, 0x0, 0x65, 0x6d, 0x6f, 0x74, 0x69, 0x6f, 0x6e, 0x61, 0x6c, 0x0,
    0x65, 0x6d, 0x70, 0x68, 0x61, 0x73, 0x69, 0x7a, 0x65, 0x64, 0x0, 0x65, 0x6d, 0x70, 0x69, 0x72,
    0x69, 0x63, 0x61, 0x6c, 0x0, 0x65, 0x6d, 0x70, 0x6c, 0x6f, 0x79, 0x65, 0x64, 0x0, 0x65, 0x6d,
    0x70, 0x6f, 0x77, 0x65, 0x72, 0x65, 0x64, 0x0, 0x65, 0x6d, 0x70, 0x74, 0x79, 0x0, 0x65, 0x6e,
    0x61, 0x62, 0x6c, 0x69, 0x6e, 0x67, 0x0, 0x65, 0x6e, 0x63, 0x6c, 0x6f, 0x73, 0x65, 0x64, 0x0,
    0x65, 0x6e, 0x63, 0x6f, 0x75, 0x72, 0x61, 0x67, 0x65, 0x64, 0x0, 0x65, 0x6e, 0x64, 0x61, 0x6e,
    0x67, 0x65, 0x72, 0x65, 0x64, 0x0, 0x65, 0x6e, 0x64, 0x65, 0x64, 0x0, 0x65, 0x6e, 0x64, 0x6c,
    0x65, 0x73, 0x73, 0x0, 0x65, 0x6e, 0x64, 0x75, 0x72, 0x69, 0x6e, 0x67, 0x0, 0x65, 0x6e, 0x65,
    0x72, 0x67, 0x65, 0x74, 0x69, 0x63, 0x0, 0x65, 0x6e, 0x66, 0x6f, 0x72, 0x63, 0x65, 0x64, 0x0,
    0x65, 0x6e, 0x67, 0x61, 0x67, 0x65, 0x64, 0x0, 0x65, 0x6e, 0x67, 0x61, 0x67, 0x69, 0x6e, 0x67,
    0x0, 0x65, 0x6e, 0x67, 0x6c, 0x69, 0x73, 0x68, 0x0, 0x65, 0x6e, 0x67, 0x72, 0x61, 0x76, 0x65,
    0x64, 0x0, 0x65, 0x6e, 0x68, 0x61, 0x6e, 0x63, 0x65, 0x64, 0x0, 0x65, 0x6e, 0x6a, 0x6f, 0x79,
    0x61, 0x62, 0x6c, 0x65, 0x0, 0x65, 0x6e, 0x6c, 0x61, 0x72, 0x67, 0x65, 0x64, 0x0, 0x65, 0x6e,
    0x6f, 0x72, 0x6d, 0x6f, 0x75, 0x73, 0x0, 0x65, 0x6e, 0x6f, 0x75, 0x67, 0x68, 0x0, 0x65, 0x6e,
    0x73, 0x75, 0x69, 0x6e, 0x67, 0x0, 0x65, 0x6e, 0x74, 0x69, 0x72, 0x65, 0x0, 0x65, 0x6e, 0x74,
    0x69, 0x74, 0x6c, 0x65, 0x64, 0x0, 0x65, 0x70, 0x69, 0x63, 0x0, 0x65, 0x70, 0x69, 0x64, 0x65,
    0x6d, 0x69, 0x63, 0x0, 0x65, 0x71, 0x75, 0x61, 0x6c, 0x0, 0x65, 0x71, 0x75, 0x69, 0x70, 0x70,
    0x65, 0x64, 0x0, 0x65, 0x71, 0x75, 0x69, 0x76, 0x61, 0x6c, 0x65, 0x6e, 0x74, 0x0, 0x65, 0x72,
    0x65, 0x63, 0x74, 0x0, 0x65, 0x73, 0x63, 0x61, 0x70, 0x65, 0x64, 0x0, 0x65, 0x73, 0x73, 0x65,
    0x6e, 0x74, 0x69, 0x61, 0x6c, 0x0, 0x65, 0x74, 0x65, 0x72, 0x6e, 0x61, 0x6c, 0x0, 0x65, 0x74,
    0x68, 0x69, 0x63, 0x61, 0x6c, 0x0, 0x65, 0x74, 0x68, 0x69, 0x6f, 0x70, 0x69, 0x61, 0x6e, 0x0,
    0x65, 0x74, 0x68, 0x6e, 0x69, 0x63, 0x0, 0x65, 0x75, 0x72, 0x6f, 0x70, 0x65, 0x61, 0x6e, 0x0,
    0x65, 0x76, 0x65, 0x6e, 0x74, 0x75, 0x61, 0x6c, 0x0, 0x65, 0x76, 0x65, 0x72, 0x79, 0x64, 0x61,
    0x79, 0x0, 0x65, 0x76, 0x69, 0x64, 0x65, 0x6e, 0x74, 0x0, 0x65, 0x76, 0x69, 0x6c, 0x0, 0x65,
    0x78, 0x61, 0x63, 0x74, 0x0, 0x65, 0x78, 0x63, 0x65, 0x65, 0x64, 0x69, 0x6e, 0x67, 0x0, 0x65,
    0x78, 0x63, 0x65, 0x6c, 0x6c, 0x65, 0x6e, 0x74, 0x0, 0x65, 0x78, 0x63, 0x65, 0x73, 0x73, 0x69,
    0x76, 0x65, 0x0, 0x65, 0x78, 0x63, 0x68, 0x61, 0x6e, 0x67, 0x65, 0x64, 0x0, 0x65, 0x78, 0x63,
    0x69, 0x74, 0x65, 0x64, 0x0, 0x65, 0x78, 0x63, 0x69, 0x74, 0x69, 0x6e, 0x67, 0x0, 0x65, 0x78,
    0x63, 0x6c, 0x75, 0x73, 0x69, 0x76, 0x65, 0x0, 0x65, 0x78, 0x65, 0x63, 0x75, 0x74, 0x65, 0x64,
    0x0, 0x65, 0x78, 0x65, 0x63, 0x75, 0x74, 0x69, 0x76, 0x65, 0x0, 0x65, 0x78, 0x65, 0x6d, 0x70,
    0x74, 0x0, 0x65, 0x78, 0x68, 0x61, 0x75, 0x73, 0x74, 0x65, 0x64, 0x0, 0x65, 0x78, 0x68, 0x61,
    0x75, 0x73, 0x74, 0x69, 0x6e, 0x67, 0x0, 0x65, 0x78, 0x69, 0x73, 0x74, 0x65, 0x6e, 0x74, 0x0,
    0x65, 0x78, 0x69, 0x73, 0x74, 0x69, 0x6e, 0x67, 0x0, 0x65, 0x78, 0x6f, 0x74, 0x69, 0x63, 0x0,
    0x65, 0x78, 0x70, 0x61, 0x6e, 0x64, 0x65, 0x64, 0x0, 0x65, 0x78, 0x70, 0x65, 0x63, 0x74, 0x65,
    0x64, 0x0, 0x65, 0x78, 0x70, 0x65, 0x6e, 0x73, 0x69, 0x76, 0x65, 0x0, 0x65, 0x78, 0x70, 0x65,
    0x72, 0x74, 0x0, 0x65, 0x78, 0x70, 0x69, 0x72, 0x65, 0x64, 0x0, 0x65, 0x78, 0x70, 0x6c, 0x69,
    0x63, 0x69, 0x74, 0x0, 0x65, 0x78, 0x70, 0x6c, 0x6f, 0x64, 0x65, 0x64, 0x0, 0x65, 0x78, 0x70,
    0x6c, 0x6f, 0x69, 0x74, 0x65, 0x64, 0x0, 0x65, 0x78, 0x70, 0x6c, 0x6f, 0x73, 0x69, 0x76, 0x65,
    0x0, 0x65, 0x78, 0x70, 0x6f, 0x73, 0x65, 0x64, 0x0, 0x65, 0x78, 0x70, 0x72, 0x65, 0x73, 0x73,
    0x65, 0x64, 0x0, 0x65, 0x78, 0x71, 0x75, 0x69, 0x73, 0x69, 0x74, 0x65, 0x0, 0x65, 0x78, 0x74,
    0x65, 0x6e, 0x64, 0x65, 0x64, 0x0, 0x65, 0x78, 0x74, 0x65, 0x6e, 0x73, 0x69, 0x76, 0x65, 0x0,
    0x65, 0x78, 0x74, 0x65, 0x72, 0x69, 0x6f, 0x72, 0x0, 0x65, 0x78, 0x74, 0x65, 0x72, 0x6e, 0x61,
    0x6c, 0x0, 0x65, 0x78, 0x74, 0x69, 0x6e, 0x63, 0x74, 0x0, 0x65, 0x78, 0x74, 0x72, 0x61, 0x0,
    0x65, 0x78, 0x74, 0x72, 0x65, 0x6d, 0x65, 0x0, 0x65, 0x79, 0x65, 0x64, 0x0, 0x66, 0x61, 0x62,
    0x72, 0x69, 0x63, 0x61, 0x74, 0x65, 0x64, 0x0, 0x66, 0x61, 0x62, 0x75, 0x6c, 0x6f, 0x75, 0x73,
    0x0, 0x66, 0x61, 0x63, 0x65, 0x64, 0x0, 0x66, 0x61, 0x63, 0x69, 0x61, 0x6c, 0x0, 0x66, 0x61,
    0x63, 0x74, 0x75, 0x61, 0x6c, 0x0, 0x66, 0x61, 0x64, 0x65, 0x64, 0x0, 0x66, 0x61, 0x69, 0x6c,
    0x69, 0x6e, 0x67, 0x0, 0x66, 0x61, 0x69, 0x6e, 0x74, 0x0, 0x66, 0x61, 0x69, 0x72, 0x0, 0x66,
    0x61, 0x69, 0x74, 0x68, 0x66, 0x75, 0x6c, 0x0, 0x66, 0x61, 0x6b, 0x65, 0x0, 0x66, 0x61, 0x6c,
    0x6c, 0x65, 0x6e, 0x0, 0x66, 0x61, 0x6c, 0x6c, 0x69, 0x6e, 0x67, 0x0, 0x66, 0x61, 0x6c, 0x73,
    0x65, 0x0, 0x66, 0x61, 0x6d, 0x65, 0x64, 0x0, 0x66, 0x61, 0x6d, 0x69, 0x6c, 0x69, 0x61, 0x72,
    0x0, 0x66, 0x61, 0x6d, 0x6f, 0x75, 0x73, 0x0, 0x66, 0x61, 0x6e, 0x63, 0x79, 0x0, 0x66, 0x61,
    0x6e, 0x74, 0x61, 0x73, 0x74, 0x69, 0x63, 0x0, 0x66, 0x61, 0x72, 0x6d, 0x69, 0x6e, 0x67, 0x0,
    0x66, 0x61, 0x72, 0x74, 0x68, 0x65, 0x72, 0x0, 0x66, 0x61, 0x73, 0x63, 0x69, 0x6e, 0x61, 0x74,
    0x65, 0x64, 0x0, 0x66, 0x61, 0x73, 0x63, 0x69, 0x73, 0x74, 0x0, 0x66, 0x61, 0x73, 0x68, 0x69,
    0x6f, 0x6e, 0x65, 0x64, 0x0, 0x66, 0x61, 0x73, 0x74, 0x0, 0x66, 0x61, 0x74, 0x61, 0x6c, 0x0,
    0x66, 0x61, 0x74, 0x74, 0x79, 0x0, 0x66, 0x61, 0x75, 0x6c, 0x74, 0x79, 0x0, 0x66, 0x61, 0x75,
    0x78, 0x0, 0x66, 0x61, 0x76, 0x6f, 0x72, 0x61, 0x62, 0x6c, 0x65, 0x0, 0x66, 0x61, 0x76, 0x6f,
    0x72, 0x65, 0x64, 0x0, 0x66, 0x61, 0x76, 0x6f, 0x72, 0x69, 0x74, 0x65, 0x0, 0x66, 0x61, 0x76,
    0x6f, 0x75, 0x72, 0x61, 0x62, 0x6c, 0x65, 0x0, 0x66, 0x61, 0x76, 0x6f, 0x75, 0x72, 0x69, 0x74,
    0x65, 0x0, 0x66, 0x65, 0x61, 0x72, 0x66, 0x75, 0x6c, 0x0, 0x66, 0x65, 0x61, 0x72, 0x6c, 0x65,
    0x73, 0x73, 0x0, 0x66, 0x65, 0x61, 0x73, 0x69, 0x62, 0x6c, 0x65, 0x0, 0x66, 0x65, 0x61, 0x74,
    0x75, 0x72, 0x65, 0x64, 0x0, 0x66, 0x65, 0x64, 0x65, 0x72, 0x61, 0x6c, 0x0, 0x66, 0x65, 0x6c,
    0x6c, 0x0, 0x66, 0x65, 0x6d, 0x61, 0x6c, 0x65, 0x0, 0x66, 0x65, 0x6d, 0x69, 0x6e, 0x69, 0x6e,
    0x65, 0x0, 0x66, 0x65, 0x6d, 0x69, 0x6e, 0x69, 0x73, 0x74, 0x0, 0x66, 0x65, 0x72, 0x74, 0x69,
    0x6c, 0x65, 0x0, 0x66, 0x65, 0x73, 0x74, 0x69, 0x76, 0x65, 0x0, 0x66, 0x65, 0x77, 0x65, 0x72,
    0x0, 0x66, 0x69, 0x63, 0x74, 0x69, 0x6f, 0x6e, 0x61, 0x6c, 0x0, 0x66, 0x69, 0x65, 0x72, 0x63,
    0x65, 0x0, 0x66, 0x69, 0x65, 0x72, 0x79, 0x0, 0x66, 0x69, 0x66, 0x74, 0x65, 0x65, 0x6e, 0x0,
    0x66, 0x69, 0x66, 0x74, 0x68, 0x0, 0x66, 0x69, 0x66, 0x74, 0x79, 0x0, 0x66, 0x69, 0x67, 0x68,
    0x74, 0x69, 0x6e, 0x67, 0x0, 0x66, 0x69, 0x67, 0x75, 0x72, 0x65, 0x64, 0x0, 0x66, 0x69, 0x6c,
    0x69, 0x70, 0x69, 0x6e, 0x6f, 0x0, 0x66, 0x69, 0x6c, 0x6c, 0x65, 0x64, 0x0, 0x66, 0x69, 0x6c,
    0x6d, 0x65, 0x64, 0x0, 0x66, 0x69, 0x6c, 0x74, 0x68, 0x79, 0x0, 0x66, 0x69, 0x6e, 0x61, 0x6c,
    0x0, 0x66, 0x69, 0x6e, 0x61, 0x6e, 0x63, 0x69, 0x61, 0x6c, 0x0, 0x66, 0x69, 0x6e, 0x65, 0x0,
    0x66, 0x69, 0x6e, 0x69, 0x73, 0x68, 0x65, 0x64, 0x0, 0x66, 0x69, 0x6e, 0x69, 0x74, 0x65, 0x0,
    0x66, 0x69, 0x6e, 0x6e, 0x69, 0x73, 0x68, 0x0, 0x66, 0x69, 0x72, 0x65, 0x64, 0x0, 0x66, 0x69,
    0x72, 0x6d, 0x0, 0x66, 0x69, 0x72, 0x73, 0x74, 0x0, 0x66, 0x69, 0x73, 0x63, 0x61, 0x6c, 0x0,
    0x66, 0x69, 0x74, 0x74, 0x65, 0x64, 0x0, 0x66, 0x69, 0x74, 0x74, 0x69, 0x6e, 0x67, 0x0, 0x66,
    0x69, 0x76, 0x65, 0x0, 0x66, 0x69, 0x78, 0x65, 0x64, 0x0, 0x66, 0x6c, 0x61, 0x73, 0x68, 0x0,
    0x66, 0x6c, 0x61, 0x74, 0x0, 0x66, 0x6c, 0x61, 0x77, 0x65, 0x64, 0x0, 0x66, 0x6c, 0x61, 0x77,
    0x6c, 0x65, 0x73, 0x73, 0x0, 0x66, 0x6c, 0x65, 0x65, 0x74, 0x0, 0x66, 0x6c, 0x65, 0x78, 0x69,
    0x62, 0x6c, 0x65, 0x0, 0x66, 0x6c, 0x69, 0x6e, 0x74, 0x0, 0x66, 0x6c, 0x69, 0x70, 0x0, 0x66,
    0x6c, 0x6f, 0x61, 0x74, 0x69, 0x6e, 0x67, 0x0, 0x66, 0x6c, 0x6f, 0x6f, 0x64, 0x65, 0x64, 0x0,
    0x66, 0x6c, 0x6f, 0x72, 0x61, 0x6c, 0x0, 0x66, 0x6c, 0x6f, 0x77, 0x65, 0x72, 0x69, 0x6e, 0x67,
    0x0, 0x66, 0x6c, 0x6f, 0x77, 0x69, 0x6e, 0x67, 0x0, 0x66, 0x6c, 0x75, 0x65, 0x6e, 0x74, 0x0,
    0x66, 0x6c, 0x75, 0x66, 0x66, 0x79, 0x0, 0x66, 0x6c, 0x75, 0x69, 0x64, 0x0, 0x66, 0x6c, 0x75,
    0x73, 0x68, 0x0, 0x66, 0x6c, 0x79, 0x69, 0x6e, 0x67, 0x0, 0x66, 0x6f, 0x63, 0x61, 0x6c, 0x0,
    0x66, 0x6f, 0x63, 0x75, 0x73, 0x65, 0x64, 0x0, 0x66, 0x6f, 0x6c, 0x64, 0x69, 0x6e, 0x67, 0x0,
    0x66, 0x6f, 0x6c, 0x6c, 0x6f, 0x77, 0x69, 0x6e, 0x67, 0x0, 0x66, 0x6f, 0x6e, 0x64, 0x0, 0x66,
    0x6f, 0x6f, 0x6c, 0x69, 0x73, 0x68, 0x0, 0x66, 0x6f, 0x72, 0x62, 0x69, 0x64, 0x64, 0x65, 0x6e,
    0x0, 0x66, 0x6f, 0x72, 0x63, 0x65, 0x64, 0x0, 0x66, 0x6f, 0x72, 0x65, 0x69, 0x67, 0x6e, 0x0,
    0x66, 0x6f, 0x72, 0x65, 0x6d, 0x6f, 0x73, 0x74, 0x0, 0x66, 0x6f, 0x72, 0x65, 0x6e, 0x73, 0x69,
    0x63, 0x0, 0x66, 0x6f, 0x72, 0x67, 0x65, 0x64, 0x0, 0x66, 0x6f, 0x72, 0x67, 0x6f, 0x74, 0x74,
    0x65, 0x6e, 0x0, 0x66, 0x6f, 0x72, 0x6d, 0x61, 0x6c, 0x0, 0x66, 0x6f, 0x72, 0x6d, 0x65, 0x64,
    0x0, 0x66, 0x6f, 0x72, 0x6d, 0x65, 0x72, 0x0, 0x66, 0x6f, 0x72, 0x6d, 0x69, 0x64, 0x61, 0x62,
    0x6c, 0x65, 0x0, 0x66, 0x6f, 0x72, 0x6d, 0x75, 0x6c, 0x61, 0x74, 0x65, 0x64, 0x0, 0x66, 0x6f,
    0x72, 0x74, 0x75, 0x6e, 0x61, 0x74, 0x65, 0x0, 0x66, 0x6f, 0x72, 0x74, 0x79, 0x0, 0x66, 0x6f,
    0x72, 0x77, 0x61, 0x72, 0x64, 0x0, 0x66, 0x6f, 0x73, 0x73, 0x69, 0x6c, 0x0, 0x66, 0x6f, 0x73,
    0x74, 0x65, 0x72, 0x0, 0x66, 0x6f, 0x75, 0x6c, 0x0, 0x66, 0x6f, 0x75, 0x6e, 0x64, 0x0, 0x66,
    0x6f, 0x75, 0x72, 0x74, 0x65, 0x65, 0x6e, 0x0, 0x66, 0x6f, 0x75, 0x72, 0x74, 0x68, 0x0, 0x66,
    0x72, 0x61, 0x67, 0x69, 0x6c, 0x65, 0x0, 0x66, 0x72, 0x61, 0x6d, 0x65, 0x64, 0x0, 0x66, 0x72,
    0x61, 0x6e, 0x6b, 0x0, 0x66, 0x72, 0x61, 0x75, 0x64, 0x75, 0x6c, 0x65, 0x6e, 0x74, 0x0, 0x66,
    0x72, 0x65, 0x65, 0x6c, 0x61, 0x6e, 0x63, 0x65, 0x0, 0x66, 0x72, 0x65, 0x6e, 0x63, 0x68, 0x0,
    0x66, 0x72, 0x65, 0x71, 0x75, 0x65, 0x6e, 0x74, 0x0, 0x66, 0x72, 0x65, 0x73, 0x68, 0x6d, 0x61,
    0x6e, 0x0, 0x66, 0x72, 0x69, 0x65, 0x64, 0x0, 0x66, 0x72, 0x69, 0x65, 0x6e, 0x64, 0x6c, 0x79,
    0x0, 0x66, 0x72, 0x69, 0x67, 0x68, 0x74, 0x65, 0x6e, 0x65, 0x64, 0x0, 0x66, 0x72, 0x6f, 0x6e,
    0x74, 0x0, 0x66, 0x72, 0x6f, 0x7a, 0x65, 0x6e, 0x0, 0x66, 0x72, 0x75, 0x73, 0x74, 0x72, 0x61,
    0x74, 0x65, 0x64, 0x0, 0x66, 0x75, 0x65, 0x6c, 0x65, 0x64, 0x0, 0x66, 0x75, 0x67, 0x69, 0x74,
    0x69, 0x76, 0x65, 0x0, 0x66, 0x75, 0x6c, 0x66, 0x69, 0x6c, 0x6c, 0x65, 0x64, 0x0, 0x66, 0x75,
    0x6c, 0x6c, 0x0, 0x66, 0x75, 0x6e, 0x63, 0x74, 0x69, 0x6f, 0x6e, 0x61, 0x6c, 0x0, 0x66, 0x75,
    0x6e, 0x64, 0x65, 0x64, 0x0, 0x66, 0x75, 0x6e, 0x6b, 0x79, 0x0, 0x66, 0x75, 0x6e, 0x6e, 0x79,
    0x0, 0x66, 0x75, 0x72, 0x69, 0x6f, 0x75, 0x73, 0x0, 0x66, 0x75, 0x72, 0x6e, 0x69, 0x73, 0x68,
    0x65, 0x64, 0x0, 0x66, 0x75, 0x72, 0x72, 0x79, 0x0, 0x66, 0x75, 0x72, 0x74, 0x68, 0x65, 0x72,
    0x0, 0x66, 0x75, 0x74, 0x75, 0x72, 0x65, 0x0, 0x66, 0x75, 0x7a, 0x7a, 0x79, 0x0, 0x67, 0x61,
    0x67, 0x61, 0x0, 0x67, 0x61, 0x6d, 0x65, 0x0, 0x67, 0x61, 0x74, 0x68, 0x65, 0x72, 0x65, 0x64,
    0x0, 0x67, 0x65, 0x61, 0x72, 0x65, 0x64, 0x0, 0x67, 0x65, 0x6e, 0x65, 0x72, 0x61, 0x6c, 0x0,
    0x67, 0x65, 0x6e, 0x65, 0x72, 0x69, 0x63, 0x0, 0x67, 0x65, 0x6e, 0x65, 0x72, 0x6f, 0x75, 0x73,
    0x0, 0x67, 0x65, 0x6e, 0x65, 0x74, 0x69, 0x63, 0x0, 0x67, 0x65, 0x6e, 0x74, 0x6c, 0x65, 0x0,
    0x67, 0x65, 0x6e, 0x75, 0x69, 0x6e, 0x65, 0x0, 0x67, 0x65, 0x6f, 0x67, 0x72, 0x61, 0x70, 0x68,
    0x69, 0x63, 0x0, 0x67, 0x65, 0x6f, 0x6c, 0x6f, 0x67, 0x69, 0x63, 0x61, 0x6c, 0x0, 0x67, 0x65,
    0x6f, 0x6d, 0x65, 0x74, 0x72, 0x69, 0x63, 0x0, 0x67, 0x65, 0x6f, 0x72, 0x67, 0x69, 0x61, 0x6e,
    0x0, 0x67, 0x65, 0x72, 0x6d, 0x61, 0x6e, 0x0, 0x67, 0x69, 0x61, 0x6e, 0x74, 0x0, 0x67, 0x69,
    0x66, 0x74, 0x65, 0x64, 0x0, 0x67, 0x69, 0x67, 0x61, 0x6e, 0x74, 0x69, 0x63, 0x0, 0x67, 0x69,
    0x6e, 0x67, 0x65, 0x72, 0x0, 0x67, 0x69, 0x76, 0x65, 0x6e, 0x0, 0x67, 0x69, 0x76, 0x69, 0x6e,
    0x67, 0x0, 0x67, 0x6c, 0x61, 0x64, 0x0, 0x67, 0x6c, 0x61, 0x6d, 0x6f, 0x72, 0x6f, 0x75, 0x73,
    0x0, 0x67, 0x6c, 0x6f, 0x62, 0x61, 0x6c, 0x0, 0x67, 0x6c, 0x6f, 0x72, 0x69, 0x6f, 0x75, 0x73,
    0x0, 0x67, 0x6c, 0x6f, 0x77, 0x69, 0x6e, 0x67, 0x0, 0x67, 0x6f, 0x69, 0x6e, 0x67, 0x0, 0x67,
    0x6f, 0x6c, 0x64, 0x65, 0x6e, 0x0, 0x67, 0x6f, 0x6e, 0x65, 0x0, 0x67, 0x6f, 0x6f, 0x64, 0x0,
    0x67, 0x6f, 0x6f, 0x66, 0x79, 0x0, 0x67, 0x6f, 0x72, 0x67, 0x65, 0x6f, 0x75, 0x73, 0x0, 0x67,
    0x6f, 0x74, 0x68, 0x69, 0x63, 0x0, 0x67, 0x6f, 0x76, 0x65, 0x72, 0x6e, 0x69, 0x6e, 0x67, 0x0,
    0x67, 0x72, 0x61, 0x63, 0x69, 0x6f, 0x75, 0x73, 0x0, 0x67, 0x72, 0x61, 0x64, 0x75, 0x61, 0x6c,
    0x0, 0x67, 0x72, 0x61, 0x64, 0x75, 0x61, 0x74, 0x65, 0x64, 0x0, 0x67, 0x72, 0x61, 0x6e, 0x64,
    0x0, 0x67, 0x72, 0x61, 0x6e, 0x74, 0x65, 0x64, 0x0, 0x67, 0x72, 0x61, 0x70, 0x68, 0x69, 0x63,
    0x0, 0x67, 0x72, 0x61, 0x74, 0x65, 0x66, 0x75, 0x6c, 0x0, 0x67, 0x72, 0x61, 0x76, 0x65, 0x0,
    0x67, 0x72, 0x61, 0x79, 0x0, 0x67, 0x72, 0x65, 0x61, 0x74, 0x65, 0x72, 0x0, 0x67, 0x72, 0x65,
    0x61, 0x74, 0x65, 0x73, 0x74, 0x0, 0x67, 0x72, 0x65, 0x65, 0x64, 0x79, 0x0, 0x67, 0x72, 0x65,
    0x65, 0x6b, 0x0, 0x67, 0x72, 0x65, 0x65, 0x6e, 0x68, 0x6f, 0x75, 0x73, 0x65, 0x0, 0x67, 0x72,
    0x65, 0x79, 0x0, 0x67, 0x72, 0x69, 0x6c, 0x6c, 0x65, 0x64, 0x0, 0x67, 0x72, 0x69, 0x6d, 0x0,
    0x67, 0x72, 0x6f, 0x73, 0x73, 0x0, 0x67, 0x72, 0x6f, 0x75, 0x70, 0x65, 0x64, 0x0, 0x67, 0x72,
    0x6f, 0x77, 0x69, 0x6e, 0x67, 0x0, 0x67, 0x72, 0x6f, 0x77, 0x6e, 0x0, 0x67, 0x75, 0x61, 0x72,
    0x64, 0x65, 0x64, 0x0, 0x67, 0x75, 0x69, 0x64, 0x65, 0x64, 0x0, 0x67, 0x75, 0x69, 0x64, 0x69,
    0x6e, 0x67, 0x0, 0x67, 0x75, 0x69, 0x6c, 0x74, 0x79, 0x0, 0x68, 0x61, 0x69, 0x72, 0x65, 0x64,
    0x0, 0x68, 0x61, 0x69, 0x72, 0x79, 0x0, 0x68, 0x61, 0x6c, 0x65, 0x0, 0x68, 0x61, 0x6c, 0x66,
    0x77, 0x61, 0x79, 0x0, 0x68, 0x61, 0x6c, 0x74, 0x0, 0x68, 0x61, 0x6e, 0x64, 0x65, 0x64, 0x0,
    0x68, 0x61, 0x6e, 0x64, 0x6c, 0x65, 0x64, 0x0, 0x68, 0x61, 0x6e, 0x64, 0x6d, 0x61, 0x64, 0x65,
    0x0, 0x68, 0x61, 0x6e, 0x64, 0x73, 0x6f, 0x6d, 0x65, 0x0, 0x68, 0x61, 0x6e, 0x64, 0x79, 0x0,
    0x68, 0x61, 0x70, 0x70, 0x79, 0x0, 0x68, 0x61, 0x72, 0x61, 0x73, 0x73, 0x65, 0x64, 0x0, 0x68,
    0x61, 0x72, 0x64, 0x65, 0x6e, 0x65, 0x64, 0x0, 0x68, 0x61, 0x72, 0x64, 0x79, 0x0, 0x68, 0x61,
    0x72, 0x6d, 0x66, 0x75, 0x6c, 0x0, 0x68, 0x61, 0x72, 0x6d, 0x6c, 0x65, 0x73, 0x73, 0x0, 0x68,
    0x61, 0x72, 0x73, 0x68, 0x0, 0x68, 0x61, 0x74, 0x65, 0x64, 0x0, 0x68, 0x61, 0x74, 0x65, 0x66,
    0x75, 0x6c, 0x0, 0x68, 0x61, 0x75, 0x6e, 0x74, 0x65, 0x64, 0x0, 0x68, 0x61, 0x75, 0x6e, 0x74,
    0x69, 0x6e, 0x67, 0x0, 0x68, 0x61, 0x77, 0x61, 0x69, 0x69, 0x61, 0x6e, 0x0, 0x68, 0x61, 0x7a,
    0x61, 0x72, 0x64, 0x6f, 0x75, 0x73, 0x0, 0x68, 0x61, 0x7a, 0x65, 0x6c, 0x0, 0x68, 0x65, 0x61,
    0x64, 0x65, 0x64, 0x0, 0x68, 0x65, 0x61, 0x6c, 0x65, 0x64, 0x0, 0x68, 0x65, 0x61, 0x6c, 0x69,
    0x6e, 0x67, 0x0, 0x68, 0x65, 0x61, 0x6c, 0x74, 0x68, 0x69, 0x65, 0x72, 0x0, 0x68, 0x65, 0x61,
    0x6c, 0x74, 0x68, 0x79, 0x0, 0x68, 0x65, 0x61, 0x72, 0x64, 0x0, 0x68, 0x65, 0x61, 0x72, 0x69,
    0x6e, 0x67, 0x0, 0x68, 0x65, 0x61, 0x74, 0x65, 0x64, 0x0, 0x68, 0x65, 0x61, 0x76, 0x65, 0x6e,
    0x6c, 0x79, 0x0, 0x68, 0x65, 0x61, 0x76, 0x79, 0x0, 0x68, 0x65, 0x62, 0x72, 0x65, 0x77, 0x0,
    0x68, 0x65, 0x6c, 0x64, 0x0, 0x68, 0x65, 0x6c, 0x70, 0x66, 0x75, 0x6c, 0x0, 0x68, 0x65, 0x6c,
    0x70, 0x6c, 0x65, 0x73, 0x73, 0x0, 0x68, 0x65, 0x72, 0x65, 0x0, 0x68, 0x65, 0x72, 0x6f, 0x69,
    0x63, 0x0, 0x68, 0x69, 0x64, 0x64, 0x65, 0x6e, 0x0, 0x68, 0x69, 0x67, 0x68, 0x65, 0x72, 0x0,
    0x68, 0x69, 0x67, 0x68, 0x6c, 0x61, 0x6e, 0x64, 0x0, 0x68, 0x69, 0x6c, 0x61, 0x72, 0x69, 0x6f,
    0x75, 0x73, 0x0, 0x68, 0x69, 0x6e, 0x64, 0x69, 0x0, 0x68, 0x69, 0x6e, 0x64, 0x75, 0x0, 0x68,
    0x69, 0x72, 0x65, 0x64, 0x0, 0x68, 0x69, 0x73, 0x70, 0x61, 0x6e, 0x69, 0x63, 0x0, 0x68, 0x69,
    0x73, 0x74, 0x6f, 0x72, 0x69, 0x63, 0x61, 0x6c, 0x0, 0x68, 0x6f, 0x6c, 0x6c, 0x6f, 0x77, 0x0,
    0x68, 0x6f, 0x6c, 0x6c, 0x79, 0x77, 0x6f, 0x6f, 0x64, 0x0, 0x68, 0x6f, 0x6c, 0x79, 0x0, 0x68,
    0x6f, 0x6d, 0x65, 0x6c, 0x65, 0x73, 0x73, 0x0, 0x68, 0x6f, 0x6d, 0x65, 0x6d, 0x61, 0x64, 0x65,
    0x0, 0x68, 0x6f, 0x6d, 0x6f, 0x70, 0x68, 0x6f, 0x62, 0x69, 0x63, 0x0, 0x68, 0x6f, 0x6d, 0x6f,
    0x73, 0x65, 0x78, 0x75, 0x61, 0x6c, 0x0, 0x68, 0x6f, 0x6e, 0x65, 0x73, 0x74, 0x0, 0x68, 0x6f,
    0x6e, 0x65, 0x79, 0x0, 0x68, 0x6f, 0x6e, 0x6f, 0x72, 0x61, 0x62, 0x6c, 0x65, 0x0, 0x68, 0x6f,
    0x6e, 0x6f, 0x72, 0x61, 0x72, 0x79, 0x0, 0x68, 0x6f, 0x6e, 0x6f, 0x72, 0x65, 0x64, 0x0, 0x68,
    0x6f, 0x6e, 0x6f, 0x75, 0x72, 0x61, 0x62, 0x6c, 0x65, 0x0, 0x68, 0x6f, 0x6f, 0x6b, 0x65, 0x64,
    0x0, 0x68, 0x6f, 0x70, 0x65, 0x66, 0x75, 0x6c, 0x0, 0x68, 0x6f, 0x70, 0x65, 0x6c, 0x65, 0x73,
    0x73, 0x0, 0x68, 0x6f, 0x72, 0x69, 0x7a, 0x6f, 0x6e, 0x74, 0x61, 0x6c, 0x0, 0x68, 0x6f, 0x72,
    0x72, 0x69, 0x62, 0x6c, 0x65, 0x0, 0x68, 0x6f, 0x72, 0x72, 0x69, 0x66, 0x69, 0x63, 0x0, 0x68,
    0x6f, 0x73, 0x74, 0x69, 0x6c, 0x65, 0x0, 0x68, 0x6f, 0x75, 0x72, 0x6c, 0x79, 0x0, 0x68, 0x75,
    0x67, 0x65, 0x0, 0x68, 0x75, 0x6d, 0x61, 0x6e, 0x65, 0x0, 0x68, 0x75, 0x6d, 0x62, 0x6c, 0x65,
    0x0, 0x68, 0x75, 0x6d, 0x69, 0x64, 0x0, 0x68, 0x75, 0x6d, 0x6f, 0x72, 0x6f, 0x75, 0x73, 0x0,
    0x68, 0x75, 0x6e, 0x64, 0x72, 0x65, 0x64, 0x0, 0x68, 0x75, 0x6e, 0x67, 0x61, 0x72, 0x69, 0x61,
    0x6e, 0x0, 0x68, 0x75, 0x6e, 0x67, 0x72, 0x79, 0x0, 0x68, 0x75, 0x6e, 0x74, 0x65, 0x64, 0x0,
    0x68, 0x75, 0x72, 0x74, 0x0, 0x68, 0x79, 0x62, 0x72, 0x69, 0x64, 0x0, 0x68, 0x79, 0x64, 0x72,
    0x61, 0x75, 0x6c, 0x69, 0x63, 0x0, 0x69, 0x63, 0x6f, 0x6e, 0x69, 0x63, 0x0, 0x69, 0x64, 0x65,
    0x61, 0x6c, 0x0, 0x69, 0x64, 0x65, 0x6e, 0x74, 0x69, 0x63, 0x61, 0x6c, 0x0, 0x69, 0x64, 0x65,
    0x6e, 0x74, 0x69, 0x66, 0x69, 0x65, 0x64, 0x0, 0x69, 0x64, 0x6c, 0x65, 0x0, 0x69, 0x67, 0x6e,
    0x6f, 0x72, 0x61, 0x6e, 0x74, 0x0, 0x69, 0x67, 0x6e, 0x6f, 0x72, 0x65, 0x64, 0x0, 0x69, 0x6c,
    0x6c, 0x65, 0x67, 0x61, 0x6c, 0x0, 0x69, 0x6d, 0x61, 0x67, 0x69, 0x6e, 0x61, 0x72, 0x79, 0x0,
    0x69, 0x6d, 0x6d, 0x61, 0x74, 0x75, 0x72, 0x65, 0x0, 0x69, 0x6d, 0x6d, 0x65, 0x64, 0x69, 0x61,
    0x74, 0x65, 0x0, 0x69, 0x6d, 0x6d, 0x65, 0x6e, 0x73, 0x65, 0x0, 0x69, 0x6d, 0x6d, 0x69, 0x6e,
    0x65, 0x6e, 0x74, 0x0, 0x69, 0x6d, 0x6d, 0x6f, 0x72, 0x74, 0x61, 0x6c, 0x0, 0x69, 0x6d, 0x6d,
    0x75, 0x6e, 0x65, 0x0, 0x69, 0x6d, 0x70, 0x61, 0x63, 0x74, 0x65, 0x64, 0x0, 0x69, 0x6d, 0x70,
    0x61, 0x69, 0x72, 0x65, 0x64, 0x0, 0x69, 0x6d, 0x70, 0x61, 0x74, 0x69, 0x65, 0x6e, 0x74, 0x0,
    0x69, 0x6d, 0x70, 0x65, 0x6e, 0x64, 0x69, 0x6e, 0x67, 0x0, 0x69, 0x6d, 0x70, 0x65, 0x72, 0x61,
    0x74, 0x69, 0x76, 0x65, 0x0, 0x69, 0x6d, 0x70, 0x65, 0x72, 0x69, 0x61, 0x6c, 0x0, 0x69, 0x6d,
    0x70, 0x6f, 0x72, 0x74, 0x61, 0x6e, 0x74, 0x0, 0x69, 0x6d, 0x70, 0x6f, 0x72, 0x74, 0x65, 0x64,
    0x0, 0x69, 0x6d, 0x70, 0x6f, 0x73, 0x65, 0x64, 0x0, 0x69, 0x6d, 0x70, 0x6f, 0x73, 0x69, 0x6e,
    0x67, 0x0, 0x69, 0x6d, 0x70, 0x6f, 0x73, 0x73, 0x69, 0x62, 0x6c, 0x65, 0x0, 0x69, 0x6d, 0x70,
    0x72, 0x65, 0x73, 0x73, 0x65, 0x64, 0x0, 0x69, 0x6d, 0x70, 0x72, 0x65, 0x73, 0x73, 0x69, 0x76,
    0x65, 0x0, 0x69, 0x6d, 0x70, 0x72, 0x69, 0x73, 0x6f, 0x6e, 0x65, 0x64, 0x0, 0x69, 0x6d, 0x70,
    0x72, 0x6f, 0x70, 0x65, 0x72, 0x0, 0x69, 0x6d, 0x70, 0x72, 0x6f, 0x76, 0x65, 0x64, 0x0, 0x69,
    0x6d, 0x70, 0x72, 0x6f, 0x76, 0x69, 0x6e, 0x67, 0x0, 0x69, 0x6e, 0x61, 0x63, 0x63, 0x75, 0x72,
    0x61, 0x74, 0x65, 0x0, 0x69, 0x6e, 0x61, 0x63, 0x74, 0x69, 0x76, 0x65, 0x0, 0x69, 0x6e, 0x61,
    0x64, 0x65, 0x71, 0x75, 0x61, 0x74, 0x65, 0x0, 0x69, 0x6e, 0x61, 0x75, 0x67, 0x75, 0x72, 0x61,
    0x6c, 0x0, 0x69, 0x6e, 0x63, 0x61, 0x70, 0x61, 0x62, 0x6c, 0x65, 0x0, 0x69, 0x6e, 0x63, 0x69,
    0x64, 0x65, 0x6e, 0x74, 0x0, 0x69, 0x6e, 0x63, 0x6c, 0x69, 0x6e, 0x65, 0x64, 0x0, 0x69, 0x6e,
    0x63, 0x6c, 0x75, 0x64, 0x65, 0x64, 0x0, 0x69, 0x6e, 0x63, 0x6c, 0x75, 0x73, 0x69, 0x76, 0x65,
    0x0, 0x69, 0x6e, 0x63, 0x6f, 0x6d, 0x69, 0x6e, 0x67, 0x0, 0x69, 0x6e, 0x63, 0x6f, 0x6d, 0x70,
    0x6c, 0x65, 0x74, 0x65, 0x0, 0x69, 0x6e, 0x63, 0x6f, 0x72, 0x72, 0x65, 0x63, 0x74, 0x0, 0x69,
    0x6e, 0x63, 0x72, 0x65, 0x61, 0x73, 0x65, 0x64, 0x0, 0x69, 0x6e, 0x63, 0x72, 0x65, 0x61, 0x73,
    0x69, 0x6e, 0x67, 0x0, 0x69, 0x6e, 0x63, 0x72, 0x65, 0x64, 0x69, 0x62, 0x6c, 0x65, 0x0, 0x69,
    0x6e, 0x63, 0x75, 0x6d, 0x62, 0x65, 0x6e, 0x74, 0x0, 0x69, 0x6e, 0x64, 0x69, 0x61, 0x6e, 0x0,
    0x69, 0x6e, 0x64, 0x69, 0x63, 0x61, 0x74, 0x69, 0x76, 0x65, 0x0, 0x69, 0x6e, 0x64, 0x69, 0x65,
    0x0, 0x69, 0x6e, 0x64, 0x69, 0x67, 0x65, 0x6e, 0x6f, 0x75, 0x73, 0x0, 0x69, 0x6e, 0x64, 0x69,
    0x72, 0x65, 0x63, 0x74, 0x0, 0x69, 0x6e, 0x64, 0x69, 0x76, 0x69, 0x64, 0x75, 0x61, 0x6c, 0x0,
    0x69, 0x6e, 0x64, 0x6f, 0x6e, 0x65, 0x73, 0x69, 0x61, 0x6e, 0x0, 0x69, 0x6e, 0x64, 0x6f, 0x6f,
    0x72, 0x0, 0x69, 0x6e, 0x64, 0x75, 0x63, 0x65, 0x64, 0x0, 0x69, 0x6e, 0x64, 0x75, 0x73, 0x74,
    0x72, 0x69, 0x61, 0x6c, 0x0, 0x69, 0x6e, 0x65, 0x76, 0x69, 0x74, 0x61, 0x62, 0x6c, 0x65, 0x0,
    0x69, 0x6e, 0x66, 0x61, 0x6d, 0x6f, 0x75, 0x73, 0x0, 0x69, 0x6e, 0x66, 0x65, 0x63, 0x74, 0x65,
    0x64, 0x0, 0x69, 0x6e, 0x66, 0x65, 0x63, 0x74, 0x69, 0x6f, 0x75, 0x73, 0x0, 0x69, 0x6e, 0x66,
    0x65, 0x72, 0x69, 0x6f, 0x72, 0x0, 0x69, 0x6e, 0x66, 0x69, 0x6e, 0x69, 0x74, 0x65, 0x0, 0x69,
    0x6e, 0x66, 0x6c, 0x61, 0x74, 0x65, 0x64, 0x0, 0x69, 0x6e, 0x66, 0x6f, 0x72, 0x6d, 0x61, 0x6c,
    0x0, 0x69, 0x6e, 0x66, 0x6f, 0x72, 0x6d, 0x65, 0x64, 0x0, 0x69, 0x6e, 0x66, 0x72, 0x61, 0x72,
    0x65, 0x64, 0x0, 0x69, 0x6e, 0x68, 0x61, 0x62, 0x69, 0x74, 0x65, 0x64, 0x0, 0x69, 0x6e, 0x68,
    0x65, 0x72, 0x65, 0x6e, 0x74, 0x0, 0x69, 0x6e, 0x68, 0x65, 0x72, 0x69, 0x74, 0x65, 0x64, 0x0,
    0x69, 0x6e, 0x69, 0x74, 0x69, 0x61, 0x6c, 0x0, 0x69, 0x6e, 0x69, 0x74, 0x69, 0x61, 0x74, 0x69,
    0x76, 0x65, 0x0, 0x69, 0x6e, 0x6a, 0x75, 0x72, 0x65, 0x64, 0x0, 0x69, 0x6e, 0x6c, 0x61, 0x6e,
    0x64, 0x0, 0x69, 0x6e, 0x6e, 0x65, 0x72, 0x0, 0x69, 0x6e, 0x6e, 0x6f, 0x63, 0x65, 0x6e, 0x74,
    0x0, 0x69, 0x6e, 0x6e, 0x6f, 0x76, 0x61, 0x74, 0x69, 0x76, 0x65, 0x0, 0x69, 0x6e, 0x73, 0x61,
    0x6e, 0x65, 0x0, 0x69, 0x6e, 0x73, 0x65, 0x63, 0x75, 0x72, 0x65, 0x0, 0x69, 0x6e, 0x73, 0x69,
    0x64, 0x65, 0x0, 0x69, 0x6e, 0x73, 0x70, 0x69, 0x72, 0x65, 0x64, 0x0, 0x69, 0x6e, 0x73, 0x70,
    0x69, 0x72, 0x69, 0x6e, 0x67, 0x0, 0x69, 0x6e, 0x73, 0x74, 0x61, 0x6e, 0x74, 0x0, 0x69, 0x6e,
    0x73, 0x74, 0x69, 0x6e, 0x63, 0x74, 0x0, 0x69, 0x6e, 0x73, 0x75, 0x6c, 0x74, 0x69, 0x6e, 0x67,
    0x0, 0x69, 0x6e, 0x73, 0x75, 0x72, 0x65, 0x64, 0x0, 0x69, 0x6e, 0x74, 0x61, 0x63, 0x74, 0x0,
    0x69, 0x6e, 0x74, 0x65, 0x67, 0x72, 0x61, 0x6c, 0x0, 0x69, 0x6e, 0x74, 0x65, 0x67, 0x72, 0x61,
    0x74, 0x65, 0x64, 0x0, 0x69, 0x6e, 0x74, 0x65, 0x6e, 0x64, 0x65, 0x64, 0x0, 0x69, 0x6e, 0x74,
    0x65, 0x6e, 0x73, 0x65, 0x0, 0x69, 0x6e, 0x74, 0x65, 0x6e, 0x73, 0x69, 0x76, 0x65, 0x0, 0x69,
    0x6e, 0x74, 0x65, 0x6e, 0x74, 0x0, 0x69, 0x6e, 0x74, 0x65, 0x72, 0x65, 0x73, 0x74, 0x65, 0x64,
    0x0, 0x69, 0x6e, 0x74, 0x65, 0x72, 0x69, 0x6d, 0x0, 0x69, 0x6e, 0x74, 0x65, 0x72, 0x69, 0x6f,
    0x72, 0x0, 0x69, 0x6e, 0x74, 0x65, 0x72, 0x6e, 0x61, 0x6c, 0x0, 0x69, 0x6e, 0x74, 0x65, 0x72,
    0x73, 0x74, 0x61, 0x74, 0x65, 0x0, 0x69, 0x6e, 0x74, 0x69, 0x6d, 0x61, 0x74, 0x65, 0x0, 0x69,
    0x6e, 0x74, 0x72, 0x69, 0x63, 0x61, 0x74, 0x65, 0x0, 0x69, 0x6e, 0x74, 0x72, 0x69, 0x67, 0x75,
    0x69, 0x6e, 0x67, 0x0, 0x69, 0x6e, 0x74, 0x75, 0x69, 0x74, 0x69, 0x76, 0x65, 0x0, 0x69, 0x6e,
    0x76, 0x61, 0x64, 0x69, 0x6e, 0x67, 0x0, 0x69, 0x6e, 0x76, 0x61, 0x6c, 0x69, 0x64, 0x0, 0x69,
    0x6e, 0x76, 0x61, 0x6c, 0x75, 0x61, 0x62, 0x6c, 0x65, 0x0, 0x69, 0x6e, 0x76, 0x61, 0x73, 0x69,
    0x76, 0x65, 0x0, 0x69, 0x6e, 0x76, 0x69, 0x73, 0x69, 0x62, 0x6c, 0x65, 0x0, 0x69, 0x6e, 0x76,
    0x69, 0x74, 0x69, 0x6e, 0x67, 0x0, 0x69, 0x6e, 0x76, 0x6f, 0x6c, 0x76, 0x65, 0x64, 0x0, 0x69,
    0x72, 0x61, 0x6e, 0x69, 0x61, 0x6e, 0x0, 0x69, 0x72, 0x61, 0x71, 0x69, 0x0, 0x69, 0x72, 0x69,
    0x73, 0x68, 0x0, 0x69, 0x72, 0x6f, 0x6e, 0x69, 0x63, 0x0, 0x69, 0x72, 0x72, 0x61, 0x74, 0x69,
    0x6f, 0x6e, 0x61, 0x6c, 0x0, 0x69, 0x72, 0x72, 0x65, 0x67, 0x75, 0x6c, 0x61, 0x72, 0x0, 0x69,
    0x72, 0x72, 0x65, 0x6c, 0x65, 0x76, 0x61, 0x6e, 0x74, 0x0, 0x69, 0x72, 0x72, 0x69, 0x74, 0x61,
    0x74, 0x65, 0x64, 0x0, 0x69, 0x72, 0x72, 0x69, 0x74, 0x61, 0x74, 0x69, 0x6e, 0x67, 0x0, 0x69,
    0x73, 0x6c, 0x61, 0x6d, 0x69, 0x63, 0x0, 0x69, 0x73, 0x6f, 0x6c, 0x61, 0x74, 0x65, 0x64, 0x0,
    0x69, 0x73, 0x72, 0x61, 0x65, 0x6c, 0x69, 0x0, 0x69, 0x74, 0x61, 0x6c, 0x69, 0x61, 0x6e, 0x0,
    0x6a, 0x61, 0x64, 0x65, 0x0, 0x6a, 0x61, 0x69, 0x6c, 0x65, 0x64, 0x0, 0x6a, 0x61, 0x6d, 0x61,
    0x69, 0x63, 0x61, 0x6e, 0x0, 0x6a, 0x61, 0x70, 0x61, 0x6e, 0x65, 0x73, 0x65, 0x0, 0x6a, 0x65,
    0x61, 0x6c, 0x6f, 0x75, 0x73, 0x0, 0x6a, 0x65, 0x77, 0x69, 0x73, 0x68, 0x0, 0x6a, 0x6f, 0x69,
    0x6e, 0x65, 0x64, 0x0, 0x6a, 0x6f, 0x69, 0x6e, 0x74, 0x0, 0x6a, 0x6f, 0x6b, 0x69, 0x6e, 0x67,
    0x0, 0x6a, 0x6f, 0x6c, 0x6c, 0x79, 0x0, 0x6a, 0x75, 0x64, 0x69, 0x63, 0x69, 0x61, 0x6c, 0x0,
    0x6a, 0x75, 0x69, 0x63, 0x79, 0x0, 0x6a, 0x75, 0x6c, 0x69, 0x61, 0x6e, 0x0, 0x6a, 0x75, 0x6e,
    0x69, 0x6f, 0x72, 0x0, 0x6a, 0x75, 0x72, 0x61, 0x73, 0x73, 0x69, 0x63, 0x0, 0x6a, 0x75, 0x73,
    0x74, 0x69, 0x66, 0x69, 0x65, 0x64, 0x0, 0x6a, 0x75, 0x76, 0x65, 0x6e, 0x69, 0x6c, 0x65, 0x0,
    0x6b, 0x65, 0x65, 0x6e, 0x0, 0x6b, 0x65, 0x6e, 0x79, 0x61, 0x6e, 0x0, 0x6b, 0x65, 0x70, 0x74,
    0x0, 0x6b, 0x69, 0x6c, 0x6c, 0x69, 0x6e, 0x67, 0x0, 0x6b, 0x69, 0x6e, 0x64, 0x6c, 0x79, 0x0,
    0x6b, 0x6e, 0x6f, 0x63, 0x6b, 0x6f, 0x75, 0x74, 0x0, 0x6b, 0x6e, 0x6f, 0x77, 0x69, 0x6e, 0x67,
    0x0, 0x6b, 0x6e, 0x6f, 0x77, 0x6e, 0x0, 0x6b, 0x6f, 0x72, 0x65, 0x61, 0x6e, 0x0, 0x6b, 0x75,
    0x72, 0x64, 0x69, 0x73, 0x68, 0x0, 0x6c, 0x61, 0x62, 0x65, 0x6c, 0x65, 0x64, 0x0, 0x6c, 0x61,
    0x62, 0x65, 0x6c, 0x6c, 0x65, 0x64, 0x0, 0x6c, 0x61, 0x63, 0x6b, 0x69, 0x6e, 0x67, 0x0, 0x6c,
    0x61, 0x64, 0x65, 0x6e, 0x0, 0x6c, 0x61, 0x69, 0x64, 0x0, 0x6c, 0x61, 0x6d, 0x65, 0x0, 0x6c,
    0x61, 0x6e, 0x64, 0x65, 0x64, 0x0, 0x6c, 0x61, 0x72, 0x67, 0x65, 0x72, 0x0, 0x6c, 0x61, 0x73,
    0x74, 0x69, 0x6e, 0x67, 0x0, 0x6c, 0x61, 0x74, 0x65, 0x72, 0x61, 0x6c, 0x0, 0x6c, 0x61, 0x74,
    0x65, 0x73, 0x74, 0x0, 0x6c, 0x61, 0x74, 0x69, 0x6e, 0x6f, 0x0, 0x6c, 0x61, 0x74, 0x74, 0x65,
    0x72, 0x0, 0x6c, 0x61, 0x75, 0x67, 0x68, 0x69, 0x6e, 0x67, 0x0, 0x6c, 0x61, 0x77, 0x66, 0x75,
    0x6c, 0x0, 0x6c, 0x61, 0x7a, 0x79, 0x0, 0x6c, 0x65, 0x61, 0x64, 0x69, 0x6e, 0x67, 0x0, 0x6c,
    0x65, 0x61, 0x6e, 0x69, 0x6e, 0x67, 0x0, 0x6c, 0x65, 0x61, 0x72, 0x6e, 0x65, 0x64, 0x0, 0x6c,
    0x65, 0x61, 0x73, 0x65, 0x64, 0x0, 0x6c, 0x65, 0x61, 0x73, 0x74, 0x0, 0x6c, 0x65, 0x62, 0x61,
    0x6e, 0x65, 0x73, 0x65, 0x0, 0x6c, 0x65, 0x66, 0x74, 0x69, 0x73, 0x74, 0x0, 0x6c, 0x65, 0x67,
    0x61, 0x6c, 0x0, 0x6c, 0x65, 0x67, 0x65, 0x6e, 0x64, 0x61, 0x72, 0x79, 0x0, 0x6c, 0x65, 0x67,
    0x67, 0x65, 0x64, 0x0, 0x6c, 0x65, 0x67, 0x69, 0x6f, 0x6e, 0x0, 0x6c, 0x65, 0x67, 0x69, 0x74,
    0x69, 0x6d, 0x61, 0x74, 0x65, 0x0, 0x6c, 0x65, 0x6e, 0x67, 0x74, 0x68, 0x79, 0x0, 0x6c, 0x65,
    0x73, 0x62, 0x69, 0x61, 0x6e, 0x0, 0x6c, 0x65, 0x73, 0x73, 0x65, 0x72, 0x0, 0x6c, 0x65, 0x74,
    0x68, 0x61, 0x6c, 0x0, 0x6c, 0x65, 0x76, 0x65, 0x6c, 0x0, 0x6c, 0x69, 0x61, 0x62, 0x6c, 0x65,
    0x0, 0x6c, 0x69, 0x62, 0x65, 0x72, 0x61, 0x6c, 0x0, 0x6c, 0x69, 0x62, 0x65, 0x72, 0x61, 0x74,
    0x65, 0x64, 0x0, 0x6c, 0x69, 0x63, 0x65, 0x6e, 0x73, 0x65, 0x64, 0x0, 0x6c, 0x69, 0x66, 0x65,
    0x6c, 0x6f, 0x6e, 0x67, 0x0, 0x6c, 0x69, 0x66, 0x74, 0x65, 0x64, 0x0, 0x6c, 0x69, 0x67, 0x68,
    0x74, 0x0, 0x6c, 0x69, 0x6b, 0x65, 0x64, 0x0, 0x6c, 0x69, 0x6b, 0x65, 0x6c, 0x79, 0x0, 0x6c,
    0x69, 0x6d, 0x69, 0x74, 0x65, 0x64, 0x0, 0x6c, 0x69, 0x6d, 0x69, 0x74, 0x69, 0x6e, 0x67, 0x0,
    0x6c, 0x69, 0x6e, 0x65, 0x61, 0x72, 0x0, 0x6c, 0x69, 0x6e, 0x65, 0x64, 0x0, 0x6c, 0x69, 0x6e,
    0x67, 0x75, 0x69, 0x73, 0x74, 0x69, 0x63, 0x0, 0x6c, 0x69, 0x6e, 0x6b, 0x65, 0x64, 0x0, 0x6c,
    0x69, 0x71, 0x75, 0x69, 0x64, 0x0, 0x6c, 0x69, 0x73, 0x74, 0x65, 0x64, 0x0, 0x6c, 0x69, 0x74,
    0x65, 0x72, 0x61, 0x6c, 0x0, 0x6c, 0x69, 0x74, 0x65, 0x72, 0x61, 0x72, 0x79, 0x0, 0x6c, 0x69,
    0x74, 0x74, 0x6c, 0x65, 0x0, 0x6c, 0x69, 0x76, 0x65, 0x6c, 0x79, 0x0, 0x6c, 0x69, 0x76, 0x65,
    0x72, 0x0, 0x6c, 0x69, 0x76, 0x69, 0x6e, 0x67, 0x0, 0x6c, 0x6f, 0x61, 0x64, 0x65, 0x64, 0x0,
    0x6c, 0x6f, 0x63, 0x61, 0x6c, 0x0, 0x6c, 0x6f, 0x63, 0x61, 0x74, 0x65, 0x64, 0x0, 0x6c, 0x6f,
    0x63, 0x6f, 0x6d, 0x6f, 0x74, 0x69, 0x76, 0x65, 0x0, 0x6c, 0x6f, 0x67, 0x69, 0x63, 0x61, 0x6c,
    0x0, 0x6c, 0x6f, 0x6e, 0x65, 0x6c, 0x79, 0x0, 0x6c, 0x6f, 0x6e, 0x67, 0x74, 0x69, 0x6d, 0x65,
    0x0, 0x6c, 0x6f, 0x6f, 0x6b, 0x69, 0x6e, 0x67, 0x0, 0x6c, 0x6f, 0x6f, 0x73, 0x65, 0x0, 0x6c,
    0x6f, 0x73, 0x74, 0x0, 0x6c, 0x6f, 0x75, 0x64, 0x0, 0x6c, 0x6f, 0x76, 0x65, 0x64, 0x0, 0x6c,
    0x6f, 0x76, 0x65, 0x6c, 0x79, 0x0, 0x6c, 0x6f, 0x76, 0x69, 0x6e, 0x67, 0x0, 0x6c, 0x6f, 0x77,
    0x65, 0x72, 0x65, 0x64, 0x0, 0x6c, 0x6f, 0x77, 0x65, 0x72, 0x69, 0x6e, 0x67, 0x0, 0x6c, 0x6f,
    0x77, 0x65, 0x73, 0x74, 0x0, 0x6c, 0x6f, 0x79, 0x61, 0x6c, 0x0, 0x6c, 0x75, 0x63, 0x6b, 0x79,
    0x0, 0x6c, 0x75, 0x63, 0x72, 0x61, 0x74, 0x69, 0x76, 0x65, 0x0, 0x6c, 0x75, 0x6e, 0x61, 0x72,
    0x0, 0x6c, 0x75, 0x73, 0x68, 0x0, 0x6c, 0x75, 0x78, 0x75, 0x72, 0x69, 0x6f, 0x75, 0x73, 0x0,
    0x6c, 0x79, 0x72, 0x69, 0x63, 0x0, 0x6d, 0x61, 0x63, 0x72, 0x6f, 0x0, 0x6d, 0x61, 0x64, 0x65,
    0x0, 0x6d, 0x61, 0x67, 0x69, 0x63, 0x61, 0x6c, 0x0, 0x6d, 0x61, 0x67, 0x6e, 0x65, 0x74, 0x69,
    0x63, 0x0, 0x6d, 0x61, 0x69, 0x64, 0x65, 0x6e, 0x0, 0x6d, 0x61, 0x69, 0x6c, 0x65, 0x64, 0x0,
    0x6d, 0x61, 0x69, 0x6e, 0x74, 0x61, 0x69, 0x6e, 0x65, 0x64, 0x0, 0x6d, 0x61, 0x6a, 0x65, 0x73,
    0x74, 0x69, 0x63, 0x0, 0x6d, 0x61, 0x6a, 0x6f, 0x72, 0x0, 0x6d, 0x61, 0x6c, 0x61, 0x79, 0x73,
    0x69, 0x61, 0x6e, 0x0, 0x6d, 0x61, 0x6c, 0x65, 0x0, 0x6d, 0x61, 0x6c, 0x69, 0x63, 0x69, 0x6f,
    0x75, 0x73, 0x0, 0x6d, 0x61, 0x6e, 0x61, 0x67, 0x65, 0x72, 0x69, 0x61, 0x6c, 0x0, 0x6d, 0x61,
    0x6e, 0x64, 0x61, 0x74, 0x6f, 0x72, 0x79, 0x0, 0x6d, 0x61, 0x6e, 0x69, 0x66, 0x65, 0x73, 0x74,
    0x0, 0x6d, 0x61, 0x6e, 0x6c, 0x79, 0x0, 0x6d, 0x61, 0x6e, 0x75, 0x61, 0x6c, 0x0, 0x6d, 0x61,
    0x6e, 0x79, 0x0, 0x6d, 0x61, 0x72, 0x67, 0x69, 0x6e, 0x61, 0x6c, 0x0, 0x6d, 0x61, 0x72, 0x69,
    0x6e, 0x65, 0x0, 0x6d, 0x61, 0x72, 0x69, 0x74, 0x61, 0x6c, 0x0, 0x6d, 0x61, 0x72, 0x69, 0x74,
    0x69, 0x6d, 0x65, 0x0, 0x6d, 0x61, 0x72, 0x6b, 0x65, 0x64, 0x0, 0x6d, 0x61, 0x72, 0x72, 0x69,
    0x65, 0x64, 0x0, 0x6d, 0x61, 0x72, 0x74, 0x69, 0x61, 0x6c, 0x0, 0x6d, 0x61, 0x72, 0x76, 0x65,
    0x6c, 0x6f, 0x75, 0x73, 0x0, 0x6d, 0x61, 0x72, 0x78, 0x69, 0x73, 0x74, 0x0, 0x6d, 0x61, 0x73,
    0x63, 0x75, 0x6c, 0x69, 0x6e, 0x65, 0x0, 0x6d, 0x61, 0x73, 0x6b, 0x65, 0x64, 0x0, 0x6d, 0x61,
    0x73, 0x73, 0x69, 0x76, 0x65, 0x0, 0x6d, 0x61, 0x73, 0x74, 0x65, 0x72, 0x65, 0x64, 0x0, 0x6d,
    0x61, 0x74, 0x63, 0x68, 0x65, 0x64, 0x0, 0x6d, 0x61, 0x74, 0x63, 0x68, 0x69, 0x6e, 0x67, 0x0,
    0x6d, 0x61, 0x74, 0x65, 0x72, 0x69, 0x61, 0x6c, 0x0, 0x6d, 0x61, 0x74, 0x65, 0x72, 0x6e, 0x61,
    0x6c, 0x0, 0x6d, 0x61, 0x74, 0x74, 0x65, 0x0, 0x6d, 0x61, 0x74, 0x75, 0x72, 0x65, 0x0, 0x6d,
    0x61, 0x78, 0x69, 0x6d, 0x75, 0x6d, 0x0, 0x6d, 0x65, 0x61, 0x6e, 0x69, 0x6e, 0x67, 0x66, 0x75,
    0x6c, 0x0, 0x6d, 0x65, 0x61, 0x73, 0x75, 0x72, 0x65, 0x64, 0x0, 0x6d, 0x65, 0x63, 0x68, 0x61,
    0x6e, 0x69, 0x63, 0x61, 0x6c, 0x0, 0x6d, 0x65, 0x64, 0x69, 0x61, 0x6e, 0x0, 0x6d, 0x65, 0x64,
    0x69, 0x61, 0x74, 0x65, 0x64, 0x0, 0x6d, 0x65, 0x64, 0x69, 0x63, 0x61, 0x6c, 0x0, 0x6d, 0x65,
    0x64, 0x69, 0x63, 0x69, 0x6e, 0x61, 0x6c, 0x0, 0x6d, 0x65, 0x64, 0x69, 0x65, 0x76, 0x61, 0x6c,
    0x0, 0x6d, 0x65, 0x64, 0x69, 0x6f, 0x63, 0x72, 0x65, 0x0, 0x6d, 0x65, 0x64, 0x69, 0x75, 0x6d,
    0x0, 0x6d, 0x65, 0x65, 0x74, 0x0, 0x6d, 0x65, 0x6c, 0x74, 0x65, 0x64, 0x0, 0x6d, 0x65, 0x6c,
    0x74, 0x69, 0x6e, 0x67, 0x0, 0x6d, 0x65, 0x6d, 0x6f, 0x72, 0x61, 0x62, 0x6c, 0x65, 0x0, 0x6d,
    0x65, 0x6e, 0x74, 0x61, 0x6c, 0x0, 0x6d, 0x65, 0x72, 0x65, 0x0, 0x6d, 0x65, 0x72, 0x67, 0x65,
    0x64, 0x0, 0x6d, 0x65, 0x72, 0x72, 0x79, 0x0, 0x6d, 0x65, 0x73, 0x73, 0x79, 0x0, 0x6d, 0x65,
    0x74, 0x61, 0x62, 0x6f, 0x6c, 0x69, 0x63, 0x0, 0x6d, 0x65, 0x74, 0x61, 0x6c, 0x6c, 0x69, 0x63,
    0x0, 0x6d, 0x65, 0x74, 0x68, 0x6f, 0x64, 0x69, 0x73, 0x74, 0x0, 0x6d, 0x65, 0x74, 0x72, 0x69,
    0x63, 0x0, 0x6d, 0x65, 0x78, 0x69, 0x63, 0x61, 0x6e, 0x0, 0x6d, 0x69, 0x63, 0x72, 0x6f, 0x0,
    0x6d, 0x69, 0x64, 0x64, 0x6c, 0x65, 0x0, 0x6d, 0x69, 0x64, 0x77, 0x61, 0x79, 0x0, 0x6d, 0x69,
    0x67, 0x68, 0x74, 0x79, 0x0, 0x6d, 0x69, 0x67, 0x72, 0x61, 0x6e, 0x74, 0x0, 0x6d, 0x69, 0x6c,
    0x64, 0x0, 0x6d, 0x69, 0x6c, 0x69, 0x74, 0x61, 0x6e, 0x74, 0x0, 0x6d, 0x69, 0x6c, 0x69, 0x74,
    0x61, 0x72, 0x79, 0x0, 0x6d, 0x69, 0x6c, 0x6b, 0x79, 0x0, 0x6d, 0x69, 0x6c, 0x6c, 0x69, 0x6f,
    0x6e, 0x0, 0x6d, 0x69, 0x6e, 0x64, 0x65, 0x64, 0x0, 0x6d, 0x69, 0x6e, 0x65, 0x72, 0x61, 0x6c,
    0x0, 0x6d, 0x69, 0x6e, 0x69, 0x61, 0x74, 0x75, 0x72, 0x65, 0x0, 0x6d, 0x69, 0x6e, 0x69, 0x6d,
    0x61, 0x6c, 0x0, 0x6d, 0x69, 0x6e, 0x69, 0x6d, 0x75, 0x6d, 0x0, 0x6d, 0x69, 0x6e, 0x6f, 0x72,
    0x0, 0x6d, 0x69, 0x6e, 0x74, 0x0, 0x6d, 0x69, 0x6e, 0x75, 0x73, 0x0, 0x6d, 0x69, 0x6e, 0x75,
    0x74, 0x65, 0x0, 0x6d, 0x69, 0x73, 0x65, 0x72, 0x61, 0x62, 0x6c, 0x65, 0x0, 0x6d, 0x69, 0x73,
    0x6c, 0x65, 0x61, 0x64, 0x69, 0x6e, 0x67, 0x0, 0x6d, 0x69, 0x73, 0x73, 0x65, 0x64, 0x0, 0x6d,
    0x69, 0x73, 0x73, 0x69, 0x6e, 0x67, 0x0, 0x6d, 0x69, 0x73, 0x73, 0x69, 0x6f, 0x6e, 0x61, 0x72,
    0x79, 0x0, 0x6d, 0x69, 0x73, 0x74, 0x61, 0x6b, 0x65, 0x6e, 0x0, 0x6d, 0x69, 0x78, 0x65, 0x64,
    0x0, 0x6d, 0x6f, 0x62, 0x69, 0x6c, 0x65, 0x0, 0x6d, 0x6f, 0x63, 0x6b, 0x69, 0x6e, 0x67, 0x0,
    0x6d, 0x6f, 0x64, 0x65, 0x6c, 0x65, 0x64, 0x0, 0x6d, 0x6f, 0x64, 0x65, 0x72, 0x61, 0x74, 0x65,
    0x0, 0x6d, 0x6f, 0x64, 0x65, 0x72, 0x6e, 0x0, 0x6d, 0x6f, 0x64, 0x65, 0x73, 0x74, 0x0, 0x6d,
    0x6f, 0x64, 0x69, 0x66, 0x69, 0x65, 0x64, 0x0, 0x6d, 0x6f, 0x64, 0x75, 0x6c, 0x61, 0x72, 0x0,
    0x6d, 0x6f, 0x69, 0x73, 0x74, 0x0, 0x6d, 0x6f, 0x6c, 0x65, 0x63, 0x75, 0x6c, 0x61, 0x72, 0x0,
    0x6d, 0x6f, 0x6e, 0x65, 0x74, 0x61, 0x72, 0x79, 0x0, 0x6d, 0x6f, 0x6e, 0x6f, 0x0, 0x6d, 0x6f,
    0x6e, 0x74, 0x68, 0x6c, 0x79, 0x0, 0x6d, 0x6f, 0x6e, 0x75, 0x6d, 0x65, 0x6e, 0x74, 0x61, 0x6c,
    0x0, 0x6d, 0x6f, 0x6f, 0x64, 0x79, 0x0, 0x6d, 0x6f, 0x72, 0x61, 0x6c, 0x0, 0x6d, 0x6f, 0x72,
    0x65, 0x0, 0x6d, 0x6f, 0x72, 0x6d, 0x6f, 0x6e, 0x0, 0x6d, 0x6f, 0x72, 0x74, 0x61, 0x6c, 0x0,
    0x6d, 0x6f, 0x73, 0x61, 0x69, 0x63, 0x0, 0x6d, 0x6f, 0x73, 0x74, 0x0, 0x6d, 0x6f, 0x74, 0x69,
    0x76, 0x61, 0x74, 0x65, 0x64, 0x0, 0x6d, 0x6f, 0x74, 0x69, 0x76, 0x65, 0x0, 0x6d, 0x6f, 0x74,
    0x6f, 0x72, 0x0, 0x6d, 0x6f, 0x75, 0x6e, 0x74, 0x65, 0x64, 0x0, 0x6d, 0x6f, 0x75, 0x72, 0x6e,
    0x69, 0x6e, 0x67, 0x0, 0x6d, 0x6f, 0x76, 0x65, 0x64, 0x0, 0x6d, 0x6f, 0x76, 0x69, 0x6e, 0x67,
    0x0, 0x6d, 0x75, 0x63, 0x68, 0x0, 0x6d, 0x75, 0x64, 0x64, 0x79, 0x0, 0x6d, 0x75, 0x6c, 0x74,
    0x69, 0x70, 0x6c, 0x65, 0x0, 0x6d, 0x75, 0x6e, 0x69, 0x63, 0x69, 0x70, 0x61, 0x6c, 0x0, 0x6d,
    0x75, 0x72, 0x64, 0x65, 0x72, 0x65, 0x64, 0x0, 0x6d, 0x75, 0x73, 0x63, 0x75, 0x6c, 0x61, 0x72,
    0x0, 0x6d, 0x75, 0x73, 0x69, 0x63, 0x61, 0x6c, 0x0, 0x6d, 0x75, 0x73, 0x6c, 0x69, 0x6d, 0x0,
    0x6d, 0x75, 0x73, 0x74, 0x0, 0x6d, 0x75, 0x74, 0x61, 0x6e, 0x74, 0x0, 0x6d, 0x75, 0x74, 0x65,
    0x0, 0x6d, 0x75, 0x74, 0x75, 0x61, 0x6c, 0x0, 0x6d, 0x79, 0x73, 0x74, 0x65, 0x72, 0x69, 0x6f,
    0x75, 0x73, 0x0, 0x6d, 0x79, 0x73, 0x74, 0x69, 0x63, 0x61, 0x6c, 0x0, 0x6e, 0x61, 0x69, 0x76,
    0x65, 0x0, 0x6e, 0x61, 0x6b, 0x65, 0x64, 0x0, 0x6e, 0x61, 0x6d, 0x69, 0x6e, 0x67, 0x0, 0x6e,
    0x61, 0x72, 0x72, 0x61, 0x74, 0x69, 0x76, 0x65, 0x0, 0x6e, 0x61, 0x72, 0x72, 0x6f, 0x77, 0x0,
    0x6e, 0x61, 0x73, 0x74, 0x79, 0x0, 0x6e, 0x61, 0x74, 0x69, 0x6f, 0x6e, 0x61, 0x6c, 0x0, 0x6e,
    0x61, 0x74, 0x69, 0x6f, 0x6e, 0x77, 0x69, 0x64, 0x65, 0x0, 0x6e, 0x61, 0x74, 0x69, 0x76, 0x65,
    0x0, 0x6e, 0x61, 0x74, 0x75, 0x72, 0x61, 0x6c, 0x0, 0x6e, 0x61, 0x75, 0x67, 0x68, 0x74, 0x79,
    0x0, 0x6e, 0x61, 0x76, 0x61, 0x6c, 0x0, 0x6e, 0x65, 0x61, 0x72, 0x62, 0x79, 0x0, 0x6e, 0x65,
    0x61, 0x74, 0x0, 0x6e, 0x65, 0x63, 0x65, 0x73, 0x73, 0x61, 0x72, 0x79, 0x0, 0x6e, 0x65, 0x65,
    0x64, 0x65, 0x64, 0x0, 0x6e, 0x65, 0x65, 0x64, 0x6c, 0x65, 0x73, 0x73, 0x0, 0x6e, 0x65, 0x65,
    0x64, 0x79, 0x0, 0x6e, 0x65, 0x67, 0x61, 0x74, 0x69, 0x76, 0x65, 0x0, 0x6e, 0x65, 0x67, 0x6c,
    0x65, 0x63, 0x74, 0x65, 0x64, 0x0, 0x6e, 0x65, 0x69, 0x74, 0x68, 0x65, 0x72, 0x0, 0x6e, 0x65,
    0x72, 0x76, 0x6f, 0x75, 0x73, 0x0, 0x6e, 0x65, 0x75, 0x72, 0x61, 0x6c, 0x0, 0x6e, 0x65, 0x75,
    0x74, 0x72, 0x61, 0x6c, 0x0, 0x6e, 0x65, 0x77, 0x62, 0x6f, 0x72, 0x6e, 0x0, 0x6e, 0x65, 0x78,
    0x74, 0x0, 0x6e, 0x69, 0x63, 0x65, 0x0, 0x6e, 0x69, 0x67, 0x65, 0x72, 0x69, 0x61, 0x6e, 0x0,
    0x6e, 0x69, 0x6e, 0x65, 0x74, 0x65, 0x65, 0x6e, 0x74, 0x68, 0x0, 0x6e, 0x69, 0x6e, 0x65, 0x74,
    0x79, 0x0, 0x6e, 0x69, 0x6e, 0x74, 0x68, 0x0, 0x6e, 0x6f, 0x62, 0x6c, 0x65, 0x0, 0x6e, 0x6f,
    0x69, 0x73, 0x79, 0x0, 0x6e, 0x6f, 0x6d, 0x69, 0x6e, 0x61, 0x6c, 0x0, 0x6e, 0x6f, 0x6d, 0x69,
    0x6e, 0x61, 0x74, 0x65, 0x64, 0x0, 0x6e, 0x6f, 0x6e, 0x65, 0x0, 0x6e, 0x6f, 0x6e, 0x70, 0x72,
    0x6f, 0x66, 0x69, 0x74, 0x0, 0x6e, 0x6f, 0x6e, 0x73, 0x65, 0x6e, 0x73, 0x65, 0x0, 0x6e, 0x6f,
    0x72, 0x64, 0x69, 0x63, 0x0, 0x6e, 0x6f, 0x72, 0x6d, 0x61, 0x6c, 0x0, 0x6e, 0x6f, 0x72, 0x6d,
    0x61, 0x6e, 0x0, 0x6e, 0x6f, 0x72, 0x74, 0x68, 0x65, 0x61, 0x73, 0x74, 0x0, 0x6e, 0x6f, 0x72,
    0x74, 0x68, 0x65, 0x72, 0x6e, 0x0, 0x6e, 0x6f, 0x72, 0x74, 0x68, 0x77, 0x65, 0x73, 0x74, 0x0,
    0x6e, 0x6f, 0x72, 0x77, 0x65, 0x67, 0x69, 0x61, 0x6e, 0x0, 0x6e, 0x6f, 0x74, 0x61, 0x62, 0x6c,
    0x65, 0x0, 0x6e, 0x6f, 0x74, 0x65, 0x64, 0x0, 0x6e, 0x6f, 0x74, 0x69, 0x63, 0x65, 0x61, 0x62,
    0x6c, 0x65, 0x0, 0x6e, 0x6f, 0x74, 0x69, 0x63, 0x65, 0x64, 0x0, 0x6e, 0x6f, 0x74, 0x6f, 0x72,
    0x69, 0x6f, 0x75, 0x73, 0x0, 0x6e, 0x6f, 0x76, 0x65, 0x6c, 0x0, 0x6e, 0x75, 0x63, 0x6c, 0x65,
    0x61, 0x72, 0x0, 0x6e, 0x75, 0x6c, 0x6c, 0x0, 0x6e, 0x75, 0x6d, 0x62, 0x0, 0x6e, 0x75, 0x6d,
    0x65, 0x72, 0x69, 0x63, 0x61, 0x6c, 0x0, 0x6e, 0x75, 0x6d, 0x65, 0x72, 0x6f, 0x75, 0x73, 0x0,
    0x6e, 0x75, 0x74, 0x72, 0x69, 0x65, 0x6e, 0x74, 0x0, 0x6e, 0x75, 0x74, 0x73, 0x0, 0x6f, 0x62,
    0x65, 0x73, 0x65, 0x0, 0x6f, 0x62, 0x6a, 0x65, 0x63, 0x74, 0x69, 0x76, 0x65, 0x0, 0x6f, 0x62,
    0x6c, 0x69, 0x67, 0x61, 0x74, 0x65, 0x64, 0x0, 0x6f, 0x62, 0x6c, 0x69, 0x67, 0x65, 0x64, 0x0,
    0x6f, 0x62, 0x73, 0x63, 0x75, 0x72, 0x65, 0x0, 0x6f, 0x62, 0x73, 0x65, 0x72, 0x76, 0x65, 0x64,
    0x0, 0x6f, 0x62, 0x73, 0x65, 0x72, 0x76, 0x69, 0x6e, 0x67, 0x0, 0x6f, 0x62, 0x73, 0x65, 0x73,
    0x73, 0x65, 0x64, 0x0, 0x6f, 0x62, 0x73, 0x6f, 0x6c, 0x65, 0x74, 0x65, 0x0, 0x6f, 0x62, 0x76,
    0x69, 0x6f, 0x75, 0x73, 0x0, 0x6f, 0x63, 0x63, 0x61, 0x73, 0x69, 0x6f, 0x6e, 0x61, 0x6c, 0x0,
    0x6f, 0x63, 0x63, 0x75, 0x70, 0x69, 0x65, 0x64, 0x0, 0x6f, 0x66, 0x66, 0x65, 0x6e, 0x64, 0x65,
    0x64, 0x0, 0x6f, 0x66, 0x66, 0x65, 0x6e, 0x73, 0x69, 0x76, 0x65, 0x0, 0x6f, 0x66, 0x66, 0x69,
    0x63, 0x69, 0x61, 0x6c, 0x0, 0x6f, 0x66, 0x66, 0x73, 0x68, 0x6f, 0x72, 0x65, 0x0, 0x6f, 0x6b,
    0x61, 0x79, 0x0, 0x6f, 0x6c, 0x64, 0x65, 0x72, 0x0, 0x6f, 0x6c, 0x69, 0x76, 0x65, 0x0, 0x6f,
    0x6c, 0x79, 0x6d, 0x70, 0x69, 0x63, 0x0, 0x6f, 0x6e, 0x67, 0x6f, 0x69, 0x6e, 0x67, 0x0, 0x6f,
    0x6e, 0x6c, 0x69, 0x6e, 0x65, 0x0, 0x6f, 0x6e, 0x6c, 0x79, 0x0, 0x6f, 0x70, 0x65, 0x6e, 0x65,
    0x64, 0x0, 0x6f, 0x70, 0x65, 0x6e, 0x69, 0x6e, 0x67, 0x0, 0x6f, 0x70, 0x65, 0x72, 0x61, 0x74,
    0x69, 0x6e, 0x67, 0x0, 0x6f, 0x70, 0x65, 0x72, 0x61, 0x74, 0x69, 0x76, 0x65, 0x0, 0x6f, 0x70,
    0x70, 0x6f, 0x6e, 0x65, 0x6e, 0x74, 0x0, 0x6f, 0x70, 0x70, 0x6f, 0x73, 0x65, 0x64, 0x0, 0x6f,
    0x70, 0x70, 0x6f, 0x73, 0x69, 0x6e, 0x67, 0x0, 0x6f, 0x70, 0x70, 0x6f, 0x73, 0x69, 0x74, 0x65,
    0x0, 0x6f, 0x70, 0x70, 0x72, 0x65, 0x73, 0x73, 0x65, 0x64, 0x0, 0x6f, 0x70, 0x74, 0x69, 0x63,
    0x61, 0x6c, 0x0, 0x6f, 0x70, 0x74, 0x69, 0x6d, 0x61, 0x6c, 0x0, 0x6f, 0x70, 0x74, 0x69, 0x6d,
    0x69, 0x73, 0x74, 0x69, 0x63, 0x0, 0x6f, 0x70, 0x74, 0x69, 0x6d, 0x75, 0x6d, 0x0, 0x6f, 0x70,
    0x74, 0x69, 0x6f, 0x6e, 0x61, 0x6c, 0x0, 0x6f, 0x72, 0x61, 0x6c, 0x0, 0x6f, 0x72, 0x61, 0x6e,
    0x67, 0x65, 0x0, 0x6f, 0x72, 0x62, 0x69, 0x74, 0x61, 0x6c, 0x0, 0x6f, 0x72, 0x64, 0x65, 0x72,
    0x65, 0x64, 0x0, 0x6f, 0x72, 0x64, 0x69, 0x6e, 0x61, 0x72, 0x79, 0x0, 0x6f, 0x72, 0x67, 0x61,
    0x6e, 0x69, 0x63, 0x0, 0x6f, 0x72, 0x67, 0x61, 0x6e, 0x69, 0x73, 0x65, 0x64, 0x0, 0x6f, 0x72,
    0x67, 0x61, 0x6e, 0x69, 0x7a, 0x65, 0x64, 0x0, 0x6f, 0x72, 0x69, 0x65, 0x6e, 0x74, 0x61, 0x6c,
    0x0, 0x6f, 0x72, 0x69, 0x65, 0x6e, 0x74, 0x65, 0x64, 0x0, 0x6f, 0x72, 0x69, 0x67, 0x69, 0x6e,
    0x61, 0x6c, 0x0, 0x6f, 0x72, 0x74, 0x68, 0x6f, 0x64, 0x6f, 0x78, 0x0, 0x6f, 0x74, 0x68, 0x65,
    0x72, 0x77, 0x69, 0x73, 0x65, 0x0, 0x6f, 0x74, 0x74, 0x6f, 0x6d, 0x61, 0x6e, 0x0, 0x6f, 0x75,
    0x74, 0x64, 0x61, 0x74, 0x65, 0x64, 0x0, 0x6f, 0x75, 0x74, 0x64, 0x6f, 0x6f, 0x72, 0x0, 0x6f,
    0x75, 0x74, 0x65, 0x72, 0x0, 0x6f, 0x75, 0x74, 0x67, 0x6f, 0x69, 0x6e, 0x67, 0x0, 0x6f, 0x75,
    0x74, 0x6c, 0x61, 0x77, 0x0, 0x6f, 0x75, 0x74, 0x6c, 0x69, 0x6e, 0x65, 0x64, 0x0, 0x6f, 0x75,
    0x74, 0x72, 0x61, 0x67, 0x65, 0x64, 0x0, 0x6f, 0x75, 0x74, 0x72, 0x61, 0x67, 0x65, 0x6f, 0x75,
    0x73, 0x0, 0x6f, 0x75, 0x74, 0x72, 0x69, 0x67, 0x68, 0x74, 0x0, 0x6f, 0x75, 0x74, 0x73, 0x69,
    0x64, 0x65, 0x0, 0x6f, 0x75, 0x74, 0x77, 0x61, 0x72, 0x64, 0x0, 0x6f, 0x76, 0x61, 0x6c, 0x0,
    0x6f, 0x76, 0x65, 0x72, 0x61, 0x6c, 0x6c, 0x0, 0x6f, 0x76, 0x65, 0x72, 0x64, 0x75, 0x65, 0x0,
    0x6f, 0x76, 0x65, 0x72, 0x68, 0x65, 0x61, 0x64, 0x0, 0x6f, 0x76, 0x65, 0x72, 0x6c, 0x6f, 0x6f,
    0x6b, 0x65, 0x64, 0x0, 0x6f, 0x76, 0x65, 0x72, 0x6e, 0x69, 0x67, 0x68, 0x74, 0x0, 0x6f, 0x76,
    0x65, 0x72, 0x73, 0x65, 0x61, 0x73, 0x0, 0x6f, 0x76, 0x65, 0x72, 0x77, 0x65, 0x69, 0x67, 0x68,
    0x74, 0x0, 0x6f, 0x77, 0x69, 0x6e, 0x67, 0x0, 0x6f, 0x77, 0x6e, 0x65, 0x64, 0x0, 0x70, 0x61,
    0x63, 0x69, 0x66, 0x69, 0x63, 0x0, 0x70, 0x61, 0x63, 0x6b, 0x61, 0x67, 0x65, 0x64, 0x0, 0x70,
    0x61, 0x63, 0x6b, 0x65, 0x64, 0x0, 0x70, 0x61, 0x67, 0x61, 0x6e, 0x0, 0x70, 0x61, 0x69, 0x64,
    0x0, 0x70, 0x61, 0x69, 0x6e, 0x66, 0x75, 0x6c, 0x0, 0x70, 0x61, 0x69, 0x6e, 0x74, 0x65, 0x64,
    0x0, 0x70, 0x61, 0x69, 0x72, 0x65, 0x64, 0x0, 0x70, 0x61, 0x6b, 0x69, 0x73, 0x74, 0x61, 0x6e,
    0x69, 0x0, 0x70, 0x61, 0x6c, 0x65, 0x0, 0x70, 0x61, 0x6e, 0x64, 0x65, 0x6d, 0x69, 0x63, 0x0,
    0x70, 0x61, 0x70, 0x65, 0x72, 0x62, 0x61, 0x63, 0x6b, 0x0, 0x70, 0x61, 0x72, 0x61, 0x6c, 0x6c,
    0x65, 0x6c, 0x0, 0x70, 0x61, 0x72, 0x61, 0x6d, 0x6f, 0x75, 0x6e, 0x74, 0x0, 0x70, 0x61, 0x72,
    0x61, 0x6e, 0x6f, 0x69, 0x64, 0x0, 0x70, 0x61, 0x72, 0x65, 0x6e, 0x74, 0x61, 0x6c, 0x0, 0x70,
    0x61, 0x72, 0x6b, 0x65, 0x64, 0x0, 0x70, 0x61, 0x72, 0x74, 0x69, 0x61, 0x6c, 0x0, 0x70, 0x61,
    0x72, 0x74, 0x69, 0x63, 0x75, 0x6c, 0x61, 0x72, 0x0, 0x70, 0x61, 0x72, 0x74, 0x69, 0x73, 0x61,
    0x6e, 0x0, 0x70, 0x61, 0x73, 0x73, 0x69, 0x6e, 0x67, 0x0, 0x70, 0x61, 0x73, 0x73, 0x69, 0x6f,
    0x6e, 0x61, 0x74, 0x65, 0x0, 0x70, 0x61, 0x73, 0x73, 0x69, 0x76, 0x65, 0x0, 0x70, 0x61, 0x73,
    0x74, 0x6f, 0x72, 0x61, 0x6c, 0x0, 0x70, 0x61, 0x74, 0x65, 0x6e, 0x74, 0x65, 0x64, 0x0, 0x70,
    0x61, 0x74, 0x68, 0x65, 0x74, 0x69, 0x63, 0x0, 0x70, 0x61, 0x74, 0x69, 0x65, 0x6e, 0x74, 0x0,
    0x70, 0x61, 0x74, 0x72, 0x69, 0x6f, 0x74, 0x69, 0x63, 0x0, 0x70, 0x61, 0x76, 0x65, 0x64, 0x0,
    0x70, 0x61, 0x79, 0x61, 0x62, 0x6c, 0x65, 0x0, 0x70, 0x61, 0x79, 0x69, 0x6e, 0x67, 0x0, 0x70,
    0x65, 0x61, 0x63, 0x65, 0x66, 0x75, 0x6c, 0x0, 0x70, 0x65, 0x61, 0x6b, 0x65, 0x64, 0x0, 0x70,
    0x65, 0x61, 0x6e, 0x75, 0x74, 0x0, 0x70, 0x65, 0x63, 0x75, 0x6c, 0x69, 0x61, 0x72, 0x0, 0x70,
    0x65, 0x64, 0x61, 0x6c, 0x0, 0x70, 0x65, 0x64, 0x65, 0x73, 0x74, 0x72, 0x69, 0x61, 0x6e, 0x0,
    0x70, 0x65, 0x64, 0x69, 0x61, 0x74, 0x72, 0x69, 0x63, 0x0, 0x70, 0x65, 0x6e, 0x64, 0x69, 0x6e,
    0x67, 0x0, 0x70, 0x65, 0x72, 0x63, 0x65, 0x69, 0x76, 0x65, 0x64, 0x0, 0x70, 0x65, 0x72, 0x65,
    0x6e, 0x6e, 0x69, 0x61, 0x6c, 0x0, 0x70, 0x65, 0x72, 0x66, 0x65, 0x63, 0x74, 0x0, 0x70, 0x65,
    0x72, 0x69, 0x6f, 0x64, 0x69, 0x63, 0x0, 0x70, 0x65, 0x72, 0x69, 0x70, 0x68, 0x65, 0x72, 0x61,
    0x6c, 0x0, 0x70, 0x65, 0x72, 0x6d, 0x61, 0x6e, 0x65, 0x6e, 0x74, 0x0, 0x70, 0x65, 0x72, 0x70,
    0x65, 0x74, 0x75, 0x61, 0x6c, 0x0, 0x70, 0x65, 0x72, 0x73, 0x69, 0x61, 0x6e, 0x0, 0x70, 0x65,
    0x72, 0x73, 0x69, 0x73, 0x74, 0x65, 0x6e, 0x74, 0x0, 0x70, 0x65, 0x72, 0x73, 0x6f, 0x6e, 0x61,
    0x6c, 0x0, 0x70, 0x65, 0x74, 0x74, 0x79, 0x0, 0x70, 0x68, 0x61, 0x6e, 0x74, 0x6f, 0x6d, 0x0,
    0x70, 0x68, 0x65, 0x6e, 0x6f, 0x6d, 0x65, 0x6e, 0x61, 0x6c, 0x0, 0x70, 0x68, 0x69, 0x6c, 0x69,
    0x70, 0x70, 0x69, 0x6e, 0x65, 0x0, 0x70, 0x68, 0x79, 0x73, 0x69, 0x63, 0x61, 0x6c, 0x0, 0x70,
    0x69, 0x61, 0x6e, 0x6f, 0x0, 0x70, 0x69, 0x63, 0x74, 0x75, 0x72, 0x65, 0x64, 0x0, 0x70, 0x69,
    0x65, 0x72, 0x63, 0x69, 0x6e, 0x67, 0x0, 0x70, 0x69, 0x6e, 0x6b, 0x0, 0x70, 0x69, 0x74, 0x63,
    0x68, 0x65, 0x64, 0x0, 0x70, 0x69, 0x76, 0x6f, 0x74, 0x61, 0x6c, 0x0, 0x70, 0x6c, 0x61, 0x63,
    0x65, 0x64, 0x0, 0x70, 0x6c, 0x61, 0x69, 0x6e, 0x0, 0x70, 0x6c, 0x61, 0x6e, 0x65, 0x74, 0x61,
    0x72, 0x79, 0x0, 0x70, 0x6c, 0x61, 0x6e, 0x6e, 0x65, 0x64, 0x0, 0x70, 0x6c, 0x61, 0x6e, 0x74,
    0x65, 0x64, 0x0, 0x70, 0x6c, 0x61, 0x73, 0x74, 0x69, 0x63, 0x0, 0x70, 0x6c, 0x61, 0x75, 0x73,
    0x69, 0x62, 0x6c, 0x65, 0x0, 0x70, 0x6c, 0x61, 0x79, 0x65, 0x64, 0x0, 0x70, 0x6c, 0x61, 0x79,
    0x66, 0x75, 0x6c, 0x0, 0x70, 0x6c, 0x65, 0x61, 0x64, 0x69, 0x6e, 0x67, 0x0, 0x70, 0x6c, 0x65,
    0x61, 0x73, 0x61, 0x6e, 0x74, 0x0, 0x70, 0x6c, 0x65, 0x61, 0x73, 0x65, 0x64, 0x0, 0x70, 0x6c,
    0x65, 0x61, 0x73, 0x69, 0x6e, 0x67, 0x0, 0x70, 0x6c, 0x65, 0x64, 0x67, 0x65, 0x64, 0x0, 0x70,
    0x6c, 0x75, 0x72, 0x61, 0x6c, 0x0, 0x70, 0x6c, 0x75, 0x73, 0x0, 0x70, 0x6f, 0x65, 0x74, 0x69,
    0x63, 0x0, 0x70, 0x6f, 0x69, 0x6e, 0x74, 0x65, 0x64, 0x0, 0x70, 0x6f, 0x69, 0x6e, 0x74, 0x6c,
    0x65, 0x73, 0x73, 0x0, 0x70, 0x6f, 0x69, 0x73, 0x6f, 0x6e, 0x6f, 0x75, 0x73, 0x0, 0x70, 0x6f,
    0x6c, 0x61, 0x72, 0x0, 0x70, 0x6f, 0x6c, 0x69, 0x73, 0x68, 0x65, 0x64, 0x0, 0x70, 0x6f, 0x6c,
    0x69, 0x74, 0x65, 0x0, 0x70, 0x6f, 0x6c, 0x69, 0x74, 0x69, 0x63, 0x61, 0x6c, 0x0, 0x70, 0x6f,
    0x6f, 0x72, 0x6c, 0x79, 0x0, 0x70, 0x6f, 0x70, 0x75, 0x6c, 0x61, 0x72, 0x0, 0x70, 0x6f, 0x70,
    0x75, 0x6c, 0x61, 0x74, 0x65, 0x64, 0x0, 0x70, 0x6f, 0x72, 0x74, 0x61, 0x62, 0x6c, 0x65, 0x0,
    0x70, 0x6f, 0x72, 0x74, 0x72, 0x61, 0x79, 0x65, 0x64, 0x0, 0x70, 0x6f, 0x72, 0x74, 0x75, 0x67,
    0x75, 0x65, 0x73, 0x65, 0x0, 0x70, 0x6f, 0x73, 0x65, 0x64, 0x0, 0x70, 0x6f, 0x73, 0x69, 0x74,
    0x69, 0x76, 0x65, 0x0, 0x70, 0x6f, 0x73, 0x73, 0x65, 0x73, 0x73, 0x65, 0x64, 0x0, 0x70, 0x6f,
    0x73, 0x73, 0x69, 0x62, 0x6c, 0x65, 0x0, 0x70, 0x6f, 0x73, 0x74, 0x61, 0x6c, 0x0, 0x70, 0x6f,
    0x73, 0x74, 0x65, 0x64, 0x0, 0x70, 0x6f, 0x74, 0x65, 0x6e, 0x74, 0x69, 0x61, 0x6c, 0x0, 0x70,
    0x6f, 0x75, 0x72, 0x69, 0x6e, 0x67, 0x0, 0x70, 0x6f, 0x77, 0x65, 0x72, 0x65, 0x64, 0x0, 0x70,
    0x6f, 0x77, 0x65, 0x72, 0x66, 0x75, 0x6c, 0x0, 0x70, 0x72, 0x61, 0x63, 0x74, 0x69, 0x63, 0x61,
    0x6c, 0x0, 0x70, 0x72, 0x61, 0x63, 0x74, 0x69, 0x63, 0x65, 0x64, 0x0, 0x70, 0x72, 0x61, 0x69,
    0x73, 0x69, 0x6e, 0x67, 0x0, 0x70, 0x72, 0x65, 0x63, 0x65, 0x64, 0x65, 0x6e, 0x74, 0x0, 0x70,
    0x72, 0x65, 0x63, 0x65, 0x64, 0x69, 0x6e, 0x67, 0x0, 0x70, 0x72, 0x65, 0x63, 0x69, 0x6f, 0x75,
    0x73, 0x0, 0x70, 0x72, 0x65, 0x63, 0x69, 0x73, 0x65, 0x0, 0x70, 0x72, 0x65, 0x66, 0x65, 0x72,
    0x72, 0x65, 0x64, 0x0, 0x70, 0x72, 0x65, 0x67, 0x6e, 0x61, 0x6e, 0x74, 0x0, 0x70, 0x72, 0x65,
    0x6d, 0x61, 0x74, 0x75, 0x72, 0x65, 0x0, 0x70, 0x72, 0x65, 0x6d, 0x69, 0x65, 0x72, 0x65, 0x0,
    0x70, 0x72, 0x65, 0x6d, 0x69, 0x75, 0x6d, 0x0, 0x70, 0x72, 0x65, 0x70, 0x61, 0x72, 0x65, 0x64,
    0x0, 0x70, 0x72, 0x65, 0x73, 0x63, 0x72, 0x69, 0x62, 0x65, 0x64, 0x0, 0x70, 0x72, 0x65, 0x73,
    0x65, 0x6e, 0x74, 0x0, 0x70, 0x72, 0x65, 0x73, 0x65, 0x72, 0x76, 0x65, 0x64, 0x0, 0x70, 0x72,
    0x65, 0x73, 0x73, 0x65, 0x64, 0x0, 0x70, 0x72, 0x65, 0x73, 0x73, 0x69, 0x6e, 0x67, 0x0, 0x70,
    0x72, 0x65, 0x74, 0x65, 0x6e, 0x64, 0x65, 0x64, 0x0, 0x70, 0x72, 0x65, 0x74, 0x74, 0x79, 0x0,
    0x70, 0x72, 0x65, 0x76, 0x61, 0x69, 0x6c, 0x69, 0x6e, 0x67, 0x0, 0x70, 0x72, 0x65, 0x76, 0x61,
    0x6c, 0x65, 0x6e, 0x74, 0x0, 0x70, 0x72, 0x65, 0x76, 0x65, 0x6e, 0x74, 0x69, 0x76, 0x65, 0x0,
    0x70, 0x72, 0x65, 0x76, 0x69, 0x6f, 0x75, 0x73, 0x0, 0x70, 0x72, 0x69, 0x63, 0x65, 0x6c, 0x65,
    0x73, 0x73, 0x0, 0x70, 0x72, 0x69, 0x6d, 0x61, 0x72, 0x79, 0x0, 0x70, 0x72, 0x69, 0x6d, 0x65,
    0x0, 0x70, 0x72, 0x69, 0x6d, 0x69, 0x74, 0x69, 0x76, 0x65, 0x0, 0x70, 0x72, 0x69, 0x6e, 0x63,
    0x69, 0x70, 0x61, 0x6c, 0x0, 0x70, 0x72, 0x69, 0x6f, 0x72, 0x0, 0x70, 0x72, 0x69, 0x76, 0x61,
    0x74, 0x65, 0x0, 0x70, 0x72, 0x69, 0x76, 0x69, 0x6c, 0x65, 0x67, 0x65, 0x64, 0x0, 0x70, 0x72,
    0x69, 0x7a, 0x65, 0x0, 0x70, 0x72, 0x6f, 0x62, 0x61, 0x62, 0x6c, 0x65, 0x0, 0x70, 0x72, 0x6f,
    0x63, 0x65, 0x64, 0x75, 0x72, 0x61, 0x6c, 0x0, 0x70, 0x72, 0x6f, 0x63, 0x65, 0x73, 0x73, 0x65,
    0x64, 0x0, 0x70, 0x72, 0x6f, 0x63, 0x6c, 0x61, 0x69, 0x6d, 0x65, 0x64, 0x0, 0x70, 0x72, 0x6f,
    0x64, 0x75, 0x63, 0x74, 0x69, 0x76, 0x65, 0x0, 0x70, 0x72, 0x6f, 0x66, 0x69, 0x74, 0x61, 0x62,
    0x6c, 0x65, 0x0, 0x70, 0x72, 0x6f, 0x66, 0x6f, 0x75, 0x6e, 0x64, 0x0, 0x70, 0x72, 0x6f, 0x68,
    0x69, 0x62, 0x69, 0x74, 0x65, 0x64, 0x0, 0x70, 0x72, 0x6f, 0x6a, 0x65, 0x63, 0x74, 0x65, 0x64,
    0x0, 0x70, 0x72, 0x6f, 0x6a, 0x65, 0x63, 0x74, 0x69, 0x6e, 0x67, 0x0, 0x70, 0x72, 0x6f, 0x6c,
    0x69, 0x66, 0x69, 0x63, 0x0, 0x70, 0x72, 0x6f, 0x6c, 0x6f, 0x6e, 0x67, 0x65, 0x64, 0x0, 0x70,
    0x72, 0x6f, 0x6d, 0x69, 0x6e, 0x65, 0x6e, 0x74, 0x0, 0x70, 0x72, 0x6f, 0x6d, 0x69, 0x73, 0x69,
    0x6e, 0x67, 0x0, 0x70, 0x72, 0x6f, 0x6d, 0x70, 0x74, 0x0, 0x70, 0x72, 0x6f, 0x6e, 0x65, 0x0,
    0x70, 0x72, 0x6f, 0x6e, 0x6f, 0x75, 0x6e, 0x63, 0x65, 0x64, 0x0, 0x70, 0x72, 0x6f, 0x6f, 0x66,
    0x0, 0x70, 0x72, 0x6f, 0x70, 0x65, 0x72, 0x0, 0x70, 0x72, 0x6f, 0x73, 0x70, 0x65, 0x72, 0x6f,
    0x75, 0x73, 0x0, 0x70, 0x72, 0x6f, 0x73, 0x74, 0x61, 0x74, 0x65, 0x0, 0x70, 0x72, 0x6f, 0x74,
    0x65, 0x63, 0x74, 0x65, 0x64, 0x0, 0x70, 0x72, 0x6f, 0x74, 0x65, 0x63, 0x74, 0x69, 0x6e, 0x67,
    0x0, 0x70, 0x72, 0x6f, 0x74, 0x65, 0x63, 0x74, 0x69, 0x76, 0x65, 0x0, 0x70, 0x72, 0x6f, 0x74,
    0x65, 0x73, 0x74, 0x61, 0x6e, 0x74, 0x0, 0x70, 0x72, 0x6f, 0x75, 0x64, 0x0, 0x70, 0x72, 0x6f,
    0x76, 0x65, 0x64, 0x0, 0x70, 0x72, 0x6f, 0x76, 0x65, 0x6e, 0x0, 0x70, 0x72, 0x6f, 0x76, 0x69,
    0x6e, 0x63, 0x69, 0x61, 0x6c, 0x0, 0x70, 0x72, 0x6f, 0x76, 0x6f, 0x6b, 0x65, 0x64, 0x0, 0x70,
    0x73, 0x65, 0x75, 0x64, 0x6f, 0x0, 0x70, 0x73, 0x79, 0x63, 0x68, 0x69, 0x63, 0x0, 0x70, 0x75,
    0x62, 0x6c, 0x69, 0x63, 0x0, 0x70, 0x75, 0x62, 0x6c, 0x69, 0x73, 0x68, 0x65, 0x64, 0x0, 0x70,
    0x75, 0x66, 0x66, 0x0, 0x70, 0x75, 0x6c, 0x6d, 0x6f, 0x6e, 0x61, 0x72, 0x79, 0x0, 0x70, 0x75,
    0x6d, 0x70, 0x65, 0x64, 0x0, 0x70, 0x75, 0x6e, 0x69, 0x73, 0x68, 0x65, 0x64, 0x0, 0x70, 0x75,
    0x6e, 0x69, 0x73, 0x68, 0x69, 0x6e, 0x67, 0x0, 0x70, 0x75, 0x6e, 0x6b, 0x0, 0x70, 0x75, 0x72,
    0x65, 0x0, 0x70, 0x75, 0x72, 0x70, 0x6c, 0x65, 0x0, 0x70, 0x75, 0x72, 0x73, 0x75, 0x61, 0x6e,
    0x74, 0x0, 0x70, 0x75, 0x72, 0x73, 0x75, 0x65, 0x64, 0x0, 0x70, 0x75, 0x72, 0x73, 0x75, 0x69,
    0x6e, 0x67, 0x0, 0x71, 0x75, 0x61, 0x6c, 0x69, 0x66, 0x69, 0x65, 0x64, 0x0, 0x71, 0x75, 0x61,
    0x6c, 0x69, 0x74, 0x79, 0x0, 0x71, 0x75, 0x61, 0x72, 0x74, 0x65, 0x72, 0x6c, 0x79, 0x0, 0x71,
    0x75, 0x65, 0x65, 0x72, 0x0, 0x71, 0x75, 0x69, 0x63, 0x6b, 0x0, 0x71, 0x75, 0x69, 0x65, 0x74,
    0x0, 0x71, 0x75, 0x69, 0x72, 0x6b, 0x79, 0x0, 0x72, 0x61, 0x63, 0x69, 0x61, 0x6c, 0x0, 0x72,
    0x61, 0x63, 0x69, 0x73, 0x74, 0x0, 0x72, 0x61, 0x64, 0x69, 0x63, 0x61, 0x6c, 0x0, 0x72, 0x61,
    0x64, 0x69, 0x6f, 0x0, 0x72, 0x61, 0x67, 0x69, 0x6e, 0x67, 0x0, 0x72, 0x61, 0x69, 0x6e, 0x69,
    0x6e, 0x67, 0x0, 0x72, 0x61, 0x69, 0x6e, 0x79, 0x0, 0x72, 0x61, 0x69, 0x73, 0x65, 0x64, 0x0,
    0x72, 0x61, 0x69, 0x73, 0x69, 0x6e, 0x67, 0x0, 0x72, 0x61, 0x6d, 0x70, 0x61, 0x6e, 0x74, 0x0,
    0x72, 0x61, 0x6e, 0x64, 0x6f, 0x6d, 0x0, 0x72, 0x61, 0x6e, 0x64, 0x79, 0x0, 0x72, 0x61, 0x6e,
    0x67, 0x69, 0x6e, 0x67, 0x0, 0x72, 0x61, 0x6e, 0x6b, 0x65, 0x64, 0x0, 0x72, 0x61, 0x6e, 0x6b,
    0x69, 0x6e, 0x67, 0x0, 0x72, 0x61, 0x70, 0x65, 0x64, 0x0, 0x72, 0x61, 0x70, 0x69, 0x64, 0x0,
    0x72, 0x61, 0x72, 0x65, 0x0, 0x72, 0x61, 0x73, 0x68, 0x0, 0x72, 0x61, 0x74, 0x69, 0x6f, 0x6e,
    0x61, 0x6c, 0x0, 0x72, 0x65, 0x61, 0x63, 0x74, 0x69, 0x76, 0x65, 0x0, 0x72, 0x65, 0x61, 0x64,
    0x79, 0x0, 0x72, 0x65, 0x61, 0x6c, 0x69, 0x73, 0x65, 0x64, 0x0, 0x72, 0x65, 0x61, 0x6c, 0x69,
    0x73, 0x74, 0x69, 0x63, 0x0, 0x72, 0x65, 0x61, 0x6c, 0x69, 0x7a, 0x65, 0x64, 0x0, 0x72, 0x65,
    0x61, 0x72, 0x0, 0x72, 0x65, 0x61, 0x73, 0x6f, 0x6e, 0x61, 0x62, 0x6c, 0x65, 0x0, 0x72, 0x65,
    0x61, 0x73, 0x6f, 0x6e, 0x69, 0x6e, 0x67, 0x0, 0x72, 0x65, 0x63, 0x65, 0x69, 0x76, 0x65, 0x64,
    0x0, 0x72, 0x65, 0x63, 0x65, 0x6e, 0x74, 0x0, 0x72, 0x65, 0x63, 0x6b, 0x6c, 0x65, 0x73, 0x73,
    0x0, 0x72, 0x65, 0x63, 0x6f, 0x67, 0x6e, 0x69, 0x73, 0x65, 0x64, 0x0, 0x72, 0x65, 0x63, 0x6f,
    0x67, 0x6e, 0x69, 0x7a, 0x65, 0x64, 0x0, 0x72, 0x65, 0x63, 0x6f, 0x72, 0x64, 0x65, 0x64, 0x0,
    0x72, 0x65, 0x63, 0x6f, 0x76, 0x65, 0x72, 0x65, 0x64, 0x0, 0x72, 0x65, 0x63, 0x6f, 0x76, 0x65,
    0x72, 0x69, 0x6e, 0x67, 0x0, 0x72, 0x65, 0x63, 0x75, 0x72, 0x72, 0x69, 0x6e, 0x67, 0x0, 0x72,
    0x65, 0x64, 0x75, 0x63, 0x65, 0x64, 0x0, 0x72, 0x65, 0x64, 0x75, 0x6e, 0x64, 0x61, 0x6e, 0x74,
    0x0, 0x72, 0x65, 0x66, 0x65, 0x72, 0x65, 0x6e, 0x63, 0x65, 0x64, 0x0, 0x72, 0x65, 0x66, 0x69,
    0x6e, 0x65, 0x64, 0x0, 0x72, 0x65, 0x66, 0x6c, 0x65, 0x63, 0x74, 0x65, 0x64, 0x0, 0x72, 0x65,
    0x66, 0x6c, 0x65, 0x63, 0x74, 0x69, 0x6e, 0x67, 0x0, 0x72, 0x65, 0x66, 0x6c, 0x65, 0x63, 0x74,
    0x69, 0x76, 0x65, 0x0, 0x72, 0x65, 0x66, 0x6f, 0x72, 0x6d, 0x65, 0x64, 0x0, 0x72, 0x65, 0x66,
    0x72, 0x65, 0x73, 0x68, 0x69, 0x6e, 0x67, 0x0, 0x72, 0x65, 0x67, 0x61, 0x72, 0x64, 0x6c, 0x65,
    0x73, 0x73, 0x0, 0x72, 0x65, 0x67, 0x69, 0x6f, 0x6e, 0x61, 0x6c, 0x0, 0x72, 0x65, 0x67, 0x69,
    0x73, 0x74, 0x65, 0x72, 0x65, 0x64, 0x0, 0x72, 0x65, 0x67, 0x75, 0x6c, 0x61, 0x72, 0x0, 0x72,
    0x65, 0x67, 0x75, 0x6c, 0x61, 0x74, 0x65, 0x64, 0x0, 0x72, 0x65, 0x67, 0x75, 0x6c, 0x61, 0x74,
    0x69, 0x6f, 0x6e, 0x0, 0x72, 0x65, 0x67, 0x75, 0x6c, 0x61, 0x74, 0x6f, 0x72, 0x79, 0x0, 0x72,
    0x65, 0x69, 0x6e, 0x66, 0x6f, 0x72, 0x63, 0x65, 0x64, 0x0, 0x72, 0x65, 0x6a, 0x65, 0x63, 0x74,
    0x65, 0x64, 0x0, 0x72, 0x65, 0x6c, 0x61, 0x74, 0x65, 0x64, 0x0, 0x72, 0x65, 0x6c, 0x61, 0x74,
    0x69, 0x76, 0x65, 0x0, 0x72, 0x65, 0x6c, 0x61, 0x78, 0x65, 0x64, 0x0, 0x72, 0x65, 0x6c, 0x61,
    0x78, 0x69, 0x6e, 0x67, 0x0, 0x72, 0x65, 0x6c, 0x65, 0x61, 0x73, 0x69, 0x6e, 0x67, 0x0, 0x72,
    0x65, 0x6c, 0x65, 0x6e, 0x74, 0x6c, 0x65, 0x73, 0x73, 0x0, 0x72, 0x65, 0x6c, 0x65, 0x76, 0x61,
    0x6e, 0x74, 0x0, 0x72, 0x65, 0x6c, 0x69, 0x61, 0x62, 0x6c, 0x65, 0x0, 0x72, 0x65, 0x6c, 0x69,
    0x65, 0x76, 0x65, 0x64, 0x0, 0x72, 0x65, 0x6c, 0x69, 0x67, 0x69, 0x6f, 0x75, 0x73, 0x0, 0x72,
    0x65, 0x6c, 0x75, 0x63, 0x74, 0x61, 0x6e, 0x74, 0x0, 0x72, 0x65, 0x6d, 0x61, 0x69, 0x6e, 0x69,
    0x6e, 0x67, 0x0, 0x72, 0x65, 0x6d, 0x61, 0x72, 0x6b, 0x61, 0x62, 0x6c, 0x65, 0x0, 0x72, 0x65,
    0x6d, 0x6f, 0x74, 0x65, 0x0, 0x72, 0x65, 0x6d, 0x6f, 0x76, 0x65, 0x64, 0x0, 0x72, 0x65, 0x6e,
    0x65, 0x77, 0x61, 0x62, 0x6c, 0x65, 0x0, 0x72, 0x65, 0x6e, 0x65, 0x77, 0x65, 0x64, 0x0, 0x72,
    0x65, 0x6e, 0x6f, 0x77, 0x6e, 0x65, 0x64, 0x0, 0x72, 0x65, 0x6e, 0x74, 0x61, 0x6c, 0x0, 0x72,
    0x65, 0x70, 0x65, 0x61, 0x74, 0x65, 0x64, 0x0, 0x72, 0x65, 0x70, 0x65, 0x74, 0x69, 0x74, 0x69,
    0x76, 0x65, 0x0, 0x72, 0x65, 0x70, 0x6f, 0x72, 0x74, 0x65, 0x64, 0x0, 0x72, 0x65, 0x70, 0x75,
    0x62, 0x6c, 0x69, 0x63, 0x61, 0x6e, 0x0, 0x72, 0x65, 0x71, 0x75, 0x65, 0x73, 0x74, 0x65, 0x64,
    0x0, 0x72, 0x65, 0x71, 0x75, 0x69, 0x72, 0x65, 0x64, 0x0, 0x72, 0x65, 0x73, 0x63, 0x75, 0x65,
    0x64, 0x0, 0x72, 0x65, 0x73, 0x65, 0x72, 0x76, 0x65, 0x64, 0x0, 0x72, 0x65, 0x73, 0x69, 0x64,
    0x65, 0x6e, 0x74, 0x0, 0x72, 0x65, 0x73, 0x69, 0x64, 0x75, 0x61, 0x6c, 0x0, 0x72, 0x65, 0x73,
    0x69, 0x6c, 0x69, 0x65, 0x6e, 0x74, 0x0, 0x72, 0x65, 0x73, 0x69, 0x73, 0x74, 0x61, 0x6e, 0x74,
    0x0, 0x72, 0x65, 0x73, 0x6f, 0x6c, 0x76, 0x65, 0x64, 0x0, 0x72, 0x65, 0x73, 0x70, 0x65, 0x63,
    0x74, 0x65, 0x64, 0x0, 0x72, 0x65, 0x73, 0x70, 0x65, 0x63, 0x74, 0x66, 0x75, 0x6c, 0x0, 0x72,
    0x65, 0x73, 0x70, 0x65, 0x63, 0x74, 0x69, 0x76, 0x65, 0x0, 0x72, 0x65, 0x73, 0x70, 0x6f, 0x6e,
    0x73, 0x69, 0x76, 0x65, 0x0, 0x72, 0x65, 0x73, 0x74, 0x65, 0x64, 0x0, 0x72, 0x65, 0x73, 0x74,
    0x6c, 0x65, 0x73, 0x73, 0x0, 0x72, 0x65, 0x73, 0x74, 0x72, 0x69, 0x63, 0x74, 0x65, 0x64, 0x0,
    0x72, 0x65, 0x74, 0x61, 0x69, 0x6e, 0x65, 0x64, 0x0, 0x72, 0x65, 0x74, 0x61, 0x72, 0x64, 0x65,
    0x64, 0x0, 0x72, 0x65, 0x74, 0x69, 0x72, 0x65, 0x64, 0x0, 0x72, 0x65, 0x74, 0x69, 0x72, 0x69,
    0x6e, 0x67, 0x0, 0x72, 0x65, 0x74, 0x72, 0x6f, 0x0, 0x72, 0x65, 0x74, 0x75, 0x72, 0x6e, 0x69,
    0x6e, 0x67, 0x0, 0x72, 0x65, 0x76, 0x65, 0x61, 0x6c, 0x69, 0x6e, 0x67, 0x0, 0x72, 0x65, 0x76,
    0x65, 0x72, 0x65, 0x6e, 0x64, 0x0, 0x72, 0x65, 0x76, 0x65, 0x72, 0x73, 0x65, 0x64, 0x0, 0x72,
    0x65, 0x76, 0x69, 0x73, 0x65, 0x64, 0x0, 0x72, 0x65, 0x76, 0x69, 0x76, 0x65, 0x64, 0x0, 0x72,
    0x65, 0x77, 0x61, 0x72, 0x64, 0x69, 0x6e, 0x67, 0x0, 0x72, 0x69, 0x63, 0x68, 0x0, 0x72, 0x69,
    0x64, 0x69, 0x63, 0x75, 0x6c, 0x6f, 0x75, 0x73, 0x0, 0x72, 0x69, 0x67, 0x67, 0x65, 0x64, 0x0,
    0x72, 0x69, 0x67, 0x68, 0x74, 0x65, 0x6f, 0x75, 0x73, 0x0, 0x72, 0x69, 0x67, 0x69, 0x64, 0x0,
    0x72, 0x69, 0x67, 0x6f, 0x72, 0x6f, 0x75, 0x73, 0x0, 0x72, 0x69, 0x70, 0x65, 0x0, 0x72, 0x69,
    0x70, 0x70, 0x69, 0x6e, 0x67, 0x0, 0x72, 0x69, 0x73, 0x65, 0x6e, 0x0, 0x72, 0x69, 0x73, 0x69,
    0x6e, 0x67, 0x0, 0x72, 0x69, 0x73, 0x6b, 0x79, 0x0, 0x72, 0x69, 0x74, 0x75, 0x61, 0x6c, 0x0,
    0x72, 0x6f, 0x61, 0x72, 0x69, 0x6e, 0x67, 0x0, 0x72, 0x6f, 0x61, 0x73, 0x74, 0x65, 0x64, 0x0,
    0x72, 0x6f, 0x62, 0x6f, 0x74, 0x69, 0x63, 0x0, 0x72, 0x6f, 0x62, 0x75, 0x73, 0x74, 0x0, 0x72,
    0x6f, 0x63, 0x6b, 0x79, 0x0, 0x72, 0x6f, 0x6c, 0x6c, 0x65, 0x64, 0x0, 0x72, 0x6f, 0x6c, 0x6c,
    0x69, 0x6e, 0x67, 0x0, 0x72, 0x6f, 0x6d, 0x61, 0x6e, 0x63, 0x65, 0x0, 0x72, 0x6f, 0x6d, 0x61,
    0x6e, 0x69, 0x61, 0x6e, 0x0, 0x72, 0x6f, 0x6d, 0x61, 0x6e, 0x74, 0x69, 0x63, 0x0, 0x72, 0x6f,
    0x6f, 0x74, 0x65, 0x64, 0x0, 0x72, 0x6f, 0x73, 0x65, 0x0, 0x72, 0x6f, 0x74, 0x61, 0x72, 0x79,
    0x0, 0x72, 0x6f, 0x74, 0x74, 0x65, 0x6e, 0x0, 0x72, 0x6f, 0x75, 0x67, 0x68, 0x0, 0x72, 0x6f,
    0x75, 0x6e, 0x64, 0x65, 0x64, 0x0, 0x72, 0x6f, 0x75, 0x74, 0x69, 0x6e, 0x65, 0x0, 0x72, 0x6f,
    0x79, 0x61, 0x6c, 0x0, 0x72, 0x75, 0x62, 0x62, 0x65, 0x72, 0x0, 0x72, 0x75, 0x62, 0x79, 0x0,
    0x72, 0x75, 0x64, 0x65, 0x0, 0x72, 0x75, 0x67, 0x67, 0x65, 0x64, 0x0, 0x72, 0x75, 0x69, 0x6e,
    0x65, 0x64, 0x0, 0x72, 0x75, 0x6c, 0x65, 0x64, 0x0, 0x72, 0x75, 0x6c, 0x69, 0x6e, 0x67, 0x0,
    0x72, 0x75, 0x6e, 0x61, 0x77, 0x61, 0x79, 0x0, 0x72, 0x75, 0x6e, 0x6e, 0x69, 0x6e, 0x67, 0x0,
    0x72, 0x75, 0x72, 0x61, 0x6c, 0x0, 0x72, 0x75, 0x73, 0x68, 0x65, 0x64, 0x0, 0x72, 0x75, 0x73,
    0x73, 0x69, 0x61, 0x6e, 0x0, 0x72, 0x75, 0x73, 0x74, 0x79, 0x0, 0x72, 0x75, 0x74, 0x68, 0x6c,
    0x65, 0x73, 0x73, 0x0, 0x73, 0x61, 0x63, 0x6b, 0x65, 0x64, 0x0, 0x73, 0x61, 0x63, 0x72, 0x65,
    0x64, 0x0, 0x73, 0x61, 0x66, 0x65, 0x0, 0x73, 0x61, 0x67, 0x65, 0x0, 0x73, 0x61, 0x69, 0x64,
    0x0, 0x73, 0x61, 0x6c, 0x6d, 0x6f, 0x6e, 0x0, 0x73, 0x61, 0x6c, 0x74, 0x79, 0x0, 0x73, 0x61,
    0x6d, 0x65, 0x0, 0x73, 0x61, 0x6e, 0x63, 0x74, 0x69, 0x6f, 0x6e, 0x65, 0x64, 0x0, 0x73, 0x61,
    0x6e, 0x64, 0x79, 0x0, 0x73, 0x61, 0x6e, 0x65, 0x0, 0x73, 0x61, 0x72, 0x63, 0x61, 0x73, 0x74,
    0x69, 0x63, 0x0, 0x73, 0x61, 0x74, 0x65, 0x6c, 0x6c, 0x69, 0x74, 0x65, 0x0, 0x73, 0x61, 0x74,
    0x69, 0x73, 0x66, 0x69, 0x65, 0x64, 0x0, 0x73, 0x61, 0x74, 0x69, 0x73, 0x66, 0x79, 0x69, 0x6e,
    0x67, 0x0, 0x73, 0x61, 0x74, 0x75, 0x72, 0x61, 0x74, 0x65, 0x64, 0x0, 0x73, 0x61, 0x75, 0x64,
    0x69, 0x0, 0x73, 0x61, 0x76, 0x61, 0x67, 0x65, 0x0, 0x73, 0x61, 0x76, 0x65, 0x64, 0x0, 0x73,
    0x61, 0x76, 0x69, 0x6e, 0x67, 0x0, 0x73, 0x61, 0x78, 0x6f, 0x6e, 0x0, 0x73, 0x63, 0x61, 0x6c,
    0x65, 0x64, 0x0, 0x73, 0x63, 0x61, 0x72, 0x63, 0x65, 0x0, 0x73, 0x63, 0x61, 0x72, 0x65, 0x64,
    0x0, 0x73, 0x63, 0x61, 0x72, 0x6c, 0x65, 0x74, 0x0, 0x73, 0x63, 0x61, 0x72, 0x79, 0x0, 0x73,
    0x63, 0x61, 0x74, 0x74, 0x65, 0x72, 0x65, 0x64, 0x0, 0x73, 0x63, 0x65, 0x6e, 0x69, 0x63, 0x0,
    0x73, 0x63, 0x68, 0x65, 0x64, 0x75, 0x6c, 0x65, 0x64, 0x0, 0x73, 0x63, 0x68, 0x6f, 0x6c, 0x61,
    0x72, 0x6c, 0x79, 0x0, 0x73, 0x63, 0x69, 0x65, 0x6e, 0x74, 0x69, 0x66, 0x69, 0x63, 0x0, 0x73,
    0x63, 0x6f, 0x74, 0x63, 0x68, 0x0, 0x73, 0x63, 0x6f, 0x74, 0x73, 0x0, 0x73, 0x63, 0x6f, 0x74,
    0x74, 0x69, 0x73, 0x68, 0x0, 0x73, 0x63, 0x72, 0x65, 0x61, 0x6d, 0x69, 0x6e, 0x67, 0x0, 0x73,
    0x63, 0x72, 0x75, 0x62, 0x0, 0x73, 0x65, 0x61, 0x6c, 0x65, 0x64, 0x0, 0x73, 0x65, 0x61, 0x72,
    0x63, 0x68, 0x69, 0x6e, 0x67, 0x0, 0x73, 0x65, 0x61, 0x73, 0x6f, 0x6e, 0x61, 0x6c, 0x0, 0x73,
    0x65, 0x61, 0x73, 0x6f, 0x6e, 0x65, 0x64, 0x0, 0x73, 0x65, 0x61, 0x74, 0x65, 0x64, 0x0, 0x73,
    0x65, 0x63, 0x6f, 0x6e, 0x64, 0x61, 0x72, 0x79, 0x0, 0x73, 0x65, 0x63, 0x72, 0x65, 0x74, 0x0,
    0x73, 0x65, 0x63, 0x75, 0x6c, 0x61, 0x72, 0x0, 0x73, 0x65, 0x63, 0x75, 0x72, 0x65, 0x0, 0x73,
    0x65, 0x65, 0x64, 0x65, 0x64, 0x0, 0x73, 0x65, 0x65, 0x69, 0x6e, 0x67, 0x0, 0x73, 0x65, 0x69,
    0x73, 0x6d, 0x69, 0x63, 0x0, 0x73, 0x65, 0x6c, 0x65, 0x63, 0x74, 0x65, 0x64, 0x0, 0x73, 0x65,
    0x6c, 0x65, 0x63, 0x74, 0x69, 0x76, 0x65, 0x0, 0x73, 0x65, 0x6c, 0x66, 0x69, 0x73, 0x68, 0x0,
    0x73, 0x65, 0x6d, 0x69, 0x74, 0x69, 0x63, 0x0, 0x73, 0x65, 0x6e, 0x69, 0x6f, 0x72, 0x0, 0x73,
    0x65, 0x6e, 0x73, 0x69, 0x62, 0x6c, 0x65, 0x0, 0x73, 0x65, 0x6e, 0x73, 0x69, 0x74, 0x69, 0x76,
    0x65, 0x0, 0x73, 0x65, 0x6e, 0x73, 0x6f, 0x72, 0x79, 0x0, 0x73, 0x65, 0x6e, 0x74, 0x0, 0x73,
    0x65, 0x70, 0x61, 0x72, 0x61, 0x74, 0x65, 0x64, 0x0, 0x73, 0x65, 0x72, 0x62, 0x69, 0x61, 0x6e,
    0x0, 0x73, 0x65, 0x72, 0x69, 0x61, 0x6c, 0x0, 0x73, 0x65, 0x72, 0x69, 0x6f, 0x75, 0x73, 0x0,
    0x73, 0x65, 0x74, 0x74, 0x6c, 0x65, 0x64, 0x0, 0x73, 0x65, 0x76, 0x65, 0x6e, 0x74, 0x65, 0x65,
    0x6e, 0x0, 0x73, 0x65, 0x76, 0x65, 0x6e, 0x74, 0x68, 0x0, 0x73, 0x65, 0x76, 0x65, 0x6e, 0x74,
    0x79, 0x0, 0x73, 0x65, 0x76, 0x65, 0x72, 0x61, 0x6c, 0x0, 0x73, 0x65, 0x76, 0x65, 0x72, 0x65,
    0x64, 0x0, 0x73, 0x65, 0x78, 0x69, 0x73, 0x74, 0x0, 0x73, 0x68, 0x61, 0x64, 0x79, 0x0, 0x73,
    0x68, 0x61, 0x6b, 0x65, 0x6e, 0x0, 0x73, 0x68, 0x61, 0x6c, 0x6c, 0x6f, 0x77, 0x0, 0x73, 0x68,
    0x61, 0x6d, 0x65, 0x66, 0x75, 0x6c, 0x0, 0x73, 0x68, 0x61, 0x70, 0x65, 0x64, 0x0, 0x73, 0x68,
    0x61, 0x70, 0x69, 0x6e, 0x67, 0x0, 0x73, 0x68, 0x61, 0x72, 0x65, 0x64, 0x0, 0x73, 0x68, 0x61,
    0x72, 0x69, 0x6e, 0x67, 0x0, 0x73, 0x68, 0x61, 0x72, 0x70, 0x0, 0x73, 0x68, 0x61, 0x74, 0x74,
    0x65, 0x72, 0x65, 0x64, 0x0, 0x73, 0x68, 0x61, 0x76, 0x65, 0x64, 0x0, 0x73, 0x68, 0x65, 0x64,
    0x0, 0x73, 0x68, 0x65, 0x65, 0x72, 0x0, 0x73, 0x68, 0x69, 0x66, 0x74, 0x69, 0x6e, 0x67, 0x0,
    0x73, 0x68, 0x69, 0x6e, 0x69, 0x6e, 0x67, 0x0, 0x73, 0x68, 0x69, 0x6e, 0x79, 0x0, 0x73, 0x68,
    0x6f, 0x63, 0x6b, 0x65, 0x64, 0x0, 0x73, 0x68, 0x6f, 0x63, 0x6b, 0x69, 0x6e, 0x67, 0x0, 0x73,
    0x68, 0x6f, 0x72, 0x74, 0x65, 0x6e, 0x65, 0x64, 0x0, 0x73, 0x68, 0x6f, 0x74, 0x0, 0x73, 0x68,
    0x6f, 0x75, 0x74, 0x65, 0x64, 0x0, 0x73, 0x68, 0x75, 0x74, 0x0, 0x73, 0x69, 0x63, 0x6b, 0x0,
    0x73, 0x69, 0x64, 0x65, 0x77, 0x61, 0x79, 0x73, 0x0, 0x73, 0x69, 0x67, 0x68, 0x74, 0x65, 0x64,
    0x0, 0x73, 0x69, 0x67, 0x6e, 0x61, 0x6c, 0x0, 0x73, 0x69, 0x67, 0x6e, 0x65, 0x64, 0x0, 0x73,
    0x69, 0x6c, 0x65, 0x6e, 0x74, 0x0, 0x73, 0x69, 0x6c, 0x6c, 0x79, 0x0, 0x73, 0x69, 0x6c, 0x76,
    0x65, 0x72, 0x0, 0x73, 0x69, 0x6d, 0x69, 0x6c, 0x61, 0x72, 0x0, 0x73, 0x69, 0x6d, 0x70, 0x6c,
    0x65, 0x0, 0x73, 0x69, 0x6d, 0x70, 0x6c, 0x69, 0x66, 0x69, 0x65, 0x64, 0x0, 0x73, 0x69, 0x6e,
    0x63, 0x65, 0x72, 0x65, 0x0, 0x73, 0x69, 0x6e, 0x67, 0x69, 0x6e, 0x67, 0x0, 0x73, 0x69, 0x6e,
    0x67, 0x6c, 0x65, 0x0, 0x73, 0x69, 0x6e, 0x67, 0x75, 0x6c, 0x61, 0x72, 0x0, 0x73, 0x69, 0x6e,
    0x69, 0x73, 0x74, 0x65, 0x72, 0x0, 0x73, 0x69, 0x74, 0x74, 0x69, 0x6e, 0x67, 0x0, 0x73, 0x69,
    0x74, 0x75, 0x61, 0x74, 0x65, 0x64, 0x0, 0x73, 0x69, 0x78, 0x74, 0x65, 0x65, 0x6e, 0x0, 0x73,
    0x69, 0x78, 0x74, 0x68, 0x0, 0x73, 0x69, 0x78, 0x74, 0x79, 0x0, 0x73, 0x69, 0x7a, 0x65, 0x64,
    0x0, 0x73, 0x6b, 0x65, 0x70, 0x74, 0x69, 0x63, 0x61, 0x6c, 0x0, 0x73, 0x6b, 0x69, 0x6c, 0x6c,
    0x65, 0x64, 0x0, 0x73, 0x6b, 0x69, 0x6e, 0x6e, 0x65, 0x64, 0x0, 0x73, 0x6b, 0x69, 0x6e, 0x6e,
    0x79, 0x0, 0x73, 0x6c, 0x61, 0x63, 0x6b, 0x0, 0x73, 0x6c, 0x61, 0x69, 0x6e, 0x0, 0x73, 0x6c,
    0x65, 0x65, 0x70, 0x69, 0x6e, 0x67, 0x0, 0x73, 0x6c, 0x65, 0x65, 0x70, 0x79, 0x0, 0x73, 0x6c,
    0x65, 0x6e, 0x64, 0x65, 0x72, 0x0, 0x73, 0x6c, 0x69, 0x63, 0x65, 0x64, 0x0, 0x73, 0x6c, 0x69,
    0x63, 0x6b, 0x0, 0x73, 0x6c, 0x69, 0x64, 0x69, 0x6e, 0x67, 0x0, 0x73, 0x6c, 0x69, 0x67, 0x68,
    0x74, 0x0, 0x73, 0x6c, 0x69, 0x6d, 0x0, 0x73, 0x6c, 0x69, 0x70, 0x70, 0x65, 0x72, 0x79, 0x0,
    0x73, 0x6c, 0x69, 0x70, 0x70, 0x69, 0x6e, 0x67, 0x0, 0x73, 0x6c, 0x6f, 0x70, 0x70, 0x79, 0x0,
    0x73, 0x6c, 0x6f, 0x77, 0x0, 0x73, 0x6d, 0x61, 0x6c, 0x6c, 0x65, 0x72, 0x0, 0x73, 0x6d, 0x61,
    0x72, 0x74, 0x0, 0x73, 0x6d, 0x61, 0x73, 0x68, 0x65, 0x64, 0x0, 0x73, 0x6d, 0x61, 0x73, 0x68,
    0x69, 0x6e, 0x67, 0x0, 0x73, 0x6d, 0x65, 0x6c, 0x6c, 0x69, 0x6e, 0x67, 0x0, 0x73, 0x6d, 0x69,
    0x6c, 0x69, 0x6e, 0x67, 0x0, 0x73, 0x6d, 0x6f, 0x6b, 0x65, 0x64, 0x0, 0x73, 0x6d, 0x6f, 0x6b,
    0x69, 0x6e, 0x67, 0x0, 0x73, 0x6d, 0x6f, 0x6f, 0x74, 0x68, 0x0, 0x73, 0x6e, 0x65, 0x61, 0x6b,
    0x79, 0x0, 0x73, 0x6f, 0x61, 0x6b, 0x65, 0x64, 0x0, 0x73, 0x6f, 0x62, 0x65, 0x72, 0x0, 0x73,
    0x6f, 0x63, 0x69, 0x61, 0x6c, 0x69, 0x73, 0x74, 0x0, 0x73, 0x6f, 0x63, 0x69, 0x65, 0x74, 0x61,
    0x6c, 0x0, 0x73, 0x6f, 0x66, 0x74, 0x0, 0x73, 0x6f, 0x6c, 0x61, 0x72, 0x0, 0x73, 0x6f, 0x6c,
    0x64, 0x0, 0x73, 0x6f, 0x6c, 0x65, 0x0, 0x73, 0x6f, 0x6c, 0x69, 0x64, 0x0, 0x73, 0x6f, 0x6c,
    0x69, 0x74, 0x61, 0x72, 0x79, 0x0, 0x73, 0x6f, 0x6c, 0x6f, 0x0, 0x73, 0x6f, 0x6c, 0x76, 0x65,
    0x64, 0x0, 0x73, 0x6f, 0x6d, 0x61, 0x6c, 0x69, 0x0, 0x73, 0x6f, 0x6d, 0x65, 0x74, 0x69, 0x6d,
    0x65, 0x0, 0x73, 0x6f, 0x6e, 0x69, 0x63, 0x0, 0x73, 0x6f, 0x70, 0x68, 0x6f, 0x6d, 0x6f, 0x72,
    0x65, 0x0, 0x73, 0x6f, 0x72, 0x65, 0x0, 0x73, 0x6f, 0x72, 0x72, 0x79, 0x0, 0x73, 0x6f, 0x72,
    0x74, 0x65, 0x64, 0x0, 0x73, 0x6f, 0x75, 0x67, 0x68, 0x74, 0x0, 0x73, 0x6f, 0x75, 0x6e, 0x64,
    0x69, 0x6e, 0x67, 0x0, 0x73, 0x6f, 0x75, 0x72, 0x0, 0x73, 0x6f, 0x75, 0x74, 0x68, 0x65, 0x61,
    0x73, 0x74, 0x0, 0x73, 0x6f, 0x75, 0x74, 0x68, 0x65, 0x72, 0x6e, 0x0, 0x73, 0x6f, 0x75, 0x74,
    0x68, 0x77, 0x65, 0x73, 0x74, 0x0, 0x73, 0x6f, 0x76, 0x65, 0x72, 0x65, 0x69, 0x67, 0x6e, 0x0,
    0x73, 0x6f, 0x76, 0x69, 0x65, 0x74, 0x0, 0x73, 0x70, 0x61, 0x6e, 0x69, 0x73, 0x68, 0x0, 0x73,
    0x70, 0x61, 0x72, 0x65, 0x0, 0x73, 0x70, 0x61, 0x72, 0x6b, 0x6c, 0x69, 0x6e, 0x67, 0x0, 0x73,
    0x70, 0x61, 0x74, 0x69, 0x61, 0x6c, 0x0, 0x73, 0x70, 0x65, 0x61, 0x6b, 0x69, 0x6e, 0x67, 0x0,
    0x73, 0x70, 0x65, 0x63, 0x69, 0x61, 0x6c, 0x0, 0x73, 0x70, 0x65, 0x63, 0x69, 0x66, 0x69, 0x63,
    0x0, 0x73, 0x70, 0x65, 0x63, 0x69, 0x66, 0x69, 0x65, 0x64, 0x0, 0x73, 0x70, 0x65, 0x65, 0x64,
    0x79, 0x0, 0x73, 0x70, 0x65, 0x6e, 0x74, 0x0, 0x73, 0x70, 0x69, 0x63, 0x79, 0x0, 0x73, 0x70,
    0x69, 0x6e, 0x61, 0x6c, 0x0, 0x73, 0x70, 0x69, 0x72, 0x61, 0x6c, 0x0, 0x73, 0x70, 0x69, 0x72,
    0x69, 0x74, 0x65, 0x64, 0x0, 0x73, 0x70, 0x69, 0x72, 0x69, 0x74, 0x75, 0x61, 0x6c, 0x0, 0x73,
    0x70, 0x6c, 0x65, 0x6e, 0x64, 0x69, 0x64, 0x0, 0x73, 0x70, 0x6c, 0x69, 0x74, 0x74, 0x69, 0x6e,
    0x67, 0x0, 0x73, 0x70, 0x6f, 0x69, 0x6c, 0x65, 0x64, 0x0, 0x73, 0x70, 0x6f, 0x6b, 0x65, 0x6e,
    0x0, 0x73, 0x70, 0x6f, 0x6f, 0x6b, 0x79, 0x0, 0x73, 0x70, 0x6f, 0x72, 0x74, 0x69, 0x6e, 0x67,
    0x0, 0x73, 0x70, 0x6f, 0x74, 0x74, 0x65, 0x64, 0x0, 0x73, 0x70, 0x72, 0x65, 0x61, 0x64, 0x0,
    0x73, 0x71, 0x75, 0x61, 0x72, 0x65, 0x0, 0x73, 0x74, 0x61, 0x62, 0x62, 0x69, 0x6e, 0x67, 0x0,
    0x73, 0x74, 0x61, 0x62, 0x6c, 0x65, 0x0, 0x73, 0x74, 0x61, 0x63, 0x6b, 0x65, 0x64, 0x0, 0x73,
    0x74, 0x61, 0x67, 0x65, 0x64, 0x0, 0x73, 0x74, 0x61, 0x67, 0x67, 0x65, 0x72, 0x69, 0x6e, 0x67,
    0x0, 0x73, 0x74, 0x61, 0x69, 0x6e, 0x65, 0x64, 0x0, 0x73, 0x74, 0x61, 0x69, 0x6e, 0x6c, 0x65,
    0x73, 0x73, 0x0, 0x73, 0x74, 0x61, 0x6e, 0x64, 0x61, 0x72, 0x64, 0x0, 0x73, 0x74, 0x61, 0x6e,
    0x64, 0x69, 0x6e, 0x67, 0x0, 0x73, 0x74, 0x61, 0x70, 0x6c, 0x65, 0x0, 0x73, 0x74, 0x61, 0x72,
    0x69, 0x6e, 0x67, 0x0, 0x73, 0x74, 0x61, 0x72, 0x6b, 0x0, 0x73, 0x74, 0x61, 0x72, 0x72, 0x65,
    0x64, 0x0, 0x73, 0x74, 0x61, 0x72, 0x72, 0x69, 0x6e, 0x67, 0x0, 0x73, 0x74, 0x61, 0x72, 0x74,
    0x69, 0x6e, 0x67, 0x0, 0x73, 0x74, 0x61, 0x72, 0x76, 0x69, 0x6e, 0x67, 0x0, 0x73, 0x74, 0x61,
    0x74, 0x65, 0x64, 0x0, 0x73, 0x74, 0x61, 0x74, 0x65, 0x77, 0x69, 0x64, 0x65, 0x0, 0x73, 0x74,
    0x61, 0x74, 0x69, 0x63, 0x0, 0x73, 0x74, 0x61, 0x74, 0x69, 0x6f, 0x6e, 0x61, 0x72, 0x79, 0x0,
    0x73, 0x74, 0x61, 0x74, 0x75, 0x74, 0x65, 0x0, 0x73, 0x74, 0x61, 0x74, 0x75, 0x74, 0x6f, 0x72,
    0x79, 0x0, 0x73, 0x74, 0x65, 0x61, 0x64, 0x79, 0x0, 0x73, 0x74, 0x65, 0x65, 0x70, 0x0, 0x73,
    0x74, 0x65, 0x6c, 0x6c, 0x61, 0x72, 0x0, 0x73, 0x74, 0x65, 0x72, 0x65, 0x6f, 0x0, 0x73, 0x74,
    0x65, 0x72, 0x6c, 0x69, 0x6e, 0x67, 0x0, 0x73, 0x74, 0x65, 0x72, 0x6e, 0x0, 0x73, 0x74, 0x69,
    0x63, 0x6b, 0x69, 0x6e, 0x67, 0x0, 0x73, 0x74, 0x69, 0x63, 0x6b, 0x79, 0x0, 0x73, 0x74, 0x69,
    0x66, 0x66, 0x0, 0x73, 0x74, 0x69, 0x6c, 0x6c, 0x0, 0x73, 0x74, 0x69, 0x72, 0x72, 0x69, 0x6e,
    0x67, 0x0, 0x73, 0x74, 0x6f, 0x63, 0x6b, 0x0, 0x73, 0x74, 0x6f, 0x6e, 0x65, 0x0, 0x73, 0x74,
    0x6f, 0x70, 0x70, 0x65, 0x64, 0x0, 0x73, 0x74, 0x72, 0x61, 0x69, 0x67, 0x68, 0x74, 0x0, 0x73,
    0x74, 0x72, 0x61, 0x69, 0x6e, 0x65, 0x64, 0x0, 0x73, 0x74, 0x72, 0x61, 0x69, 0x74, 0x0, 0x73,
    0x74, 0x72, 0x61, 0x6e, 0x64, 0x65, 0x64, 0x0, 0x73, 0x74, 0x72, 0x61, 0x6e, 0x67, 0x65, 0x0,
    0x73, 0x74, 0x72, 0x61, 0x74, 0x65, 0x67, 0x69, 0x63, 0x0, 0x73, 0x74, 0x72, 0x61, 0x77, 0x0,
    0x73, 0x74, 0x72, 0x61, 0x79, 0x0, 0x73, 0x74, 0x72, 0x65, 0x61, 0x6d, 0x69, 0x6e, 0x67, 0x0,
    0x73, 0x74, 0x72, 0x65, 0x73, 0x73, 0x65, 0x64, 0x0, 0x73, 0x74, 0x72, 0x65, 0x73, 0x73, 0x66,
    0x75, 0x6c, 0x0, 0x73, 0x74, 0x72, 0x65, 0x74, 0x63, 0x68, 0x65, 0x64, 0x0, 0x73, 0x74, 0x72,
    0x69, 0x63, 0x6b, 0x65, 0x6e, 0x0, 0x73, 0x74, 0x72, 0x69, 0x63, 0x74, 0x0, 0x73, 0x74, 0x72,
    0x69, 0x6b, 0x69, 0x6e, 0x67, 0x0, 0x73, 0x74, 0x72, 0x69, 0x70, 0x65, 0x64, 0x0, 0x73, 0x74,
    0x72, 0x69, 0x70, 0x70, 0x65, 0x64, 0x0, 0x73, 0x74, 0x72, 0x6f, 0x6e, 0x67, 0x0, 0x73, 0x74,
    0x72, 0x75, 0x63, 0x6b, 0x0, 0x73, 0x74, 0x72, 0x75, 0x63, 0x74, 0x75, 0x72, 0x61, 0x6c, 0x0,
    0x73, 0x74, 0x72, 0x75, 0x63, 0x74, 0x75, 0x72, 0x65, 0x64, 0x0, 0x73, 0x74, 0x72, 0x75, 0x67,
    0x67, 0x6c, 0x69, 0x6e, 0x67, 0x0, 0x73, 0x74, 0x75, 0x62, 0x62, 0x6f, 0x72, 0x6e, 0x0, 0x73,
    0x74, 0x75, 0x63, 0x6b, 0x0, 0x73, 0x74, 0x75, 0x64, 0x69, 0x65, 0x64, 0x0, 0x73, 0x74, 0x75,
    0x66, 0x66, 0x65, 0x64, 0x0, 0x73, 0x74, 0x75, 0x6e, 0x6e, 0x65, 0x64, 0x0, 0x73, 0x74, 0x75,
    0x6e, 0x6e, 0x69, 0x6e, 0x67, 0x0, 0x73, 0x74, 0x75, 0x70, 0x69, 0x64, 0x0, 0x73, 0x74, 0x79,
    0x6c, 0x69, 0x73, 0x68, 0x0, 0x73, 0x75, 0x62, 0x6a, 0x65, 0x63, 0x74, 0x69, 0x76, 0x65, 0x0,
    0x73, 0x75, 0x62, 0x6d, 0x61, 0x72, 0x69, 0x6e, 0x65, 0x0, 0x73, 0x75, 0x62, 0x6d, 0x65, 0x72,
    0x67, 0x65, 0x64, 0x0, 0x73, 0x75, 0x62, 0x73, 0x63, 0x72, 0x69, 0x62, 0x65, 0x64, 0x0, 0x73,
    0x75, 0x62, 0x73, 0x65, 0x71, 0x75, 0x65, 0x6e, 0x74, 0x0, 0x73, 0x75, 0x62, 0x73, 0x69, 0x64,
    0x69, 0x61, 0x72, 0x79, 0x0, 0x73, 0x75, 0x62, 0x73, 0x74, 0x69, 0x74, 0x75, 0x74, 0x65, 0x0,
    0x73, 0x75, 0x62, 0x74, 0x6c, 0x65, 0x0, 0x73, 0x75, 0x62, 0x75, 0x72, 0x62, 0x61, 0x6e, 0x0,
    0x73, 0x75, 0x63, 0x63, 0x65, 0x65, 0x64, 0x69, 0x6e, 0x67, 0x0, 0x73, 0x75, 0x63, 0x63, 0x65,
    0x73, 0x73, 0x66, 0x75, 0x6c, 0x0, 0x73, 0x75, 0x63, 0x63, 0x65, 0x73, 0x73, 0x69, 0x76, 0x65,
    0x0, 0x73, 0x75, 0x63, 0x68, 0x0, 0x73, 0x75, 0x64, 0x64, 0x65, 0x6e, 0x0, 0x73, 0x75, 0x66,
    0x66, 0x65, 0x72, 0x69, 0x6e, 0x67, 0x0, 0x73, 0x75, 0x66, 0x66, 0x69, 0x63, 0x69, 0x65, 0x6e,
    0x74, 0x0, 0x73, 0x75, 0x69, 0x63, 0x69, 0x64, 0x61, 0x6c, 0x0, 0x73, 0x75, 0x69, 0x74, 0x61,
    0x62, 0x6c, 0x65, 0x0, 0x73, 0x75, 0x69, 0x74, 0x65, 0x64, 0x0, 0x73, 0x75, 0x6d, 0x6d, 0x61,
    0x72, 0x79, 0x0, 0x73, 0x75, 0x6e, 0x6b, 0x0, 0x73, 0x75, 0x6e, 0x6e, 0x79, 0x0, 0x73, 0x75,
    0x6e, 0x72, 0x69, 0x73, 0x65, 0x0, 0x73, 0x75, 0x6e, 0x73, 0x65, 0x74, 0x0, 0x73, 0x75, 0x70,
    0x65, 0x72, 0x62, 0x0, 0x73, 0x75, 0x70, 0x65, 0x72, 0x69, 0x6f, 0x72, 0x0, 0x73, 0x75, 0x70,
    0x65, 0x72, 0x76, 0x69, 0x73, 0x65, 0x64, 0x0, 0x73, 0x75, 0x70, 0x70, 0x6f, 0x72, 0x74, 0x65,
    0x64, 0x0, 0x73, 0x75, 0x70, 0x70, 0x6f, 0x72, 0x74, 0x69, 0x6e, 0x67, 0x0, 0x73, 0x75, 0x70,
    0x70, 0x6f, 0x72, 0x74, 0x69, 0x76, 0x65, 0x0, 0x73, 0x75, 0x70, 0x70, 0x6f, 0x73, 0x65, 0x64,
    0x0, 0x73, 0x75, 0x70, 0x70, 0x72, 0x65, 0x73, 0x73, 0x65, 0x64, 0x0, 0x73, 0x75, 0x70, 0x72,
    0x65, 0x6d, 0x65, 0x0, 0x73, 0x75, 0x72, 0x65, 0x0, 0x73, 0x75, 0x72, 0x66, 0x61, 0x63, 0x65,
    0x0, 0x73, 0x75, 0x72, 0x67, 0x69, 0x63, 0x61, 0x6c, 0x0, 0x73, 0x75, 0x72, 0x70, 0x6c, 0x75,
    0x73, 0x0, 0x73, 0x75, 0x72, 0x70, 0x72, 0x69, 0x73, 0x65, 0x64, 0x0, 0x73, 0x75, 0x72, 0x70,
    0x72, 0x69, 0x73, 0x69, 0x6e, 0x67, 0x0, 0x73, 0x75, 0x72, 0x72, 0x65, 0x61, 0x6c, 0x0, 0x73,
    0x75, 0x72, 0x72, 0x6f, 0x75, 0x6e, 0x64, 0x65, 0x64, 0x0, 0x73, 0x75, 0x72, 0x76, 0x69, 0x76,
    0x69, 0x6e, 0x67, 0x0, 0x73, 0x75, 0x73, 0x70, 0x65, 0x63, 0x74, 0x65, 0x64, 0x0, 0x73, 0x75,
    0x73, 0x70, 0x65, 0x6e, 0x64, 0x65, 0x64, 0x0, 0x73, 0x75, 0x73, 0x70, 0x69, 0x63, 0x69, 0x6f,
    0x75, 0x73, 0x0, 0x73, 0x75, 0x73, 0x74, 0x61, 0x69, 0x6e, 0x65, 0x64, 0x0, 0x73, 0x77, 0x65,
    0x64, 0x69, 0x73, 0x68, 0x0, 0x73, 0x77, 0x65, 0x65, 0x70, 0x69, 0x6e, 0x67, 0x0, 0x73, 0x77,
    0x65, 0x65, 0x74, 0x68, 0x65, 0x61, 0x72, 0x74, 0x0, 0x73, 0x77, 0x65, 0x6c, 0x6c, 0x0, 0x73,
    0x77, 0x65, 0x70, 0x74, 0x0, 0x73, 0x77, 0x69, 0x66, 0x74, 0x0, 0x73, 0x77, 0x69, 0x6d, 0x6d,
    0x69, 0x6e, 0x67, 0x0, 0x73, 0x77, 0x69, 0x6e, 0x67, 0x69, 0x6e, 0x67, 0x0, 0x73, 0x77, 0x69,
    0x73, 0x73, 0x0, 0x73, 0x77, 0x6f, 0x6c, 0x6c, 0x65, 0x6e, 0x0, 0x73, 0x77, 0x6f, 0x72, 0x6e,
    0x0, 0x73, 0x79, 0x6d, 0x62, 0x6f, 0x6c, 0x69, 0x63, 0x0, 0x73, 0x79, 0x6e, 0x6f, 0x6e, 0x79,
    0x6d, 0x6f, 0x75, 0x73, 0x0, 0x73, 0x79, 0x6e, 0x74, 0x68, 0x65, 0x74, 0x69, 0x63, 0x0, 0x73,
    0x79, 0x72, 0x69, 0x61, 0x6e, 0x0, 0x73, 0x79, 0x73, 0x74, 0x65, 0x6d, 0x61, 0x74, 0x69, 0x63,
    0x0, 0x73, 0x79, 0x73, 0x74, 0x65, 0x6d, 0x69, 0x63, 0x0, 0x74, 0x61, 0x63, 0x74, 0x69, 0x63,
    0x61, 0x6c, 0x0, 0x74, 0x61, 0x67, 0x67, 0x65, 0x64, 0x0, 0x74, 0x61, 0x69, 0x6c, 0x6f, 0x72,
    0x65, 0x64, 0x0, 0x74, 0x61, 0x6b, 0x65, 0x6e, 0x0, 0x74, 0x61, 0x6b, 0x69, 0x6e, 0x67, 0x0,
    0x74, 0x61, 0x6c, 0x65, 0x6e, 0x74, 0x65, 0x64, 0x0, 0x74, 0x61, 0x6c, 0x6c, 0x0, 0x74, 0x61,
    0x6d, 0x65, 0x0, 0x74, 0x61, 0x6d, 0x69, 0x6c, 0x0, 0x74, 0x61, 0x6e, 0x67, 0x69, 0x62, 0x6c,
    0x65, 0x0, 0x74, 0x61, 0x70, 0x65, 0x64, 0x0, 0x74, 0x61, 0x70, 0x70, 0x65, 0x64, 0x0, 0x74,
    0x61, 0x73, 0x74, 0x79, 0x0, 0x74, 0x65, 0x61, 0x72, 0x69, 0x6e, 0x67, 0x0, 0x74, 0x65, 0x61,
    0x73, 0x69, 0x6e, 0x67, 0x0, 0x74, 0x65, 0x63, 0x68, 0x6e, 0x69, 0x63, 0x61, 0x6c, 0x0, 0x74,
    0x65, 0x64, 0x69, 0x6f, 0x75, 0x73, 0x0, 0x74, 0x65, 0x65, 0x6e, 0x61, 0x67, 0x65, 0x0, 0x74,
    0x65, 0x6c, 0x6c, 0x69, 0x6e, 0x67, 0x0, 0x74, 0x65, 0x6d, 0x70, 0x65, 0x72, 0x65, 0x64, 0x0,
    0x74, 0x65, 0x6d, 0x70, 0x6f, 0x72, 0x61, 0x6c, 0x0, 0x74, 0x65, 0x6d, 0x70, 0x6f, 0x72, 0x61,
    0x72, 0x79, 0x0, 0x74, 0x65, 0x6d, 0x70, 0x74, 0x69, 0x6e, 0x67, 0x0, 0x74, 0x65, 0x6e, 0x64,
    0x65, 0x72, 0x0, 0x74, 0x65, 0x6e, 0x73, 0x65, 0x0, 0x74, 0x65, 0x6e, 0x74, 0x68, 0x0, 0x74,
    0x65, 0x72, 0x6d, 0x69, 0x6e, 0x61, 0x6c, 0x0, 0x74, 0x65, 0x72, 0x6d, 0x69, 0x6e, 0x61, 0x74,
    0x65, 0x64, 0x0, 0x74, 0x65, 0x72, 0x72, 0x69, 0x62, 0x6c, 0x65, 0x0, 0x74, 0x65, 0x72, 0x72,
    0x69, 0x66, 0x69, 0x63, 0x0, 0x74, 0x65, 0x72, 0x72, 0x69, 0x66, 0x69, 0x65, 0x64, 0x0, 0x74,
    0x65, 0x72, 0x72, 0x69, 0x66, 0x79, 0x69, 0x6e, 0x67, 0x0, 0x74, 0x65, 0x72, 0x74, 0x69, 0x61,
    0x72, 0x79, 0x0, 0x74, 0x65, 0x73, 0x74, 0x65, 0x64, 0x0, 0x74, 0x65, 0x78, 0x74, 0x62, 0x6f,
    0x6f, 0x6b, 0x0, 0x74, 0x65, 0x78, 0x74, 0x69, 0x6c, 0x65, 0x0, 0x74, 0x68, 0x61, 0x69, 0x0,
    0x74, 0x68, 0x61, 0x6e, 0x6b, 0x66, 0x75, 0x6c, 0x0, 0x74, 0x68, 0x65, 0x61, 0x74, 0x72, 0x69,
    0x63, 0x61, 0x6c, 0x0, 0x74, 0x68, 0x65, 0x6e, 0x0, 0x74, 0x68, 0x65, 0x72, 0x6d, 0x61, 0x6c,
    0x0, 0x74, 0x68, 0x69, 0x63, 0x6b, 0x0, 0x74, 0x68, 0x69, 0x6e, 0x6b, 0x69, 0x6e, 0x67, 0x0,
    0x74, 0x68, 0x69, 0x72, 0x64, 0x0, 0x74, 0x68, 0x69, 0x72, 0x73, 0x74, 0x79, 0x0, 0x74, 0x68,
    0x69, 0x72, 0x74, 0x65, 0x65, 0x6e, 0x0, 0x74, 0x68, 0x69, 0x72, 0x74, 0x79, 0x0, 0x74, 0x68,
    0x6f, 0x72, 0x6f, 0x75, 0x67, 0x68, 0x0, 0x74, 0x68, 0x6f, 0x75, 0x67, 0x68, 0x74, 0x66, 0x75,
    0x6c, 0x0, 0x74, 0x68, 0x6f, 0x75, 0x73, 0x61, 0x6e, 0x64, 0x0, 0x74, 0x68, 0x72, 0x65, 0x61,
    0x74, 0x65, 0x6e, 0x65, 0x64, 0x0, 0x74, 0x68, 0x72, 0x65, 0x65, 0x0, 0x74, 0x68, 0x72, 0x69,
    0x6c, 0x6c, 0x65, 0x64, 0x0, 0x74, 0x68, 0x72, 0x69, 0x6c, 0x6c, 0x69, 0x6e, 0x67, 0x0, 0x74,
    0x68, 0x72, 0x69, 0x76, 0x69, 0x6e, 0x67, 0x0, 0x74, 0x68, 0x72, 0x6f, 0x75, 0x67, 0x68, 0x0,
    0x74, 0x68, 0x72, 0x6f, 0x77, 0x6e, 0x0, 0x74, 0x68, 0x79, 0x72, 0x6f, 0x69, 0x64, 0x0, 0x74,
    0x69, 0x62, 0x65, 0x74, 0x61, 0x6e, 0x0, 0x74, 0x69, 0x64, 0x61, 0x6c, 0x0, 0x74, 0x69, 0x64,
    0x79, 0x0, 0x74, 0x69, 0x65, 0x64, 0x0, 0x74, 0x69, 0x67, 0x68, 0x74, 0x0, 0x74, 0x69, 0x6d,
    0x65, 0x64, 0x0, 0x74, 0x69, 0x6d, 0x65, 0x6c, 0x65, 0x73, 0x73, 0x0, 0x74, 0x69, 0x6d, 0x65,
    0x6c, 0x79, 0x0, 0x74, 0x69, 0x6e, 0x79, 0x0, 0x74, 0x69, 0x70, 0x70, 0x65, 0x64, 0x0, 0x74,
    0x69, 0x72, 0x65, 0x64, 0x0, 0x74, 0x69, 0x74, 0x61, 0x6e, 0x69, 0x63, 0x0, 0x74, 0x69, 0x74,
    0x6c, 0x65, 0x64, 0x0, 0x74, 0x6f, 0x67, 0x65, 0x74, 0x68, 0x65, 0x72, 0x0, 0x74, 0x6f, 0x6b,
    0x65, 0x6e, 0x0, 0x74, 0x6f, 0x6c, 0x65, 0x72, 0x61, 0x6e, 0x74, 0x0, 0x74, 0x6f, 0x70, 0x70,
    0x65, 0x64, 0x0, 0x74, 0x6f, 0x70, 0x70, 0x69, 0x6e, 0x67, 0x0, 0x74, 0x6f, 0x70, 0x73, 0x0,
    0x74, 0x6f, 0x72, 0x6e, 0x0, 0x74, 0x6f, 0x72, 0x74, 0x75, 0x72, 0x65, 0x64, 0x0, 0x74, 0x6f,
    0x74, 0x61, 0x6c, 0x0, 0x74, 0x6f, 0x75, 0x63, 0x68, 0x65, 0x64, 0x0, 0x74, 0x6f, 0x75, 0x63,
    0x68, 0x69, 0x6e, 0x67, 0x0, 0x74, 0x6f, 0x75, 0x67, 0x68, 0x0, 0x74, 0x6f, 0x78, 0x69, 0x63,
    0x0, 0x74, 0x72, 0x61, 0x63, 0x6b, 0x65, 0x64, 0x0, 0x74, 0x72, 0x61, 0x67, 0x69, 0x63, 0x0,
    0x74, 0x72, 0x61, 0x69, 0x6e, 0x65, 0x64, 0x0, 0x74, 0x72, 0x61, 0x70, 0x70, 0x65, 0x64, 0x0,
    0x74, 0x72, 0x61, 0x75, 0x6d, 0x61, 0x74, 0x69, 0x63, 0x0, 0x74, 0x72, 0x61, 0x76, 0x65, 0x6c,
    0x65, 0x64, 0x0, 0x74, 0x72, 0x61, 0x76, 0x65, 0x6c, 0x6c, 0x65, 0x64, 0x0, 0x74, 0x72, 0x65,
    0x61, 0x74, 0x65, 0x64, 0x0, 0x74, 0x72, 0x65, 0x6d, 0x65, 0x6e, 0x64, 0x6f, 0x75, 0x73, 0x0,
    0x74, 0x72, 0x69, 0x62, 0x61, 0x6c, 0x0, 0x74, 0x72, 0x69, 0x63, 0x6b, 0x79, 0x0, 0x74, 0x72,
    0x69, 0x65, 0x64, 0x0, 0x74, 0x72, 0x69, 0x6c, 0x6c, 0x69, 0x6f, 0x6e, 0x0, 0x74, 0x72, 0x69,
    0x6d, 0x0, 0x74, 0x72, 0x69, 0x70, 0x6c, 0x65, 0x0, 0x74, 0x72, 0x69, 0x70, 0x70, 0x69, 0x6e,
    0x67, 0x0, 0x74, 0x72, 0x69, 0x76, 0x69, 0x61, 0x6c, 0x0, 0x74, 0x72, 0x6f, 0x70, 0x69, 0x63,
    0x61, 0x6c, 0x0, 0x74, 0x72, 0x6f, 0x75, 0x62, 0x6c, 0x65, 0x64, 0x0, 0x74, 0x72, 0x6f, 0x75,
    0x62, 0x6c, 0x69, 0x6e, 0x67, 0x0, 0x74, 0x72, 0x75, 0x65, 0x0, 0x74, 0x72, 0x75, 0x73, 0x74,
    0x65, 0x64, 0x0, 0x74, 0x72, 0x75, 0x73, 0x74, 0x69, 0x6e, 0x67, 0x0, 0x74, 0x72, 0x79, 0x69,
    0x6e, 0x67, 0x0, 0x74, 0x75, 0x63, 0x6b, 0x65, 0x64, 0x0, 0x74, 0x75, 0x72, 0x6b, 0x69, 0x73,
    0x68, 0x0, 0x74, 0x75, 0x72, 0x6e, 0x65, 0x64, 0x0, 0x74, 0x75, 0x74, 0x6f, 0x72, 0x69, 0x61,
    0x6c, 0x0, 0x74, 0x77, 0x65, 0x6c, 0x66, 0x74, 0x68, 0x0, 0x74, 0x77, 0x65, 0x6c, 0x76, 0x65,
    0x0, 0x74, 0x77, 0x65, 0x6e, 0x74, 0x69, 0x65, 0x74, 0x68, 0x0, 0x74, 0x77, 0x65, 0x6e, 0x74,
    0x79, 0x0, 0x74, 0x77, 0x69, 0x6c, 0x69, 0x67, 0x68, 0x74, 0x0, 0x74, 0x77, 0x69, 0x6e, 0x0,
    0x74, 0x77, 0x69, 0x73, 0x74, 0x65, 0x64, 0x0, 0x74, 0x79, 0x70, 0x69, 0x63, 0x61, 0x6c, 0x0,
    0x75, 0x67, 0x6c, 0x79, 0x0, 0x75, 0x6b, 0x72, 0x61, 0x69, 0x6e, 0x69, 0x61, 0x6e, 0x0, 0x75,
    0x6c, 0x74, 0x69, 0x6d, 0x61, 0x74, 0x65, 0x0, 0x75, 0x6c, 0x74, 0x72, 0x61, 0x0, 0x75, 0x6d,
    0x62, 0x72, 0x65, 0x6c, 0x6c, 0x61, 0x0, 0x75, 0x6e, 0x61, 0x62, 0x6c, 0x65, 0x0, 0x75, 0x6e,
    0x61, 0x6e, 0x69, 0x6d, 0x6f, 0x75, 0x73, 0x0, 0x75, 0x6e, 0x61, 0x72, 0x6d, 0x65, 0x64, 0x0,
    0x75, 0x6e, 0x61, 0x77, 0x61, 0x72, 0x65, 0x0, 0x75, 0x6e, 0x63, 0x65, 0x72, 0x74, 0x61, 0x69,
    0x6e, 0x0, 0x75, 0x6e, 0x63, 0x68, 0x61, 0x6e, 0x67, 0x65, 0x64, 0x0, 0x75, 0x6e, 0x63, 0x6c,
    0x65, 0x61, 0x72, 0x0, 0x75, 0x6e, 0x63, 0x6f, 0x6d, 0x6d, 0x6f, 0x6e, 0x0, 0x75, 0x6e, 0x63,
    0x6f, 0x76, 0x65, 0x72, 0x65, 0x64, 0x0, 0x75, 0x6e, 0x64, 0x65, 0x66, 0x65, 0x61, 0x74, 0x65,
    0x64, 0x0, 0x75, 0x6e, 0x64, 0x65, 0x72, 0x63, 0x6f, 0x76, 0x65, 0x72, 0x0, 0x75, 0x6e, 0x64,
    0x65, 0x72, 0x6c, 0x79, 0x69, 0x6e, 0x67, 0x0, 0x75, 0x6e, 0x64, 0x65, 0x72, 0x73, 0x74, 0x6f,
    0x6f, 0x64, 0x0, 0x75, 0x6e, 0x64, 0x65, 0x72, 0x77, 0x61, 0x74, 0x65, 0x72, 0x0, 0x75, 0x6e,
    0x64, 0x65, 0x72, 0x77, 0x61, 0x79, 0x0, 0x75, 0x6e, 0x65, 0x6d, 0x70, 0x6c, 0x6f, 0x79, 0x65,
    0x64, 0x0, 0x75, 0x6e, 0x65, 0x76, 0x65, 0x6e, 0x0, 0x75, 0x6e, 0x65, 0x78, 0x70, 0x65, 0x63,
    0x74, 0x65, 0x64, 0x0, 0x75, 0x6e, 0x66, 0x61, 0x69, 0x72, 0x0, 0x75, 0x6e, 0x66, 0x61, 0x6d,
    0x69, 0x6c, 0x69, 0x61, 0x72, 0x0, 0x75, 0x6e, 0x66, 0x69, 0x6e, 0x69, 0x73, 0x68, 0x65, 0x64,
    0x0, 0x75, 0x6e, 0x66, 0x69, 0x74, 0x0, 0x75, 0x6e, 0x68, 0x61, 0x70, 0x70, 0x79, 0x0, 0x75,
    0x6e, 0x68, 0x65, 0x61, 0x6c, 0x74, 0x68, 0x79, 0x0, 0x75, 0x6e, 0x69, 0x66, 0x69, 0x65, 0x64,
    0x0, 0x75, 0x6e, 0x69, 0x66, 0x6f, 0x72, 0x6d, 0x0, 0x75, 0x6e, 0x69, 0x6f, 0x6e, 0x0, 0x75,
    0x6e, 0x69, 0x71, 0x75, 0x65, 0x0, 0x75, 0x6e, 0x69, 0x74, 0x65, 0x64, 0x0, 0x75, 0x6e, 0x69,
    0x76, 0x65, 0x72, 0x73, 0x61, 0x6c, 0x0, 0x75, 0x6e, 0x6b, 0x6e, 0x6f, 0x77, 0x6e, 0x0, 0x75,
    0x6e, 0x6c, 0x61, 0x77, 0x66, 0x75, 0x6c, 0x0, 0x75, 0x6e, 0x6c, 0x69, 0x6b, 0x65, 0x6c, 0x79,
    0x0, 0x75, 0x6e, 0x6c, 0x69, 0x6d, 0x69, 0x74, 0x65, 0x64, 0x0, 0x75, 0x6e, 0x6c, 0x6f, 0x63,
    0x6b, 0x65, 0x64, 0x0, 0x75, 0x6e, 0x6c, 0x75, 0x63, 0x6b, 0x79, 0x0, 0x75, 0x6e, 0x6e, 0x61,
    0x6d, 0x65, 0x64, 0x0, 0x75, 0x6e, 0x6f, 0x66, 0x66, 0x69, 0x63, 0x69, 0x61, 0x6c, 0x0, 0x75,
    0x6e, 0x70, 0x61, 0x69, 0x64, 0x0, 0x75, 0x6e, 0x70, 0x6c, 0x65, 0x61, 0x73, 0x61, 0x6e, 0x74,
    0x0, 0x75, 0x6e, 0x70, 0x6f, 0x70, 0x75, 0x6c, 0x61, 0x72, 0x0, 0x75, 0x6e, 0x72, 0x65, 0x61,
    0x6c, 0x0, 0x75, 0x6e, 0x72, 0x65, 0x6c, 0x61, 0x74, 0x65, 0x64, 0x0, 0x75, 0x6e, 0x72, 0x65,
    0x6c, 0x69, 0x61, 0x62, 0x6c, 0x65, 0x0, 0x75, 0x6e, 0x73, 0x61, 0x66, 0x65, 0x0, 0x75, 0x6e,
    0x73, 0x65, 0x65, 0x6e, 0x0, 0x75, 0x6e, 0x73, 0x74, 0x61, 0x62, 0x6c, 0x65, 0x0, 0x75, 0x6e,
    0x73, 0x75, 0x72, 0x65, 0x0, 0x75, 0x6e, 0x75, 0x73, 0x65, 0x64, 0x0, 0x75, 0x6e, 0x75, 0x73,
    0x75, 0x61, 0x6c, 0x0, 0x75, 0x6e, 0x76, 0x65, 0x69, 0x6c, 0x65, 0x64, 0x0, 0x75, 0x6e, 0x77,
    0x61, 0x6e, 0x74, 0x65, 0x64, 0x0, 0x75, 0x6e, 0x77, 0x69, 0x6c, 0x6c, 0x69, 0x6e, 0x67, 0x0,
    0x75, 0x70, 0x62, 0x65, 0x61, 0x74, 0x0, 0x75, 0x70, 0x63, 0x6f, 0x6d, 0x69, 0x6e, 0x67, 0x0,
    0x75, 0x70, 0x70, 0x65, 0x72, 0x0, 0x75, 0x70, 0x72, 0x69, 0x67, 0x68, 0x74, 0x0, 0x75, 0x70,
    0x73, 0x65, 0x74, 0x74, 0x69, 0x6e, 0x67, 0x0, 0x75, 0x70, 0x73, 0x74, 0x61, 0x69, 0x72, 0x73,
    0x0, 0x75, 0x70, 0x73, 0x74, 0x72, 0x65, 0x61, 0x6d, 0x0, 0x75, 0x70, 0x77, 0x61, 0x72, 0x64,
    0x0, 0x75, 0x72, 0x62, 0x61, 0x6e, 0x0, 0x75, 0x72, 0x67, 0x65, 0x6e, 0x74, 0x0, 0x75, 0x73,
    0x61, 0x62, 0x6c, 0x65, 0x0, 0x75, 0x73, 0x65, 0x64, 0x0, 0x75, 0x73, 0x65, 0x66, 0x75, 0x6c,
    0x0, 0x75, 0x73, 0x65, 0x6c, 0x65, 0x73, 0x73, 0x0, 0x75, 0x73, 0x75, 0x61, 0x6c, 0x0, 0x75,
    0x74, 0x69, 0x6c, 0x69, 0x74, 0x79, 0x0, 0x75, 0x74, 0x69, 0x6c, 0x69, 0x7a, 0x65, 0x64, 0x0,
    0x75, 0x74, 0x6d, 0x6f, 0x73, 0x74, 0x0, 0x75, 0x74, 0x74, 0x65, 0x72, 0x0, 0x76, 0x61, 0x63,
    0x61, 0x6e, 0x74, 0x0, 0x76, 0x61, 0x67, 0x75, 0x65, 0x0, 0x76, 0x61, 0x69, 0x6e, 0x0, 0x76,
    0x61, 0x6c, 0x69, 0x64, 0x0, 0x76, 0x61, 0x6c, 0x75, 0x61, 0x62, 0x6c, 0x65, 0x0, 0x76, 0x61,
    0x6c, 0x75, 0x65, 0x64, 0x0, 0x76, 0x61, 0x6e, 0x69, 0x6c, 0x6c, 0x61, 0x0, 0x76, 0x61, 0x6e,
    0x69, 0x73, 0x68, 0x65, 0x64, 0x0, 0x76, 0x61, 0x72, 0x69, 0x61, 0x62, 0x6c, 0x65, 0x0, 0x76,
    0x61, 0x72, 0x69, 0x61, 0x6e, 0x74, 0x0, 0x76, 0x61, 0x72, 0x69, 0x65, 0x64, 0x0, 0x76, 0x61,
    0x72, 0x69, 0x6f, 0x75, 0x73, 0x0, 0x76, 0x61, 0x72, 0x79, 0x69, 0x6e, 0x67, 0x0, 0x76, 0x61,
    0x73, 0x63, 0x75, 0x6c, 0x61, 0x72, 0x0, 0x76, 0x61, 0x73, 0x74, 0x0, 0x76, 0x65, 0x6c, 0x76,
    0x65, 0x74, 0x0, 0x76, 0x65, 0x72, 0x62, 0x61, 0x6c, 0x0, 0x76, 0x65, 0x72, 0x69, 0x66, 0x69,
    0x65, 0x64, 0x0, 0x76, 0x65, 0x72, 0x73, 0x61, 0x74, 0x69, 0x6c, 0x65, 0x0, 0x76, 0x65, 0x72,
    0x74, 0x69, 0x63, 0x61, 0x6c, 0x0, 0x76, 0x65, 0x72, 0x79, 0x0, 0x76, 0x65, 0x74, 0x65, 0x72,
    0x61, 0x6e, 0x0, 0x76, 0x65, 0x74, 0x65, 0x72, 0x69, 0x6e, 0x61, 0x72, 0x79, 0x0, 0x76, 0x69,
    0x61, 0x62, 0x6c, 0x65, 0x0, 0x76, 0x69, 0x62, 0x72, 0x61, 0x6e, 0x74, 0x0, 0x76, 0x69, 0x63,
    0x69, 0x6f, 0x75, 0x73, 0x0, 0x76, 0x69, 0x63, 0x74, 0x6f, 0x72, 0x69, 0x61, 0x6e, 0x0, 0x76,
    0x69, 0x63, 0x74, 0x6f, 0x72, 0x69, 0x6f, 0x75, 0x73, 0x0, 0x76, 0x69, 0x65, 0x74, 0x6e, 0x61,
    0x6d, 0x65, 0x73, 0x65, 0x0, 0x76, 0x69, 0x69, 0x69, 0x0, 0x76, 0x69, 0x6c, 0x65, 0x0, 0x76,
    0x69, 0x6f, 0x6c, 0x61, 0x74, 0x65, 0x64, 0x0, 0x76, 0x69, 0x6f, 0x6c, 0x65, 0x6e, 0x74, 0x0,
    0x76, 0x69, 0x6f, 0x6c, 0x65, 0x74, 0x0, 0x76, 0x69, 0x72, 0x61, 0x6c, 0x0, 0x76, 0x69, 0x72,
    0x67, 0x69, 0x6e, 0x0, 0x76, 0x69, 0x72, 0x74, 0x75, 0x61, 0x6c, 0x0, 0x76, 0x69, 0x73, 0x69,
    0x62, 0x6c, 0x65, 0x0, 0x76, 0x69, 0x73, 0x75, 0x61, 0x6c, 0x0, 0x76, 0x69, 0x74, 0x61, 0x6c,
    0x0, 0x76, 0x69, 0x76, 0x69, 0x64, 0x0, 0x76, 0x6f, 0x63, 0x61, 0x6c, 0x0, 0x76, 0x6f, 0x63,
    0x61, 0x74, 0x69, 0x6f, 0x6e, 0x61, 0x6c, 0x0, 0x76, 0x6f, 0x69, 0x63, 0x65, 0x64, 0x0, 0x76,
    0x6f, 0x69, 0x64, 0x0, 0x76, 0x6f, 0x6c, 0x61, 0x74, 0x69, 0x6c, 0x65, 0x0, 0x76, 0x6f, 0x6c,
    0x63, 0x61, 0x6e, 0x69, 0x63, 0x0, 0x76, 0x6f, 0x6c, 0x75, 0x6e, 0x74, 0x61, 0x72, 0x79, 0x0,
    0x76, 0x6f, 0x6c, 0x75, 0x6e, 0x74, 0x65, 0x65, 0x72, 0x0, 0x76, 0x75, 0x6c, 0x67, 0x61, 0x72,
    0x0, 0x76, 0x75, 0x6c, 0x6e, 0x65, 0x72, 0x61, 0x62, 0x6c, 0x65, 0x0, 0x77, 0x61, 0x69, 0x74,
    0x69, 0x6e, 0x67, 0x0, 0x77, 0x61, 0x6b, 0x69, 0x6e, 0x67, 0x0, 0x77, 0x61, 0x6c, 0x6b, 0x69,
    0x6e, 0x67, 0x0, 0x77, 0x61, 0x6e, 0x64, 0x65, 0x72, 0x69, 0x6e, 0x67, 0x0, 0x77, 0x61, 0x6e,
    0x74, 0x65, 0x64, 0x0, 0x77, 0x61, 0x6e, 0x74, 0x69, 0x6e, 0x67, 0x0, 0x77, 0x61, 0x72, 0x6d,
    0x69, 0x6e, 0x67, 0x0, 0x77, 0x61, 0x72, 0x6e, 0x69, 0x6e, 0x67, 0x0, 0x77, 0x61, 0x72, 0x79,
    0x0, 0x77, 0x61, 0x73, 0x68, 0x65, 0x64, 0x0, 0x77, 0x61, 0x73, 0x74, 0x65, 0x64, 0x0, 0x77,
    0x61, 0x74, 0x65, 0x72, 0x70, 0x72, 0x6f, 0x6f, 0x66, 0x0, 0x77, 0x65, 0x61, 0x6b, 0x65, 0x6e,
    0x65, 0x64, 0x0, 0x77, 0x65, 0x61, 0x6c, 0x74, 0x68, 0x79, 0x0, 0x77, 0x65, 0x61, 0x72, 0x69,
    0x6e, 0x67, 0x0, 0x77, 0x65, 0x61, 0x72, 0x79, 0x0, 0x77, 0x65, 0x61, 0x74, 0x68, 0x65, 0x72,
    0x0, 0x77, 0x65, 0x65, 0x6b, 0x6c, 0x79, 0x0, 0x77, 0x65, 0x69, 0x67, 0x68, 0x74, 0x65, 0x64,
    0x0, 0x77, 0x65, 0x69, 0x72, 0x64, 0x0, 0x77, 0x65, 0x6c, 0x63, 0x6f, 0x6d, 0x65, 0x0, 0x77,
    0x65, 0x6c, 0x63, 0x6f, 0x6d, 0x69, 0x6e, 0x67, 0x0, 0x77, 0x65, 0x6c, 0x6c, 0x0, 0x77, 0x65,
    0x6c, 0x73, 0x68, 0x0, 0x77, 0x65, 0x73, 0x74, 0x65, 0x72, 0x6e, 0x0, 0x77, 0x68, 0x61, 0x74,
    0x65, 0x76, 0x65, 0x72, 0x0, 0x77, 0x68, 0x61, 0x74, 0x73, 0x6f, 0x65, 0x76, 0x65, 0x72, 0x0,
    0x77, 0x68, 0x69, 0x74, 0x65, 0x0, 0x77, 0x68, 0x6f, 0x6c, 0x65, 0x73, 0x61, 0x6c, 0x65, 0x0,
    0x77, 0x68, 0x6f, 0x6c, 0x65, 0x73, 0x6f, 0x6d, 0x65, 0x0, 0x77, 0x69, 0x63, 0x6b, 0x65, 0x64,
    0x0, 0x77, 0x69, 0x64, 0x65, 0x73, 0x70, 0x72, 0x65, 0x61, 0x64, 0x0, 0x77, 0x69, 0x6c, 0x64,
    0x0, 0x77, 0x69, 0x6c, 0x6c, 0x69, 0x6e, 0x67, 0x0, 0x77, 0x69, 0x6e, 0x64, 0x69, 0x6e, 0x67,
    0x0, 0x77, 0x69, 0x6e, 0x64, 0x79, 0x0, 0x77, 0x69, 0x6e, 0x6e, 0x69, 0x6e, 0x67, 0x0, 0x77,
    0x69, 0x72, 0x65, 0x64, 0x0, 0x77, 0x69, 0x72, 0x65, 0x6c, 0x65, 0x73, 0x73, 0x0, 0x77, 0x69,
    0x73, 0x65, 0x0, 0x77, 0x69, 0x74, 0x68, 0x64, 0x72, 0x61, 0x77, 0x6e, 0x0, 0x77, 0x69, 0x74,
    0x74, 0x79, 0x0, 0x77, 0x69, 0x7a, 0x61, 0x72, 0x64, 0x0, 0x77, 0x6f, 0x6e, 0x64, 0x65, 0x72,
    0x66, 0x75, 0x6c, 0x0, 0x77, 0x6f, 0x6e, 0x64, 0x65, 0x72, 0x69, 0x6e, 0x67, 0x0, 0x77, 0x6f,
    0x6f, 0x64, 0x65, 0x6e, 0x0, 0x77, 0x6f, 0x6f, 0x64, 0x79, 0x0, 0x77, 0x6f, 0x72, 0x6b, 0x69,
    0x6e, 0x67, 0x0, 0x77, 0x6f, 0x72, 0x6c, 0x64, 0x77, 0x69, 0x64, 0x65, 0x0, 0x77, 0x6f, 0x72,
    0x6e, 0x0, 0x77, 0x6f, 0x72, 0x72, 0x69, 0x65, 0x64, 0x0, 0x77, 0x6f, 0x72, 0x72, 0x79, 0x69,
    0x6e, 0x67, 0x0, 0x77, 0x6f, 0x72, 0x73, 0x65, 0x0, 0x77, 0x6f, 0x72, 0x73, 0x74, 0x0, 0x77,
    0x6f, 0x72, 0x74, 0x68, 0x6c, 0x65, 0x73, 0x73, 0x0, 0x77, 0x6f, 0x72, 0x74, 0x68, 0x77, 0x68,
    0x69, 0x6c, 0x65, 0x0, 0x77, 0x6f, 0x72, 0x74, 0x68, 0x79, 0x0, 0x77, 0x6f, 0x75, 0x6e, 0x64,
    0x65, 0x64, 0x0, 0x77, 0x6f, 0x76, 0x65, 0x6e, 0x0, 0x77, 0x72, 0x61, 0x70, 0x70, 0x65, 0x64,
    0x0, 0x77, 0x72, 0x65, 0x63, 0x6b, 0x65, 0x64, 0x0, 0x77, 0x72, 0x69, 0x74, 0x74, 0x65, 0x6e,
    0x0, 0x77, 0x72, 0x6f, 0x6e, 0x67, 0x0, 0x79, 0x61, 0x6e, 0x6b, 0x65, 0x65, 0x0, 0x79, 0x65,
    0x61, 0x72, 0x6c, 0x79, 0x0, 0x79, 0x65, 0x6c, 0x6c, 0x65, 0x64, 0x0, 0x79, 0x65, 0x6c, 0x6c,
    0x6f, 0x77, 0x0, 0x79, 0x6f, 0x75, 0x6e, 0x67, 0x65, 0x72, 0x0, 0x79, 0x6f, 0x75, 0x74, 0x68,
    0x66, 0x75, 0x6c, 0x0, 0x79, 0x75, 0x6d, 0x6d, 0x79, 0x0, 0x7a, 0x65, 0x72, 0x6f, 0x0,
};

static const int word_offsets[] = {
    0, 10, 20, 25, 34, 45, 51, 57, 64, 71, 80, 89, 99, 108, 115, 124,
    131, 139, 148, 159, 168, 178, 189, 199, 210, 220, 231, 240, 249, 260, 265, 274,
    285, 294, 301, 311, 318, 327, 334, 340, 348, 357, 366, 376, 387, 397, 406, 415,
    426, 435, 443, 454, 462, 471, 477, 486, 496, 504, 515, 523, 532, 539, 549, 558,
    568, 579, 590, 597, 604, 612, 618, 623, 633, 644, 650, 657, 663, 669, 678, 684,
    689, 698, 708, 714, 720, 728, 734, 740, 748, 757, 764, 773, 779, 785, 792, 800,
    808, 818, 826, 833, 841, 847, 855, 865, 875, 883, 892, 898, 904, 911, 919, 926,
    937, 946, 954, 960, 968, 975, 984, 994, 1002, 1011, 1018, 1028, 1036, 1046, 1056, 1065,
    1076, 1084, 1092, 1098, 1107, 1117, 1128, 1136, 1146, 1155, 1163, 1171, 1178, 1188, 1193, 1200,
    1210, 1216, 1225, 1233, 1242, 1252, 1261, 1272, 1283, 1292, 1300, 1306, 1313, 1322, 1331, 1340,
    1350, 1359, 1369, 1377, 1386, 1394, 1403, 1411, 1420, 1429, 1436, 1445, 1455, 1464, 1474, 1484,
    1493, 1499, 1510, 1517, 1527, 1534, 1545, 1554, 1564, 1575, 1586, 1596, 1606, 1617, 1628, 1638,
    1648, 1656, 1661, 1669, 1675, 1681, 1686, 1694, 1700, 1708, 1715, 1725, 1734, 1744, 1750, 1757,
    1766, 1771, 1778, 1786, 1795, 1802, 1809, 1814, 1821, 1827, 1833, 1838, 1843, 1851, 1858, 1868,
    1877, 1884, 1895, 1905, 1916, 1923, 1931, 1939, 1950, 1957, 1962, 1967, 1972, 1979, 1987, 1994,
    2003, 2010, 2020, 2030, 2037, 2045, 2052, 2060, 2071, 2079, 2085, 2094, 2101, 2108, 2116, 2122,
    2129, 2135, 2143, 2152, 2160, 2168, 2174, 2182, 2189, 2195, 2200, 2206, 2212, 2219, 2228, 2235,
    2240, 2245, 2252, 2259, 2265, 2272, 2277, 2282, 2291, 2298, 2307, 2315, 2323, 2329, 2339, 2349,
    2358, 2365, 2371, 2378, 2388, 2396, 2406, 2413, 2420, 2426, 2434, 2441, 2450, 2455, 2461, 2471,
    2480, 2487, 2494, 2502, 2508, 2513, 2520, 2525, 2533, 2544, 2551, 2556, 2561, 2570, 2580, 2587,
    2595, 2606, 2613, 2621, 2631, 2639, 2648, 2656, 2665, 2672, 2681, 2688, 2695, 2704, 2714, 2723,
    2732, 2743, 2753, 2762, 2769, 2778, 2786, 2794, 2801, 2810, 2818, 2828, 2837, 2844, 2852, 2861,
    2869, 2878, 2886, 2897, 2906, 2916, 2922, 2931, 2939, 2946, 2955, 2964, 2971, 2980, 2987, 2995,
    3001, 3010, 3019, 3026, 3034, 3041, 3048, 3056, 3066, 3074, 3084, 3093, 3099, 3108, 3118, 3123,
    3133, 3144, 3151, 3161, 3169, 3176, 3185, 3192, 3200, 3207, 3216, 3224, 3231, 3241, 3250, 3255,
    3266, 3276, 3287, 3297, 3306, 3314, 3323, 3332, 3342, 3351, 3362, 3368, 3374, 3381, 3392, 3403,
    3413, 3420, 3429, 3439, 3447, 3458, 3469, 3480, 3490, 3500, 3511, 3519, 3528, 3538, 3547, 3558,
    3569, 3579, 3590, 3600, 3610, 3621, 3630, 3640, 3649, 3659, 3670, 3679, 3689, 3699, 3709, 3720,
    3731, 3740, 3750, 3761, 3771, 3779, 3789, 3799, 3810, 3820, 3831, 3842, 3853, 3862, 3873, 3884,
    3894, 3904, 3915, 3922, 3927, 3938, 3944, 3953, 3963, 3973, 3984, 3992, 4001, 4008, 4015, 4023,
    4033, 4041, 4052, 4060, 4067, 4072, 4080, 4089, 4095, 4102, 4111, 4117, 4126, 4135, 4144, 4151,
    4160, 4169, 4177, 4186, 4192, 4201, 4209, 4217, 4225, 4233, 4241, 4247, 4253, 4261, 4270, 4277,
    4283, 4289, 4298, 4309, 4318, 4329, 4335, 4343, 4351, 4357, 4365, 4372, 4379, 4389, 4394, 4402,
    4410, 4416, 4422, 4430, 4439, 4446, 4451, 4461, 4468, 4475, 4480, 4488, 4494, 4501, 4506, 4511,
    4520, 4527, 4535, 4544, 4553, 4562, 4572, 4583, 4593, 4604, 4614, 4619, 4628, 4638, 4648, 4658,
    4666, 4675, 4686, 4694, 4705, 4714, 4724, 4734, 4745, 4756, 4763, 4773, 4784, 4795, 4801, 4808,
    4817, 4827, 4836, 4846, 4857, 4866, 4877, 4885, 4896, 4906, 4915, 4924, 4934, 4943, 4953, 4963,
    4971, 4981, 4990, 5000, 5009, 5018, 5027, 5038, 5048, 5059, 5067, 5074, 5085, 5093, 5103, 5113,
    5121, 5132, 5143, 5150, 5159, 5169, 5179, 5185, 5194, 5205, 5215, 5226, 5236, 5247, 5256, 5266,
    5276, 5287, 5297, 5307, 5317, 5328, 5337, 5346, 5356, 5364, 5373, 5383, 5394, 5405, 5415, 5426,
    5434, 5442, 5449, 5458, 5467, 5478, 5487, 5496, 5506, 5517, 5527, 5532, 5539, 5547, 5556, 5565,
    5576, 5587, 5596, 5605, 5611, 5620, 5628, 5637, 5646, 5654, 5660, 5669, 5677, 5685, 5691, 5700,
    5708, 5715, 5723, 5732, 5740, 5745, 5750, 5756, 5766, 5774, 5780, 5786, 5792, 5800, 5805, 5811,
    5819, 5828, 5834, 5841, 5849, 5857, 5862, 5872, 5883, 5894, 5900, 5907, 5914, 5924, 5933, 5943,
    5953, 5962, 5971, 5978, 5985, 5995, 6003, 6011, 6018, 6026, 6036, 6047, 6058, 6066, 6077, 6086,
    6093, 6102, 6108, 6117, 6126, 6134, 6144, 6155, 6165, 6174, 6184, 6190, 6199, 6208, 6219, 6230,
    6236, 6244, 6253, 6263, 6272, 6280, 6289, 6297, 6306, 6315, 6325, 6334, 6343, 6350, 6358, 6365,
    6374, 6379, 6388, 6394, 6403, 6414, 6420, 6428, 6438, 6446, 6454, 6464, 6471, 6480, 6489, 6498,
    6506, 6511, 6517, 6527, 6537, 6547, 6557, 6565, 6574, 6584, 6593, 6603, 6610, 6620, 6631, 6640,
    6649, 6656, 6665, 6674, 6684, 6691, 6699, 6708, 6717, 6727, 6737, 6745, 6755, 6765, 6774, 6784,
    6793, 6802, 6810, 6816, 6824, 6829, 6840, 6849, 6855, 6862, 6870, 6876, 6884, 6890, 6895, 6904,
    6909, 6916, 6924, 6930, 6936, 6945, 6952, 6958, 6968, 6976, 6984, 6995, 7003, 7013, 7018, 7024,
    7030, 7037, 7042, 7052, 7060, 7069, 7080, 7090, 7098, 7107, 7116, 7125, 7133, 7138, 7145, 7154,
    7163, 7171, 7179, 7185, 7195, 7202, 7208, 7216, 7222, 7228, 7237, 7245, 7254, 7261, 7268, 7275,
    7281, 7291, 7296, 7305, 7312, 7320, 7326, 7331, 7337, 7344, 7351, 7359, 7364, 7370, 7376, 7381,
    7388, 7397, 7403, 7412, 7418, 7423, 7432, 7440, 7447, 7457, 7465, 7472, 7479, 7485, 7491, 7498,
    7504, 7512, 7520, 7530, 7535, 7543, 7553, 7560, 7568, 7577, 7586, 7593, 7603, 7610, 7617, 7624,
    7635, 7646, 7656, 7662, 7670, 7677, 7684, 7689, 7695, 7704, 7711, 7719, 7726, 7732, 7743, 7753,
    7760, 7769, 7778, 7784, 7793, 7804, 7810, 7817, 7828, 7835, 7844, 7854, 7859, 7870, 7877, 7883,
    7889, 7897, 7907, 7913, 7921, 7928, 7934, 7939, 7944, 7953, 7960, 7968, 7976, 7985, 7993, 8000,
    8008, 8019, 8030, 8040, 8049, 8056, 8062, 8069, 8078, 8085, 8091, 8098, 8103, 8113, 8120, 8129,
    8137, 8143, 8150, 8155, 8160, 8166, 8175, 8182, 8192, 8201, 8209, 8219, 8225, 8233, 8241, 8250,
    8256, 8261, 8269, 8278, 8285, 8291, 8302, 8307, 8315, 8320, 8326, 8334, 8342, 8348, 8356, 8363,
    8371, 8378, 8385, 8391, 8396, 8404, 8409, 8416, 8424, 8433, 8442, 8448, 8454, 8463, 8472, 8478,
    8486, 8495, 8501, 8507, 8515, 8523, 8532, 8541, 8551, 8557, 8564, 8571, 8579, 8589, 8597, 8603,
    8611, 8618, 8627, 8633, 8640, 8645, 8653, 8662, 8667, 8674, 8681, 8688, 8697, 8707, 8713, 8719,
    8725, 8734, 8745, 8752, 8762, 8767, 8776, 8785, 8796, 8807, 8814, 8820, 8830, 8839, 8847, 8858,
    8865, 8873, 8882, 8893, 8902, 8911, 8919, 8926, 8931, 8938, 8945, 8951, 8960, 8968, 8978, 8985,
    8992, 8997, 9004, 9014, 9021, 9027, 9037, 9048, 9053, 9062, 9070, 9078, 9088, 9097, 9107, 9115,
    9124, 9133, 9140, 9149, 9158, 9168, 9178, 9189, 9198, 9208, 9217, 9225, 9234, 9245, 9255, 9266,
    9277, 9286, 9295, 9305, 9316, 9325, 9336, 9346, 9356, 9365, 9374, 9383, 9393, 9402, 9413, 9423,
    9433, 9444, 9455, 9465, 9472, 9483, 9489, 9500, 9509, 9520, 9531, 9538, 9546, 9557, 9568, 9577,
    9586, 9597, 9606, 9615, 9624, 9633, 9642, 9651, 9661, 9670, 9680, 9688, 9699, 9707, 9714, 9720,
    9729, 9740, 9747, 9756, 9763, 9772, 9782, 9790, 9799, 9809, 9817, 9824, 9833, 9844, 9853, 9861,
    9871, 9878, 9889, 9897, 9906, 9915, 9926, 9935, 9945, 9956, 9966, 9975, 9983, 9994, 10003, 10013,
    10022, 10031, 10039, 10045, 10051, 10058, 10069, 10079, 10090, 10100, 10111, 10119, 10128, 10136, 10144, 10149,
    10156, 10165, 10174, 10182, 10189, 10196, 10202, 10209, 10215, 10224, 10230, 10237, 10244, 10253, 10263, 10272,
    10277, 10284, 10289, 10297, 10304, 10313, 10321, 10327, 10334, 10342, 10350, 10359, 10367, 10373, 10378, 10383,
    10390, 10397, 10405, 10413, 10420, 10427, 10434, 10443, 10450, 10455, 10463, 10471, 10479, 10486, 10492, 10501,
    10509, 10515, 10525, 10532, 10539, 10550, 10558, 10566, 10573, 10580, 10586, 10593, 10601, 10611, 10620, 10629,
    10636, 10642, 10648, 10655, 10663, 10672, 10679, 10685, 10696, 10703, 10710, 10717, 10725, 10734, 10741, 10748,
    10754, 10761, 10768, 10774, 10782, 10793, 10801, 10808, 10817, 10825, 10831, 10836, 10841, 10847, 10854, 10861,
    10869, 10878, 10885, 10891, 10897, 10907, 10913, 10918, 10928, 10934, 10940, 10945, 10953, 10962, 10969, 10976,
    10987, 10996, 11002, 11012, 11017, 11027, 11038, 11048, 11057, 11063, 11070, 11075, 11084, 11091, 11099, 11108,
    11115, 11123, 11131, 11141, 11149, 11159, 11166, 11174, 11183, 11191, 11200, 11209, 11218, 11224, 11231, 11239,
    11250, 11259, 11270, 11277, 11286, 11294, 11304, 11313, 11322, 11329, 11334, 11341, 11349, 11359, 11366, 11371,
    11378, 11384, 11390, 11400, 11409, 11419, 11426, 11434, 11440, 11447, 11454, 11461, 11469, 11474, 11483, 11492,
    11498, 11506, 11513, 11521, 11531, 11539, 11547, 11553, 11558, 11564, 11571, 11581, 11592, 11599, 11607, 11618,
    11627, 11633, 11640, 11648, 11656, 11665, 11672, 11679, 11688, 11696, 11702, 11712, 11721, 11726, 11734, 11745,
    11751, 11757, 11762, 11769, 11776, 11783, 11788, 11798, 11805, 11811, 11819, 11828, 11834, 11841, 11846, 11852,
    11861, 11871, 11880, 11889, 11897, 11904, 11909, 11916, 11921, 11928, 11939, 11948, 11954, 11960, 11967, 11977,
    11984, 11990, 11999, 12010, 12017, 12025, 12033, 12039, 12046, 12051, 12061, 12068, 12077, 12083, 12092, 12102,
    12110, 12118, 12125, 12133, 12141, 12146, 12151, 12160, 12171, 12178, 12184, 12190, 12196, 12204, 12214, 12219,
    12229, 12238, 12245, 12252, 12259, 12269, 12278, 12288, 12298, 12306, 12312, 12323, 12331, 12341, 12347, 12355,
    12360, 12365, 12375, 12384, 12393, 12398, 12404, 12414, 12424, 12432, 12440, 12449, 12459, 12468, 12477, 12485,
    12496, 12505, 12514, 12524, 12533, 12542, 12547, 12553, 12559, 12567, 12575, 12582, 12587, 12594, 12602, 12612,
    12622, 12631, 12639, 12648, 12657, 12667, 12675, 12683, 12694, 12702, 12711, 12716, 12723, 12731, 12739, 12748,
    12756, 12766, 12776, 12785, 12794, 12803, 12812, 12822, 12830, 12839, 12847, 12853, 12862, 12869, 12878, 12887,
    12898, 12907, 12915, 12923, 12928, 12936, 12944, 12953, 12964, 12974, 12983, 12994, 13000, 13006, 13014, 13023,
    13030, 13036, 13041, 13049, 13057, 13064, 13074, 13079, 13088, 13098, 13107, 13117, 13126, 13135, 13142, 13150,
    13161, 13170, 13178, 13189, 13197, 13206, 13215, 13224, 13232, 13242, 13248, 13256, 13263, 13272, 13279, 13286,
    13295, 13301, 13312, 13322, 13330, 13340, 13350, 13358, 13367, 13378, 13388, 13398, 13406, 13417, 13426, 13432,
    13440, 13451, 13462, 13471, 13477, 13486, 13495, 13500, 13508, 13516, 13523, 13529, 13539, 13547, 13555, 13563,
    13573, 13580, 13588, 13597, 13606, 13614, 13623, 13631, 13638, 13643, 13650, 13658, 13668, 13678, 13684, 13693,
    13700, 13710, 13717, 13725, 13735, 13744, 13754, 13765, 13771, 13780, 13790, 13799, 13806, 13813, 13823, 13831,
    13839, 13848, 13858, 13868, 13877, 13887, 13897, 13906, 13914, 13924, 13933, 13943, 13952, 13960, 13969, 13980,
    13988, 13998, 14006, 14015, 14025, 14032, 14043, 14053, 14064, 14073, 14083, 14091, 14097, 14107, 14117, 14123,
    14131, 14142, 14148, 14157, 14168, 14178, 14189, 14200, 14211, 14220, 14231, 14241, 14252, 14261, 14271, 14281,
    14291, 14298, 14304, 14315, 14321, 14328, 14339, 14348, 14358, 14369, 14380, 14391, 14397, 14404, 14411, 14422,
    14431, 14438, 14446, 14453, 14463, 14468, 14478, 14485, 14494, 14504, 14509, 14514, 14521, 14530, 14538, 14547,
    14557, 14565, 14575, 14581, 14587, 14593, 14600, 14607, 14614, 14622, 14628, 14635, 14643, 14649, 14656, 14664,
    14672, 14679, 14685, 14693, 14700, 14708, 14714, 14720, 14725, 14730, 14739, 14748, 14754, 14763, 14773, 14782,
    14787, 14798, 14808, 14817, 14824, 14833, 14844, 14855, 14864, 14874, 14885, 14895, 14903, 14913, 14924, 14932,
    14942, 14953, 14964, 14973, 14984, 14995, 15004, 15015, 15023, 15033, 15044, 15055, 15066, 15075, 15083, 15092,
    15100, 15109, 15119, 15130, 15139, 15148, 15157, 15167, 15177, 15187, 15198, 15205, 15213, 15223, 15231, 15240,
    15247, 15256, 15267, 15276, 15287, 15297, 15306, 15314, 15323, 15332, 15341, 15351, 15361, 15370, 15380, 15391,
    15402, 15413, 15420, 15429, 15440, 15449, 15458, 15466, 15475, 15481, 15491, 15501, 15510, 15519, 15527, 15535,
    15545, 15550, 15561, 15568, 15578, 15584, 15593, 15598, 15606, 15612, 15619, 15625, 15632, 15640, 15648, 15656,
    15663, 15669, 15676, 15684, 15692, 15701, 15710, 15717, 15722, 15729, 15736, 15742, 15750, 15758, 15764, 15771,
    15776, 15781, 15788, 15795, 15801, 15808, 15816, 15824, 15830, 15837, 15845, 15851, 15860, 15867, 15874, 15879,
    15884, 15889, 15896, 15902, 15907, 15918, 15924, 15929, 15939, 15949, 15959, 15970, 15980, 15986, 15993, 15999,
    16006, 16012, 16019, 16026, 16033, 16041, 16047, 16057, 16064, 16074, 16084, 16095, 16102, 16108, 16117, 16127,
    16133, 16140, 16150, 16159, 16168, 16175, 16185, 16192, 16200, 16207, 16214, 16221, 16229, 16238, 16248, 16256,
    16264, 16271, 16280, 16290, 16298, 16303, 16313, 16321, 16328, 16336, 16344, 16354, 16362, 16370, 16378, 16386,
    16393, 16399, 16406, 16414, 16423, 16430, 16438, 16445, 16453, 16459, 16469, 16476, 16481, 16487, 16496, 16504,
    16510, 16518, 16527, 16537, 16542, 16550, 16555, 16560, 16569, 16577, 16584, 16591, 16598, 16604, 16611, 16619,
    16626, 16637, 16645, 16653, 16660, 16669, 16678, 16686, 16695, 16703, 16709, 16715, 16721, 16731, 16739, 16747,
    16754, 16760, 16766, 16775, 16782, 16790, 16797, 16803, 16811, 16818, 16823, 16832, 16841, 16848, 16853, 16861,
    16867, 16875, 16884, 16893, 16901, 16908, 16916, 16923, 16930, 16937, 16943, 16953, 16962, 16967, 16973, 16978,
    16983, 16989, 16998, 17003, 17010, 17017, 17026, 17032, 17042, 17047, 17053, 17060, 17067, 17076, 17081, 17091,
    17100, 17110, 17120, 17127, 17135, 17141, 17151, 17159, 17168, 17176, 17185, 17195, 17202, 17208, 17214, 17221,
    17228, 17237, 17247, 17256, 17266, 17274, 17281, 17288, 17297, 17305, 17312, 17319, 17328, 17335, 17343, 17350,
    17361, 17369, 17379, 17388, 17397, 17404, 17412, 17418, 17426, 17435, 17444, 17453, 17460, 17470, 17477, 17488,
    17496, 17506, 17513, 17519, 17527, 17534, 17543, 17549, 17558, 17565, 17571, 17577, 17586, 17592, 17598, 17606,
    17615, 17624, 17631, 17640, 17648, 17658, 17664, 17670, 17680, 17689, 17699, 17709, 17718, 17725, 17734, 17742,
    17751, 17758, 17765, 17776, 17787, 17798, 17807, 17813, 17821, 17829, 17837, 17846, 17853, 17861, 17872, 17882,
    17892, 17903, 17914, 17925, 17936, 17943, 17952, 17963, 17974, 17985, 17990, 17997, 18007, 18018, 18027, 18036,
    18043, 18051, 18056, 18062, 18070, 18077, 18084, 18093, 18104, 18114, 18125, 18136, 18145, 18156, 18164, 18169,
    18177, 18186, 18194, 18204, 18215, 18223, 18234, 18244, 18254, 18264, 18275, 18285, 18293, 18302, 18313, 18319,
    18325, 18331, 18340, 18349, 18355, 18363, 18369, 18378, 18389, 18399, 18406, 18417, 18426, 18435, 18442, 18451,
    18457, 18464, 18473, 18478, 18483, 18489, 18498, 18504, 18511, 18517, 18525, 18533, 18543, 18551, 18559, 18567,
    18576, 18585, 18595, 18604, 18611, 18617, 18623, 18632, 18643, 18652, 18661, 18671, 18682, 18691, 18698, 18707,
    18715, 18720, 18729, 18740, 18745, 18753, 18759, 18768, 18774, 18782, 18791, 18798, 18807, 18818, 18827, 18838,
    18844, 18853, 18863, 18872, 18880, 18887, 18895, 18903, 18909, 18914, 18919, 18925, 18931, 18940, 18947, 18952,
    18959, 18965, 18973, 18980, 18989, 18995, 19004, 19011, 19019, 19024, 19029, 19038, 19044, 19052, 19061, 19067,
    19073, 19081, 19088, 19096, 19104, 19114, 19123, 19133, 19141, 19152, 19159, 19166, 19172, 19181, 19186, 19193,
    19202, 19210, 19219, 19228, 19238, 19243, 19251, 19260, 19267, 19274, 19282, 19289, 19298, 19306, 19313, 19323,
    19330, 19339, 19344, 19352, 19360, 19365, 19375, 19384, 19390, 19399, 19406, 19416, 19424, 19432, 19442, 19452,
    19460, 19469, 19479, 19490, 19501, 19512, 19523, 19534, 19543, 19554, 19561, 19572, 19579, 19590, 19601, 19607,
    19615, 19625, 19633, 19641, 19647, 19654, 19661, 19671, 19679, 19688, 19697, 19707, 19716, 19724, 19732, 19743,
    19750, 19761, 19771, 19778, 19788, 19799, 19806, 19813, 19822, 19829, 19836, 19844, 19853, 19862, 19872, 19879,
    19888, 19894, 19902, 19912, 19921, 19930, 19937, 19943, 19950, 19957, 19962, 19969, 19977, 19983, 19991, 20000,
    20007, 20013, 20020, 20026, 20031, 20037, 20046, 20053, 20061, 20070, 20079, 20087, 20094, 20102, 20110, 20119,
    20124, 20131, 20138, 20147, 20157, 20166, 20171, 20179, 20190, 20197, 20205, 20213, 20223, 20234, 20245, 20250,
    20255, 20264, 20272, 20279, 20285, 20292, 20300, 20308, 20315, 20321, 20327, 20333, 20344, 20351, 20356, 20365,
    20374, 20384, 20394, 20401, 20412, 20420, 20427, 20435, 20445, 20452, 20460, 20468, 20476, 20481, 20488, 20495,
    20506, 20515, 20523, 20531, 20537, 20545, 20552, 20561, 20567, 20575, 20585, 20590, 20596, 20604, 20613, 20624,
    20630, 20640, 20650, 20657, 20668, 20673, 20681, 20689, 20695, 20703, 20709, 20718, 20723, 20733, 20739, 20746,
    20756, 20766, 20773, 20779, 20787, 20797, 20802, 20810, 20819, 20825, 20831, 20841, 20852, 20859, 20867, 20873,
    20881, 20889, 20897, 20903, 20910, 20917, 20924, 20931, 20939, 20948, 20954,
};

static const int word_count = 2555;

const char* wordnet_adjs_get_word(int idx) {
    if (idx < 0 || idx >= word_count) return nullptr;
    return words_blob + word_offsets[idx];
}

int wordnet_adjs_get_word_count() {
    return word_count;
}
