#include "wordnet_verbs.h"

static const char words_blob[] = {
    0x61, 0x62, 0x61, 0x6e, 0x64, 0x6f, 0x6e, 0x0, 0x61, 0x62, 0x69, 0x64, 0x65, 0x0, 0x61, 0x62,
    0x73, 0x65, 0x6e, 0x74, 0x0, 0x61, 0x62, 0x73, 0x6f, 0x72, 0x62, 0x0, 0x61, 0x62, 0x73, 0x74,
    0x72, 0x61, 0x63, 0x74, 0x0, 0x61, 0x62, 0x75, 0x73, 0x65, 0x0, 0x61, 0x63, 0x63, 0x65, 0x6c,
    0x65, 0x72, 0x61, 0x74, 0x65, 0x0, 0x61, 0x63, 0x63, 0x65, 0x6e, 0x74, 0x0, 0x61, 0x63, 0x63,
    0x65, 0x70, 0x74, 0x0, 0x61, 0x63, 0x63, 0x65, 0x73, 0x73, 0x0, 0x61, 0x63, 0x63, 0x6f, 0x6d,
    0x70, 0x61, 0x6e, 0x79, 0x0, 0x61, 0x63, 0x63, 0x6f, 0x6d, 0x70, 0x6c, 0x69, 0x73, 0x68, 0x0,
    0x61, 0x63, 0x63, 0x6f, 0x72, 0x64, 0x0, 0x61, 0x63, 0x63, 0x6f, 0x75, 0x6e, 0x74, 0x0, 0x61,
    0x63, 0x63, 0x75, 0x73, 0x65, 0x0, 0x61, 0x63, 0x68, 0x69, 0x65, 0x76, 0x65, 0x0, 0x61, 0x63,
    0x71, 0x75, 0x69, 0x72, 0x65, 0x0, 0x61, 0x63, 0x74, 0x69, 0x6f, 0x6e, 0x0, 0x61, 0x63, 0x74,
    0x69, 0x76, 0x61, 0x74, 0x65, 0x0, 0x61, 0x64, 0x61, 0x70, 0x74, 0x0, 0x61, 0x64, 0x64, 0x69,
    0x63, 0x74, 0x0, 0x61, 0x64, 0x64, 0x72, 0x65, 0x73, 0x73, 0x0, 0x61, 0x64, 0x68, 0x65, 0x72,
    0x65, 0x0, 0x61, 0x64, 0x6a, 0x75, 0x73, 0x74, 0x0, 0x61, 0x64, 0x6d, 0x69, 0x6e, 0x69, 0x73,
    0x74, 0x65, 0x72, 0x0, 0x61, 0x64, 0x6d, 0x69, 0x72, 0x65, 0x0, 0x61, 0x64, 0x6d, 0x69, 0x74,
    0x0, 0x61, 0x64, 0x6f, 0x70, 0x74, 0x0, 0x61, 0x64, 0x6f, 0x72, 0x65, 0x0, 0x61, 0x64, 0x76,
    0x61, 0x6e, 0x63, 0x65, 0x0, 0x61, 0x64, 0x76, 0x61, 0x6e, 0x74, 0x61, 0x67, 0x65, 0x0, 0x61,
    0x64, 0x76, 0x65, 0x6e, 0x74, 0x75, 0x72, 0x65, 0x0, 0x61, 0x64, 0x76, 0x65, 0x72, 0x74, 0x69,
    0x73, 0x65, 0x0, 0x61, 0x64, 0x76, 0x69, 0x73, 0x65, 0x0, 0x61, 0x64, 0x76, 0x6f, 0x63, 0x61,
    0x74, 0x65, 0x0, 0x61, 0x66, 0x66, 0x65, 0x63, 0x74, 0x0, 0x61, 0x66, 0x66, 0x69, 0x6c, 0x69,
    0x61, 0x74, 0x65, 0x0, 0x61, 0x66, 0x66, 0x6f, 0x72, 0x64, 0x0, 0x61, 0x67, 0x67, 0x72, 0x65,
    0x67, 0x61, 0x74, 0x65, 0x0, 0x61, 0x67, 0x72, 0x65, 0x65, 0x0, 0x61, 0x6c, 0x61, 0x72, 0x6d,
    0x0, 0x61, 0x6c, 0x65, 0x72, 0x74, 0x0, 0x61, 0x6c, 0x69, 0x65, 0x6e, 0x0, 0x61, 0x6c, 0x69,
    0x67, 0x6e, 0x0, 0x61, 0x6c, 0x6c, 0x65, 0x76, 0x69, 0x61, 0x74, 0x65, 0x0, 0x61, 0x6c, 0x6c,
    0x6f, 0x77, 0x61, 0x6e, 0x63, 0x65, 0x0, 0x61, 0x6c, 0x6c, 0x6f, 0x79, 0x0, 0x61, 0x6c, 0x6c,
    0x79, 0x0, 0x61, 0x6c, 0x74, 0x65, 0x72, 0x6e, 0x61, 0x74, 0x65, 0x0, 0x61, 0x6d, 0x62, 0x69,
    0x74, 0x69, 0x6f, 0x6e, 0x0, 0x61, 0x6d, 0x62, 0x75, 0x73, 0x68, 0x0, 0x61, 0x6d, 0x65, 0x6e,
    0x64, 0x0, 0x61, 0x6d, 0x6e, 0x65, 0x73, 0x74, 0x79, 0x0, 0x61, 0x6d, 0x6f, 0x75, 0x6e, 0x74,
    0x0, 0x61, 0x6e, 0x61, 0x6c, 0x79, 0x7a, 0x65, 0x0, 0x61, 0x6e, 0x63, 0x68, 0x6f, 0x72, 0x0,
    0x61, 0x6e, 0x67, 0x65, 0x72, 0x0, 0x61, 0x6e, 0x67, 0x6c, 0x65, 0x0, 0x61, 0x6e, 0x6e, 0x65,
    0x78, 0x0, 0x61, 0x6e, 0x6e, 0x6f, 0x75, 0x6e, 0x63, 0x65, 0x0, 0x61, 0x6e, 0x73, 0x77, 0x65,
    0x72, 0x0, 0x61, 0x6e, 0x74, 0x69, 0x63, 0x69, 0x70, 0x61, 0x74, 0x65, 0x0, 0x61, 0x6e, 0x74,
    0x69, 0x71, 0x75, 0x65, 0x0, 0x61, 0x70, 0x6f, 0x6c, 0x6f, 0x67, 0x69, 0x73, 0x65, 0x0, 0x61,
    0x70, 0x6f, 0x6c, 0x6f, 0x67, 0x69, 0x7a, 0x65, 0x0, 0x61, 0x70, 0x70, 0x61, 0x72, 0x65, 0x6c,
    0x0, 0x61, 0x70, 0x70, 0x65, 0x61, 0x6c, 0x0, 0x61, 0x70, 0x70, 0x65, 0x61, 0x72, 0x0, 0x61,
    0x70, 0x70, 0x6c, 0x79, 0x0, 0x61, 0x70, 0x70, 0x6f, 0x69, 0x6e, 0x74, 0x0, 0x61, 0x70, 0x70,
    0x72, 0x65, 0x63, 0x69, 0x61, 0x74, 0x65, 0x0, 0x61, 0x70, 0x70, 0x72, 0x65, 0x6e, 0x74, 0x69,
    0x63, 0x65, 0x0, 0x61, 0x70, 0x70, 0x72, 0x6f, 0x61, 0x63, 0x68, 0x0, 0x61, 0x70, 0x70, 0x72,
    0x6f, 0x76, 0x65, 0x0, 0x61, 0x72, 0x63, 0x68, 0x69, 0x76, 0x65, 0x0, 0x61, 0x72, 0x67, 0x75,
    0x65, 0x0, 0x61, 0x72, 0x69, 0x73, 0x65, 0x0, 0x61, 0x72, 0x6d, 0x6f, 0x72, 0x0, 0x61, 0x72,
    0x6d, 0x6f, 0x75, 0x72, 0x0, 0x61, 0x72, 0x72, 0x61, 0x6e, 0x67, 0x65, 0x0, 0x61, 0x72, 0x72,
    0x61, 0x79, 0x0, 0x61, 0x72, 0x72, 0x65, 0x73, 0x74, 0x0, 0x61, 0x72, 0x72, 0x69, 0x76, 0x65,
    0x0, 0x61, 0x72, 0x74, 0x69, 0x63, 0x6c, 0x65, 0x0, 0x61, 0x72, 0x74, 0x69, 0x63, 0x75, 0x6c,
    0x61, 0x74, 0x65, 0x0, 0x61, 0x73, 0x70, 0x68, 0x61, 0x6c, 0x74, 0x0, 0x61, 0x73, 0x73, 0x61,
    0x75, 0x6c, 0x74, 0x0, 0x61, 0x73, 0x73, 0x65, 0x6d, 0x62, 0x6c, 0x65, 0x0, 0x61, 0x73, 0x73,
    0x65, 0x72, 0x74, 0x0, 0x61, 0x73, 0x73, 0x65, 0x73, 0x73, 0x0, 0x61, 0x73, 0x73, 0x69, 0x67,
    0x6e, 0x0, 0x61, 0x73, 0x73, 0x69, 0x73, 0x74, 0x0, 0x61, 0x73, 0x73, 0x6f, 0x63, 0x69, 0x61,
    0x74, 0x65, 0x0, 0x61, 0x73, 0x73, 0x75, 0x6d, 0x65, 0x0, 0x61, 0x73, 0x73, 0x75, 0x72, 0x65,
    0x0, 0x61, 0x74, 0x74, 0x61, 0x63, 0x68, 0x0, 0x61, 0x74, 0x74, 0x61, 0x63, 0x6b, 0x0, 0x61,
    0x74, 0x74, 0x61, 0x69, 0x6e, 0x0, 0x61, 0x74, 0x74, 0x65, 0x6d, 0x70, 0x74, 0x0, 0x61, 0x74,
    0x74, 0x65, 0x6e, 0x64, 0x0, 0x61, 0x74, 0x74, 0x72, 0x61, 0x63, 0x74, 0x0, 0x61, 0x74, 0x74,
    0x72, 0x69, 0x62, 0x75, 0x74, 0x65, 0x0, 0x61, 0x75, 0x63, 0x74, 0x69, 0x6f, 0x6e, 0x0, 0x61,
    0x75, 0x64, 0x69, 0x74, 0x69, 0x6f, 0x6e, 0x0, 0x61, 0x75, 0x74, 0x68, 0x6f, 0x72, 0x0, 0x61,
    0x75, 0x74, 0x6f, 0x6d, 0x6f, 0x62, 0x69, 0x6c, 0x65, 0x0, 0x61, 0x75, 0x74, 0x6f, 0x70, 0x73,
    0x79, 0x0, 0x61, 0x76, 0x61, 0x69, 0x6c, 0x0, 0x61, 0x76, 0x65, 0x72, 0x61, 0x67, 0x65, 0x0,
    0x61, 0x76, 0x6f, 0x69, 0x64, 0x0, 0x61, 0x77, 0x61, 0x69, 0x74, 0x0, 0x61, 0x77, 0x61, 0x6b,
    0x65, 0x0, 0x61, 0x77, 0x61, 0x72, 0x64, 0x0, 0x62, 0x61, 0x62, 0x79, 0x0, 0x62, 0x61, 0x63,
    0x68, 0x65, 0x6c, 0x6f, 0x72, 0x0, 0x62, 0x61, 0x63, 0x6b, 0x67, 0x72, 0x6f, 0x75, 0x6e, 0x64,
    0x0, 0x62, 0x61, 0x63, 0x6b, 0x6c, 0x61, 0x73, 0x68, 0x0, 0x62, 0x61, 0x63, 0x6b, 0x70, 0x61,
    0x63, 0x6b, 0x0, 0x62, 0x61, 0x64, 0x67, 0x65, 0x0, 0x62, 0x61, 0x69, 0x6c, 0x0, 0x62, 0x61,
    0x69, 0x74, 0x0, 0x62, 0x61, 0x6b, 0x65, 0x0, 0x62, 0x61, 0x6c, 0x61, 0x6e, 0x63, 0x65, 0x0,
    0x62, 0x61, 0x6c, 0x64, 0x0, 0x62, 0x61, 0x6c, 0x65, 0x0, 0x62, 0x61, 0x6c, 0x6c, 0x6f, 0x6f,
    0x6e, 0x0, 0x62, 0x61, 0x6c, 0x6c, 0x6f, 0x74, 0x0, 0x62, 0x61, 0x6e, 0x64, 0x0, 0x62, 0x61,
    0x6e, 0x67, 0x0, 0x62, 0x61, 0x6e, 0x6b, 0x72, 0x75, 0x70, 0x74, 0x0, 0x62, 0x61, 0x6e, 0x71,
    0x75, 0x65, 0x74, 0x0, 0x62, 0x61, 0x72, 0x62, 0x65, 0x63, 0x75, 0x65, 0x0, 0x62, 0x61, 0x72,
    0x62, 0x65, 0x72, 0x0, 0x62, 0x61, 0x72, 0x65, 0x0, 0x62, 0x61, 0x72, 0x67, 0x61, 0x69, 0x6e,
    0x0, 0x62, 0x61, 0x72, 0x67, 0x65, 0x0, 0x62, 0x61, 0x72, 0x6b, 0x0, 0x62, 0x61, 0x72, 0x72,
    0x65, 0x6c, 0x0, 0x62, 0x61, 0x73, 0x65, 0x0, 0x62, 0x61, 0x73, 0x68, 0x0, 0x62, 0x61, 0x74,
    0x63, 0x68, 0x0, 0x62, 0x61, 0x74, 0x68, 0x0, 0x62, 0x61, 0x74, 0x74, 0x65, 0x72, 0x0, 0x62,
    0x61, 0x74, 0x74, 0x6c, 0x65, 0x0, 0x62, 0x65, 0x61, 0x63, 0x68, 0x0, 0x62, 0x65, 0x61, 0x63,
    0x6f, 0x6e, 0x0, 0x62, 0x65, 0x61, 0x6d, 0x0, 0x62, 0x65, 0x61, 0x6e, 0x0, 0x62, 0x65, 0x61,
    0x72, 0x64, 0x0, 0x62, 0x65, 0x61, 0x74, 0x0, 0x62, 0x65, 0x61, 0x76, 0x65, 0x72, 0x0, 0x62,
    0x65, 0x63, 0x6f, 0x6d, 0x65, 0x0, 0x62, 0x65, 0x65, 0x66, 0x0, 0x62, 0x65, 0x65, 0x74, 0x6c,
    0x65, 0x0, 0x62, 0x65, 0x67, 0x69, 0x6e, 0x0, 0x62, 0x65, 0x68, 0x61, 0x76, 0x65, 0x0, 0x62,
    0x65, 0x68, 0x6f, 0x6c, 0x64, 0x0, 0x62, 0x65, 0x6c, 0x69, 0x65, 0x76, 0x65, 0x0, 0x62, 0x65,
    0x6c, 0x6c, 0x79, 0x0, 0x62, 0x65, 0x6c, 0x6f, 0x6e, 0x67, 0x0, 0x62, 0x65, 0x6c, 0x74, 0x0,
    0x62, 0x65, 0x6e, 0x63, 0x68, 0x0, 0x62, 0x65, 0x6e, 0x64, 0x0, 0x62, 0x65, 0x6e, 0x65, 0x66,
    0x69, 0x74, 0x0, 0x62, 0x65, 0x72, 0x72, 0x79, 0x0, 0x62, 0x65, 0x73, 0x74, 0x0, 0x62, 0x65,
    0x74, 0x74, 0x65, 0x72, 0x0, 0x62, 0x65, 0x77, 0x61, 0x72, 0x65, 0x0, 0x62, 0x69, 0x61, 0x73,
    0x0, 0x62, 0x69, 0x63, 0x79, 0x63, 0x6c, 0x65, 0x0, 0x62, 0x69, 0x6b, 0x65, 0x0, 0x62, 0x69,
    0x6c, 0x6c, 0x0, 0x62, 0x69, 0x6e, 0x64, 0x0, 0x62, 0x69, 0x6e, 0x67, 0x65, 0x0, 0x62, 0x69,
    0x72, 0x63, 0x68, 0x0, 0x62, 0x69, 0x72, 0x64, 0x0, 0x62, 0x69, 0x72, 0x74, 0x68, 0x0, 0x62,
    0x69, 0x74, 0x65, 0x0, 0x62, 0x69, 0x74, 0x74, 0x65, 0x72, 0x0, 0x62, 0x6c, 0x61, 0x63, 0x6b,
    0x62, 0x65, 0x72, 0x72, 0x79, 0x0, 0x62, 0x6c, 0x61, 0x6d, 0x65, 0x0, 0x62, 0x6c, 0x61, 0x6e,
    0x6b, 0x65, 0x74, 0x0, 0x62, 0x6c, 0x61, 0x73, 0x74, 0x0, 0x62, 0x6c, 0x61, 0x7a, 0x65, 0x0,
    0x62, 0x6c, 0x65, 0x61, 0x63, 0x68, 0x0, 0x62, 0x6c, 0x65, 0x65, 0x64, 0x0, 0x62, 0x6c, 0x65,
    0x6e, 0x64, 0x0, 0x62, 0x6c, 0x65, 0x73, 0x73, 0x0, 0x62, 0x6c, 0x69, 0x6e, 0x64, 0x0, 0x62,
    0x6c, 0x69, 0x6e, 0x6b, 0x0, 0x62, 0x6c, 0x69, 0x74, 0x7a, 0x0, 0x62, 0x6c, 0x6f, 0x63, 0x6b,
    0x61, 0x64, 0x65, 0x0, 0x62, 0x6c, 0x6f, 0x67, 0x0, 0x62, 0x6c, 0x6f, 0x6f, 0x64, 0x0, 0x62,
    0x6c, 0x6f, 0x6f, 0x6d, 0x0, 0x62, 0x6c, 0x6f, 0x73, 0x73, 0x6f, 0x6d, 0x0, 0x62, 0x6c, 0x6f,
    0x77, 0x0, 0x62, 0x6c, 0x75, 0x65, 0x0, 0x62, 0x6c, 0x75, 0x66, 0x66, 0x0, 0x62, 0x6c, 0x75,
    0x6e, 0x74, 0x0, 0x62, 0x6c, 0x75, 0x72, 0x0, 0x62, 0x6c, 0x75, 0x73, 0x68, 0x0, 0x62, 0x6f,
    0x61, 0x72, 0x64, 0x0, 0x62, 0x6f, 0x61, 0x73, 0x74, 0x0, 0x62, 0x6f, 0x61, 0x74, 0x0, 0x62,
    0x6f, 0x64, 0x79, 0x0, 0x62, 0x6f, 0x69, 0x6c, 0x0, 0x62, 0x6f, 0x6c, 0x74, 0x0, 0x62, 0x6f,
    0x6d, 0x62, 0x0, 0x62, 0x6f, 0x6e, 0x64, 0x0, 0x62, 0x6f, 0x6e, 0x65, 0x0, 0x62, 0x6f, 0x6e,
    0x67, 0x0, 0x62, 0x6f, 0x6f, 0x67, 0x69, 0x65, 0x0, 0x62, 0x6f, 0x6f, 0x6b, 0x0, 0x62, 0x6f,
    0x6f, 0x6d, 0x0, 0x62, 0x6f, 0x6f, 0x73, 0x74, 0x0, 0x62, 0x6f, 0x6f, 0x74, 0x0, 0x62, 0x6f,
    0x6f, 0x7a, 0x65, 0x0, 0x62, 0x6f, 0x72, 0x64, 0x65, 0x72, 0x0, 0x62, 0x6f, 0x72, 0x65, 0x0,
    0x62, 0x6f, 0x72, 0x72, 0x6f, 0x77, 0x0, 0x62, 0x6f, 0x73, 0x73, 0x0, 0x62, 0x6f, 0x74, 0x68,
    0x65, 0x72, 0x0, 0x62, 0x6f, 0x74, 0x74, 0x6c, 0x65, 0x0, 0x62, 0x6f, 0x74, 0x74, 0x6f, 0x6d,
    0x0, 0x62, 0x6f, 0x75, 0x6e, 0x63, 0x65, 0x0, 0x62, 0x6f, 0x75, 0x6e, 0x64, 0x0, 0x62, 0x6f,
    0x77, 0x6c, 0x0, 0x62, 0x6f, 0x79, 0x63, 0x6f, 0x74, 0x74, 0x0, 0x62, 0x72, 0x61, 0x63, 0x65,
    0x0, 0x62, 0x72, 0x61, 0x63, 0x6b, 0x65, 0x74, 0x0, 0x62, 0x72, 0x61, 0x64, 0x0, 0x62, 0x72,
    0x61, 0x69, 0x6e, 0x0, 0x62, 0x72, 0x61, 0x6b, 0x65, 0x0, 0x62, 0x72, 0x61, 0x6e, 0x63, 0x68,
    0x0, 0x62, 0x72, 0x61, 0x6e, 0x64, 0x0, 0x62, 0x72, 0x61, 0x76, 0x65, 0x0, 0x62, 0x72, 0x61,
    0x76, 0x6f, 0x0, 0x62, 0x72, 0x61, 0x77, 0x6c, 0x0, 0x62, 0x72, 0x65, 0x61, 0x63, 0x68, 0x0,
    0x62, 0x72, 0x65, 0x61, 0x64, 0x0, 0x62, 0x72, 0x65, 0x61, 0x6b, 0x66, 0x61, 0x73, 0x74, 0x0,
    0x62, 0x72, 0x65, 0x61, 0x73, 0x74, 0x0, 0x62, 0x72, 0x65, 0x61, 0x74, 0x68, 0x65, 0x0, 0x62,
    0x72, 0x65, 0x65, 0x64, 0x0, 0x62, 0x72, 0x65, 0x65, 0x7a, 0x65, 0x0, 0x62, 0x72, 0x65, 0x77,
    0x0, 0x62, 0x72, 0x69, 0x62, 0x65, 0x0, 0x62, 0x72, 0x69, 0x64, 0x67, 0x65, 0x0, 0x62, 0x72,
    0x69, 0x65, 0x66, 0x0, 0x62, 0x72, 0x69, 0x67, 0x61, 0x64, 0x65, 0x0, 0x62, 0x72, 0x69, 0x6e,
    0x67, 0x0, 0x62, 0x72, 0x6f, 0x61, 0x64, 0x63, 0x61, 0x73, 0x74, 0x0, 0x62, 0x72, 0x6f, 0x6b,
    0x65, 0x72, 0x0, 0x62, 0x72, 0x6f, 0x6e, 0x7a, 0x65, 0x0, 0x62, 0x72, 0x6f, 0x6f, 0x6b, 0x0,
    0x62, 0x72, 0x6f, 0x77, 0x6e, 0x0, 0x62, 0x72, 0x6f, 0x77, 0x73, 0x65, 0x0, 0x62, 0x72, 0x75,
    0x73, 0x68, 0x0, 0x62, 0x75, 0x62, 0x62, 0x6c, 0x65, 0x0, 0x62, 0x75, 0x63, 0x6b, 0x65, 0x74,
    0x0, 0x62, 0x75, 0x63, 0x6b, 0x6c, 0x65, 0x0, 0x62, 0x75, 0x64, 0x67, 0x65, 0x74, 0x0, 0x62,
    0x75, 0x66, 0x66, 0x61, 0x6c, 0x6f, 0x0, 0x62, 0x75, 0x66, 0x66, 0x65, 0x72, 0x0, 0x62, 0x75,
    0x66, 0x66, 0x65, 0x74, 0x0, 0x62, 0x75, 0x69, 0x6c, 0x64, 0x0, 0x62, 0x75, 0x6c, 0x6b, 0x0,
    0x62, 0x75, 0x6c, 0x6c, 0x65, 0x74, 0x69, 0x6e, 0x0, 0x62, 0x75, 0x6c, 0x6c, 0x79, 0x0, 0x62,
    0x75, 0x6d, 0x70, 0x0, 0x62, 0x75, 0x6e, 0x63, 0x68, 0x0, 0x62, 0x75, 0x6e, 0x64, 0x6c, 0x65,
    0x0, 0x62, 0x75, 0x6e, 0x6b, 0x65, 0x72, 0x0, 0x62, 0x75, 0x72, 0x64, 0x65, 0x6e, 0x0, 0x62,
    0x75, 0x72, 0x6b, 0x65, 0x0, 0x62, 0x75, 0x72, 0x6e, 0x0, 0x62, 0x75, 0x72, 0x73, 0x74, 0x0,
    0x62, 0x75, 0x72, 0x79, 0x0, 0x62, 0x75, 0x73, 0x68, 0x0, 0x62, 0x75, 0x73, 0x74, 0x0, 0x62,
    0x75, 0x73, 0x79, 0x0, 0x62, 0x75, 0x74, 0x63, 0x68, 0x65, 0x72, 0x0, 0x62, 0x75, 0x74, 0x74,
    0x65, 0x72, 0x66, 0x6c, 0x79, 0x0, 0x62, 0x75, 0x74, 0x74, 0x6f, 0x6e, 0x0, 0x62, 0x75, 0x7a,
    0x7a, 0x0, 0x62, 0x79, 0x70, 0x61, 0x73, 0x73, 0x0, 0x63, 0x61, 0x62, 0x62, 0x61, 0x67, 0x65,
    0x0, 0x63, 0x61, 0x62, 0x69, 0x6e, 0x0, 0x63, 0x61, 0x62, 0x6c, 0x65, 0x0, 0x63, 0x61, 0x63,
    0x68, 0x65, 0x0, 0x63, 0x61, 0x67, 0x65, 0x0, 0x63, 0x61, 0x6b, 0x65, 0x0, 0x63, 0x61, 0x6c,
    0x63, 0x75, 0x6c, 0x61, 0x74, 0x65, 0x0, 0x63, 0x61, 0x6c, 0x65, 0x6e, 0x64, 0x61, 0x72, 0x0,
    0x63, 0x61, 0x6c, 0x6c, 0x0, 0x63, 0x61, 0x6c, 0x6d, 0x0, 0x63, 0x61, 0x6d, 0x70, 0x61, 0x69,
    0x67, 0x6e, 0x0, 0x63, 0x61, 0x6e, 0x61, 0x6c, 0x0, 0x63, 0x61, 0x6e, 0x63, 0x65, 0x6c, 0x0,
    0x63, 0x61, 0x6e, 0x64, 0x6c, 0x65, 0x0, 0x63, 0x61, 0x6e, 0x64, 0x79, 0x0, 0x63, 0x61, 0x6e,
    0x65, 0x0, 0x63, 0x61, 0x6e, 0x6e, 0x6f, 0x6e, 0x0, 0x63, 0x61, 0x6e, 0x6f, 0x65, 0x0, 0x63,
    0x61, 0x6e, 0x6f, 0x70, 0x79, 0x0, 0x63, 0x61, 0x6e, 0x74, 0x6f, 0x6e, 0x0, 0x63, 0x61, 0x6e,
    0x76, 0x61, 0x73, 0x0, 0x63, 0x61, 0x70, 0x73, 0x75, 0x6c, 0x65, 0x0, 0x63, 0x61, 0x70, 0x74,
    0x61, 0x69, 0x6e, 0x0, 0x63, 0x61, 0x70, 0x74, 0x69, 0x6f, 0x6e, 0x0, 0x63, 0x61, 0x70, 0x74,
    0x75, 0x72, 0x65, 0x0, 0x63, 0x61, 0x72, 0x61, 0x76, 0x61, 0x6e, 0x0, 0x63, 0x61, 0x72, 0x64,
    0x0, 0x63, 0x61, 0x72, 0x65, 0x65, 0x72, 0x0, 0x63, 0x61, 0x72, 0x6f, 0x6c, 0x0, 0x63, 0x61,
    0x72, 0x70, 0x65, 0x6e, 0x74, 0x65, 0x72, 0x0, 0x63, 0x61, 0x72, 0x70, 0x65, 0x74, 0x0, 0x63,
    0x61, 0x72, 0x72, 0x79, 0x0, 0x63, 0x61, 0x72, 0x74, 0x6f, 0x6f, 0x6e, 0x0, 0x63, 0x61, 0x73,
    0x65, 0x0, 0x63, 0x61, 0x73, 0x68, 0x69, 0x65, 0x72, 0x0, 0x63, 0x61, 0x73, 0x74, 0x6c, 0x65,
    0x0, 0x63, 0x61, 0x74, 0x61, 0x6c, 0x6f, 0x67, 0x75, 0x65, 0x0, 0x63, 0x61, 0x74, 0x63, 0x68,
    0x0, 0x63, 0x61, 0x74, 0x65, 0x72, 0x0, 0x63, 0x61, 0x75, 0x63, 0x75, 0x73, 0x0, 0x63, 0x61,
    0x75, 0x73, 0x65, 0x0, 0x63, 0x61, 0x75, 0x74, 0x69, 0x6f, 0x6e, 0x0, 0x63, 0x61, 0x76, 0x65,
    0x0, 0x63, 0x65, 0x61, 0x73, 0x65, 0x0, 0x63, 0x65, 0x6c, 0x65, 0x62, 0x72, 0x61, 0x74, 0x65,
    0x0, 0x63, 0x65, 0x6d, 0x65, 0x6e, 0x74, 0x0, 0x63, 0x65, 0x6e, 0x73, 0x75, 0x73, 0x0, 0x63,
    0x65, 0x6e, 0x74, 0x65, 0x72, 0x0, 0x63, 0x65, 0x6e, 0x74, 0x72, 0x65, 0x0, 0x63, 0x68, 0x61,
    0x69, 0x6e, 0x0, 0x63, 0x68, 0x61, 0x69, 0x72, 0x6d, 0x61, 0x6e, 0x0, 0x63, 0x68, 0x61, 0x6c,
    0x6b, 0x0, 0x63, 0x68, 0x61, 0x6c, 0x6c, 0x65, 0x6e, 0x67, 0x65, 0x0, 0x63, 0x68, 0x61, 0x6d,
    0x62, 0x65, 0x72, 0x0, 0x63, 0x68, 0x61, 0x6d, 0x70, 0x69, 0x6f, 0x6e, 0x0, 0x63, 0x68, 0x61,
    0x6e, 0x63, 0x65, 0x0, 0x63, 0x68, 0x61, 0x6e, 0x67, 0x65, 0x0, 0x63, 0x68, 0x61, 0x6e, 0x6e,
    0x65, 0x6c, 0x0, 0x63, 0x68, 0x61, 0x6e, 0x74, 0x0, 0x63, 0x68, 0x61, 0x70, 0x0, 0x63, 0x68,
    0x61, 0x72, 0x61, 0x63, 0x74, 0x65, 0x72, 0x0, 0x63, 0x68, 0x61, 0x72, 0x63, 0x6f, 0x61, 0x6c,
    0x0, 0x63, 0x68, 0x61, 0x72, 0x67, 0x65, 0x0, 0x63, 0x68, 0x61, 0x72, 0x6c, 0x65, 0x73, 0x74,
    0x6f, 0x6e, 0x0, 0x63, 0x68, 0x61, 0x72, 0x6d, 0x0, 0x63, 0x68, 0x61, 0x72, 0x74, 0x65, 0x72,
    0x0, 0x63, 0x68, 0x61, 0x73, 0x65, 0x0, 0x63, 0x68, 0x61, 0x74, 0x0, 0x63, 0x68, 0x65, 0x61,
    0x74, 0x0, 0x63, 0x68, 0x65, 0x63, 0x6b, 0x0, 0x63, 0x68, 0x65, 0x65, 0x6b, 0x0, 0x63, 0x68,
    0x65, 0x65, 0x72, 0x0, 0x63, 0x68, 0x65, 0x65, 0x73, 0x65, 0x0, 0x63, 0x68, 0x65, 0x72, 0x69,
    0x73, 0x68, 0x0, 0x63, 0x68, 0x65, 0x76, 0x79, 0x0, 0x63, 0x68, 0x65, 0x77, 0x0, 0x63, 0x68,
    0x69, 0x6c, 0x6c, 0x0, 0x63, 0x68, 0x69, 0x6e, 0x0, 0x63, 0x68, 0x69, 0x70, 0x0, 0x63, 0x68,
    0x6f, 0x69, 0x72, 0x0, 0x63, 0x68, 0x6f, 0x6b, 0x65, 0x0, 0x63, 0x68, 0x6f, 0x6f, 0x73, 0x65,
    0x0, 0x63, 0x68, 0x6f, 0x70, 0x0, 0x63, 0x68, 0x6f, 0x72, 0x64, 0x0, 0x63, 0x68, 0x6f, 0x72,
    0x75, 0x73, 0x0, 0x63, 0x68, 0x72, 0x6f, 0x6d, 0x65, 0x0, 0x63, 0x68, 0x72, 0x6f, 0x6e, 0x69,
    0x63, 0x6c, 0x65, 0x0, 0x63, 0x68, 0x75, 0x63, 0x6b, 0x6c, 0x65, 0x0, 0x63, 0x68, 0x75, 0x6e,
    0x6b, 0x0, 0x63, 0x68, 0x75, 0x72, 0x63, 0x68, 0x0, 0x63, 0x69, 0x72, 0x63, 0x6c, 0x65, 0x0,
    0x63, 0x69, 0x72, 0x63, 0x75, 0x69, 0x74, 0x0, 0x63, 0x69, 0x74, 0x65, 0x0, 0x63, 0x6c, 0x61,
    0x69, 0x6d, 0x0, 0x63, 0x6c, 0x61, 0x70, 0x0, 0x63, 0x6c, 0x61, 0x72, 0x69, 0x66, 0x79, 0x0,
    0x63, 0x6c, 0x61, 0x73, 0x68, 0x0, 0x63, 0x6c, 0x61, 0x73, 0x73, 0x0, 0x63, 0x6c, 0x61, 0x77,
    0x0, 0x63, 0x6c, 0x65, 0x61, 0x6e, 0x0, 0x63, 0x6c, 0x65, 0x61, 0x72, 0x0, 0x63, 0x6c, 0x65,
    0x72, 0x6b, 0x0, 0x63, 0x6c, 0x69, 0x63, 0x6b, 0x0, 0x63, 0x6c, 0x69, 0x6d, 0x61, 0x78, 0x0,
    0x63, 0x6c, 0x69, 0x6d, 0x62, 0x0, 0x63, 0x6c, 0x69, 0x70, 0x0, 0x63, 0x6c, 0x6f, 0x61, 0x6b,
    0x0, 0x63, 0x6c, 0x6f, 0x63, 0x6b, 0x0, 0x63, 0x6c, 0x6f, 0x6e, 0x65, 0x0, 0x63, 0x6c, 0x6f,
    0x73, 0x65, 0x74, 0x0, 0x63, 0x6c, 0x6f, 0x73, 0x75, 0x72, 0x65, 0x0, 0x63, 0x6c, 0x6f, 0x75,
    0x64, 0x0, 0x63, 0x6c, 0x6f, 0x77, 0x6e, 0x0, 0x63, 0x6c, 0x75, 0x62, 0x0, 0x63, 0x6c, 0x75,
    0x65, 0x0, 0x63, 0x6c, 0x75, 0x73, 0x74, 0x65, 0x72, 0x0, 0x63, 0x6c, 0x75, 0x74, 0x63, 0x68,
    0x0, 0x63, 0x6f, 0x61, 0x63, 0x68, 0x0, 0x63, 0x6f, 0x61, 0x6c, 0x0, 0x63, 0x6f, 0x61, 0x73,
    0x74, 0x0, 0x63, 0x6f, 0x61, 0x74, 0x0, 0x63, 0x6f, 0x64, 0x65, 0x0, 0x63, 0x6f, 0x66, 0x66,
    0x69, 0x6e, 0x0, 0x63, 0x6f, 0x69, 0x6c, 0x0, 0x63, 0x6f, 0x69, 0x6e, 0x0, 0x63, 0x6f, 0x6b,
    0x65, 0x0, 0x63, 0x6f, 0x6c, 0x6c, 0x61, 0x70, 0x73, 0x65, 0x0, 0x63, 0x6f, 0x6c, 0x6c, 0x61,
    0x72, 0x0, 0x63, 0x6f, 0x6c, 0x6c, 0x65, 0x63, 0x74, 0x0, 0x63, 0x6f, 0x6c, 0x6f, 0x72, 0x0,
    0x63, 0x6f, 0x6c, 0x6f, 0x75, 0x72, 0x0, 0x63, 0x6f, 0x6d, 0x62, 0x61, 0x74, 0x0, 0x63, 0x6f,
    0x6d, 0x62, 0x69, 0x6e, 0x65, 0x0, 0x63, 0x6f, 0x6d, 0x65, 0x0, 0x63, 0x6f, 0x6d, 0x66, 0x6f,
    0x72, 0x74, 0x0, 0x63, 0x6f, 0x6d, 0x6d, 0x61, 0x6e, 0x64, 0x0, 0x63, 0x6f, 0x6d, 0x6d, 0x65,
    0x6e, 0x63, 0x65, 0x0, 0x63, 0x6f, 0x6d, 0x6d, 0x65, 0x6e, 0x74, 0x0, 0x63, 0x6f, 0x6d, 0x6d,
    0x69, 0x73, 0x73, 0x69, 0x6f, 0x6e, 0x0, 0x63, 0x6f, 0x6d, 0x6d, 0x69, 0x74, 0x0, 0x63, 0x6f,
    0x6d, 0x6d, 0x75, 0x74, 0x65, 0x0, 0x63, 0x6f, 0x6d, 0x70, 0x61, 0x63, 0x74, 0x0, 0x63, 0x6f,
    0x6d, 0x70, 0x61, 0x6e, 0x69, 0x6f, 0x6e, 0x0, 0x63, 0x6f, 0x6d, 0x70, 0x61, 0x6e, 0x79, 0x0,
    0x63, 0x6f, 0x6d, 0x70, 0x61, 0x72, 0x65, 0x0, 0x63, 0x6f, 0x6d, 0x70, 0x61, 0x73, 0x73, 0x0,
    0x63, 0x6f, 0x6d, 0x70, 0x65, 0x6e, 0x73, 0x61, 0x74, 0x65, 0x0, 0x63, 0x6f, 0x6d, 0x70, 0x65,
    0x74, 0x65, 0x0, 0x63, 0x6f, 0x6d, 0x70, 0x6c, 0x61, 0x69, 0x6e, 0x0, 0x63, 0x6f, 0x6d, 0x70,
    0x6c, 0x65, 0x6d, 0x65, 0x6e, 0x74, 0x0, 0x63, 0x6f, 0x6d, 0x70, 0x6c, 0x65, 0x74, 0x65, 0x0,
    0x63, 0x6f, 0x6d, 0x70, 0x6c, 0x69, 0x6d, 0x65, 0x6e, 0x74, 0x0, 0x63, 0x6f, 0x6d, 0x70, 0x6c,
    0x79, 0x0, 0x63, 0x6f, 0x6d, 0x70, 0x6f, 0x75, 0x6e, 0x64, 0x0, 0x63, 0x6f, 0x6d, 0x70, 0x72,
    0x65, 0x68, 0x65, 0x6e, 0x64, 0x0, 0x63, 0x6f, 0x6d, 0x70, 0x72, 0x69, 0x73, 0x65, 0x0, 0x63,
    0x6f, 0x6d, 0x70, 0x72, 0x6f, 0x6d, 0x69, 0x73, 0x65, 0x0, 0x63, 0x6f, 0x6e, 0x63, 0x65, 0x61,
    0x6c, 0x0, 0x63, 0x6f, 0x6e, 0x63, 0x65, 0x72, 0x6e, 0x0, 0x63, 0x6f, 0x6e, 0x63, 0x65, 0x72,
    0x74, 0x0, 0x63, 0x6f, 0x6e, 0x63, 0x6c, 0x75, 0x64, 0x65, 0x0, 0x63, 0x6f, 0x6e, 0x63, 0x72,
    0x65, 0x74, 0x65, 0x0, 0x63, 0x6f, 0x6e, 0x64, 0x65, 0x6d, 0x6e, 0x0, 0x63, 0x6f, 0x6e, 0x64,
    0x69, 0x74, 0x69, 0x6f, 0x6e, 0x0, 0x63, 0x6f, 0x6e, 0x64, 0x75, 0x63, 0x74, 0x0, 0x63, 0x6f,
    0x6e, 0x65, 0x0, 0x63, 0x6f, 0x6e, 0x66, 0x65, 0x73, 0x73, 0x0, 0x63, 0x6f, 0x6e, 0x66, 0x69,
    0x72, 0x6d, 0x0, 0x63, 0x6f, 0x6e, 0x66, 0x6c, 0x69, 0x63, 0x74, 0x0, 0x63, 0x6f, 0x6e, 0x66,
    0x6f, 0x72, 0x6d, 0x0, 0x63, 0x6f, 0x6e, 0x66, 0x72, 0x6f, 0x6e, 0x74, 0x0, 0x63, 0x6f, 0x6e,
    0x66, 0x75, 0x73, 0x65, 0x0, 0x63, 0x6f, 0x6e, 0x6e, 0x65, 0x63, 0x74, 0x0, 0x63, 0x6f, 0x6e,
    0x71, 0x75, 0x65, 0x72, 0x0, 0x63, 0x6f, 0x6e, 0x73, 0x65, 0x6e, 0x74, 0x0, 0x63, 0x6f, 0x6e,
    0x73, 0x69, 0x64, 0x65, 0x72, 0x0, 0x63, 0x6f, 0x6e, 0x73, 0x69, 0x73, 0x74, 0x0, 0x63, 0x6f,
    0x6e, 0x73, 0x6f, 0x6c, 0x65, 0x0, 0x63, 0x6f, 0x6e, 0x73, 0x74, 0x69, 0x74, 0x75, 0x74, 0x65,
    0x0, 0x63, 0x6f, 0x6e, 0x73, 0x74, 0x72, 0x75, 0x63, 0x74, 0x0, 0x63, 0x6f, 0x6e, 0x73, 0x75,
    0x6c, 0x74, 0x0, 0x63, 0x6f, 0x6e, 0x73, 0x75, 0x6d, 0x65, 0x0, 0x63, 0x6f, 0x6e, 0x74, 0x61,
    0x63, 0x74, 0x0, 0x63, 0x6f, 0x6e, 0x74, 0x61, 0x69, 0x6e, 0x0, 0x63, 0x6f, 0x6e, 0x74, 0x65,
    0x6e, 0x64, 0x0, 0x63, 0x6f, 0x6e, 0x74, 0x65, 0x6e, 0x74, 0x0, 0x63, 0x6f, 0x6e, 0x74, 0x65,
    0x73, 0x74, 0x0, 0x63, 0x6f, 0x6e, 0x74, 0x69, 0x6e, 0x75, 0x65, 0x0, 0x63, 0x6f, 0x6e, 0x74,
    0x72, 0x61, 0x63, 0x74, 0x0, 0x63, 0x6f, 0x6e, 0x74, 0x72, 0x61, 0x73, 0x74, 0x0, 0x63, 0x6f,
    0x6e, 0x74, 0x72, 0x69, 0x62, 0x75, 0x74, 0x65, 0x0, 0x63, 0x6f, 0x6e, 0x74, 0x72, 0x6f, 0x6c,
    0x0, 0x63, 0x6f, 0x6e, 0x76, 0x65, 0x72, 0x74, 0x0, 0x63, 0x6f, 0x6e, 0x76, 0x65, 0x79, 0x0,
    0x63, 0x6f, 0x6e, 0x76, 0x69, 0x63, 0x74, 0x0, 0x63, 0x6f, 0x6e, 0x76, 0x69, 0x6e, 0x63, 0x65,
    0x0, 0x63, 0x6f, 0x6e, 0x76, 0x6f, 0x79, 0x0, 0x63, 0x6f, 0x6f, 0x6b, 0x0, 0x63, 0x6f, 0x6f,
    0x6c, 0x0, 0x63, 0x6f, 0x6f, 0x70, 0x65, 0x72, 0x61, 0x74, 0x65, 0x0, 0x63, 0x6f, 0x6f, 0x72,
    0x64, 0x69, 0x6e, 0x61, 0x74, 0x65, 0x0, 0x63, 0x6f, 0x70, 0x65, 0x0, 0x63, 0x6f, 0x70, 0x70,
    0x65, 0x72, 0x0, 0x63, 0x6f, 0x70, 0x79, 0x72, 0x69, 0x67, 0x68, 0x74, 0x0, 0x63, 0x6f, 0x72,
    0x64, 0x0, 0x63, 0x6f, 0x72, 0x65, 0x0, 0x63, 0x6f, 0x72, 0x6b, 0x0, 0x63, 0x6f, 0x72, 0x6e,
    0x65, 0x72, 0x0, 0x63, 0x6f, 0x72, 0x72, 0x65, 0x63, 0x74, 0x0, 0x63, 0x6f, 0x72, 0x72, 0x65,
    0x73, 0x70, 0x6f, 0x6e, 0x64, 0x0, 0x63, 0x6f, 0x72, 0x72, 0x75, 0x70, 0x74, 0x0, 0x63, 0x6f,
    0x73, 0x74, 0x75, 0x6d, 0x65, 0x0, 0x63, 0x6f, 0x74, 0x74, 0x6f, 0x6e, 0x0, 0x63, 0x6f, 0x75,
    0x63, 0x68, 0x0, 0x63, 0x6f, 0x75, 0x67, 0x68, 0x0, 0x63, 0x6f, 0x75, 0x6e, 0x73, 0x65, 0x6c,
    0x0, 0x63, 0x6f, 0x75, 0x6e, 0x74, 0x65, 0x72, 0x0, 0x63, 0x6f, 0x75, 0x70, 0x6c, 0x65, 0x0,
    0x63, 0x6f, 0x75, 0x72, 0x73, 0x65, 0x0, 0x63, 0x6f, 0x75, 0x72, 0x74, 0x0, 0x63, 0x6f, 0x76,
    0x65, 0x6e, 0x61, 0x6e, 0x74, 0x0, 0x63, 0x6f, 0x76, 0x65, 0x72, 0x0, 0x63, 0x72, 0x61, 0x62,
    0x0, 0x63, 0x72, 0x61, 0x63, 0x6b, 0x0, 0x63, 0x72, 0x61, 0x64, 0x6c, 0x65, 0x0, 0x63, 0x72,
    0x61, 0x66, 0x74, 0x0, 0x63, 0x72, 0x61, 0x6e, 0x65, 0x0, 0x63, 0x72, 0x61, 0x6e, 0x6b, 0x0,
    0x63, 0x72, 0x61, 0x73, 0x68, 0x0, 0x63, 0x72, 0x61, 0x77, 0x6c, 0x0, 0x63, 0x72, 0x65, 0x61,
    0x6d, 0x0, 0x63, 0x72, 0x65, 0x61, 0x74, 0x65, 0x0, 0x63, 0x72, 0x65, 0x64, 0x69, 0x74, 0x0,
    0x63, 0x72, 0x65, 0x65, 0x70, 0x0, 0x63, 0x72, 0x65, 0x73, 0x74, 0x0, 0x63, 0x72, 0x65, 0x77,
    0x0, 0x63, 0x72, 0x69, 0x63, 0x6b, 0x65, 0x74, 0x0, 0x63, 0x72, 0x69, 0x6d, 0x73, 0x6f, 0x6e,
    0x0, 0x63, 0x72, 0x69, 0x6e, 0x67, 0x65, 0x0, 0x63, 0x72, 0x69, 0x73, 0x70, 0x0, 0x63, 0x72,
    0x69, 0x74, 0x69, 0x63, 0x69, 0x7a, 0x65, 0x0, 0x63, 0x72, 0x69, 0x74, 0x69, 0x71, 0x75, 0x65,
    0x0, 0x63, 0x72, 0x6f, 0x70, 0x0, 0x63, 0x72, 0x6f, 0x73, 0x73, 0x0, 0x63, 0x72, 0x6f, 0x77,
    0x64, 0x0, 0x63, 0x72, 0x6f, 0x77, 0x6e, 0x0, 0x63, 0x72, 0x75, 0x69, 0x73, 0x65, 0x0, 0x63,
    0x72, 0x75, 0x6e, 0x63, 0x68, 0x0, 0x63, 0x72, 0x75, 0x73, 0x61, 0x64, 0x65, 0x0, 0x63, 0x72,
    0x75, 0x73, 0x68, 0x0, 0x63, 0x72, 0x75, 0x73, 0x74, 0x0, 0x63, 0x75, 0x62, 0x65, 0x0, 0x63,
    0x75, 0x66, 0x66, 0x0, 0x63, 0x75, 0x6c, 0x74, 0x75, 0x72, 0x65, 0x0, 0x63, 0x75, 0x72, 0x62,
    0x0, 0x63, 0x75, 0x72, 0x65, 0x0, 0x63, 0x75, 0x72, 0x6c, 0x0, 0x63, 0x75, 0x72, 0x72, 0x79,
    0x0, 0x63, 0x75, 0x72, 0x73, 0x65, 0x0, 0x63, 0x75, 0x72, 0x74, 0x61, 0x69, 0x6e, 0x0, 0x63,
    0x75, 0x72, 0x76, 0x65, 0x0, 0x63, 0x75, 0x73, 0x68, 0x69, 0x6f, 0x6e, 0x0, 0x63, 0x79, 0x63,
    0x6c, 0x65, 0x0, 0x64, 0x61, 0x6d, 0x61, 0x67, 0x65, 0x0, 0x64, 0x61, 0x6d, 0x70, 0x0, 0x64,
    0x61, 0x6e, 0x63, 0x65, 0x0, 0x64, 0x61, 0x72, 0x65, 0x0, 0x64, 0x61, 0x72, 0x6e, 0x0, 0x64,
    0x61, 0x72, 0x74, 0x0, 0x64, 0x61, 0x73, 0x68, 0x0, 0x64, 0x61, 0x74, 0x65, 0x0, 0x64, 0x61,
    0x77, 0x6e, 0x0, 0x64, 0x65, 0x61, 0x66, 0x0, 0x64, 0x65, 0x61, 0x6c, 0x0, 0x64, 0x65, 0x62,
    0x61, 0x74, 0x65, 0x0, 0x64, 0x65, 0x62, 0x69, 0x74, 0x0, 0x64, 0x65, 0x62, 0x75, 0x74, 0x0,
    0x64, 0x65, 0x63, 0x61, 0x79, 0x0, 0x64, 0x65, 0x63, 0x69, 0x64, 0x65, 0x0, 0x64, 0x65, 0x63,
    0x6b, 0x0, 0x64, 0x65, 0x63, 0x6c, 0x61, 0x72, 0x65, 0x0, 0x64, 0x65, 0x63, 0x6c, 0x69, 0x6e,
    0x65, 0x0, 0x64, 0x65, 0x63, 0x72, 0x65, 0x61, 0x73, 0x65, 0x0, 0x64, 0x65, 0x63, 0x72, 0x65,
    0x65, 0x0, 0x64, 0x65, 0x64, 0x69, 0x63, 0x61, 0x74, 0x65, 0x0, 0x64, 0x65, 0x66, 0x61, 0x75,
    0x6c, 0x74, 0x0, 0x64, 0x65, 0x66, 0x65, 0x61, 0x74, 0x0, 0x64, 0x65, 0x66, 0x65, 0x63, 0x74,
    0x0, 0x64, 0x65, 0x66, 0x65, 0x6e, 0x64, 0x0, 0x64, 0x65, 0x66, 0x69, 0x6e, 0x65, 0x0, 0x64,
    0x65, 0x6c, 0x61, 0x79, 0x0, 0x64, 0x65, 0x6c, 0x65, 0x67, 0x61, 0x74, 0x65, 0x0, 0x64, 0x65,
    0x6c, 0x65, 0x74, 0x65, 0x0, 0x64, 0x65, 0x6c, 0x69, 0x62, 0x65, 0x72, 0x61, 0x74, 0x65, 0x0,
    0x64, 0x65, 0x6c, 0x69, 0x67, 0x68, 0x74, 0x0, 0x64, 0x65, 0x6c, 0x69, 0x76, 0x65, 0x72, 0x0,
    0x64, 0x65, 0x6d, 0x61, 0x6e, 0x64, 0x0, 0x64, 0x65, 0x6d, 0x69, 0x73, 0x65, 0x0, 0x64, 0x65,
    0x6d, 0x6f, 0x0, 0x64, 0x65, 0x6e, 0x74, 0x0, 0x64, 0x65, 0x6e, 0x79, 0x0, 0x64, 0x65, 0x70,
    0x61, 0x72, 0x74, 0x0, 0x64, 0x65, 0x70, 0x65, 0x6e, 0x64, 0x0, 0x64, 0x65, 0x70, 0x6c, 0x6f,
    0x79, 0x0, 0x64, 0x65, 0x70, 0x6f, 0x73, 0x69, 0x74, 0x0, 0x64, 0x65, 0x72, 0x69, 0x76, 0x65,
    0x0, 0x64, 0x65, 0x73, 0x63, 0x65, 0x6e, 0x64, 0x0, 0x64, 0x65, 0x73, 0x63, 0x72, 0x69, 0x62,
    0x65, 0x0, 0x64, 0x65, 0x73, 0x65, 0x72, 0x74, 0x0, 0x64, 0x65, 0x73, 0x65, 0x72, 0x76, 0x65,
    0x0, 0x64, 0x65, 0x73, 0x69, 0x67, 0x6e, 0x0, 0x64, 0x65, 0x73, 0x69, 0x72, 0x65, 0x0, 0x64,
    0x65, 0x73, 0x70, 0x61, 0x69, 0x72, 0x0, 0x64, 0x65, 0x73, 0x70, 0x69, 0x73, 0x65, 0x0, 0x64,
    0x65, 0x73, 0x74, 0x72, 0x6f, 0x79, 0x0, 0x64, 0x65, 0x74, 0x61, 0x69, 0x6c, 0x0, 0x64, 0x65,
    0x74, 0x65, 0x63, 0x74, 0x0, 0x64, 0x65, 0x74, 0x65, 0x72, 0x6d, 0x69, 0x6e, 0x65, 0x0, 0x64,
    0x65, 0x76, 0x65, 0x6c, 0x6f, 0x70, 0x0, 0x64, 0x65, 0x76, 0x69, 0x6c, 0x0, 0x64, 0x65, 0x76,
    0x6f, 0x74, 0x65, 0x0, 0x64, 0x69, 0x61, 0x67, 0x72, 0x61, 0x6d, 0x0, 0x64, 0x69, 0x61, 0x6c,
    0x0, 0x64, 0x69, 0x63, 0x65, 0x0, 0x64, 0x69, 0x63, 0x74, 0x61, 0x74, 0x65, 0x0, 0x64, 0x69,
    0x65, 0x74, 0x0, 0x64, 0x69, 0x66, 0x66, 0x65, 0x72, 0x0, 0x64, 0x69, 0x67, 0x65, 0x73, 0x74,
    0x0, 0x64, 0x69, 0x6d, 0x65, 0x6e, 0x73, 0x69, 0x6f, 0x6e, 0x0, 0x64, 0x69, 0x6e, 0x67, 0x0,
    0x64, 0x69, 0x72, 0x65, 0x63, 0x74, 0x0, 0x64, 0x69, 0x72, 0x74, 0x79, 0x0, 0x64, 0x69, 0x73,
    0x61, 0x62, 0x6c, 0x65, 0x0, 0x64, 0x69, 0x73, 0x61, 0x67, 0x72, 0x65, 0x65, 0x0, 0x64, 0x69,
    0x73, 0x61, 0x70, 0x70, 0x65, 0x61, 0x72, 0x0, 0x64, 0x69, 0x73, 0x61, 0x70, 0x70, 0x6f, 0x69,
    0x6e, 0x74, 0x0, 0x64, 0x69, 0x73, 0x63, 0x68, 0x61, 0x72, 0x67, 0x65, 0x0, 0x64, 0x69, 0x73,
    0x63, 0x69, 0x70, 0x6c, 0x69, 0x6e, 0x65, 0x0, 0x64, 0x69, 0x73, 0x63, 0x6c, 0x6f, 0x73, 0x65,
    0x0, 0x64, 0x69, 0x73, 0x63, 0x6f, 0x75, 0x6e, 0x74, 0x0, 0x64, 0x69, 0x73, 0x63, 0x6f, 0x75,
    0x72, 0x61, 0x67, 0x65, 0x0, 0x64, 0x69, 0x73, 0x63, 0x6f, 0x75, 0x72, 0x73, 0x65, 0x0, 0x64,
    0x69, 0x73, 0x63, 0x6f, 0x76, 0x65, 0x72, 0x0, 0x64, 0x69, 0x73, 0x63, 0x75, 0x73, 0x73, 0x0,
    0x64, 0x69, 0x73, 0x67, 0x72, 0x61, 0x63, 0x65, 0x0, 0x64, 0x69, 0x73, 0x67, 0x75, 0x69, 0x73,
    0x65, 0x0, 0x64, 0x69, 0x73, 0x67, 0x75, 0x73, 0x74, 0x0, 0x64, 0x69, 0x73, 0x68, 0x0, 0x64,
    0x69, 0x73, 0x6b, 0x0, 0x64, 0x69, 0x73, 0x6c, 0x69, 0x6b, 0x65, 0x0, 0x64, 0x69, 0x73, 0x6d,
    0x69, 0x73, 0x73, 0x0, 0x64, 0x69, 0x73, 0x6f, 0x72, 0x64, 0x65, 0x72, 0x0, 0x64, 0x69, 0x73,
    0x70, 0x61, 0x74, 0x63, 0x68, 0x0, 0x64, 0x69, 0x73, 0x70, 0x6c, 0x61, 0x79, 0x0, 0x64, 0x69,
    0x73, 0x70, 0x6f, 0x73, 0x65, 0x0, 0x64, 0x69, 0x73, 0x70, 0x75, 0x74, 0x65, 0x0, 0x64, 0x69,
    0x73, 0x72, 0x65, 0x67, 0x61, 0x72, 0x64, 0x0, 0x64, 0x69, 0x73, 0x72, 0x65, 0x73, 0x70, 0x65,
    0x63, 0x74, 0x0, 0x64, 0x69, 0x73, 0x72, 0x75, 0x70, 0x74, 0x0, 0x64, 0x69, 0x73, 0x73, 0x65,
    0x6e, 0x74, 0x0, 0x64, 0x69, 0x73, 0x74, 0x61, 0x6e, 0x63, 0x65, 0x0, 0x64, 0x69, 0x73, 0x74,
    0x72, 0x61, 0x63, 0x74, 0x0, 0x64, 0x69, 0x73, 0x74, 0x72, 0x65, 0x73, 0x73, 0x0, 0x64, 0x69,
    0x73, 0x74, 0x72, 0x69, 0x62, 0x75, 0x74, 0x65, 0x0, 0x64, 0x69, 0x73, 0x74, 0x72, 0x69, 0x63,
    0x74, 0x0, 0x64, 0x69, 0x73, 0x74, 0x75, 0x72, 0x62, 0x0, 0x64, 0x69, 0x74, 0x63, 0x68, 0x0,
    0x64, 0x69, 0x76, 0x65, 0x0, 0x64, 0x69, 0x76, 0x69, 0x64, 0x65, 0x0, 0x64, 0x69, 0x76, 0x69,
    0x6e, 0x65, 0x0, 0x64, 0x69, 0x76, 0x6f, 0x72, 0x63, 0x65, 0x0, 0x64, 0x6f, 0x63, 0x6b, 0x0,
    0x64, 0x6f, 0x63, 0x74, 0x6f, 0x72, 0x0, 0x64, 0x6f, 0x63, 0x75, 0x6d, 0x65, 0x6e, 0x74, 0x0,
    0x64, 0x6f, 0x64, 0x67, 0x65, 0x0, 0x64, 0x6f, 0x6d, 0x69, 0x6e, 0x61, 0x74, 0x65, 0x0, 0x64,
    0x6f, 0x6e, 0x61, 0x74, 0x65, 0x0, 0x64, 0x6f, 0x6e, 0x67, 0x0, 0x64, 0x6f, 0x6f, 0x6d, 0x0,
    0x64, 0x6f, 0x70, 0x65, 0x0, 0x64, 0x6f, 0x73, 0x65, 0x0, 0x64, 0x6f, 0x75, 0x62, 0x6c, 0x65,
    0x0, 0x64, 0x6f, 0x75, 0x62, 0x74, 0x0, 0x64, 0x6f, 0x77, 0x6e, 0x6c, 0x6f, 0x61, 0x64, 0x0,
    0x64, 0x72, 0x61, 0x66, 0x74, 0x0, 0x64, 0x72, 0x61, 0x67, 0x0, 0x64, 0x72, 0x61, 0x69, 0x6e,
    0x0, 0x64, 0x72, 0x61, 0x77, 0x0, 0x64, 0x72, 0x65, 0x61, 0x64, 0x0, 0x64, 0x72, 0x65, 0x61,
    0x6d, 0x0, 0x64, 0x72, 0x65, 0x73, 0x73, 0x0, 0x64, 0x72, 0x69, 0x66, 0x74, 0x0, 0x64, 0x72,
    0x69, 0x6c, 0x6c, 0x0, 0x64, 0x72, 0x69, 0x6e, 0x6b, 0x0, 0x64, 0x72, 0x69, 0x70, 0x0, 0x64,
    0x72, 0x69, 0x76, 0x65, 0x0, 0x64, 0x72, 0x6f, 0x6e, 0x65, 0x0, 0x64, 0x72, 0x6f, 0x70, 0x0,
    0x64, 0x72, 0x6f, 0x77, 0x6e, 0x0, 0x64, 0x72, 0x75, 0x67, 0x0, 0x64, 0x72, 0x75, 0x6d, 0x0,
    0x64, 0x75, 0x63, 0x6b, 0x0, 0x64, 0x75, 0x65, 0x6c, 0x0, 0x64, 0x75, 0x6c, 0x6c, 0x0, 0x64,
    0x75, 0x6d, 0x6d, 0x79, 0x0, 0x64, 0x75, 0x6d, 0x70, 0x0, 0x64, 0x75, 0x6e, 0x6b, 0x0, 0x64,
    0x75, 0x70, 0x6c, 0x69, 0x63, 0x61, 0x74, 0x65, 0x0, 0x64, 0x75, 0x73, 0x74, 0x0, 0x64, 0x77,
    0x61, 0x72, 0x66, 0x0, 0x64, 0x77, 0x65, 0x6c, 0x6c, 0x0, 0x64, 0x79, 0x6e, 0x61, 0x6d, 0x69,
    0x74, 0x65, 0x0, 0x65, 0x61, 0x67, 0x6c, 0x65, 0x0, 0x65, 0x61, 0x72, 0x6e, 0x0, 0x65, 0x61,
    0x72, 0x74, 0x68, 0x0, 0x65, 0x61, 0x73, 0x65, 0x0, 0x65, 0x63, 0x68, 0x6f, 0x0, 0x65, 0x63,
    0x6c, 0x69, 0x70, 0x73, 0x65, 0x0, 0x65, 0x64, 0x67, 0x65, 0x0, 0x65, 0x64, 0x69, 0x74, 0x0,
    0x65, 0x64, 0x75, 0x63, 0x61, 0x74, 0x65, 0x0, 0x65, 0x66, 0x66, 0x65, 0x63, 0x74, 0x0, 0x65,
    0x6c, 0x61, 0x62, 0x6f, 0x72, 0x61, 0x74, 0x65, 0x0, 0x65, 0x6c, 0x62, 0x6f, 0x77, 0x0, 0x65,
    0x6c, 0x65, 0x63, 0x74, 0x0, 0x65, 0x6c, 0x69, 0x6d, 0x69, 0x6e, 0x61, 0x74, 0x65, 0x0, 0x65,
    0x6d, 0x61, 0x69, 0x6c, 0x0, 0x65, 0x6d, 0x62, 0x72, 0x61, 0x63, 0x65, 0x0, 0x65, 0x6d, 0x65,
    0x72, 0x67, 0x65, 0x0, 0x65, 0x6d, 0x70, 0x68, 0x61, 0x73, 0x69, 0x7a, 0x65, 0x0, 0x65, 0x6d,
    0x70, 0x6c, 0x6f, 0x79, 0x0, 0x65, 0x6d, 0x70, 0x6f, 0x77, 0x65, 0x72, 0x0, 0x65, 0x6d, 0x70,
    0x74, 0x79, 0x0, 0x65, 0x6e, 0x61, 0x62, 0x6c, 0x65, 0x0, 0x65, 0x6e, 0x63, 0x6f, 0x75, 0x6e,
    0x74, 0x65, 0x72, 0x0, 0x65, 0x6e, 0x63, 0x6f, 0x75, 0x72, 0x61, 0x67, 0x65, 0x0, 0x65, 0x6e,
    0x64, 0x65, 0x61, 0x76, 0x6f, 0x72, 0x0, 0x65, 0x6e, 0x64, 0x6f, 0x72, 0x73, 0x65, 0x0, 0x65,
    0x6e, 0x64, 0x75, 0x72, 0x65, 0x0, 0x65, 0x6e, 0x66, 0x6f, 0x72, 0x63, 0x65, 0x0, 0x65, 0x6e,
    0x67, 0x61, 0x67, 0x65, 0x0, 0x65, 0x6e, 0x67, 0x69, 0x6e, 0x65, 0x65, 0x72, 0x0, 0x65, 0x6e,
    0x68, 0x61, 0x6e, 0x63, 0x65, 0x0, 0x65, 0x6e, 0x6a, 0x6f, 0x79, 0x0, 0x65, 0x6e, 0x73, 0x75,
    0x72, 0x65, 0x0, 0x65, 0x6e, 0x74, 0x65, 0x72, 0x74, 0x61, 0x69, 0x6e, 0x0, 0x65, 0x6e, 0x74,
    0x72, 0x61, 0x6e, 0x63, 0x65, 0x0, 0x65, 0x6e, 0x76, 0x79, 0x0, 0x65, 0x71, 0x75, 0x61, 0x6c,
    0x0, 0x65, 0x71, 0x75, 0x69, 0x70, 0x0, 0x65, 0x72, 0x61, 0x73, 0x65, 0x0, 0x65, 0x72, 0x65,
    0x63, 0x74, 0x0, 0x65, 0x73, 0x63, 0x61, 0x70, 0x65, 0x0, 0x65, 0x73, 0x73, 0x61, 0x79, 0x0,
    0x65, 0x73, 0x74, 0x61, 0x62, 0x6c, 0x69, 0x73, 0x68, 0x0, 0x65, 0x73, 0x74, 0x65, 0x65, 0x6d,
    0x0, 0x65, 0x73, 0x74, 0x69, 0x6d, 0x61, 0x74, 0x65, 0x0, 0x65, 0x76, 0x61, 0x63, 0x75, 0x61,
    0x74, 0x65, 0x0, 0x65, 0x76, 0x61, 0x6c, 0x75, 0x61, 0x74, 0x65, 0x0, 0x65, 0x76, 0x65, 0x6e,
    0x0, 0x65, 0x76, 0x69, 0x64, 0x65, 0x6e, 0x63, 0x65, 0x0, 0x65, 0x76, 0x6f, 0x6c, 0x76, 0x65,
    0x0, 0x65, 0x78, 0x61, 0x63, 0x74, 0x0, 0x65, 0x78, 0x61, 0x6d, 0x69, 0x6e, 0x65, 0x0, 0x65,
    0x78, 0x63, 0x65, 0x65, 0x64, 0x0, 0x65, 0x78, 0x63, 0x65, 0x6c, 0x0, 0x65, 0x78, 0x63, 0x65,
    0x70, 0x74, 0x0, 0x65, 0x78, 0x63, 0x65, 0x72, 0x70, 0x74, 0x0, 0x65, 0x78, 0x63, 0x68, 0x61,
    0x6e, 0x67, 0x65, 0x0, 0x65, 0x78, 0x63, 0x6c, 0x75, 0x64, 0x65, 0x0, 0x65, 0x78, 0x63, 0x75,
    0x73, 0x65, 0x0, 0x65, 0x78, 0x65, 0x63, 0x75, 0x74, 0x65, 0x0, 0x65, 0x78, 0x65, 0x6d, 0x70,
    0x74, 0x0, 0x65, 0x78, 0x65, 0x72, 0x63, 0x69, 0x73, 0x65, 0x0, 0x65, 0x78, 0x68, 0x61, 0x75,
    0x73, 0x74, 0x0, 0x65, 0x78, 0x68, 0x69, 0x62, 0x69, 0x74, 0x0, 0x65, 0x78, 0x69, 0x6c, 0x65,
    0x0, 0x65, 0x78, 0x69, 0x73, 0x74, 0x0, 0x65, 0x78, 0x69, 0x74, 0x0, 0x65, 0x78, 0x70, 0x61,
    0x6e, 0x64, 0x0, 0x65, 0x78, 0x70, 0x65, 0x63, 0x74, 0x0, 0x65, 0x78, 0x70, 0x65, 0x6e, 0x73,
    0x65, 0x0, 0x65, 0x78, 0x70, 0x65, 0x72, 0x69, 0x65, 0x6e, 0x63, 0x65, 0x0, 0x65, 0x78, 0x70,
    0x65, 0x72, 0x69, 0x6d, 0x65, 0x6e, 0x74, 0x0, 0x65, 0x78, 0x70, 0x69, 0x72, 0x65, 0x0, 0x65,
    0x78, 0x70, 0x6c, 0x61, 0x69, 0x6e, 0x0, 0x65, 0x78, 0x70, 0x6c, 0x6f, 0x64, 0x65, 0x0, 0x65,
    0x78, 0x70, 0x6c, 0x6f, 0x69, 0x74, 0x0, 0x65, 0x78, 0x70, 0x6c, 0x6f, 0x72, 0x65, 0x0, 0x65,
    0x78, 0x70, 0x6f, 0x72, 0x74, 0x0, 0x65, 0x78, 0x70, 0x6f, 0x73, 0x65, 0x0, 0x65, 0x78, 0x70,
    0x72, 0x65, 0x73, 0x73, 0x0, 0x65, 0x78, 0x74, 0x65, 0x6e, 0x64, 0x0, 0x65, 0x78, 0x74, 0x72,
    0x61, 0x63, 0x74, 0x0, 0x66, 0x61, 0x63, 0x65, 0x0, 0x66, 0x61, 0x63, 0x69, 0x6c, 0x69, 0x74,
    0x61, 0x74, 0x65, 0x0, 0x66, 0x61, 0x63, 0x74, 0x6f, 0x72, 0x0, 0x66, 0x61, 0x64, 0x65, 0x0,
    0x66, 0x61, 0x69, 0x6c, 0x0, 0x66, 0x61, 0x69, 0x6e, 0x74, 0x0, 0x66, 0x61, 0x69, 0x72, 0x0,
    0x66, 0x61, 0x6b, 0x65, 0x0, 0x66, 0x61, 0x6c, 0x63, 0x6f, 0x6e, 0x0, 0x66, 0x61, 0x6c, 0x6c,
    0x0, 0x66, 0x61, 0x6e, 0x63, 0x79, 0x0, 0x66, 0x61, 0x6e, 0x74, 0x61, 0x73, 0x79, 0x0, 0x66,
    0x61, 0x72, 0x65, 0x0, 0x66, 0x61, 0x72, 0x6d, 0x0, 0x66, 0x61, 0x73, 0x68, 0x69, 0x6f, 0x6e,
    0x0, 0x66, 0x61, 0x73, 0x74, 0x0, 0x66, 0x61, 0x74, 0x65, 0x0, 0x66, 0x61, 0x74, 0x68, 0x65,
    0x72, 0x0, 0x66, 0x61, 0x74, 0x69, 0x67, 0x75, 0x65, 0x0, 0x66, 0x61, 0x75, 0x6c, 0x74, 0x0,
    0x66, 0x61, 0x76, 0x6f, 0x72, 0x0, 0x66, 0x61, 0x76, 0x6f, 0x75, 0x72, 0x0, 0x66, 0x65, 0x61,
    0x72, 0x0, 0x66, 0x65, 0x61, 0x73, 0x74, 0x0, 0x66, 0x65, 0x61, 0x74, 0x68, 0x65, 0x72, 0x0,
    0x66, 0x65, 0x61, 0x74, 0x75, 0x72, 0x65, 0x0, 0x66, 0x65, 0x65, 0x64, 0x0, 0x66, 0x65, 0x65,
    0x6c, 0x0, 0x66, 0x65, 0x6c, 0x6c, 0x0, 0x66, 0x65, 0x6c, 0x74, 0x0, 0x66, 0x65, 0x6e, 0x63,
    0x65, 0x0, 0x66, 0x65, 0x72, 0x72, 0x79, 0x0, 0x66, 0x65, 0x74, 0x63, 0x68, 0x0, 0x66, 0x65,
    0x75, 0x64, 0x0, 0x66, 0x69, 0x65, 0x6c, 0x64, 0x0, 0x66, 0x69, 0x67, 0x68, 0x74, 0x0, 0x66,
    0x69, 0x67, 0x75, 0x72, 0x65, 0x0, 0x66, 0x69, 0x6c, 0x65, 0x0, 0x66, 0x69, 0x6c, 0x6c, 0x0,
    0x66, 0x69, 0x6c, 0x6d, 0x0, 0x66, 0x69, 0x6c, 0x74, 0x65, 0x72, 0x0, 0x66, 0x69, 0x6e, 0x61,
    0x6e, 0x63, 0x65, 0x0, 0x66, 0x69, 0x6e, 0x64, 0x0, 0x66, 0x69, 0x6e, 0x65, 0x0, 0x66, 0x69,
    0x6e, 0x67, 0x65, 0x72, 0x0, 0x66, 0x69, 0x6e, 0x69, 0x73, 0x68, 0x0, 0x66, 0x69, 0x72, 0x65,
    0x0, 0x66, 0x69, 0x72, 0x6d, 0x0, 0x66, 0x69, 0x73, 0x68, 0x0, 0x66, 0x6c, 0x61, 0x67, 0x0,
    0x66, 0x6c, 0x61, 0x6d, 0x65, 0x0, 0x66, 0x6c, 0x61, 0x6e, 0x6b, 0x0, 0x66, 0x6c, 0x61, 0x72,
    0x65, 0x0, 0x66, 0x6c, 0x61, 0x73, 0x68, 0x0, 0x66, 0x6c, 0x61, 0x76, 0x6f, 0x72, 0x0, 0x66,
    0x6c, 0x61, 0x76, 0x6f, 0x75, 0x72, 0x0, 0x66, 0x6c, 0x61, 0x77, 0x0, 0x66, 0x6c, 0x65, 0x65,
    0x74, 0x0, 0x66, 0x6c, 0x65, 0x73, 0x68, 0x0, 0x66, 0x6c, 0x65, 0x78, 0x0, 0x66, 0x6c, 0x69,
    0x63, 0x6b, 0x0, 0x66, 0x6c, 0x69, 0x67, 0x68, 0x74, 0x0, 0x66, 0x6c, 0x69, 0x70, 0x0, 0x66,
    0x6c, 0x69, 0x72, 0x74, 0x0, 0x66, 0x6c, 0x6f, 0x61, 0x74, 0x0, 0x66, 0x6c, 0x6f, 0x63, 0x6b,
    0x0, 0x66, 0x6c, 0x6f, 0x6f, 0x64, 0x0, 0x66, 0x6c, 0x6f, 0x6f, 0x72, 0x0, 0x66, 0x6c, 0x6f,
    0x70, 0x0, 0x66, 0x6c, 0x6f, 0x75, 0x72, 0x69, 0x73, 0x68, 0x0, 0x66, 0x6c, 0x6f, 0x77, 0x65,
    0x72, 0x0, 0x66, 0x6c, 0x75, 0x73, 0x68, 0x0, 0x66, 0x6c, 0x75, 0x74, 0x65, 0x0, 0x66, 0x6c,
    0x75, 0x78, 0x0, 0x66, 0x6f, 0x61, 0x6d, 0x0, 0x66, 0x6f, 0x63, 0x75, 0x73, 0x0, 0x66, 0x6f,
    0x69, 0x6c, 0x0, 0x66, 0x6f, 0x6c, 0x64, 0x0, 0x66, 0x6f, 0x6c, 0x6c, 0x6f, 0x77, 0x0, 0x66,
    0x6f, 0x6f, 0x74, 0x0, 0x66, 0x6f, 0x72, 0x62, 0x69, 0x64, 0x0, 0x66, 0x6f, 0x72, 0x63, 0x65,
    0x0, 0x66, 0x6f, 0x72, 0x64, 0x0, 0x66, 0x6f, 0x72, 0x65, 0x63, 0x61, 0x73, 0x74, 0x0, 0x66,
    0x6f, 0x72, 0x65, 0x73, 0x74, 0x0, 0x66, 0x6f, 0x72, 0x67, 0x65, 0x74, 0x0, 0x66, 0x6f, 0x72,
    0x67, 0x69, 0x76, 0x65, 0x0, 0x66, 0x6f, 0x72, 0x6b, 0x0, 0x66, 0x6f, 0x72, 0x6d, 0x61, 0x74,
    0x0, 0x66, 0x6f, 0x72, 0x74, 0x0, 0x66, 0x6f, 0x72, 0x77, 0x61, 0x72, 0x64, 0x0, 0x66, 0x6f,
    0x73, 0x74, 0x65, 0x72, 0x0, 0x66, 0x6f, 0x75, 0x6c, 0x0, 0x66, 0x6f, 0x75, 0x6e, 0x64, 0x65,
    0x72, 0x0, 0x66, 0x72, 0x61, 0x63, 0x74, 0x69, 0x6f, 0x6e, 0x0, 0x66, 0x72, 0x61, 0x63, 0x74,
    0x75, 0x72, 0x65, 0x0, 0x66, 0x72, 0x61, 0x67, 0x6d, 0x65, 0x6e, 0x74, 0x0, 0x66, 0x72, 0x61,
    0x6d, 0x65, 0x0, 0x66, 0x72, 0x61, 0x6e, 0x63, 0x68, 0x69, 0x73, 0x65, 0x0, 0x66, 0x72, 0x61,
    0x6e, 0x6b, 0x0, 0x66, 0x72, 0x65, 0x61, 0x6b, 0x0, 0x66, 0x72, 0x65, 0x65, 0x6c, 0x61, 0x6e,
    0x63, 0x65, 0x0, 0x66, 0x72, 0x65, 0x65, 0x7a, 0x65, 0x0, 0x66, 0x72, 0x65, 0x69, 0x67, 0x68,
    0x74, 0x0, 0x66, 0x72, 0x65, 0x6e, 0x63, 0x68, 0x0, 0x66, 0x72, 0x65, 0x71, 0x75, 0x65, 0x6e,
    0x74, 0x0, 0x66, 0x72, 0x69, 0x6e, 0x67, 0x65, 0x0, 0x66, 0x72, 0x6f, 0x67, 0x0, 0x66, 0x72,
    0x6f, 0x6e, 0x74, 0x0, 0x66, 0x72, 0x6f, 0x73, 0x74, 0x0, 0x66, 0x72, 0x75, 0x69, 0x74, 0x0,
    0x66, 0x75, 0x65, 0x6c, 0x0, 0x66, 0x75, 0x6c, 0x66, 0x69, 0x6c, 0x6c, 0x0, 0x66, 0x75, 0x6c,
    0x6c, 0x0, 0x66, 0x75, 0x6e, 0x63, 0x74, 0x69, 0x6f, 0x6e, 0x0, 0x66, 0x75, 0x6e, 0x64, 0x0,
    0x66, 0x75, 0x6e, 0x6b, 0x0, 0x66, 0x75, 0x72, 0x74, 0x68, 0x65, 0x72, 0x0, 0x66, 0x75, 0x73,
    0x65, 0x0, 0x66, 0x75, 0x73, 0x73, 0x0, 0x67, 0x61, 0x69, 0x6e, 0x0, 0x67, 0x61, 0x6d, 0x62,
    0x6c, 0x65, 0x0, 0x67, 0x61, 0x6d, 0x65, 0x0, 0x67, 0x61, 0x6e, 0x67, 0x0, 0x67, 0x61, 0x72,
    0x61, 0x67, 0x65, 0x0, 0x67, 0x61, 0x72, 0x64, 0x65, 0x6e, 0x0, 0x67, 0x61, 0x72, 0x6d, 0x65,
    0x6e, 0x74, 0x0, 0x67, 0x61, 0x72, 0x6e, 0x65, 0x72, 0x0, 0x67, 0x61, 0x72, 0x72, 0x69, 0x73,
    0x6f, 0x6e, 0x0, 0x67, 0x61, 0x74, 0x65, 0x0, 0x67, 0x61, 0x74, 0x68, 0x65, 0x72, 0x0, 0x67,
    0x61, 0x75, 0x67, 0x65, 0x0, 0x67, 0x61, 0x7a, 0x65, 0x74, 0x74, 0x65, 0x0, 0x67, 0x65, 0x61,
    0x72, 0x0, 0x67, 0x65, 0x6e, 0x65, 0x72, 0x61, 0x6c, 0x0, 0x67, 0x65, 0x6e, 0x65, 0x72, 0x61,
    0x74, 0x65, 0x0, 0x67, 0x65, 0x6e, 0x74, 0x6c, 0x65, 0x0, 0x67, 0x65, 0x73, 0x74, 0x75, 0x72,
    0x65, 0x0, 0x67, 0x68, 0x6f, 0x73, 0x74, 0x0, 0x67, 0x69, 0x66, 0x74, 0x0, 0x67, 0x69, 0x6e,
    0x67, 0x65, 0x72, 0x0, 0x67, 0x69, 0x76, 0x65, 0x0, 0x67, 0x6c, 0x61, 0x6d, 0x6f, 0x75, 0x72,
    0x0, 0x67, 0x6c, 0x61, 0x6e, 0x63, 0x65, 0x0, 0x67, 0x6c, 0x61, 0x73, 0x73, 0x0, 0x67, 0x6c,
    0x69, 0x6d, 0x70, 0x73, 0x65, 0x0, 0x67, 0x6c, 0x69, 0x74, 0x74, 0x65, 0x72, 0x0, 0x67, 0x6c,
    0x6f, 0x72, 0x79, 0x0, 0x67, 0x6c, 0x6f, 0x77, 0x0, 0x67, 0x6c, 0x75, 0x65, 0x0, 0x67, 0x6f,
    0x6c, 0x66, 0x0, 0x67, 0x6f, 0x6f, 0x67, 0x6c, 0x65, 0x0, 0x67, 0x6f, 0x6f, 0x73, 0x65, 0x0,
    0x67, 0x6f, 0x72, 0x65, 0x0, 0x67, 0x6f, 0x73, 0x73, 0x69, 0x70, 0x0, 0x67, 0x6f, 0x76, 0x65,
    0x72, 0x6e, 0x0, 0x67, 0x6f, 0x77, 0x6e, 0x0, 0x67, 0x72, 0x61, 0x62, 0x0, 0x67, 0x72, 0x61,
    0x63, 0x65, 0x0, 0x67, 0x72, 0x61, 0x64, 0x65, 0x0, 0x67, 0x72, 0x61, 0x64, 0x75, 0x61, 0x74,
    0x65, 0x0, 0x67, 0x72, 0x61, 0x69, 0x6e, 0x0, 0x67, 0x72, 0x61, 0x6e, 0x74, 0x0, 0x67, 0x72,
    0x61, 0x70, 0x68, 0x0, 0x67, 0x72, 0x61, 0x73, 0x70, 0x0, 0x67, 0x72, 0x61, 0x73, 0x73, 0x0,
    0x67, 0x72, 0x61, 0x76, 0x65, 0x6c, 0x0, 0x67, 0x72, 0x61, 0x79, 0x0, 0x67, 0x72, 0x65, 0x61,
    0x73, 0x65, 0x0, 0x67, 0x72, 0x65, 0x65, 0x6e, 0x0, 0x67, 0x72, 0x65, 0x65, 0x74, 0x0, 0x67,
    0x72, 0x65, 0x79, 0x0, 0x67, 0x72, 0x69, 0x6c, 0x6c, 0x0, 0x67, 0x72, 0x69, 0x6e, 0x64, 0x0,
    0x67, 0x72, 0x69, 0x70, 0x0, 0x67, 0x72, 0x6f, 0x6f, 0x6d, 0x0, 0x67, 0x72, 0x6f, 0x6f, 0x76,
    0x65, 0x0, 0x67, 0x72, 0x6f, 0x73, 0x73, 0x0, 0x67, 0x72, 0x6f, 0x75, 0x6e, 0x64, 0x0, 0x67,
    0x72, 0x6f, 0x75, 0x70, 0x0, 0x67, 0x72, 0x6f, 0x77, 0x0, 0x67, 0x75, 0x61, 0x72, 0x61, 0x6e,
    0x74, 0x65, 0x65, 0x0, 0x67, 0x75, 0x61, 0x72, 0x64, 0x0, 0x67, 0x75, 0x65, 0x73, 0x73, 0x0,
    0x67, 0x75, 0x69, 0x64, 0x65, 0x0, 0x68, 0x61, 0x62, 0x69, 0x74, 0x0, 0x68, 0x61, 0x63, 0x6b,
    0x0, 0x68, 0x61, 0x69, 0x6c, 0x0, 0x68, 0x61, 0x6c, 0x65, 0x0, 0x68, 0x61, 0x6c, 0x74, 0x0,
    0x68, 0x61, 0x6d, 0x6d, 0x65, 0x72, 0x0, 0x68, 0x61, 0x6e, 0x64, 0x69, 0x63, 0x61, 0x70, 0x0,
    0x68, 0x61, 0x6e, 0x64, 0x6c, 0x65, 0x0, 0x68, 0x61, 0x6e, 0x67, 0x0, 0x68, 0x61, 0x70, 0x70,
    0x65, 0x6e, 0x0, 0x68, 0x61, 0x72, 0x62, 0x6f, 0x72, 0x0, 0x68, 0x61, 0x72, 0x62, 0x6f, 0x75,
    0x72, 0x0, 0x68, 0x61, 0x72, 0x64, 0x65, 0x6e, 0x0, 0x68, 0x61, 0x72, 0x65, 0x0, 0x68, 0x61,
    0x72, 0x6d, 0x0, 0x68, 0x61, 0x72, 0x6e, 0x65, 0x73, 0x73, 0x0, 0x68, 0x61, 0x72, 0x72, 0x79,
    0x0, 0x68, 0x61, 0x72, 0x76, 0x65, 0x73, 0x74, 0x0, 0x68, 0x61, 0x73, 0x68, 0x0, 0x68, 0x61,
    0x73, 0x73, 0x6c, 0x65, 0x0, 0x68, 0x61, 0x74, 0x63, 0x68, 0x0, 0x68, 0x61, 0x74, 0x65, 0x0,
    0x68, 0x61, 0x75, 0x6c, 0x0, 0x68, 0x61, 0x75, 0x6e, 0x74, 0x0, 0x68, 0x61, 0x76, 0x65, 0x0,
    0x68, 0x61, 0x77, 0x6b, 0x0, 0x68, 0x61, 0x7a, 0x61, 0x72, 0x64, 0x0, 0x68, 0x65, 0x61, 0x64,
    0x6c, 0x69, 0x6e, 0x65, 0x0, 0x68, 0x65, 0x61, 0x6c, 0x0, 0x68, 0x65, 0x61, 0x70, 0x0, 0x68,
    0x65, 0x61, 0x72, 0x0, 0x68, 0x65, 0x61, 0x74, 0x0, 0x68, 0x65, 0x63, 0x74, 0x6f, 0x72, 0x0,
    0x68, 0x65, 0x64, 0x67, 0x65, 0x0, 0x68, 0x65, 0x65, 0x6c, 0x0, 0x68, 0x65, 0x6c, 0x6d, 0x0,
    0x68, 0x65, 0x6c, 0x70, 0x0, 0x68, 0x65, 0x72, 0x61, 0x6c, 0x64, 0x0, 0x68, 0x65, 0x72, 0x64,
    0x0, 0x68, 0x65, 0x73, 0x69, 0x74, 0x61, 0x74, 0x65, 0x0, 0x68, 0x69, 0x64, 0x65, 0x0, 0x68,
    0x69, 0x67, 0x68, 0x6c, 0x69, 0x67, 0x68, 0x74, 0x0, 0x68, 0x69, 0x6b, 0x65, 0x0, 0x68, 0x69,
    0x6c, 0x6c, 0x0, 0x68, 0x69, 0x6e, 0x74, 0x0, 0x68, 0x69, 0x72, 0x65, 0x0, 0x68, 0x69, 0x76,
    0x65, 0x0, 0x68, 0x6f, 0x61, 0x78, 0x0, 0x68, 0x6f, 0x6c, 0x64, 0x0, 0x68, 0x6f, 0x6c, 0x65,
    0x0, 0x68, 0x6f, 0x6c, 0x69, 0x64, 0x61, 0x79, 0x0, 0x68, 0x6f, 0x6c, 0x6c, 0x6f, 0x77, 0x0,
    0x68, 0x6f, 0x6d, 0x65, 0x72, 0x0, 0x68, 0x6f, 0x6e, 0x65, 0x79, 0x6d, 0x6f, 0x6f, 0x6e, 0x0,
    0x68, 0x6f, 0x6e, 0x6f, 0x72, 0x0, 0x68, 0x6f, 0x6e, 0x6f, 0x75, 0x72, 0x0, 0x68, 0x6f, 0x6f,
    0x64, 0x0, 0x68, 0x6f, 0x6f, 0x6b, 0x0, 0x68, 0x6f, 0x6f, 0x76, 0x65, 0x72, 0x0, 0x68, 0x6f,
    0x70, 0x65, 0x0, 0x68, 0x6f, 0x72, 0x6e, 0x0, 0x68, 0x6f, 0x72, 0x73, 0x65, 0x0, 0x68, 0x6f,
    0x73, 0x65, 0x0, 0x68, 0x6f, 0x73, 0x74, 0x0, 0x68, 0x6f, 0x75, 0x73, 0x65, 0x0, 0x68, 0x75,
    0x6c, 0x6b, 0x0, 0x68, 0x75, 0x6c, 0x6c, 0x0, 0x68, 0x75, 0x6d, 0x62, 0x6c, 0x65, 0x0, 0x68,
    0x75, 0x6d, 0x6f, 0x72, 0x0, 0x68, 0x75, 0x6d, 0x6f, 0x75, 0x72, 0x0, 0x68, 0x75, 0x6e, 0x67,
    0x65, 0x72, 0x0, 0x68, 0x75, 0x6e, 0x74, 0x0, 0x68, 0x75, 0x72, 0x72, 0x79, 0x0, 0x68, 0x75,
    0x72, 0x74, 0x0, 0x68, 0x75, 0x73, 0x62, 0x61, 0x6e, 0x64, 0x0, 0x68, 0x75, 0x73, 0x74, 0x6c,
    0x65, 0x0, 0x68, 0x79, 0x6d, 0x6e, 0x0, 0x68, 0x79, 0x70, 0x65, 0x0, 0x69, 0x64, 0x65, 0x6e,
    0x74, 0x69, 0x66, 0x79, 0x0, 0x69, 0x64, 0x6c, 0x65, 0x0, 0x69, 0x67, 0x6e, 0x6f, 0x72, 0x65,
    0x0, 0x69, 0x6c, 0x6c, 0x75, 0x73, 0x74, 0x72, 0x61, 0x74, 0x65, 0x0, 0x69, 0x6d, 0x61, 0x67,
    0x65, 0x0, 0x69, 0x6d, 0x61, 0x67, 0x69, 0x6e, 0x65, 0x0, 0x69, 0x6d, 0x70, 0x61, 0x63, 0x74,
    0x0, 0x69, 0x6d, 0x70, 0x6c, 0x65, 0x6d, 0x65, 0x6e, 0x74, 0x0, 0x69, 0x6d, 0x70, 0x6c, 0x79,
    0x0, 0x69, 0x6d, 0x70, 0x6f, 0x72, 0x74, 0x0, 0x69, 0x6d, 0x70, 0x6f, 0x73, 0x65, 0x0, 0x69,
    0x6d, 0x70, 0x72, 0x65, 0x73, 0x73, 0x0, 0x69, 0x6d, 0x70, 0x72, 0x6f, 0x76, 0x65, 0x0, 0x69,
    0x6e, 0x63, 0x68, 0x0, 0x69, 0x6e, 0x63, 0x6c, 0x75, 0x64, 0x65, 0x0, 0x69, 0x6e, 0x63, 0x72,
    0x65, 0x61, 0x73, 0x65, 0x0, 0x69, 0x6e, 0x64, 0x65, 0x78, 0x0, 0x69, 0x6e, 0x64, 0x69, 0x63,
    0x61, 0x74, 0x65, 0x0, 0x69, 0x6e, 0x64, 0x75, 0x63, 0x65, 0x0, 0x69, 0x6e, 0x64, 0x75, 0x6c,
    0x67, 0x65, 0x0, 0x69, 0x6e, 0x66, 0x6c, 0x75, 0x65, 0x6e, 0x63, 0x65, 0x0, 0x69, 0x6e, 0x66,
    0x6f, 0x72, 0x6d, 0x0, 0x69, 0x6e, 0x68, 0x65, 0x72, 0x69, 0x74, 0x0, 0x69, 0x6e, 0x69, 0x74,
    0x69, 0x61, 0x6c, 0x0, 0x69, 0x6e, 0x69, 0x74, 0x69, 0x61, 0x74, 0x65, 0x0, 0x69, 0x6e, 0x70,
    0x75, 0x74, 0x0, 0x69, 0x6e, 0x73, 0x65, 0x72, 0x74, 0x0, 0x69, 0x6e, 0x73, 0x69, 0x73, 0x74,
    0x0, 0x69, 0x6e, 0x73, 0x70, 0x65, 0x63, 0x74, 0x0, 0x69, 0x6e, 0x73, 0x70, 0x69, 0x72, 0x65,
    0x0, 0x69, 0x6e, 0x73, 0x74, 0x61, 0x6c, 0x6c, 0x0, 0x69, 0x6e, 0x73, 0x74, 0x61, 0x6e, 0x63,
    0x65, 0x0, 0x69, 0x6e, 0x73, 0x74, 0x69, 0x74, 0x75, 0x74, 0x65, 0x0, 0x69, 0x6e, 0x73, 0x74,
    0x72, 0x75, 0x6d, 0x65, 0x6e, 0x74, 0x0, 0x69, 0x6e, 0x73, 0x75, 0x6c, 0x74, 0x0, 0x69, 0x6e,
    0x74, 0x65, 0x67, 0x72, 0x61, 0x74, 0x65, 0x0, 0x69, 0x6e, 0x74, 0x65, 0x6e, 0x64, 0x0, 0x69,
    0x6e, 0x74, 0x65, 0x72, 0x61, 0x63, 0x74, 0x0, 0x69, 0x6e, 0x74, 0x65, 0x72, 0x63, 0x65, 0x70,
    0x74, 0x0, 0x69, 0x6e, 0x74, 0x65, 0x72, 0x65, 0x73, 0x74, 0x0, 0x69, 0x6e, 0x74, 0x65, 0x72,
    0x66, 0x65, 0x72, 0x65, 0x0, 0x69, 0x6e, 0x74, 0x65, 0x72, 0x6e, 0x0, 0x69, 0x6e, 0x74, 0x65,
    0x72, 0x70, 0x72, 0x65, 0x74, 0x0, 0x69, 0x6e, 0x74, 0x65, 0x72, 0x72, 0x75, 0x70, 0x74, 0x0,
    0x69, 0x6e, 0x74, 0x65, 0x72, 0x76, 0x65, 0x6e, 0x65, 0x0, 0x69, 0x6e, 0x74, 0x65, 0x72, 0x76,
    0x69, 0x65, 0x77, 0x0, 0x69, 0x6e, 0x74, 0x69, 0x6d, 0x61, 0x74, 0x65, 0x0, 0x69, 0x6e, 0x74,
    0x72, 0x6f, 0x64, 0x75, 0x63, 0x65, 0x0, 0x69, 0x6e, 0x76, 0x61, 0x64, 0x65, 0x0, 0x69, 0x6e,
    0x76, 0x61, 0x6c, 0x69, 0x64, 0x0, 0x69, 0x6e, 0x76, 0x65, 0x6e, 0x74, 0x6f, 0x72, 0x79, 0x0,
    0x69, 0x6e, 0x76, 0x65, 0x73, 0x74, 0x0, 0x69, 0x6e, 0x76, 0x69, 0x74, 0x65, 0x0, 0x69, 0x6e,
    0x76, 0x6f, 0x6c, 0x76, 0x65, 0x0, 0x69, 0x72, 0x6f, 0x6e, 0x0, 0x69, 0x73, 0x6f, 0x6c, 0x61,
    0x74, 0x65, 0x0, 0x69, 0x73, 0x73, 0x75, 0x65, 0x0, 0x6a, 0x61, 0x63, 0x6b, 0x65, 0x74, 0x0,
    0x6a, 0x61, 0x64, 0x65, 0x0, 0x6a, 0x61, 0x69, 0x6c, 0x0, 0x6a, 0x61, 0x70, 0x61, 0x6e, 0x0,
    0x6a, 0x61, 0x7a, 0x7a, 0x0, 0x6a, 0x65, 0x6c, 0x6c, 0x79, 0x0, 0x6a, 0x65, 0x77, 0x65, 0x6c,
    0x0, 0x6a, 0x69, 0x6d, 0x6d, 0x79, 0x0, 0x6a, 0x6f, 0x63, 0x6b, 0x65, 0x79, 0x0, 0x6a, 0x6f,
    0x69, 0x6e, 0x74, 0x0, 0x6a, 0x6f, 0x6b, 0x65, 0x0, 0x6a, 0x6f, 0x6c, 0x6c, 0x79, 0x0, 0x6a,
    0x6f, 0x73, 0x68, 0x0, 0x6a, 0x6f, 0x75, 0x72, 0x6e, 0x65, 0x79, 0x0, 0x6a, 0x75, 0x64, 0x67,
    0x65, 0x0, 0x6a, 0x75, 0x6d, 0x70, 0x0, 0x6a, 0x75, 0x6e, 0x6b, 0x0, 0x6a, 0x75, 0x73, 0x74,
    0x69, 0x66, 0x79, 0x0, 0x6b, 0x65, 0x65, 0x6e, 0x0, 0x6b, 0x65, 0x65, 0x70, 0x0, 0x6b, 0x69,
    0x63, 0x6b, 0x0, 0x6b, 0x69, 0x6c, 0x6c, 0x0, 0x6b, 0x69, 0x6e, 0x64, 0x6c, 0x65, 0x0, 0x6b,
    0x69, 0x73, 0x73, 0x0, 0x6b, 0x69, 0x74, 0x65, 0x0, 0x6b, 0x69, 0x74, 0x74, 0x65, 0x6e, 0x0,
    0x6b, 0x6e, 0x69, 0x66, 0x65, 0x0, 0x6b, 0x6e, 0x69, 0x67, 0x68, 0x74, 0x0, 0x6b, 0x6e, 0x69,
    0x74, 0x0, 0x6b, 0x6e, 0x6f, 0x63, 0x6b, 0x0, 0x6b, 0x6e, 0x6f, 0x74, 0x0, 0x6b, 0x6e, 0x6f,
    0x77, 0x0, 0x6c, 0x61, 0x62, 0x65, 0x6c, 0x0, 0x6c, 0x61, 0x62, 0x6f, 0x72, 0x0, 0x6c, 0x61,
    0x62, 0x6f, 0x75, 0x72, 0x0, 0x6c, 0x61, 0x63, 0x65, 0x0, 0x6c, 0x61, 0x63, 0x6b, 0x0, 0x6c,
    0x61, 0x64, 0x64, 0x65, 0x72, 0x0, 0x6c, 0x61, 0x64, 0x65, 0x6e, 0x0, 0x6c, 0x61, 0x6d, 0x62,
    0x0, 0x6c, 0x61, 0x6d, 0x65, 0x0, 0x6c, 0x61, 0x6e, 0x63, 0x65, 0x0, 0x6c, 0x61, 0x6e, 0x64,
    0x73, 0x63, 0x61, 0x70, 0x65, 0x0, 0x6c, 0x61, 0x73, 0x74, 0x0, 0x6c, 0x61, 0x75, 0x67, 0x68,
    0x0, 0x6c, 0x61, 0x75, 0x6e, 0x63, 0x68, 0x0, 0x6c, 0x61, 0x79, 0x65, 0x72, 0x0, 0x6c, 0x65,
    0x61, 0x64, 0x0, 0x6c, 0x65, 0x61, 0x66, 0x0, 0x6c, 0x65, 0x61, 0x67, 0x75, 0x65, 0x0, 0x6c,
    0x65, 0x61, 0x6b, 0x0, 0x6c, 0x65, 0x61, 0x6e, 0x0, 0x6c, 0x65, 0x61, 0x70, 0x0, 0x6c, 0x65,
    0x61, 0x72, 0x6e, 0x0, 0x6c, 0x65, 0x61, 0x73, 0x65, 0x0, 0x6c, 0x65, 0x61, 0x74, 0x68, 0x65,
    0x72, 0x0, 0x6c, 0x65, 0x61, 0x76, 0x65, 0x0, 0x6c, 0x65, 0x63, 0x74, 0x75, 0x72, 0x65, 0x0,
    0x6c, 0x65, 0x67, 0x69, 0x74, 0x69, 0x6d, 0x61, 0x74, 0x65, 0x0, 0x6c, 0x65, 0x6e, 0x64, 0x0,
    0x6c, 0x65, 0x74, 0x74, 0x65, 0x72, 0x0, 0x6c, 0x65, 0x76, 0x65, 0x6c, 0x0, 0x6c, 0x65, 0x76,
    0x65, 0x72, 0x61, 0x67, 0x65, 0x0, 0x6c, 0x65, 0x76, 0x79, 0x0, 0x6c, 0x69, 0x63, 0x65, 0x6e,
    0x63, 0x65, 0x0, 0x6c, 0x69, 0x63, 0x65, 0x6e, 0x73, 0x65, 0x0, 0x6c, 0x69, 0x63, 0x6b, 0x0,
    0x6c, 0x69, 0x66, 0x74, 0x0, 0x6c, 0x69, 0x67, 0x68, 0x74, 0x65, 0x72, 0x0, 0x6c, 0x69, 0x6b,
    0x65, 0x0, 0x6c, 0x69, 0x6d, 0x65, 0x0, 0x6c, 0x69, 0x6d, 0x69, 0x74, 0x0, 0x6c, 0x69, 0x6e,
    0x65, 0x0, 0x6c, 0x69, 0x6e, 0x6b, 0x0, 0x6c, 0x69, 0x70, 0x73, 0x74, 0x69, 0x63, 0x6b, 0x0,
    0x6c, 0x69, 0x73, 0x74, 0x65, 0x6e, 0x0, 0x6c, 0x69, 0x74, 0x74, 0x65, 0x72, 0x0, 0x6c, 0x69,
    0x76, 0x65, 0x0, 0x6c, 0x6f, 0x61, 0x64, 0x0, 0x6c, 0x6f, 0x61, 0x6e, 0x0, 0x6c, 0x6f, 0x62,
    0x62, 0x79, 0x0, 0x6c, 0x6f, 0x63, 0x61, 0x74, 0x65, 0x0, 0x6c, 0x6f, 0x63, 0x6b, 0x0, 0x6c,
    0x6f, 0x64, 0x67, 0x65, 0x0, 0x6c, 0x6f, 0x66, 0x74, 0x0, 0x6c, 0x6f, 0x6e, 0x67, 0x0, 0x6c,
    0x6f, 0x6f, 0x6b, 0x0, 0x6c, 0x6f, 0x6f, 0x70, 0x0, 0x6c, 0x6f, 0x6f, 0x73, 0x65, 0x0, 0x6c,
    0x6f, 0x72, 0x64, 0x0, 0x6c, 0x6f, 0x73, 0x65, 0x0, 0x6c, 0x6f, 0x75, 0x6e, 0x67, 0x65, 0x0,
    0x6c, 0x6f, 0x76, 0x65, 0x0, 0x6c, 0x6f, 0x77, 0x65, 0x72, 0x0, 0x6c, 0x75, 0x6d, 0x62, 0x65,
    0x72, 0x0, 0x6c, 0x75, 0x6d, 0x70, 0x0, 0x6c, 0x75, 0x6e, 0x63, 0x68, 0x0, 0x6c, 0x75, 0x72,
    0x65, 0x0, 0x6c, 0x79, 0x6e, 0x63, 0x68, 0x0, 0x6c, 0x79, 0x72, 0x69, 0x63, 0x0, 0x6d, 0x61,
    0x63, 0x68, 0x69, 0x6e, 0x65, 0x0, 0x6d, 0x61, 0x64, 0x64, 0x65, 0x6e, 0x0, 0x6d, 0x61, 0x69,
    0x6c, 0x0, 0x6d, 0x61, 0x69, 0x6e, 0x74, 0x61, 0x69, 0x6e, 0x0, 0x6d, 0x61, 0x6a, 0x6f, 0x72,
    0x0, 0x6d, 0x61, 0x6b, 0x65, 0x0, 0x6d, 0x61, 0x6e, 0x61, 0x67, 0x65, 0x0, 0x6d, 0x61, 0x6e,
    0x64, 0x61, 0x74, 0x65, 0x0, 0x6d, 0x61, 0x6e, 0x65, 0x75, 0x76, 0x65, 0x72, 0x0, 0x6d, 0x61,
    0x6e, 0x69, 0x66, 0x65, 0x73, 0x74, 0x0, 0x6d, 0x61, 0x6e, 0x69, 0x70, 0x75, 0x6c, 0x61, 0x74,
    0x65, 0x0, 0x6d, 0x61, 0x6e, 0x74, 0x6c, 0x65, 0x0, 0x6d, 0x61, 0x72, 0x62, 0x6c, 0x65, 0x0,
    0x6d, 0x61, 0x72, 0x63, 0x65, 0x6c, 0x0, 0x6d, 0x61, 0x72, 0x63, 0x68, 0x0, 0x6d, 0x61, 0x72,
    0x6b, 0x65, 0x74, 0x0, 0x6d, 0x61, 0x72, 0x72, 0x79, 0x0, 0x6d, 0x61, 0x72, 0x73, 0x68, 0x61,
    0x6c, 0x0, 0x6d, 0x61, 0x72, 0x76, 0x65, 0x6c, 0x0, 0x6d, 0x61, 0x73, 0x68, 0x0, 0x6d, 0x61,
    0x73, 0x6b, 0x0, 0x6d, 0x61, 0x73, 0x73, 0x61, 0x63, 0x72, 0x65, 0x0, 0x6d, 0x61, 0x73, 0x73,
    0x61, 0x67, 0x65, 0x0, 0x6d, 0x61, 0x73, 0x74, 0x65, 0x72, 0x0, 0x6d, 0x61, 0x74, 0x63, 0x68,
    0x0, 0x6d, 0x61, 0x74, 0x65, 0x0, 0x6d, 0x61, 0x74, 0x74, 0x65, 0x72, 0x0, 0x6d, 0x61, 0x74,
    0x75, 0x72, 0x65, 0x0, 0x6d, 0x61, 0x78, 0x69, 0x6d, 0x69, 0x7a, 0x65, 0x0, 0x6d, 0x65, 0x61,
    0x6e, 0x0, 0x6d, 0x65, 0x61, 0x73, 0x75, 0x72, 0x65, 0x0, 0x6d, 0x65, 0x64, 0x69, 0x63, 0x69,
    0x6e, 0x65, 0x0, 0x6d, 0x65, 0x65, 0x74, 0x0, 0x6d, 0x65, 0x6c, 0x74, 0x0, 0x6d, 0x65, 0x6e,
    0x61, 0x63, 0x65, 0x0, 0x6d, 0x65, 0x6e, 0x74, 0x69, 0x6f, 0x6e, 0x0, 0x6d, 0x65, 0x6e, 0x74,
    0x6f, 0x72, 0x0, 0x6d, 0x65, 0x72, 0x67, 0x65, 0x0, 0x6d, 0x65, 0x72, 0x69, 0x74, 0x0, 0x6d,
    0x65, 0x73, 0x68, 0x0, 0x6d, 0x65, 0x73, 0x73, 0x61, 0x67, 0x65, 0x0, 0x6d, 0x65, 0x74, 0x61,
    0x6c, 0x0, 0x6d, 0x65, 0x74, 0x65, 0x72, 0x0, 0x6d, 0x69, 0x63, 0x72, 0x6f, 0x77, 0x61, 0x76,
    0x65, 0x0, 0x6d, 0x69, 0x64, 0x64, 0x6c, 0x65, 0x0, 0x6d, 0x69, 0x6c, 0x6b, 0x0, 0x6d, 0x69,
    0x6c, 0x6c, 0x0, 0x6d, 0x69, 0x6e, 0x64, 0x0, 0x6d, 0x69, 0x6e, 0x65, 0x0, 0x6d, 0x69, 0x6e,
    0x69, 0x6d, 0x69, 0x7a, 0x65, 0x0, 0x6d, 0x69, 0x6e, 0x69, 0x73, 0x74, 0x65, 0x72, 0x0, 0x6d,
    0x69, 0x6e, 0x74, 0x0, 0x6d, 0x69, 0x72, 0x72, 0x6f, 0x72, 0x0, 0x6d, 0x69, 0x73, 0x63, 0x6f,
    0x6e, 0x64, 0x75, 0x63, 0x74, 0x0, 0x6d, 0x69, 0x73, 0x73, 0x0, 0x6d, 0x69, 0x73, 0x74, 0x61,
    0x6b, 0x65, 0x0, 0x6d, 0x69, 0x73, 0x75, 0x73, 0x65, 0x0, 0x6d, 0x69, 0x74, 0x69, 0x67, 0x61,
    0x74, 0x65, 0x0, 0x6d, 0x6f, 0x63, 0x6b, 0x0, 0x6d, 0x6f, 0x64, 0x65, 0x6c, 0x0, 0x6d, 0x6f,
    0x64, 0x65, 0x72, 0x61, 0x74, 0x65, 0x0, 0x6d, 0x6f, 0x64, 0x69, 0x66, 0x79, 0x0, 0x6d, 0x6f,
    0x6c, 0x64, 0x0, 0x6d, 0x6f, 0x6e, 0x69, 0x74, 0x6f, 0x72, 0x0, 0x6d, 0x6f, 0x6e, 0x6b, 0x65,
    0x79, 0x0, 0x6d, 0x6f, 0x6f, 0x6e, 0x6c, 0x69, 0x67, 0x68, 0x74, 0x0, 0x6d, 0x6f, 0x72, 0x74,
    0x61, 0x72, 0x0, 0x6d, 0x6f, 0x72, 0x74, 0x67, 0x61, 0x67, 0x65, 0x0, 0x6d, 0x6f, 0x74, 0x68,
    0x65, 0x72, 0x0, 0x6d, 0x6f, 0x74, 0x69, 0x6f, 0x6e, 0x0, 0x6d, 0x6f, 0x74, 0x69, 0x76, 0x61,
    0x74, 0x65, 0x0, 0x6d, 0x6f, 0x74, 0x6f, 0x72, 0x63, 0x79, 0x63, 0x6c, 0x65, 0x0, 0x6d, 0x6f,
    0x75, 0x6e, 0x64, 0x0, 0x6d, 0x6f, 0x75, 0x6e, 0x74, 0x0, 0x6d, 0x6f, 0x75, 0x73, 0x65, 0x0,
    0x6d, 0x6f, 0x75, 0x74, 0x68, 0x0, 0x6d, 0x6f, 0x76, 0x65, 0x0, 0x6d, 0x75, 0x64, 0x64, 0x79,
    0x0, 0x6d, 0x75, 0x6c, 0x74, 0x69, 0x70, 0x6c, 0x79, 0x0, 0x6d, 0x75, 0x72, 0x64, 0x65, 0x72,
    0x0, 0x6d, 0x75, 0x73, 0x63, 0x6c, 0x65, 0x0, 0x6d, 0x75, 0x73, 0x65, 0x0, 0x6d, 0x75, 0x73,
    0x68, 0x72, 0x6f, 0x6f, 0x6d, 0x0, 0x6d, 0x75, 0x74, 0x65, 0x0, 0x6e, 0x61, 0x69, 0x6c, 0x0,
    0x6e, 0x61, 0x6d, 0x65, 0x0, 0x6e, 0x61, 0x72, 0x72, 0x6f, 0x77, 0x0, 0x6e, 0x61, 0x76, 0x69,
    0x67, 0x61, 0x74, 0x65, 0x0, 0x6e, 0x65, 0x61, 0x72, 0x0, 0x6e, 0x65, 0x63, 0x6b, 0x0, 0x6e,
    0x65, 0x65, 0x64, 0x6c, 0x65, 0x0, 0x6e, 0x65, 0x67, 0x61, 0x74, 0x69, 0x76, 0x65, 0x0, 0x6e,
    0x65, 0x67, 0x6c, 0x65, 0x63, 0x74, 0x0, 0x6e, 0x65, 0x67, 0x6f, 0x74, 0x69, 0x61, 0x74, 0x65,
    0x0, 0x6e, 0x65, 0x69, 0x67, 0x68, 0x62, 0x6f, 0x72, 0x0, 0x6e, 0x65, 0x69, 0x67, 0x68, 0x62,
    0x6f, 0x75, 0x72, 0x0, 0x6e, 0x65, 0x72, 0x76, 0x65, 0x0, 0x6e, 0x65, 0x73, 0x74, 0x0, 0x6e,
    0x65, 0x74, 0x77, 0x6f, 0x72, 0x6b, 0x0, 0x6e, 0x69, 0x63, 0x6b, 0x65, 0x6c, 0x0, 0x6e, 0x69,
    0x63, 0x6b, 0x6e, 0x61, 0x6d, 0x65, 0x0, 0x6e, 0x6f, 0x69, 0x73, 0x65, 0x0, 0x6e, 0x6f, 0x6d,
    0x69, 0x6e, 0x61, 0x74, 0x65, 0x0, 0x6e, 0x6f, 0x73, 0x65, 0x0, 0x6e, 0x6f, 0x74, 0x63, 0x68,
    0x0, 0x6e, 0x6f, 0x74, 0x65, 0x0, 0x6e, 0x6f, 0x74, 0x69, 0x63, 0x65, 0x0, 0x6e, 0x6f, 0x74,
    0x69, 0x66, 0x79, 0x0, 0x6e, 0x75, 0x6d, 0x62, 0x65, 0x72, 0x0, 0x6e, 0x75, 0x72, 0x73, 0x65,
    0x0, 0x6f, 0x62, 0x65, 0x79, 0x0, 0x6f, 0x62, 0x6a, 0x65, 0x63, 0x74, 0x0, 0x6f, 0x62, 0x73,
    0x63, 0x75, 0x72, 0x65, 0x0, 0x6f, 0x62, 0x73, 0x65, 0x72, 0x76, 0x65, 0x0, 0x6f, 0x62, 0x74,
    0x61, 0x69, 0x6e, 0x0, 0x6f, 0x63, 0x63, 0x61, 0x73, 0x69, 0x6f, 0x6e, 0x0, 0x6f, 0x63, 0x63,
    0x75, 0x70, 0x79, 0x0, 0x6f, 0x63, 0x63, 0x75, 0x72, 0x0, 0x6f, 0x66, 0x66, 0x65, 0x6e, 0x64,
    0x0, 0x6f, 0x66, 0x66, 0x65, 0x72, 0x0, 0x6f, 0x66, 0x66, 0x69, 0x63, 0x65, 0x72, 0x0, 0x6f,
    0x66, 0x66, 0x73, 0x65, 0x74, 0x0, 0x6f, 0x6b, 0x61, 0x79, 0x0, 0x6f, 0x70, 0x65, 0x6e, 0x0,
    0x6f, 0x70, 0x65, 0x72, 0x61, 0x74, 0x65, 0x0, 0x6f, 0x70, 0x70, 0x6f, 0x73, 0x65, 0x0, 0x6f,
    0x72, 0x62, 0x69, 0x74, 0x0, 0x6f, 0x72, 0x64, 0x65, 0x72, 0x0, 0x6f, 0x72, 0x67, 0x61, 0x6e,
    0x69, 0x73, 0x65, 0x0, 0x6f, 0x72, 0x67, 0x61, 0x6e, 0x69, 0x7a, 0x65, 0x0, 0x6f, 0x72, 0x70,
    0x68, 0x61, 0x6e, 0x0, 0x6f, 0x75, 0x74, 0x66, 0x69, 0x74, 0x0, 0x6f, 0x75, 0x74, 0x6c, 0x61,
    0x77, 0x0, 0x6f, 0x75, 0x74, 0x6c, 0x69, 0x6e, 0x65, 0x0, 0x6f, 0x75, 0x74, 0x70, 0x75, 0x74,
    0x0, 0x6f, 0x75, 0x74, 0x72, 0x61, 0x67, 0x65, 0x0, 0x6f, 0x76, 0x65, 0x72, 0x63, 0x6f, 0x6d,
    0x65, 0x0, 0x6f, 0x76, 0x65, 0x72, 0x64, 0x6f, 0x73, 0x65, 0x0, 0x6f, 0x76, 0x65, 0x72, 0x68,
    0x61, 0x75, 0x6c, 0x0, 0x6f, 0x76, 0x65, 0x72, 0x6c, 0x61, 0x70, 0x0, 0x6f, 0x76, 0x65, 0x72,
    0x6c, 0x6f, 0x61, 0x64, 0x0, 0x6f, 0x76, 0x65, 0x72, 0x6c, 0x6f, 0x6f, 0x6b, 0x0, 0x6f, 0x76,
    0x65, 0x72, 0x73, 0x65, 0x65, 0x0, 0x6f, 0x76, 0x65, 0x72, 0x74, 0x68, 0x72, 0x6f, 0x77, 0x0,
    0x6f, 0x79, 0x73, 0x74, 0x65, 0x72, 0x0, 0x70, 0x61, 0x63, 0x65, 0x0, 0x70, 0x61, 0x63, 0x6b,
    0x61, 0x67, 0x65, 0x0, 0x70, 0x61, 0x67, 0x65, 0x0, 0x70, 0x61, 0x69, 0x6e, 0x74, 0x0, 0x70,
    0x61, 0x69, 0x72, 0x0, 0x70, 0x61, 0x6c, 0x65, 0x0, 0x70, 0x61, 0x6c, 0x6d, 0x0, 0x70, 0x61,
    0x6e, 0x65, 0x6c, 0x0, 0x70, 0x61, 0x6e, 0x69, 0x63, 0x0, 0x70, 0x61, 0x70, 0x65, 0x72, 0x0,
    0x70, 0x61, 0x72, 0x61, 0x63, 0x68, 0x75, 0x74, 0x65, 0x0, 0x70, 0x61, 0x72, 0x61, 0x64, 0x65,
    0x0, 0x70, 0x61, 0x72, 0x61, 0x67, 0x72, 0x61, 0x70, 0x68, 0x0, 0x70, 0x61, 0x72, 0x61, 0x6c,
    0x6c, 0x65, 0x6c, 0x0, 0x70, 0x61, 0x72, 0x63, 0x65, 0x6c, 0x0, 0x70, 0x61, 0x72, 0x64, 0x6f,
    0x6e, 0x0, 0x70, 0x61, 0x72, 0x65, 0x6e, 0x74, 0x0, 0x70, 0x61, 0x72, 0x6b, 0x0, 0x70, 0x61,
    0x72, 0x6f, 0x64, 0x79, 0x0, 0x70, 0x61, 0x72, 0x6f, 0x6c, 0x65, 0x0, 0x70, 0x61, 0x72, 0x74,
    0x69, 0x74, 0x69, 0x6f, 0x6e, 0x0, 0x70, 0x61, 0x72, 0x74, 0x6e, 0x65, 0x72, 0x0, 0x70, 0x61,
    0x72, 0x74, 0x79, 0x0, 0x70, 0x61, 0x73, 0x73, 0x0, 0x70, 0x61, 0x73, 0x74, 0x65, 0x0, 0x70,
    0x61, 0x74, 0x63, 0x68, 0x0, 0x70, 0x61, 0x74, 0x65, 0x6e, 0x74, 0x0, 0x70, 0x61, 0x74, 0x72,
    0x6f, 0x6c, 0x0, 0x70, 0x61, 0x74, 0x74, 0x65, 0x72, 0x6e, 0x0, 0x70, 0x61, 0x75, 0x73, 0x65,
    0x0, 0x70, 0x65, 0x61, 0x63, 0x68, 0x0, 0x70, 0x65, 0x61, 0x6b, 0x0, 0x70, 0x65, 0x61, 0x72,
    0x6c, 0x0, 0x70, 0x65, 0x64, 0x61, 0x6c, 0x0, 0x70, 0x65, 0x65, 0x6b, 0x0, 0x70, 0x65, 0x65,
    0x6c, 0x0, 0x70, 0x65, 0x65, 0x72, 0x0, 0x70, 0x65, 0x6e, 0x63, 0x69, 0x6c, 0x0, 0x70, 0x65,
    0x6e, 0x65, 0x74, 0x72, 0x61, 0x74, 0x65, 0x0, 0x70, 0x65, 0x6e, 0x73, 0x69, 0x6f, 0x6e, 0x0,
    0x70, 0x65, 0x6f, 0x70, 0x6c, 0x65, 0x0, 0x70, 0x65, 0x70, 0x70, 0x65, 0x72, 0x0, 0x70, 0x65,
    0x72, 0x63, 0x65, 0x69, 0x76, 0x65, 0x0, 0x70, 0x65, 0x72, 0x66, 0x65, 0x63, 0x74, 0x0, 0x70,
    0x65, 0x72, 0x66, 0x6f, 0x72, 0x6d, 0x0, 0x70, 0x65, 0x72, 0x66, 0x75, 0x6d, 0x65, 0x0, 0x70,
    0x65, 0x72, 0x6d, 0x69, 0x74, 0x0, 0x70, 0x65, 0x72, 0x73, 0x69, 0x73, 0x74, 0x0, 0x70, 0x65,
    0x72, 0x73, 0x75, 0x61, 0x64, 0x65, 0x0, 0x70, 0x65, 0x74, 0x69, 0x74, 0x69, 0x6f, 0x6e, 0x0,
    0x70, 0x68, 0x61, 0x73, 0x65, 0x0, 0x70, 0x68, 0x6f, 0x6e, 0x65, 0x0, 0x70, 0x68, 0x6f, 0x74,
    0x6f, 0x67, 0x72, 0x61, 0x70, 0x68, 0x0, 0x70, 0x68, 0x72, 0x61, 0x73, 0x65, 0x0, 0x70, 0x69,
    0x63, 0x6b, 0x0, 0x70, 0x69, 0x63, 0x6e, 0x69, 0x63, 0x0, 0x70, 0x69, 0x63, 0x74, 0x75, 0x72,
    0x65, 0x0, 0x70, 0x69, 0x65, 0x63, 0x65, 0x0, 0x70, 0x69, 0x65, 0x72, 0x63, 0x65, 0x0, 0x70,
    0x69, 0x6c, 0x65, 0x0, 0x70, 0x69, 0x6c, 0x6c, 0x6f, 0x77, 0x0, 0x70, 0x69, 0x6c, 0x6f, 0x74,
    0x0, 0x70, 0x69, 0x6e, 0x63, 0x68, 0x0, 0x70, 0x69, 0x6e, 0x65, 0x0, 0x70, 0x69, 0x6e, 0x67,
    0x0, 0x70, 0x69, 0x6e, 0x6b, 0x0, 0x70, 0x69, 0x6f, 0x6e, 0x65, 0x65, 0x72, 0x0, 0x70, 0x69,
    0x70, 0x65, 0x0, 0x70, 0x69, 0x72, 0x61, 0x74, 0x65, 0x0, 0x70, 0x69, 0x74, 0x63, 0x68, 0x0,
    0x70, 0x69, 0x74, 0x79, 0x0, 0x70, 0x69, 0x76, 0x6f, 0x74, 0x0, 0x70, 0x6c, 0x61, 0x63, 0x65,
    0x0, 0x70, 0x6c, 0x61, 0x67, 0x75, 0x65, 0x0, 0x70, 0x6c, 0x61, 0x69, 0x6e, 0x0, 0x70, 0x6c,
    0x61, 0x6e, 0x65, 0x0, 0x70, 0x6c, 0x61, 0x6e, 0x74, 0x0, 0x70, 0x6c, 0x61, 0x73, 0x74, 0x65,
    0x72, 0x0, 0x70, 0x6c, 0x61, 0x74, 0x65, 0x0, 0x70, 0x6c, 0x61, 0x79, 0x0, 0x70, 0x6c, 0x65,
    0x61, 0x64, 0x0, 0x70, 0x6c, 0x65, 0x61, 0x73, 0x65, 0x0, 0x70, 0x6c, 0x65, 0x64, 0x67, 0x65,
    0x0, 0x70, 0x6c, 0x6f, 0x74, 0x0, 0x70, 0x6c, 0x75, 0x67, 0x0, 0x70, 0x6f, 0x63, 0x6b, 0x65,
    0x74, 0x0, 0x70, 0x6f, 0x64, 0x63, 0x61, 0x73, 0x74, 0x0, 0x70, 0x6f, 0x69, 0x6e, 0x74, 0x0,
    0x70, 0x6f, 0x69, 0x73, 0x6f, 0x6e, 0x0, 0x70, 0x6f, 0x6b, 0x65, 0x0, 0x70, 0x6f, 0x6c, 0x65,
    0x0, 0x70, 0x6f, 0x6c, 0x69, 0x63, 0x65, 0x0, 0x70, 0x6f, 0x6c, 0x69, 0x73, 0x68, 0x0, 0x70,
    0x6f, 0x6c, 0x6c, 0x0, 0x70, 0x6f, 0x6f, 0x6c, 0x0, 0x70, 0x6f, 0x72, 0x74, 0x65, 0x72, 0x0,
    0x70, 0x6f, 0x72, 0x74, 0x69, 0x6f, 0x6e, 0x0, 0x70, 0x6f, 0x72, 0x74, 0x72, 0x61, 0x79, 0x0,
    0x70, 0x6f, 0x73, 0x65, 0x0, 0x70, 0x6f, 0x73, 0x69, 0x74, 0x69, 0x6f, 0x6e, 0x0, 0x70, 0x6f,
    0x73, 0x73, 0x65, 0x73, 0x73, 0x0, 0x70, 0x6f, 0x73, 0x74, 0x75, 0x72, 0x65, 0x0, 0x70, 0x6f,
    0x74, 0x74, 0x65, 0x72, 0x0, 0x70, 0x6f, 0x75, 0x6e, 0x64, 0x0, 0x70, 0x6f, 0x75, 0x72, 0x0,
    0x70, 0x6f, 0x77, 0x64, 0x65, 0x72, 0x0, 0x70, 0x6f, 0x77, 0x65, 0x72, 0x0, 0x70, 0x72, 0x61,
    0x63, 0x74, 0x69, 0x63, 0x65, 0x0, 0x70, 0x72, 0x61, 0x63, 0x74, 0x69, 0x73, 0x65, 0x0, 0x70,
    0x72, 0x61, 0x69, 0x73, 0x65, 0x0, 0x70, 0x72, 0x61, 0x6e, 0x6b, 0x0, 0x70, 0x72, 0x61, 0x79,
    0x0, 0x70, 0x72, 0x65, 0x61, 0x63, 0x68, 0x0, 0x70, 0x72, 0x65, 0x64, 0x69, 0x63, 0x74, 0x0,
    0x70, 0x72, 0x65, 0x66, 0x65, 0x72, 0x0, 0x70, 0x72, 0x65, 0x6a, 0x75, 0x64, 0x69, 0x63, 0x65,
    0x0, 0x70, 0x72, 0x65, 0x6d, 0x69, 0x65, 0x72, 0x65, 0x0, 0x70, 0x72, 0x65, 0x6d, 0x69, 0x73,
    0x65, 0x0, 0x70, 0x72, 0x65, 0x70, 0x61, 0x72, 0x65, 0x0, 0x70, 0x72, 0x65, 0x73, 0x65, 0x6e,
    0x74, 0x0, 0x70, 0x72, 0x65, 0x73, 0x65, 0x72, 0x76, 0x65, 0x0, 0x70, 0x72, 0x65, 0x73, 0x73,
    0x75, 0x72, 0x65, 0x0, 0x70, 0x72, 0x65, 0x73, 0x75, 0x6d, 0x65, 0x0, 0x70, 0x72, 0x65, 0x74,
    0x65, 0x6e, 0x64, 0x0, 0x70, 0x72, 0x65, 0x76, 0x61, 0x69, 0x6c, 0x0, 0x70, 0x72, 0x65, 0x76,
    0x65, 0x6e, 0x74, 0x0, 0x70, 0x72, 0x65, 0x76, 0x69, 0x65, 0x77, 0x0, 0x70, 0x72, 0x65, 0x79,
    0x0, 0x70, 0x72, 0x69, 0x63, 0x65, 0x0, 0x70, 0x72, 0x69, 0x64, 0x65, 0x0, 0x70, 0x72, 0x69,
    0x6d, 0x65, 0x0, 0x70, 0x72, 0x69, 0x6e, 0x74, 0x0, 0x70, 0x72, 0x69, 0x76, 0x69, 0x6c, 0x65,
    0x67, 0x65, 0x0, 0x70, 0x72, 0x69, 0x7a, 0x65, 0x0, 0x70, 0x72, 0x6f, 0x62, 0x65, 0x0, 0x70,
    0x72, 0x6f, 0x63, 0x65, 0x65, 0x64, 0x0, 0x70, 0x72, 0x6f, 0x63, 0x65, 0x73, 0x73, 0x0, 0x70,
    0x72, 0x6f, 0x64, 0x75, 0x63, 0x65, 0x0, 0x70, 0x72, 0x6f, 0x66, 0x69, 0x6c, 0x65, 0x0, 0x70,
    0x72, 0x6f, 0x66, 0x69, 0x74, 0x0, 0x70, 0x72, 0x6f, 0x67, 0x72, 0x61, 0x6d, 0x6d, 0x65, 0x0,
    0x70, 0x72, 0x6f, 0x67, 0x72, 0x65, 0x73, 0x73, 0x0, 0x70, 0x72, 0x6f, 0x68, 0x69, 0x62, 0x69,
    0x74, 0x0, 0x70, 0x72, 0x6f, 0x6a, 0x65, 0x63, 0x74, 0x0, 0x70, 0x72, 0x6f, 0x6d, 0x69, 0x73,
    0x65, 0x0, 0x70, 0x72, 0x6f, 0x6d, 0x6f, 0x74, 0x65, 0x0, 0x70, 0x72, 0x6f, 0x6d, 0x70, 0x74,
    0x0, 0x70, 0x72, 0x6f, 0x6e, 0x6f, 0x75, 0x6e, 0x63, 0x65, 0x0, 0x70, 0x72, 0x6f, 0x6f, 0x66,
    0x0, 0x70, 0x72, 0x6f, 0x70, 0x6f, 0x72, 0x74, 0x69, 0x6f, 0x6e, 0x0, 0x70, 0x72, 0x6f, 0x70,
    0x6f, 0x73, 0x65, 0x0, 0x70, 0x72, 0x6f, 0x73, 0x65, 0x63, 0x75, 0x74, 0x65, 0x0, 0x70, 0x72,
    0x6f, 0x73, 0x70, 0x65, 0x63, 0x74, 0x0, 0x70, 0x72, 0x6f, 0x73, 0x74, 0x69, 0x74, 0x75, 0x74,
    0x65, 0x0, 0x70, 0x72, 0x6f, 0x74, 0x65, 0x63, 0x74, 0x0, 0x70, 0x72, 0x6f, 0x74, 0x65, 0x73,
    0x74, 0x0, 0x70, 0x72, 0x6f, 0x76, 0x65, 0x0, 0x70, 0x72, 0x6f, 0x76, 0x69, 0x64, 0x65, 0x0,
    0x70, 0x72, 0x6f, 0x76, 0x69, 0x73, 0x69, 0x6f, 0x6e, 0x0, 0x70, 0x72, 0x6f, 0x76, 0x6f, 0x6b,
    0x65, 0x0, 0x70, 0x73, 0x61, 0x6c, 0x6d, 0x0, 0x70, 0x75, 0x62, 0x6c, 0x69, 0x73, 0x68, 0x0,
    0x70, 0x75, 0x66, 0x66, 0x0, 0x70, 0x75, 0x6c, 0x6c, 0x0, 0x70, 0x75, 0x6c, 0x70, 0x0, 0x70,
    0x75, 0x6c, 0x73, 0x65, 0x0, 0x70, 0x75, 0x6d, 0x70, 0x0, 0x70, 0x75, 0x6e, 0x63, 0x68, 0x0,
    0x70, 0x75, 0x6e, 0x69, 0x73, 0x68, 0x0, 0x70, 0x75, 0x72, 0x63, 0x68, 0x61, 0x73, 0x65, 0x0,
    0x70, 0x75, 0x72, 0x67, 0x65, 0x0, 0x70, 0x75, 0x72, 0x70, 0x6c, 0x65, 0x0, 0x70, 0x75, 0x72,
    0x70, 0x6f, 0x73, 0x65, 0x0, 0x70, 0x75, 0x72, 0x73, 0x65, 0x0, 0x70, 0x75, 0x72, 0x73, 0x75,
    0x65, 0x0, 0x70, 0x75, 0x73, 0x68, 0x0, 0x70, 0x75, 0x7a, 0x7a, 0x6c, 0x65, 0x0, 0x70, 0x79,
    0x72, 0x61, 0x6d, 0x69, 0x64, 0x0, 0x71, 0x75, 0x61, 0x6c, 0x69, 0x66, 0x79, 0x0, 0x71, 0x75,
    0x61, 0x72, 0x61, 0x6e, 0x74, 0x69, 0x6e, 0x65, 0x0, 0x71, 0x75, 0x61, 0x72, 0x72, 0x79, 0x0,
    0x71, 0x75, 0x61, 0x72, 0x74, 0x65, 0x72, 0x0, 0x71, 0x75, 0x65, 0x65, 0x6e, 0x0, 0x71, 0x75,
    0x65, 0x65, 0x72, 0x0, 0x71, 0x75, 0x65, 0x72, 0x79, 0x0, 0x71, 0x75, 0x65, 0x73, 0x74, 0x69,
    0x6f, 0x6e, 0x0, 0x71, 0x75, 0x65, 0x75, 0x65, 0x0, 0x71, 0x75, 0x69, 0x65, 0x74, 0x0, 0x71,
    0x75, 0x69, 0x74, 0x0, 0x71, 0x75, 0x69, 0x7a, 0x0, 0x71, 0x75, 0x6f, 0x74, 0x65, 0x0, 0x72,
    0x61, 0x62, 0x62, 0x69, 0x74, 0x0, 0x72, 0x61, 0x63, 0x65, 0x0, 0x72, 0x61, 0x63, 0x6b, 0x0,
    0x72, 0x61, 0x64, 0x69, 0x6f, 0x0, 0x72, 0x61, 0x67, 0x65, 0x0, 0x72, 0x61, 0x69, 0x64, 0x0,
    0x72, 0x61, 0x69, 0x6c, 0x72, 0x6f, 0x61, 0x64, 0x0, 0x72, 0x61, 0x69, 0x6e, 0x0, 0x72, 0x61,
    0x69, 0x73, 0x65, 0x0, 0x72, 0x61, 0x6c, 0x6c, 0x79, 0x0, 0x72, 0x61, 0x6d, 0x70, 0x0, 0x72,
    0x61, 0x6e, 0x63, 0x68, 0x0, 0x72, 0x61, 0x6e, 0x67, 0x65, 0x0, 0x72, 0x61, 0x6e, 0x6b, 0x0,
    0x72, 0x61, 0x6e, 0x73, 0x6f, 0x6d, 0x0, 0x72, 0x61, 0x6e, 0x74, 0x0, 0x72, 0x61, 0x74, 0x65,
    0x0, 0x72, 0x61, 0x76, 0x65, 0x6e, 0x0, 0x72, 0x61, 0x7a, 0x6f, 0x72, 0x0, 0x72, 0x65, 0x61,
    0x63, 0x68, 0x0, 0x72, 0x65, 0x61, 0x63, 0x74, 0x0, 0x72, 0x65, 0x61, 0x64, 0x79, 0x0, 0x72,
    0x65, 0x61, 0x6c, 0x69, 0x73, 0x65, 0x0, 0x72, 0x65, 0x61, 0x6c, 0x69, 0x7a, 0x65, 0x0, 0x72,
    0x65, 0x61, 0x70, 0x0, 0x72, 0x65, 0x61, 0x72, 0x0, 0x72, 0x65, 0x61, 0x73, 0x6f, 0x6e, 0x0,
    0x72, 0x65, 0x62, 0x65, 0x6c, 0x0, 0x72, 0x65, 0x62, 0x6f, 0x6f, 0x74, 0x0, 0x72, 0x65, 0x62,
    0x6f, 0x75, 0x6e, 0x64, 0x0, 0x72, 0x65, 0x62, 0x75, 0x69, 0x6c, 0x64, 0x0, 0x72, 0x65, 0x63,
    0x61, 0x6c, 0x6c, 0x0, 0x72, 0x65, 0x63, 0x65, 0x69, 0x70, 0x74, 0x0, 0x72, 0x65, 0x63, 0x65,
    0x69, 0x76, 0x65, 0x0, 0x72, 0x65, 0x63, 0x65, 0x73, 0x73, 0x0, 0x72, 0x65, 0x63, 0x6b, 0x6f,
    0x6e, 0x0, 0x72, 0x65, 0x63, 0x6f, 0x67, 0x6e, 0x69, 0x73, 0x65, 0x0, 0x72, 0x65, 0x63, 0x6f,
    0x67, 0x6e, 0x69, 0x7a, 0x65, 0x0, 0x72, 0x65, 0x63, 0x6f, 0x6d, 0x6d, 0x65, 0x6e, 0x64, 0x0,
    0x72, 0x65, 0x63, 0x6f, 0x6e, 0x63, 0x69, 0x6c, 0x65, 0x0, 0x72, 0x65, 0x63, 0x6f, 0x6e, 0x73,
    0x69, 0x64, 0x65, 0x72, 0x0, 0x72, 0x65, 0x63, 0x6f, 0x72, 0x64, 0x0, 0x72, 0x65, 0x63, 0x6f,
    0x76, 0x65, 0x72, 0x0, 0x72, 0x65, 0x63, 0x72, 0x65, 0x61, 0x74, 0x65, 0x0, 0x72, 0x65, 0x63,
    0x72, 0x75, 0x69, 0x74, 0x0, 0x72, 0x65, 0x64, 0x65, 0x65, 0x6d, 0x0, 0x72, 0x65, 0x64, 0x75,
    0x63, 0x65, 0x0, 0x72, 0x65, 0x65, 0x66, 0x0, 0x72, 0x65, 0x65, 0x6c, 0x0, 0x72, 0x65, 0x66,
    0x65, 0x72, 0x65, 0x65, 0x0, 0x72, 0x65, 0x66, 0x65, 0x72, 0x65, 0x6e, 0x63, 0x65, 0x0, 0x72,
    0x65, 0x66, 0x6c, 0x65, 0x63, 0x74, 0x0, 0x72, 0x65, 0x66, 0x6f, 0x72, 0x6d, 0x0, 0x72, 0x65,
    0x66, 0x72, 0x61, 0x69, 0x6e, 0x0, 0x72, 0x65, 0x66, 0x72, 0x65, 0x73, 0x68, 0x0, 0x72, 0x65,
    0x66, 0x75, 0x6e, 0x64, 0x0, 0x72, 0x65, 0x66, 0x75, 0x73, 0x65, 0x0, 0x72, 0x65, 0x67, 0x61,
    0x69, 0x6e, 0x0, 0x72, 0x65, 0x67, 0x61, 0x72, 0x64, 0x0, 0x72, 0x65, 0x67, 0x69, 0x6d, 0x65,
    0x6e, 0x74, 0x0, 0x72, 0x65, 0x67, 0x69, 0x73, 0x74, 0x65, 0x72, 0x0, 0x72, 0x65, 0x67, 0x72,
    0x65, 0x74, 0x0, 0x72, 0x65, 0x67, 0x75, 0x6c, 0x61, 0x74, 0x65, 0x0, 0x72, 0x65, 0x69, 0x67,
    0x6e, 0x0, 0x72, 0x65, 0x69, 0x6e, 0x66, 0x6f, 0x72, 0x63, 0x65, 0x0, 0x72, 0x65, 0x6a, 0x65,
    0x63, 0x74, 0x0, 0x72, 0x65, 0x6c, 0x61, 0x74, 0x65, 0x0, 0x72, 0x65, 0x6c, 0x61, 0x78, 0x0,
    0x72, 0x65, 0x6c, 0x61, 0x79, 0x0, 0x72, 0x65, 0x6c, 0x65, 0x61, 0x73, 0x65, 0x0, 0x72, 0x65,
    0x6c, 0x69, 0x65, 0x76, 0x65, 0x0, 0x72, 0x65, 0x6c, 0x79, 0x0, 0x72, 0x65, 0x6d, 0x61, 0x69,
    0x6e, 0x64, 0x65, 0x72, 0x0, 0x72, 0x65, 0x6d, 0x61, 0x6b, 0x65, 0x0, 0x72, 0x65, 0x6d, 0x61,
    0x72, 0x6b, 0x0, 0x72, 0x65, 0x6d, 0x65, 0x64, 0x79, 0x0, 0x72, 0x65, 0x6d, 0x65, 0x6d, 0x62,
    0x65, 0x72, 0x0, 0x72, 0x65, 0x6d, 0x69, 0x6e, 0x64, 0x0, 0x72, 0x65, 0x6d, 0x6f, 0x76, 0x65,
    0x0, 0x72, 0x65, 0x6e, 0x64, 0x65, 0x72, 0x0, 0x72, 0x65, 0x6e, 0x65, 0x77, 0x0, 0x72, 0x65,
    0x6e, 0x74, 0x0, 0x72, 0x65, 0x70, 0x61, 0x69, 0x72, 0x0, 0x72, 0x65, 0x70, 0x61, 0x79, 0x0,
    0x72, 0x65, 0x70, 0x65, 0x61, 0x6c, 0x0, 0x72, 0x65, 0x70, 0x65, 0x61, 0x74, 0x0, 0x72, 0x65,
    0x70, 0x6c, 0x61, 0x63, 0x65, 0x0, 0x72, 0x65, 0x70, 0x6c, 0x61, 0x79, 0x0, 0x72, 0x65, 0x70,
    0x6c, 0x69, 0x63, 0x61, 0x74, 0x65, 0x0, 0x72, 0x65, 0x70, 0x6c, 0x79, 0x0, 0x72, 0x65, 0x70,
    0x6f, 0x72, 0x74, 0x0, 0x72, 0x65, 0x70, 0x72, 0x65, 0x73, 0x65, 0x6e, 0x74, 0x0, 0x72, 0x65,
    0x70, 0x72, 0x6f, 0x64, 0x75, 0x63, 0x65, 0x0, 0x72, 0x65, 0x71, 0x75, 0x65, 0x73, 0x74, 0x0,
    0x72, 0x65, 0x71, 0x75, 0x69, 0x72, 0x65, 0x0, 0x72, 0x65, 0x73, 0x63, 0x75, 0x65, 0x0, 0x72,
    0x65, 0x73, 0x65, 0x61, 0x72, 0x63, 0x68, 0x0, 0x72, 0x65, 0x73, 0x65, 0x6d, 0x62, 0x6c, 0x65,
    0x0, 0x72, 0x65, 0x73, 0x65, 0x72, 0x76, 0x65, 0x0, 0x72, 0x65, 0x73, 0x65, 0x74, 0x0, 0x72,
    0x65, 0x73, 0x69, 0x64, 0x65, 0x0, 0x72, 0x65, 0x73, 0x69, 0x67, 0x6e, 0x0, 0x72, 0x65, 0x73,
    0x69, 0x73, 0x74, 0x0, 0x72, 0x65, 0x73, 0x6f, 0x6c, 0x76, 0x65, 0x0, 0x72, 0x65, 0x73, 0x6f,
    0x72, 0x74, 0x0, 0x72, 0x65, 0x73, 0x70, 0x65, 0x63, 0x74, 0x0, 0x72, 0x65, 0x73, 0x70, 0x6f,
    0x6e, 0x64, 0x0, 0x72, 0x65, 0x73, 0x74, 0x61, 0x72, 0x74, 0x0, 0x72, 0x65, 0x73, 0x74, 0x6f,
    0x72, 0x65, 0x0, 0x72, 0x65, 0x73, 0x74, 0x72, 0x69, 0x63, 0x74, 0x0, 0x72, 0x65, 0x73, 0x75,
    0x6c, 0x74, 0x0, 0x72, 0x65, 0x73, 0x75, 0x6d, 0x65, 0x0, 0x72, 0x65, 0x74, 0x61, 0x69, 0x6c,
    0x0, 0x72, 0x65, 0x74, 0x61, 0x69, 0x6e, 0x0, 0x72, 0x65, 0x74, 0x69, 0x72, 0x65, 0x0, 0x72,
    0x65, 0x74, 0x72, 0x65, 0x61, 0x74, 0x0, 0x72, 0x65, 0x74, 0x72, 0x69, 0x65, 0x76, 0x65, 0x0,
    0x72, 0x65, 0x74, 0x75, 0x72, 0x6e, 0x0, 0x72, 0x65, 0x76, 0x65, 0x61, 0x6c, 0x0, 0x72, 0x65,
    0x76, 0x65, 0x6e, 0x67, 0x65, 0x0, 0x72, 0x65, 0x76, 0x65, 0x72, 0x73, 0x65, 0x0, 0x72, 0x65,
    0x76, 0x69, 0x65, 0x77, 0x0, 0x72, 0x65, 0x76, 0x69, 0x76, 0x65, 0x0, 0x72, 0x65, 0x76, 0x6f,
    0x6c, 0x74, 0x0, 0x72, 0x65, 0x77, 0x61, 0x72, 0x64, 0x0, 0x72, 0x68, 0x79, 0x6d, 0x65, 0x0,
    0x72, 0x69, 0x63, 0x65, 0x0, 0x72, 0x69, 0x63, 0x6b, 0x0, 0x72, 0x69, 0x64, 0x65, 0x0, 0x72,
    0x69, 0x64, 0x67, 0x65, 0x0, 0x72, 0x69, 0x66, 0x6c, 0x65, 0x0, 0x72, 0x69, 0x67, 0x68, 0x74,
    0x0, 0x72, 0x69, 0x6e, 0x67, 0x0, 0x72, 0x69, 0x6f, 0x74, 0x0, 0x72, 0x69, 0x73, 0x65, 0x0,
    0x72, 0x69, 0x73, 0x6b, 0x0, 0x72, 0x69, 0x76, 0x61, 0x6c, 0x0, 0x72, 0x6f, 0x61, 0x72, 0x0,
    0x72, 0x6f, 0x61, 0x73, 0x74, 0x0, 0x72, 0x6f, 0x62, 0x65, 0x0, 0x72, 0x6f, 0x63, 0x6b, 0x65,
    0x74, 0x0, 0x72, 0x6f, 0x6c, 0x6c, 0x0, 0x72, 0x6f, 0x6d, 0x61, 0x6e, 0x63, 0x65, 0x0, 0x72,
    0x6f, 0x6f, 0x66, 0x0, 0x72, 0x6f, 0x6f, 0x6d, 0x0, 0x72, 0x6f, 0x6f, 0x74, 0x0, 0x72, 0x6f,
    0x70, 0x65, 0x0, 0x72, 0x6f, 0x74, 0x61, 0x74, 0x65, 0x0, 0x72, 0x6f, 0x75, 0x67, 0x65, 0x0,
    0x72, 0x6f, 0x75, 0x67, 0x68, 0x0, 0x72, 0x6f, 0x75, 0x6e, 0x64, 0x0, 0x72, 0x6f, 0x75, 0x74,
    0x65, 0x0, 0x72, 0x75, 0x62, 0x62, 0x65, 0x72, 0x0, 0x72, 0x75, 0x62, 0x62, 0x69, 0x73, 0x68,
    0x0, 0x72, 0x75, 0x69, 0x6e, 0x0, 0x72, 0x75, 0x6c, 0x65, 0x0, 0x72, 0x75, 0x6d, 0x6f, 0x72,
    0x0, 0x72, 0x75, 0x73, 0x68, 0x0, 0x72, 0x75, 0x73, 0x74, 0x0, 0x73, 0x61, 0x62, 0x6f, 0x74,
    0x61, 0x67, 0x65, 0x0, 0x73, 0x61, 0x63, 0x6b, 0x0, 0x73, 0x61, 0x63, 0x72, 0x69, 0x66, 0x69,
    0x63, 0x65, 0x0, 0x73, 0x61, 0x64, 0x64, 0x6c, 0x65, 0x0, 0x73, 0x61, 0x66, 0x65, 0x67, 0x75,
    0x61, 0x72, 0x64, 0x0, 0x73, 0x61, 0x69, 0x6c, 0x0, 0x73, 0x61, 0x69, 0x6e, 0x74, 0x0, 0x73,
    0x61, 0x6c, 0x74, 0x0, 0x73, 0x61, 0x6c, 0x75, 0x74, 0x65, 0x0, 0x73, 0x61, 0x6c, 0x76, 0x61,
    0x67, 0x65, 0x0, 0x73, 0x61, 0x6d, 0x70, 0x6c, 0x65, 0x0, 0x73, 0x61, 0x6e, 0x64, 0x77, 0x69,
    0x63, 0x68, 0x0, 0x73, 0x61, 0x74, 0x65, 0x6c, 0x6c, 0x69, 0x74, 0x65, 0x0, 0x73, 0x61, 0x74,
    0x69, 0x73, 0x66, 0x79, 0x0, 0x73, 0x61, 0x75, 0x63, 0x65, 0x0, 0x73, 0x61, 0x76, 0x61, 0x67,
    0x65, 0x0, 0x73, 0x61, 0x76, 0x65, 0x0, 0x73, 0x61, 0x76, 0x76, 0x79, 0x0, 0x73, 0x63, 0x61,
    0x6c, 0x65, 0x0, 0x73, 0x63, 0x61, 0x6d, 0x0, 0x73, 0x63, 0x61, 0x6e, 0x0, 0x73, 0x63, 0x61,
    0x72, 0x65, 0x0, 0x73, 0x63, 0x61, 0x72, 0x66, 0x0, 0x73, 0x63, 0x65, 0x6e, 0x74, 0x0, 0x73,
    0x63, 0x68, 0x65, 0x64, 0x75, 0x6c, 0x65, 0x0, 0x73, 0x63, 0x68, 0x65, 0x6d, 0x65, 0x0, 0x73,
    0x63, 0x68, 0x6f, 0x6f, 0x6c, 0x0, 0x73, 0x63, 0x6f, 0x6f, 0x70, 0x0, 0x73, 0x63, 0x6f, 0x72,
    0x65, 0x0, 0x73, 0x63, 0x6f, 0x74, 0x63, 0x68, 0x0, 0x73, 0x63, 0x6f, 0x75, 0x74, 0x0, 0x73,
    0x63, 0x72, 0x61, 0x70, 0x0, 0x73, 0x63, 0x72, 0x61, 0x74, 0x63, 0x68, 0x0, 0x73, 0x63, 0x72,
    0x65, 0x61, 0x6d, 0x0, 0x73, 0x63, 0x72, 0x65, 0x65, 0x6e, 0x0, 0x73, 0x63, 0x72, 0x65, 0x77,
    0x0, 0x73, 0x63, 0x72, 0x69, 0x70, 0x74, 0x0, 0x73, 0x63, 0x72, 0x6f, 0x6c, 0x6c, 0x0, 0x73,
    0x63, 0x72, 0x75, 0x62, 0x0, 0x73, 0x63, 0x75, 0x6c, 0x70, 0x74, 0x75, 0x72, 0x65, 0x0, 0x73,
    0x63, 0x75, 0x6d, 0x0, 0x73, 0x65, 0x61, 0x6c, 0x0, 0x73, 0x65, 0x61, 0x72, 0x63, 0x68, 0x0,
    0x73, 0x65, 0x61, 0x73, 0x6f, 0x6e, 0x0, 0x73, 0x65, 0x61, 0x74, 0x0, 0x73, 0x65, 0x63, 0x6f,
    0x6e, 0x64, 0x0, 0x73, 0x65, 0x63, 0x74, 0x69, 0x6f, 0x6e, 0x0, 0x73, 0x65, 0x63, 0x75, 0x72,
    0x65, 0x0, 0x73, 0x65, 0x65, 0x64, 0x0, 0x73, 0x65, 0x65, 0x6b, 0x0, 0x73, 0x65, 0x65, 0x6d,
    0x0, 0x73, 0x65, 0x67, 0x6d, 0x65, 0x6e, 0x74, 0x0, 0x73, 0x65, 0x69, 0x7a, 0x65, 0x0, 0x73,
    0x65, 0x6c, 0x65, 0x63, 0x74, 0x0, 0x73, 0x65, 0x6c, 0x6c, 0x0, 0x73, 0x65, 0x6e, 0x64, 0x0,
    0x73, 0x65, 0x6e, 0x73, 0x65, 0x0, 0x73, 0x65, 0x6e, 0x74, 0x65, 0x6e, 0x63, 0x65, 0x0, 0x73,
    0x65, 0x70, 0x61, 0x72, 0x61, 0x74, 0x65, 0x0, 0x73, 0x65, 0x71, 0x75, 0x65, 0x6e, 0x63, 0x65,
    0x0, 0x73, 0x65, 0x72, 0x76, 0x65, 0x0, 0x73, 0x65, 0x72, 0x76, 0x69, 0x63, 0x65, 0x0, 0x73,
    0x65, 0x74, 0x74, 0x6c, 0x65, 0x0, 0x73, 0x68, 0x61, 0x64, 0x65, 0x0, 0x73, 0x68, 0x61, 0x64,
    0x6f, 0x77, 0x0, 0x73, 0x68, 0x61, 0x66, 0x74, 0x0, 0x73, 0x68, 0x61, 0x6b, 0x65, 0x0, 0x73,
    0x68, 0x61, 0x6c, 0x6c, 0x6f, 0x77, 0x0, 0x73, 0x68, 0x61, 0x6d, 0x65, 0x0, 0x73, 0x68, 0x61,
    0x6d, 0x70, 0x6f, 0x6f, 0x0, 0x73, 0x68, 0x61, 0x6e, 0x67, 0x68, 0x61, 0x69, 0x0, 0x73, 0x68,
    0x61, 0x70, 0x65, 0x0, 0x73, 0x68, 0x61, 0x72, 0x65, 0x0, 0x73, 0x68, 0x61, 0x72, 0x6b, 0x0,
    0x73, 0x68, 0x61, 0x76, 0x65, 0x0, 0x73, 0x68, 0x65, 0x64, 0x0, 0x73, 0x68, 0x65, 0x65, 0x72,
    0x0, 0x73, 0x68, 0x65, 0x65, 0x74, 0x0, 0x73, 0x68, 0x65, 0x6c, 0x6c, 0x0, 0x73, 0x68, 0x65,
    0x6c, 0x74, 0x65, 0x72, 0x0, 0x73, 0x68, 0x65, 0x70, 0x68, 0x65, 0x72, 0x64, 0x0, 0x73, 0x68,
    0x69, 0x65, 0x6c, 0x64, 0x0, 0x73, 0x68, 0x69, 0x66, 0x74, 0x0, 0x73, 0x68, 0x69, 0x6e, 0x65,
    0x0, 0x73, 0x68, 0x69, 0x70, 0x0, 0x73, 0x68, 0x69, 0x72, 0x74, 0x0, 0x73, 0x68, 0x6f, 0x63,
    0x6b, 0x0, 0x73, 0x68, 0x6f, 0x65, 0x0, 0x73, 0x68, 0x6f, 0x6f, 0x74, 0x0, 0x73, 0x68, 0x6f,
    0x70, 0x0, 0x73, 0x68, 0x6f, 0x72, 0x65, 0x0, 0x73, 0x68, 0x6f, 0x72, 0x74, 0x0, 0x73, 0x68,
    0x6f, 0x75, 0x6c, 0x64, 0x65, 0x72, 0x0, 0x73, 0x68, 0x6f, 0x75, 0x74, 0x0, 0x73, 0x68, 0x6f,
    0x76, 0x65, 0x6c, 0x0, 0x73, 0x68, 0x6f, 0x77, 0x65, 0x72, 0x0, 0x73, 0x68, 0x72, 0x69, 0x6d,
    0x70, 0x0, 0x73, 0x68, 0x72, 0x69, 0x6e, 0x65, 0x0, 0x73, 0x68, 0x72, 0x69, 0x6e, 0x6b, 0x0,
    0x73, 0x68, 0x75, 0x74, 0x74, 0x6c, 0x65, 0x0, 0x73, 0x69, 0x63, 0x6b, 0x0, 0x73, 0x69, 0x64,
    0x65, 0x0, 0x73, 0x69, 0x67, 0x68, 0x74, 0x0, 0x73, 0x69, 0x67, 0x6e, 0x61, 0x6c, 0x0, 0x73,
    0x69, 0x6c, 0x65, 0x6e, 0x63, 0x65, 0x0, 0x73, 0x69, 0x6c, 0x76, 0x65, 0x72, 0x0, 0x73, 0x69,
    0x6e, 0x67, 0x6c, 0x65, 0x0, 0x73, 0x69, 0x6e, 0x6b, 0x0, 0x73, 0x69, 0x74, 0x65, 0x0, 0x73,
    0x69, 0x7a, 0x65, 0x0, 0x73, 0x6b, 0x61, 0x74, 0x65, 0x0, 0x73, 0x6b, 0x65, 0x74, 0x63, 0x68,
    0x0, 0x73, 0x6b, 0x69, 0x6e, 0x0, 0x73, 0x6b, 0x69, 0x70, 0x70, 0x65, 0x72, 0x0, 0x73, 0x6b,
    0x69, 0x72, 0x74, 0x0, 0x73, 0x6c, 0x61, 0x63, 0x6b, 0x0, 0x73, 0x6c, 0x61, 0x6d, 0x0, 0x73,
    0x6c, 0x61, 0x6e, 0x67, 0x0, 0x73, 0x6c, 0x61, 0x70, 0x0, 0x73, 0x6c, 0x61, 0x73, 0x68, 0x0,
    0x73, 0x6c, 0x61, 0x74, 0x65, 0x0, 0x73, 0x6c, 0x61, 0x75, 0x67, 0x68, 0x74, 0x65, 0x72, 0x0,
    0x73, 0x6c, 0x61, 0x76, 0x65, 0x0, 0x73, 0x6c, 0x65, 0x65, 0x70, 0x0, 0x73, 0x6c, 0x69, 0x63,
    0x65, 0x0, 0x73, 0x6c, 0x69, 0x63, 0x6b, 0x0, 0x73, 0x6c, 0x69, 0x64, 0x65, 0x0, 0x73, 0x6c,
    0x69, 0x67, 0x68, 0x74, 0x0, 0x73, 0x6c, 0x69, 0x6d, 0x0, 0x73, 0x6c, 0x69, 0x70, 0x0, 0x73,
    0x6c, 0x6f, 0x70, 0x65, 0x0, 0x73, 0x6c, 0x6f, 0x74, 0x0, 0x73, 0x6c, 0x6f, 0x77, 0x0, 0x73,
    0x6d, 0x61, 0x63, 0x6b, 0x0, 0x73, 0x6d, 0x61, 0x72, 0x74, 0x0, 0x73, 0x6d, 0x61, 0x73, 0x68,
    0x0, 0x73, 0x6d, 0x65, 0x6c, 0x6c, 0x0, 0x73, 0x6d, 0x69, 0x6c, 0x65, 0x0, 0x73, 0x6d, 0x6f,
    0x6b, 0x65, 0x0, 0x73, 0x6d, 0x6f, 0x6f, 0x74, 0x68, 0x0, 0x73, 0x6e, 0x61, 0x63, 0x6b, 0x0,
    0x73, 0x6e, 0x61, 0x69, 0x6c, 0x0, 0x73, 0x6e, 0x61, 0x6b, 0x65, 0x0, 0x73, 0x6e, 0x61, 0x70,
    0x0, 0x73, 0x6e, 0x65, 0x61, 0x6b, 0x0, 0x73, 0x6e, 0x6f, 0x77, 0x0, 0x73, 0x6f, 0x61, 0x6b,
    0x0, 0x73, 0x6f, 0x61, 0x70, 0x0, 0x73, 0x6f, 0x62, 0x65, 0x72, 0x0, 0x73, 0x6f, 0x63, 0x6b,
    0x0, 0x73, 0x6f, 0x69, 0x6c, 0x0, 0x73, 0x6f, 0x6c, 0x64, 0x69, 0x65, 0x72, 0x0, 0x73, 0x6f,
    0x6c, 0x65, 0x0, 0x73, 0x6f, 0x6c, 0x6f, 0x0, 0x73, 0x6f, 0x6c, 0x76, 0x65, 0x0, 0x73, 0x6f,
    0x72, 0x72, 0x6f, 0x77, 0x0, 0x73, 0x6f, 0x72, 0x74, 0x0, 0x73, 0x6f, 0x75, 0x6e, 0x64, 0x0,
    0x73, 0x6f, 0x75, 0x70, 0x0, 0x73, 0x6f, 0x75, 0x72, 0x63, 0x65, 0x0, 0x73, 0x70, 0x61, 0x63,
    0x65, 0x0, 0x73, 0x70, 0x61, 0x6d, 0x0, 0x73, 0x70, 0x61, 0x6e, 0x0, 0x73, 0x70, 0x61, 0x72,
    0x65, 0x0, 0x73, 0x70, 0x61, 0x72, 0x6b, 0x0, 0x73, 0x70, 0x65, 0x61, 0x6b, 0x0, 0x73, 0x70,
    0x65, 0x61, 0x72, 0x0, 0x73, 0x70, 0x65, 0x63, 0x69, 0x66, 0x79, 0x0, 0x73, 0x70, 0x65, 0x65,
    0x64, 0x0, 0x73, 0x70, 0x65, 0x6c, 0x6c, 0x0, 0x73, 0x70, 0x65, 0x6e, 0x64, 0x0, 0x73, 0x70,
    0x69, 0x63, 0x65, 0x0, 0x73, 0x70, 0x69, 0x6b, 0x65, 0x0, 0x73, 0x70, 0x69, 0x6c, 0x6c, 0x0,
    0x73, 0x70, 0x69, 0x6e, 0x0, 0x73, 0x70, 0x69, 0x72, 0x61, 0x6c, 0x0, 0x73, 0x70, 0x69, 0x72,
    0x69, 0x74, 0x0, 0x73, 0x70, 0x69, 0x74, 0x65, 0x0, 0x73, 0x70, 0x6c, 0x61, 0x73, 0x68, 0x0,
    0x73, 0x70, 0x6c, 0x69, 0x74, 0x0, 0x73, 0x70, 0x6f, 0x69, 0x6c, 0x0, 0x73, 0x70, 0x6f, 0x6e,
    0x67, 0x65, 0x0, 0x73, 0x70, 0x6f, 0x6e, 0x73, 0x6f, 0x72, 0x0, 0x73, 0x70, 0x6f, 0x6f, 0x6e,
    0x0, 0x73, 0x70, 0x6f, 0x72, 0x74, 0x0, 0x73, 0x70, 0x6f, 0x74, 0x6c, 0x69, 0x67, 0x68, 0x74,
    0x0, 0x73, 0x70, 0x72, 0x61, 0x79, 0x0, 0x73, 0x70, 0x72, 0x65, 0x61, 0x64, 0x0, 0x73, 0x70,
    0x72, 0x65, 0x65, 0x0, 0x73, 0x70, 0x72, 0x69, 0x6e, 0x67, 0x0, 0x73, 0x70, 0x72, 0x69, 0x6e,
    0x74, 0x0, 0x73, 0x70, 0x75, 0x72, 0x0, 0x73, 0x71, 0x75, 0x61, 0x72, 0x65, 0x0, 0x73, 0x71,
    0x75, 0x61, 0x73, 0x68, 0x0, 0x73, 0x71, 0x75, 0x65, 0x65, 0x7a, 0x65, 0x0, 0x73, 0x74, 0x61,
    0x62, 0x6c, 0x65, 0x0, 0x73, 0x74, 0x61, 0x63, 0x6b, 0x0, 0x73, 0x74, 0x61, 0x66, 0x66, 0x0,
    0x73, 0x74, 0x61, 0x67, 0x65, 0x0, 0x73, 0x74, 0x61, 0x69, 0x6e, 0x0, 0x73, 0x74, 0x61, 0x6b,
    0x65, 0x0, 0x73, 0x74, 0x61, 0x6c, 0x6c, 0x0, 0x73, 0x74, 0x61, 0x6d, 0x70, 0x0, 0x73, 0x74,
    0x61, 0x6e, 0x64, 0x0, 0x73, 0x74, 0x61, 0x70, 0x6c, 0x65, 0x0, 0x73, 0x74, 0x61, 0x72, 0x65,
    0x0, 0x73, 0x74, 0x61, 0x72, 0x74, 0x0, 0x73, 0x74, 0x61, 0x72, 0x76, 0x65, 0x0, 0x73, 0x74,
    0x61, 0x73, 0x68, 0x0, 0x73, 0x74, 0x61, 0x74, 0x65, 0x0, 0x73, 0x74, 0x61, 0x74, 0x69, 0x6f,
    0x6e, 0x0, 0x73, 0x74, 0x61, 0x79, 0x0, 0x73, 0x74, 0x65, 0x61, 0x64, 0x79, 0x0, 0x73, 0x74,
    0x65, 0x61, 0x6c, 0x0, 0x73, 0x74, 0x65, 0x61, 0x6d, 0x0, 0x73, 0x74, 0x65, 0x65, 0x6c, 0x0,
    0x73, 0x74, 0x65, 0x65, 0x70, 0x0, 0x73, 0x74, 0x65, 0x65, 0x72, 0x0, 0x73, 0x74, 0x65, 0x6d,
    0x0, 0x73, 0x74, 0x65, 0x70, 0x0, 0x73, 0x74, 0x69, 0x63, 0x6b, 0x0, 0x73, 0x74, 0x69, 0x6c,
    0x6c, 0x0, 0x73, 0x74, 0x69, 0x6d, 0x75, 0x6c, 0x61, 0x74, 0x65, 0x0, 0x73, 0x74, 0x69, 0x6e,
    0x67, 0x0, 0x73, 0x74, 0x69, 0x6e, 0x74, 0x0, 0x73, 0x74, 0x69, 0x72, 0x0, 0x73, 0x74, 0x69,
    0x74, 0x63, 0x68, 0x0, 0x73, 0x74, 0x6f, 0x63, 0x6b, 0x0, 0x73, 0x74, 0x6f, 0x6b, 0x65, 0x0,
    0x73, 0x74, 0x6f, 0x6d, 0x61, 0x63, 0x68, 0x0, 0x73, 0x74, 0x6f, 0x6e, 0x65, 0x0, 0x73, 0x74,
    0x6f, 0x6f, 0x6c, 0x0, 0x73, 0x74, 0x6f, 0x70, 0x0, 0x73, 0x74, 0x6f, 0x72, 0x65, 0x0, 0x73,
    0x74, 0x6f, 0x72, 0x6d, 0x0, 0x73, 0x74, 0x72, 0x61, 0x69, 0x6e, 0x0, 0x73, 0x74, 0x72, 0x61,
    0x6e, 0x64, 0x0, 0x73, 0x74, 0x72, 0x61, 0x70, 0x0, 0x73, 0x74, 0x72, 0x61, 0x77, 0x0, 0x73,
    0x74, 0x72, 0x61, 0x79, 0x0, 0x73, 0x74, 0x72, 0x65, 0x61, 0x6b, 0x0, 0x73, 0x74, 0x72, 0x65,
    0x61, 0x6d, 0x0, 0x73, 0x74, 0x72, 0x65, 0x6e, 0x67, 0x74, 0x68, 0x65, 0x6e, 0x0, 0x73, 0x74,
    0x72, 0x65, 0x73, 0x73, 0x0, 0x73, 0x74, 0x72, 0x65, 0x74, 0x63, 0x68, 0x0, 0x73, 0x74, 0x72,
    0x69, 0x6b, 0x65, 0x0, 0x73, 0x74, 0x72, 0x69, 0x6e, 0x67, 0x0, 0x73, 0x74, 0x72, 0x69, 0x70,
    0x65, 0x0, 0x73, 0x74, 0x72, 0x69, 0x76, 0x65, 0x0, 0x73, 0x74, 0x72, 0x6f, 0x6b, 0x65, 0x0,
    0x73, 0x74, 0x72, 0x6f, 0x6c, 0x6c, 0x0, 0x73, 0x74, 0x72, 0x75, 0x63, 0x74, 0x75, 0x72, 0x65,
    0x0, 0x73, 0x74, 0x72, 0x75, 0x67, 0x67, 0x6c, 0x65, 0x0, 0x73, 0x74, 0x75, 0x64, 0x79, 0x0,
    0x73, 0x74, 0x75, 0x66, 0x66, 0x0, 0x73, 0x74, 0x75, 0x6e, 0x74, 0x0, 0x73, 0x74, 0x79, 0x6c,
    0x65, 0x0, 0x73, 0x75, 0x62, 0x6a, 0x65, 0x63, 0x74, 0x0, 0x73, 0x75, 0x62, 0x6d, 0x61, 0x72,
    0x69, 0x6e, 0x65, 0x0, 0x73, 0x75, 0x62, 0x6d, 0x69, 0x74, 0x0, 0x73, 0x75, 0x62, 0x73, 0x63,
    0x72, 0x69, 0x62, 0x65, 0x0, 0x73, 0x75, 0x62, 0x73, 0x74, 0x69, 0x74, 0x75, 0x74, 0x65, 0x0,
    0x73, 0x75, 0x63, 0x63, 0x65, 0x65, 0x64, 0x0, 0x73, 0x75, 0x66, 0x66, 0x65, 0x72, 0x0, 0x73,
    0x75, 0x67, 0x61, 0x72, 0x0, 0x73, 0x75, 0x67, 0x67, 0x65, 0x73, 0x74, 0x0, 0x73, 0x75, 0x69,
    0x74, 0x0, 0x73, 0x75, 0x6d, 0x6d, 0x65, 0x72, 0x0, 0x73, 0x75, 0x6d, 0x6d, 0x69, 0x74, 0x0,
    0x73, 0x75, 0x6d, 0x6d, 0x6f, 0x6e, 0x0, 0x73, 0x75, 0x70, 0x70, 0x6c, 0x65, 0x6d, 0x65, 0x6e,
    0x74, 0x0, 0x73, 0x75, 0x70, 0x70, 0x6c, 0x79, 0x0, 0x73, 0x75, 0x70, 0x70, 0x6f, 0x72, 0x74,
    0x0, 0x73, 0x75, 0x70, 0x70, 0x6f, 0x73, 0x65, 0x0, 0x73, 0x75, 0x70, 0x70, 0x72, 0x65, 0x73,
    0x73, 0x0, 0x73, 0x75, 0x72, 0x66, 0x61, 0x63, 0x65, 0x0, 0x73, 0x75, 0x72, 0x67, 0x65, 0x0,
    0x73, 0x75, 0x72, 0x70, 0x72, 0x69, 0x73, 0x65, 0x0, 0x73, 0x75, 0x72, 0x72, 0x65, 0x6e, 0x64,
    0x65, 0x72, 0x0, 0x73, 0x75, 0x72, 0x72, 0x6f, 0x75, 0x6e, 0x64, 0x0, 0x73, 0x75, 0x72, 0x76,
    0x65, 0x79, 0x0, 0x73, 0x75, 0x72, 0x76, 0x69, 0x76, 0x65, 0x0, 0x73, 0x75, 0x73, 0x70, 0x65,
    0x63, 0x74, 0x0, 0x73, 0x75, 0x73, 0x70, 0x65, 0x6e, 0x64, 0x0, 0x73, 0x75, 0x73, 0x74, 0x61,
    0x69, 0x6e, 0x0, 0x73, 0x77, 0x61, 0x6c, 0x6c, 0x6f, 0x77, 0x0, 0x73, 0x77, 0x61, 0x6d, 0x70,
    0x0, 0x73, 0x77, 0x61, 0x6e, 0x0, 0x73, 0x77, 0x61, 0x70, 0x0, 0x73, 0x77, 0x61, 0x79, 0x0,
    0x73, 0x77, 0x65, 0x61, 0x72, 0x0, 0x73, 0x77, 0x65, 0x61, 0x74, 0x0, 0x73, 0x77, 0x65, 0x65,
    0x70, 0x0, 0x73, 0x77, 0x65, 0x6c, 0x6c, 0x0, 0x73, 0x77, 0x69, 0x6d, 0x0, 0x73, 0x77, 0x69,
    0x6e, 0x67, 0x0, 0x73, 0x77, 0x69, 0x70, 0x65, 0x0, 0x73, 0x77, 0x69, 0x74, 0x63, 0x68, 0x0,
    0x73, 0x79, 0x6e, 0x63, 0x0, 0x73, 0x79, 0x6e, 0x64, 0x69, 0x63, 0x61, 0x74, 0x65, 0x0, 0x74,
    0x61, 0x62, 0x6c, 0x65, 0x0, 0x74, 0x61, 0x63, 0x6b, 0x6c, 0x65, 0x0, 0x74, 0x61, 0x69, 0x6c,
    0x6f, 0x72, 0x0, 0x74, 0x61, 0x6b, 0x65, 0x0, 0x74, 0x61, 0x6c, 0x6b, 0x0, 0x74, 0x61, 0x6c,
    0x6c, 0x79, 0x0, 0x74, 0x61, 0x6d, 0x65, 0x0, 0x74, 0x61, 0x6e, 0x67, 0x6f, 0x0, 0x74, 0x61,
    0x6e, 0x6b, 0x0, 0x74, 0x61, 0x70, 0x65, 0x0, 0x74, 0x61, 0x72, 0x67, 0x65, 0x74, 0x0, 0x74,
    0x61, 0x73, 0x6b, 0x0, 0x74, 0x61, 0x73, 0x74, 0x65, 0x0, 0x74, 0x61, 0x74, 0x74, 0x6f, 0x6f,
    0x0, 0x74, 0x61, 0x78, 0x69, 0x0, 0x74, 0x65, 0x61, 0x63, 0x68, 0x0, 0x74, 0x65, 0x61, 0x6d,
    0x0, 0x74, 0x65, 0x61, 0x72, 0x0, 0x74, 0x65, 0x61, 0x73, 0x65, 0x0, 0x74, 0x65, 0x6c, 0x65,
    0x67, 0x72, 0x61, 0x70, 0x68, 0x0, 0x74, 0x65, 0x6c, 0x65, 0x70, 0x68, 0x6f, 0x6e, 0x65, 0x0,
    0x74, 0x65, 0x6c, 0x65, 0x73, 0x63, 0x6f, 0x70, 0x65, 0x0, 0x74, 0x65, 0x6c, 0x6c, 0x0, 0x74,
    0x65, 0x6d, 0x70, 0x65, 0x72, 0x0, 0x74, 0x65, 0x6e, 0x61, 0x6e, 0x74, 0x0, 0x74, 0x65, 0x6e,
    0x64, 0x65, 0x72, 0x0, 0x74, 0x65, 0x6e, 0x73, 0x65, 0x0, 0x74, 0x65, 0x6e, 0x74, 0x0, 0x74,
    0x65, 0x6e, 0x75, 0x72, 0x65, 0x0, 0x74, 0x65, 0x72, 0x6d, 0x69, 0x6e, 0x61, 0x74, 0x65, 0x0,
    0x74, 0x65, 0x72, 0x72, 0x61, 0x63, 0x65, 0x0, 0x74, 0x65, 0x73, 0x74, 0x69, 0x66, 0x79, 0x0,
    0x74, 0x68, 0x61, 0x6e, 0x6b, 0x0, 0x74, 0x68, 0x65, 0x6d, 0x65, 0x0, 0x74, 0x68, 0x69, 0x6e,
    0x6b, 0x0, 0x74, 0x68, 0x69, 0x72, 0x73, 0x74, 0x0, 0x74, 0x68, 0x72, 0x65, 0x61, 0x64, 0x0,
    0x74, 0x68, 0x72, 0x65, 0x61, 0x74, 0x65, 0x6e, 0x0, 0x74, 0x68, 0x72, 0x69, 0x6c, 0x6c, 0x0,
    0x74, 0x68, 0x72, 0x69, 0x76, 0x65, 0x0, 0x74, 0x68, 0x72, 0x6f, 0x6e, 0x65, 0x0, 0x74, 0x68,
    0x72, 0x6f, 0x77, 0x0, 0x74, 0x68, 0x72, 0x75, 0x73, 0x74, 0x0, 0x74, 0x68, 0x75, 0x6d, 0x62,
    0x0, 0x74, 0x68, 0x75, 0x6e, 0x64, 0x65, 0x72, 0x0, 0x74, 0x69, 0x63, 0x6b, 0x65, 0x74, 0x0,
    0x74, 0x69, 0x64, 0x65, 0x0, 0x74, 0x69, 0x64, 0x79, 0x0, 0x74, 0x69, 0x67, 0x68, 0x74, 0x65,
    0x6e, 0x0, 0x74, 0x69, 0x6c, 0x65, 0x0, 0x74, 0x69, 0x6c, 0x6c, 0x0, 0x74, 0x69, 0x6c, 0x74,
    0x0, 0x74, 0x69, 0x6d, 0x65, 0x0, 0x74, 0x69, 0x72, 0x65, 0x0, 0x74, 0x69, 0x73, 0x73, 0x75,
    0x65, 0x0, 0x74, 0x69, 0x74, 0x6c, 0x65, 0x0, 0x74, 0x6f, 0x61, 0x73, 0x74, 0x0, 0x74, 0x6f,
    0x6c, 0x65, 0x72, 0x61, 0x74, 0x65, 0x0, 0x74, 0x6f, 0x6c, 0x6c, 0x0, 0x74, 0x6f, 0x6e, 0x65,
    0x0, 0x74, 0x6f, 0x6e, 0x67, 0x75, 0x65, 0x0, 0x74, 0x6f, 0x6f, 0x6c, 0x0, 0x74, 0x6f, 0x72,
    0x63, 0x68, 0x0, 0x74, 0x6f, 0x72, 0x74, 0x75, 0x72, 0x65, 0x0, 0x74, 0x6f, 0x73, 0x73, 0x0,
    0x74, 0x6f, 0x74, 0x61, 0x6c, 0x0, 0x74, 0x6f, 0x75, 0x63, 0x68, 0x0, 0x74, 0x6f, 0x75, 0x72,
    0x0, 0x74, 0x6f, 0x77, 0x65, 0x6c, 0x0, 0x74, 0x6f, 0x77, 0x65, 0x72, 0x0, 0x74, 0x72, 0x61,
    0x63, 0x65, 0x0, 0x74, 0x72, 0x61, 0x63, 0x6b, 0x0, 0x74, 0x72, 0x61, 0x64, 0x65, 0x6d, 0x61,
    0x72, 0x6b, 0x0, 0x74, 0x72, 0x61, 0x66, 0x66, 0x69, 0x63, 0x0, 0x74, 0x72, 0x61, 0x69, 0x6c,
    0x0, 0x74, 0x72, 0x61, 0x69, 0x6e, 0x0, 0x74, 0x72, 0x61, 0x6e, 0x73, 0x66, 0x65, 0x72, 0x0,
    0x74, 0x72, 0x61, 0x6e, 0x73, 0x66, 0x6f, 0x72, 0x6d, 0x0, 0x74, 0x72, 0x61, 0x6e, 0x73, 0x69,
    0x74, 0x69, 0x6f, 0x6e, 0x0, 0x74, 0x72, 0x61, 0x6e, 0x73, 0x6c, 0x61, 0x74, 0x65, 0x0, 0x74,
    0x72, 0x61, 0x6e, 0x73, 0x6d, 0x69, 0x74, 0x0, 0x74, 0x72, 0x61, 0x6e, 0x73, 0x70, 0x6c, 0x61,
    0x6e, 0x74, 0x0, 0x74, 0x72, 0x61, 0x6e, 0x73, 0x70, 0x6f, 0x72, 0x74, 0x0, 0x74, 0x72, 0x61,
    0x70, 0x0, 0x74, 0x72, 0x61, 0x73, 0x68, 0x0, 0x74, 0x72, 0x61, 0x76, 0x65, 0x6c, 0x0, 0x74,
    0x72, 0x65, 0x61, 0x64, 0x0, 0x74, 0x72, 0x65, 0x61, 0x73, 0x75, 0x72, 0x65, 0x0, 0x74, 0x72,
    0x65, 0x61, 0x74, 0x0, 0x74, 0x72, 0x65, 0x65, 0x0, 0x74, 0x72, 0x65, 0x6b, 0x0, 0x74, 0x72,
    0x65, 0x6e, 0x63, 0x68, 0x0, 0x74, 0x72, 0x65, 0x6e, 0x64, 0x0, 0x74, 0x72, 0x69, 0x63, 0x6b,
    0x0, 0x74, 0x72, 0x69, 0x67, 0x67, 0x65, 0x72, 0x0, 0x74, 0x72, 0x69, 0x6d, 0x0, 0x74, 0x72,
    0x69, 0x70, 0x6c, 0x65, 0x0, 0x74, 0x72, 0x69, 0x75, 0x6d, 0x70, 0x68, 0x0, 0x74, 0x72, 0x6f,
    0x6c, 0x6c, 0x0, 0x74, 0x72, 0x6f, 0x6f, 0x70, 0x0, 0x74, 0x72, 0x6f, 0x75, 0x62, 0x6c, 0x65,
    0x0, 0x74, 0x72, 0x75, 0x63, 0x6b, 0x0, 0x74, 0x72, 0x75, 0x65, 0x0, 0x74, 0x72, 0x75, 0x6d,
    0x70, 0x65, 0x74, 0x0, 0x74, 0x72, 0x75, 0x73, 0x74, 0x0, 0x74, 0x75, 0x62, 0x65, 0x0, 0x74,
    0x75, 0x63, 0x6b, 0x65, 0x72, 0x0, 0x74, 0x75, 0x6e, 0x65, 0x0, 0x74, 0x75, 0x6e, 0x6e, 0x65,
    0x6c, 0x0, 0x74, 0x75, 0x72, 0x66, 0x0, 0x74, 0x75, 0x72, 0x6e, 0x0, 0x74, 0x75, 0x72, 0x74,
    0x6c, 0x65, 0x0, 0x74, 0x75, 0x74, 0x6f, 0x72, 0x0, 0x74, 0x77, 0x65, 0x65, 0x74, 0x0, 0x74,
    0x77, 0x69, 0x6e, 0x0, 0x74, 0x77, 0x69, 0x73, 0x74, 0x0, 0x74, 0x77, 0x69, 0x74, 0x63, 0x68,
    0x0, 0x74, 0x77, 0x69, 0x74, 0x74, 0x65, 0x72, 0x0, 0x74, 0x79, 0x70, 0x65, 0x0, 0x75, 0x6e,
    0x64, 0x65, 0x72, 0x67, 0x6f, 0x0, 0x75, 0x6e, 0x64, 0x65, 0x72, 0x6d, 0x69, 0x6e, 0x65, 0x0,
    0x75, 0x6e, 0x64, 0x65, 0x72, 0x73, 0x74, 0x61, 0x6e, 0x64, 0x0, 0x75, 0x6e, 0x64, 0x65, 0x72,
    0x74, 0x61, 0x6b, 0x65, 0x0, 0x75, 0x6e, 0x64, 0x6f, 0x0, 0x75, 0x6e, 0x66, 0x69, 0x74, 0x0,
    0x75, 0x6e, 0x69, 0x66, 0x6f, 0x72, 0x6d, 0x0, 0x75, 0x6e, 0x69, 0x74, 0x65, 0x0, 0x75, 0x6e,
    0x6c, 0x6f, 0x63, 0x6b, 0x0, 0x75, 0x70, 0x64, 0x61, 0x74, 0x65, 0x0, 0x75, 0x70, 0x67, 0x72,
    0x61, 0x64, 0x65, 0x0, 0x75, 0x70, 0x68, 0x6f, 0x6c, 0x64, 0x0, 0x75, 0x70, 0x6c, 0x6f, 0x61,
    0x64, 0x0, 0x75, 0x70, 0x73, 0x65, 0x74, 0x0, 0x75, 0x72, 0x67, 0x65, 0x0, 0x75, 0x73, 0x68,
    0x65, 0x72, 0x0, 0x75, 0x74, 0x69, 0x6c, 0x69, 0x7a, 0x65, 0x0, 0x75, 0x74, 0x74, 0x65, 0x72,
    0x0, 0x76, 0x61, 0x63, 0x61, 0x74, 0x69, 0x6f, 0x6e, 0x0, 0x76, 0x61, 0x63, 0x75, 0x75, 0x6d,
    0x0, 0x76, 0x61, 0x6c, 0x75, 0x65, 0x0, 0x76, 0x61, 0x72, 0x79, 0x0, 0x76, 0x61, 0x75, 0x6c,
    0x74, 0x0, 0x76, 0x65, 0x69, 0x6c, 0x0, 0x76, 0x65, 0x69, 0x6e, 0x0, 0x76, 0x65, 0x6e, 0x74,
    0x75, 0x72, 0x65, 0x0, 0x76, 0x65, 0x72, 0x67, 0x65, 0x0, 0x76, 0x65, 0x72, 0x69, 0x66, 0x79,
    0x0, 0x76, 0x65, 0x72, 0x73, 0x65, 0x0, 0x76, 0x65, 0x73, 0x74, 0x0, 0x76, 0x65, 0x74, 0x6f,
    0x0, 0x76, 0x69, 0x65, 0x77, 0x0, 0x76, 0x69, 0x6f, 0x6c, 0x61, 0x74, 0x65, 0x0, 0x76, 0x69,
    0x73, 0x61, 0x0, 0x76, 0x69, 0x73, 0x69, 0x74, 0x0, 0x76, 0x6f, 0x69, 0x63, 0x65, 0x0, 0x76,
    0x6f, 0x69, 0x64, 0x0, 0x76, 0x6f, 0x6c, 0x75, 0x6e, 0x74, 0x65, 0x65, 0x72, 0x0, 0x76, 0x6f,
    0x6d, 0x69, 0x74, 0x0, 0x76, 0x6f, 0x74, 0x65, 0x0, 0x76, 0x6f, 0x79, 0x61, 0x67, 0x65, 0x0,
    0x77, 0x61, 0x64, 0x65, 0x0, 0x77, 0x61, 0x67, 0x65, 0x0, 0x77, 0x61, 0x69, 0x74, 0x72, 0x65,
    0x73, 0x73, 0x0, 0x77, 0x61, 0x6b, 0x65, 0x0, 0x77, 0x61, 0x6c, 0x6b, 0x0, 0x77, 0x61, 0x6c,
    0x6c, 0x70, 0x61, 0x70, 0x65, 0x72, 0x0, 0x77, 0x61, 0x6e, 0x64, 0x65, 0x72, 0x0, 0x77, 0x61,
    0x6e, 0x74, 0x0, 0x77, 0x61, 0x72, 0x64, 0x0, 0x77, 0x61, 0x72, 0x65, 0x68, 0x6f, 0x75, 0x73,
    0x65, 0x0, 0x77, 0x61, 0x72, 0x6d, 0x0, 0x77, 0x61, 0x72, 0x6e, 0x0, 0x77, 0x61, 0x72, 0x70,
    0x0, 0x77, 0x61, 0x72, 0x72, 0x61, 0x6e, 0x74, 0x0, 0x77, 0x61, 0x73, 0x68, 0x0, 0x77, 0x61,
    0x73, 0x74, 0x65, 0x0, 0x77, 0x61, 0x74, 0x63, 0x68, 0x0, 0x77, 0x61, 0x74, 0x65, 0x72, 0x70,
    0x72, 0x6f, 0x6f, 0x66, 0x0, 0x77, 0x61, 0x76, 0x65, 0x0, 0x77, 0x65, 0x61, 0x72, 0x79, 0x0,
    0x77, 0x65, 0x61, 0x74, 0x68, 0x65, 0x72, 0x0, 0x77, 0x65, 0x61, 0x76, 0x65, 0x0, 0x77, 0x65,
    0x64, 0x67, 0x65, 0x0, 0x77, 0x65, 0x65, 0x64, 0x0, 0x77, 0x65, 0x65, 0x6b, 0x65, 0x6e, 0x64,
    0x0, 0x77, 0x65, 0x69, 0x67, 0x68, 0x74, 0x0, 0x77, 0x65, 0x6c, 0x63, 0x6f, 0x6d, 0x65, 0x0,
    0x77, 0x65, 0x6c, 0x6c, 0x0, 0x77, 0x65, 0x6c, 0x73, 0x68, 0x0, 0x77, 0x68, 0x61, 0x6c, 0x65,
    0x0, 0x77, 0x68, 0x65, 0x65, 0x6c, 0x0, 0x77, 0x68, 0x69, 0x70, 0x0, 0x77, 0x68, 0x69, 0x73,
    0x70, 0x65, 0x72, 0x0, 0x77, 0x68, 0x69, 0x73, 0x74, 0x6c, 0x65, 0x0, 0x77, 0x68, 0x69, 0x74,
    0x65, 0x0, 0x77, 0x68, 0x6f, 0x6c, 0x65, 0x73, 0x61, 0x6c, 0x65, 0x0, 0x77, 0x69, 0x64, 0x6f,
    0x77, 0x0, 0x77, 0x69, 0x6c, 0x6c, 0x0, 0x77, 0x69, 0x6e, 0x64, 0x0, 0x77, 0x69, 0x6e, 0x65,
    0x0, 0x77, 0x69, 0x6e, 0x67, 0x0, 0x77, 0x69, 0x6e, 0x6b, 0x0, 0x77, 0x69, 0x6e, 0x74, 0x65,
    0x72, 0x0, 0x77, 0x69, 0x70, 0x65, 0x0, 0x77, 0x69, 0x72, 0x65, 0x0, 0x77, 0x69, 0x73, 0x68,
    0x0, 0x77, 0x69, 0x74, 0x63, 0x68, 0x0, 0x77, 0x69, 0x74, 0x68, 0x64, 0x72, 0x61, 0x77, 0x0,
    0x77, 0x69, 0x74, 0x68, 0x73, 0x74, 0x61, 0x6e, 0x64, 0x0, 0x77, 0x69, 0x74, 0x6e, 0x65, 0x73,
    0x73, 0x0, 0x77, 0x6f, 0x6c, 0x66, 0x0, 0x77, 0x6f, 0x6e, 0x64, 0x65, 0x72, 0x0, 0x77, 0x6f,
    0x72, 0x64, 0x0, 0x77, 0x6f, 0x72, 0x6b, 0x0, 0x77, 0x6f, 0x72, 0x6d, 0x0, 0x77, 0x6f, 0x72,
    0x72, 0x79, 0x0, 0x77, 0x6f, 0x72, 0x73, 0x68, 0x69, 0x70, 0x0, 0x77, 0x6f, 0x72, 0x73, 0x74,
    0x0, 0x77, 0x6f, 0x75, 0x6e, 0x64, 0x0, 0x77, 0x72, 0x61, 0x70, 0x0, 0x77, 0x72, 0x65, 0x63,
    0x6b, 0x0, 0x77, 0x72, 0x69, 0x74, 0x65, 0x0, 0x77, 0x72, 0x6f, 0x6e, 0x67, 0x0, 0x79, 0x61,
    0x63, 0x68, 0x74, 0x0, 0x79, 0x61, 0x72, 0x6e, 0x0, 0x79, 0x65, 0x6c, 0x6c, 0x6f, 0x77, 0x0,
    0x79, 0x69, 0x65, 0x6c, 0x64, 0x0, 0x7a, 0x65, 0x72, 0x6f, 0x0, 0x7a, 0x69, 0x6e, 0x63, 0x0,
    0x7a, 0x6f, 0x6e, 0x65, 0x0, 0x7a, 0x6f, 0x6f, 0x6d, 0x0,
};

static const int word_offsets[] = {
    0, 8, 14, 21, 28, 37, 43, 54, 61, 68, 75, 85, 96, 103, 111, 118,
    126, 134, 141, 150, 156, 163, 171, 178, 185, 196, 203, 209, 215, 221, 229, 239,
    249, 259, 266, 275, 282, 292, 299, 309, 315, 321, 327, 333, 339, 349, 359, 365,
    370, 380, 389, 396, 402, 410, 417, 425, 432, 438, 444, 450, 459, 466, 477, 485,
    495, 505, 513, 520, 527, 533, 541, 552, 563, 572, 580, 588, 594, 600, 606, 613,
    621, 627, 634, 641, 649, 660, 668, 676, 685, 692, 699, 706, 713, 723, 730, 737,
    744, 751, 758, 766, 773, 781, 791, 799, 808, 815, 826, 834, 840, 848, 854, 860,
    866, 872, 877, 886, 897, 906, 915, 921, 926, 931, 936, 944, 949, 954, 962, 969,
    974, 979, 988, 996, 1005, 1012, 1017, 1025, 1031, 1036, 1043, 1048, 1053, 1059, 1064, 1071,
    1078, 1084, 1091, 1096, 1101, 1107, 1112, 1119, 1126, 1131, 1138, 1144, 1151, 1158, 1166, 1172,
    1179, 1184, 1190, 1195, 1203, 1209, 1214, 1221, 1228, 1233, 1241, 1246, 1251, 1256, 1262, 1268,
    1273, 1279, 1284, 1291, 1302, 1308, 1316, 1322, 1328, 1335, 1341, 1347, 1353, 1359, 1365, 1371,
    1380, 1385, 1391, 1397, 1405, 1410, 1415, 1421, 1427, 1432, 1438, 1444, 1450, 1455, 1460, 1465,
    1470, 1475, 1480, 1485, 1490, 1497, 1502, 1507, 1513, 1518, 1524, 1531, 1536, 1543, 1548, 1555,
    1562, 1569, 1576, 1582, 1587, 1595, 1601, 1609, 1614, 1620, 1626, 1633, 1639, 1645, 1651, 1657,
    1664, 1670, 1680, 1687, 1695, 1701, 1708, 1713, 1719, 1726, 1732, 1740, 1746, 1756, 1763, 1770,
    1776, 1782, 1789, 1795, 1802, 1809, 1816, 1823, 1831, 1838, 1845, 1851, 1856, 1865, 1871, 1876,
    1882, 1889, 1896, 1903, 1909, 1914, 1920, 1925, 1930, 1935, 1940, 1948, 1958, 1965, 1970, 1977,
    1985, 1991, 1997, 2003, 2008, 2013, 2023, 2032, 2037, 2042, 2051, 2057, 2064, 2071, 2077, 2082,
    2089, 2095, 2102, 2109, 2116, 2124, 2132, 2140, 2148, 2156, 2161, 2168, 2174, 2184, 2191, 2197,
    2205, 2210, 2218, 2225, 2235, 2241, 2247, 2254, 2260, 2268, 2273, 2279, 2289, 2296, 2303, 2310,
    2317, 2323, 2332, 2338, 2348, 2356, 2365, 2372, 2379, 2387, 2393, 2398, 2408, 2417, 2424, 2435,
    2441, 2449, 2455, 2460, 2466, 2472, 2478, 2484, 2491, 2499, 2505, 2510, 2516, 2521, 2526, 2532,
    2538, 2545, 2550, 2556, 2563, 2570, 2580, 2588, 2594, 2601, 2608, 2616, 2621, 2627, 2632, 2640,
    2646, 2652, 2657, 2663, 2669, 2675, 2681, 2688, 2694, 2699, 2705, 2711, 2717, 2724, 2732, 2738,
    2744, 2749, 2754, 2762, 2769, 2775, 2780, 2786, 2791, 2796, 2803, 2808, 2813, 2818, 2827, 2834,
    2842, 2848, 2855, 2862, 2870, 2875, 2883, 2891, 2900, 2908, 2919, 2926, 2934, 2942, 2952, 2960,
    2968, 2976, 2987, 2995, 3004, 3015, 3024, 3035, 3042, 3051, 3062, 3071, 3082, 3090, 3098, 3106,
    3115, 3124, 3132, 3142, 3150, 3155, 3163, 3171, 3180, 3188, 3197, 3205, 3213, 3221, 3229, 3238,
    3246, 3254, 3265, 3275, 3283, 3291, 3299, 3307, 3315, 3323, 3331, 3340, 3349, 3358, 3369, 3377,
    3385, 3392, 3400, 3409, 3416, 3421, 3426, 3436, 3447, 3452, 3459, 3469, 3474, 3479, 3484, 3491,
    3499, 3510, 3518, 3526, 3533, 3539, 3545, 3553, 3561, 3568, 3575, 3581, 3590, 3596, 3601, 3607,
    3614, 3620, 3626, 3632, 3638, 3644, 3650, 3657, 3664, 3670, 3676, 3681, 3689, 3697, 3704, 3710,
    3720, 3729, 3734, 3740, 3746, 3752, 3759, 3766, 3774, 3780, 3786, 3791, 3796, 3804, 3809, 3814,
    3819, 3825, 3831, 3839, 3845, 3853, 3859, 3866, 3871, 3877, 3882, 3887, 3892, 3897, 3902, 3907,
    3912, 3917, 3924, 3930, 3936, 3942, 3949, 3954, 3962, 3970, 3979, 3986, 3995, 4003, 4010, 4017,
    4024, 4031, 4037, 4046, 4053, 4064, 4072, 4080, 4087, 4094, 4099, 4104, 4109, 4116, 4123, 4130,
    4138, 4145, 4153, 4162, 4169, 4177, 4184, 4191, 4199, 4207, 4215, 4222, 4229, 4239, 4247, 4253,
    4260, 4268, 4273, 4278, 4286, 4291, 4298, 4305, 4315, 4320, 4327, 4333, 4341, 4350, 4360, 4371,
    4381, 4392, 4401, 4410, 4421, 4431, 4440, 4448, 4457, 4466, 4474, 4479, 4484, 4492, 4500, 4509,
    4518, 4526, 4534, 4542, 4552, 4563, 4571, 4579, 4588, 4597, 4606, 4617, 4626, 4634, 4640, 4645,
    4652, 4659, 4667, 4672, 4679, 4688, 4694, 4703, 4710, 4715, 4720, 4725, 4730, 4737, 4743, 4752,
    4758, 4763, 4769, 4774, 4780, 4786, 4792, 4798, 4804, 4810, 4815, 4821, 4827, 4832, 4838, 4843,
    4848, 4853, 4858, 4863, 4869, 4874, 4879, 4889, 4894, 4900, 4906, 4915, 4921, 4926, 4932, 4937,
    4942, 4950, 4955, 4960, 4968, 4975, 4985, 4991, 4997, 5007, 5013, 5021, 5028, 5038, 5045, 5053,
    5059, 5066, 5076, 5086, 5095, 5103, 5110, 5118, 5125, 5134, 5142, 5148, 5155, 5165, 5174, 5179,
    5185, 5191, 5197, 5203, 5210, 5216, 5226, 5233, 5242, 5251, 5260, 5265, 5274, 5281, 5287, 5295,
    5302, 5308, 5315, 5323, 5332, 5340, 5347, 5355, 5362, 5371, 5379, 5387, 5393, 5399, 5404, 5411,
    5418, 5426, 5437, 5448, 5455, 5463, 5471, 5479, 5487, 5494, 5501, 5509, 5516, 5524, 5529, 5540,
    5547, 5552, 5557, 5563, 5568, 5573, 5580, 5585, 5591, 5599, 5604, 5609, 5617, 5622, 5627, 5634,
    5642, 5648, 5654, 5661, 5666, 5672, 5680, 5688, 5693, 5698, 5703, 5708, 5714, 5720, 5726, 5731,
    5737, 5743, 5750, 5755, 5760, 5765, 5772, 5780, 5785, 5790, 5797, 5804, 5809, 5814, 5819, 5824,
    5830, 5836, 5842, 5848, 5855, 5863, 5868, 5874, 5880, 5885, 5891, 5898, 5903, 5909, 5915, 5921,
    5927, 5933, 5938, 5947, 5954, 5960, 5966, 5971, 5976, 5982, 5987, 5992, 5999, 6004, 6011, 6017,
    6022, 6031, 6038, 6045, 6053, 6058, 6065, 6070, 6078, 6085, 6090, 6098, 6107, 6116, 6125, 6131,
    6141, 6147, 6153, 6163, 6170, 6178, 6185, 6194, 6201, 6206, 6212, 6218, 6224, 6229, 6237, 6242,
    6251, 6256, 6261, 6269, 6274, 6279, 6284, 6291, 6296, 6301, 6308, 6315, 6323, 6330, 6339, 6344,
    6351, 6357, 6365, 6370, 6378, 6387, 6394, 6402, 6408, 6413, 6420, 6425, 6433, 6440, 6446, 6454,
    6462, 6468, 6473, 6478, 6483, 6490, 6496, 6501, 6508, 6515, 6520, 6525, 6531, 6537, 6546, 6552,
    6558, 6564, 6570, 6576, 6583, 6588, 6595, 6601, 6607, 6612, 6618, 6624, 6629, 6635, 6642, 6648,
    6655, 6661, 6666, 6676, 6682, 6688, 6694, 6700, 6705, 6710, 6715, 6720, 6727, 6736, 6743, 6748,
    6755, 6762, 6770, 6777, 6782, 6787, 6795, 6801, 6809, 6814, 6821, 6827, 6832, 6837, 6843, 6848,
    6853, 6860, 6869, 6874, 6879, 6884, 6889, 6896, 6902, 6907, 6912, 6917, 6924, 6929, 6938, 6943,
    6953, 6958, 6963, 6968, 6973, 6978, 6983, 6988, 6993, 7001, 7008, 7014, 7024, 7030, 7037, 7042,
    7047, 7054, 7059, 7064, 7070, 7075, 7080, 7086, 7091, 7096, 7103, 7109, 7116, 7123, 7128, 7134,
    7139, 7147, 7154, 7159, 7164, 7173, 7178, 7185, 7196, 7202, 7210, 7217, 7227, 7233, 7240, 7247,
    7255, 7263, 7268, 7276, 7285, 7291, 7300, 7307, 7315, 7325, 7332, 7340, 7348, 7357, 7363, 7370,
    7377, 7385, 7393, 7401, 7410, 7420, 7431, 7438, 7448, 7455, 7464, 7474, 7483, 7493, 7500, 7510,
    7520, 7530, 7540, 7549, 7559, 7566, 7574, 7584, 7591, 7598, 7606, 7611, 7619, 7625, 7632, 7637,
    7642, 7648, 7653, 7659, 7665, 7671, 7678, 7684, 7689, 7695, 7700, 7708, 7714, 7719, 7724, 7732,
    7737, 7742, 7747, 7752, 7759, 7764, 7769, 7776, 7782, 7789, 7794, 7800, 7805, 7810, 7816, 7822,
    7829, 7834, 7839, 7846, 7852, 7857, 7862, 7868, 7878, 7883, 7889, 7896, 7902, 7907, 7912, 7919,
    7924, 7929, 7934, 7940, 7946, 7954, 7960, 7968, 7979, 7984, 7991, 7997, 8006, 8011, 8019, 8027,
    8032, 8037, 8045, 8050, 8055, 8061, 8066, 8071, 8080, 8087, 8094, 8099, 8104, 8109, 8115, 8122,
    8127, 8133, 8138, 8143, 8148, 8153, 8159, 8164, 8169, 8176, 8181, 8187, 8194, 8199, 8205, 8210,
    8216, 8222, 8230, 8237, 8242, 8251, 8257, 8262, 8269, 8277, 8286, 8295, 8306, 8313, 8320, 8327,
    8333, 8340, 8346, 8354, 8361, 8366, 8371, 8380, 8388, 8395, 8401, 8406, 8413, 8420, 8429, 8434,
    8442, 8451, 8456, 8461, 8468, 8476, 8483, 8489, 8495, 8500, 8508, 8514, 8520, 8530, 8537, 8542,
    8547, 8552, 8557, 8566, 8575, 8580, 8587, 8598, 8603, 8611, 8618, 8627, 8632, 8638, 8647, 8654,
    8659, 8667, 8674, 8684, 8691, 8700, 8707, 8714, 8723, 8734, 8740, 8746, 8752, 8758, 8763, 8769,
    8778, 8785, 8792, 8797, 8806, 8811, 8816, 8821, 8828, 8837, 8842, 8847, 8854, 8863, 8871, 8881,
    8890, 8900, 8906, 8911, 8919, 8926, 8935, 8941, 8950, 8955, 8961, 8966, 8973, 8980, 8987, 8993,
    8998, 9005, 9013, 9021, 9028, 9037, 9044, 9050, 9057, 9063, 9071, 9078, 9083, 9088, 9096, 9103,
    9109, 9115, 9124, 9133, 9140, 9147, 9154, 9162, 9169, 9177, 9186, 9195, 9204, 9212, 9221, 9230,
    9238, 9248, 9255, 9260, 9268, 9273, 9279, 9284, 9289, 9294, 9300, 9306, 9312, 9322, 9329, 9339,
    9348, 9355, 9362, 9369, 9374, 9381, 9388, 9398, 9406, 9412, 9417, 9423, 9429, 9436, 9443, 9451,
    9457, 9463, 9468, 9474, 9480, 9485, 9490, 9495, 9502, 9512, 9520, 9527, 9534, 9543, 9551, 9559,
    9567, 9574, 9582, 9591, 9600, 9606, 9612, 9623, 9630, 9635, 9642, 9650, 9656, 9663, 9668, 9675,
    9681, 9687, 9692, 9697, 9702, 9710, 9715, 9722, 9728, 9733, 9739, 9745, 9752, 9758, 9764, 9770,
    9778, 9784, 9789, 9795, 9802, 9809, 9814, 9819, 9826, 9834, 9840, 9847, 9852, 9857, 9864, 9871,
    9876, 9881, 9888, 9896, 9904, 9909, 9918, 9926, 9934, 9941, 9947, 9952, 9959, 9965, 9974, 9983,
    9990, 9996, 10001, 10008, 10016, 10023, 10033, 10042, 10050, 10058, 10066, 10075, 10084, 10092, 10100, 10108,
    10116, 10124, 10129, 10135, 10141, 10147, 10153, 10163, 10169, 10175, 10183, 10191, 10199, 10207, 10214, 10224,
    10233, 10242, 10250, 10258, 10266, 10273, 10283, 10289, 10300, 10308, 10318, 10327, 10338, 10346, 10354, 10360,
    10368, 10378, 10386, 10392, 10400, 10405, 10410, 10415, 10421, 10426, 10432, 10439, 10448, 10454, 10461, 10469,
    10475, 10482, 10487, 10494, 10502, 10510, 10521, 10528, 10536, 10542, 10548, 10554, 10563, 10569, 10575, 10580,
    10585, 10591, 10598, 10603, 10608, 10614, 10619, 10624, 10633, 10638, 10644, 10650, 10655, 10661, 10667, 10672,
    10679, 10684, 10689, 10695, 10701, 10707, 10713, 10719, 10727, 10735, 10740, 10745, 10752, 10758, 10765, 10773,
    10781, 10788, 10796, 10804, 10811, 10818, 10828, 10838, 10848, 10858, 10869, 10876, 10884, 10893, 10901, 10908,
    10915, 10920, 10925, 10933, 10943, 10951, 10958, 10966, 10974, 10981, 10988, 10995, 11002, 11011, 11020, 11027,
    11036, 11042, 11052, 11059, 11066, 11072, 11078, 11086, 11094, 11099, 11109, 11116, 11123, 11130, 11139, 11146,
    11153, 11160, 11166, 11171, 11178, 11184, 11191, 11198, 11206, 11213, 11223, 11229, 11236, 11246, 11256, 11264,
    11272, 11279, 11288, 11297, 11305, 11311, 11318, 11325, 11332, 11340, 11347, 11355, 11363, 11371, 11379, 11388,
    11395, 11402, 11409, 11416, 11423, 11431, 11440, 11447, 11454, 11462, 11470, 11477, 11484, 11491, 11498, 11504,
    11509, 11514, 11519, 11525, 11531, 11537, 11542, 11547, 11552, 11557, 11563, 11568, 11574, 11579, 11586, 11591,
    11599, 11604, 11609, 11614, 11619, 11626, 11632, 11638, 11644, 11650, 11657, 11665, 11670, 11675, 11681, 11686,
    11691, 11700, 11705, 11715, 11722, 11732, 11737, 11743, 11748, 11755, 11763, 11770, 11779, 11789, 11797, 11803,
    11810, 11815, 11821, 11827, 11832, 11837, 11843, 11849, 11855, 11864, 11871, 11878, 11884, 11890, 11897, 11903,
    11909, 11917, 11924, 11931, 11937, 11944, 11951, 11957, 11967, 11972, 11977, 11984, 11991, 11996, 12003, 12011,
    12018, 12023, 12028, 12033, 12041, 12047, 12054, 12059, 12064, 12070, 12079, 12088, 12097, 12103, 12111, 12118,
    12124, 12131, 12137, 12143, 12151, 12157, 12165, 12174, 12180, 12186, 12192, 12198, 12203, 12209, 12215, 12221,
    12229, 12238, 12245, 12251, 12257, 12262, 12268, 12274, 12279, 12285, 12290, 12296, 12302, 12311, 12317, 12324,
    12331, 12338, 12345, 12352, 12360, 12365, 12370, 12376, 12383, 12391, 12398, 12405, 12410, 12415, 12420, 12426,
    12433, 12438, 12446, 12452, 12458, 12463, 12469, 12474, 12480, 12486, 12496, 12502, 12508, 12514, 12520, 12526,
    12533, 12538, 12543, 12549, 12554, 12559, 12565, 12571, 12577, 12583, 12589, 12595, 12602, 12608, 12614, 12620,
    12625, 12631, 12636, 12641, 12646, 12652, 12657, 12662, 12670, 12675, 12680, 12686, 12693, 12698, 12704, 12709,
    12716, 12722, 12727, 12732, 12738, 12744, 12750, 12756, 12764, 12770, 12776, 12782, 12788, 12794, 12800, 12805,
    12812, 12819, 12825, 12832, 12838, 12844, 12851, 12859, 12865, 12871, 12881, 12887, 12894, 12900, 12907, 12914,
    12919, 12926, 12933, 12941, 12948, 12954, 12960, 12966, 12972, 12978, 12984, 12990, 12996, 13003, 13009, 13015,
    13022, 13028, 13034, 13042, 13047, 13054, 13060, 13066, 13072, 13078, 13084, 13089, 13094, 13100, 13106, 13116,
    13122, 13128, 13133, 13140, 13146, 13152, 13160, 13166, 13172, 13177, 13183, 13189, 13196, 13203, 13209, 13215,
    13221, 13228, 13235, 13246, 13253, 13261, 13268, 13275, 13282, 13289, 13296, 13303, 13313, 13322, 13328, 13334,
    13340, 13346, 13354, 13364, 13371, 13381, 13392, 13400, 13407, 13413, 13421, 13426, 13433, 13440, 13447, 13458,
    13465, 13473, 13481, 13490, 13498, 13504, 13513, 13523, 13532, 13539, 13547, 13555, 13563, 13571, 13579, 13585,
    13590, 13595, 13600, 13606, 13612, 13618, 13624, 13629, 13635, 13641, 13648, 13653, 13663, 13669, 13676, 13683,
    13688, 13693, 13699, 13704, 13710, 13715, 13720, 13727, 13732, 13738, 13745, 13750, 13756, 13761, 13766, 13772,
    13782, 13792, 13802, 13807, 13814, 13821, 13828, 13834, 13839, 13846, 13856, 13864, 13872, 13878, 13884, 13890,
    13897, 13904, 13913, 13920, 13927, 13934, 13940, 13947, 13953, 13961, 13968, 13973, 13978, 13986, 13991, 13996,
    14001, 14006, 14011, 14018, 14024, 14030, 14039, 14044, 14049, 14056, 14061, 14067, 14075, 14080, 14086, 14092,
    14097, 14103, 14109, 14115, 14121, 14131, 14139, 14145, 14151, 14160, 14170, 14181, 14191, 14200, 14211, 14221,
    14226, 14232, 14239, 14245, 14254, 14260, 14265, 14270, 14277, 14283, 14289, 14297, 14302, 14309, 14317, 14323,
    14329, 14337, 14343, 14348, 14356, 14362, 14367, 14374, 14379, 14386, 14391, 14396, 14403, 14409, 14415, 14420,
    14426, 14433, 14441, 14446, 14454, 14464, 14475, 14485, 14490, 14496, 14504, 14510, 14517, 14524, 14532, 14539,
    14546, 14552, 14557, 14563, 14571, 14577, 14586, 14593, 14599, 14604, 14610, 14615, 14620, 14628, 14634, 14641,
    14647, 14652, 14657, 14662, 14670, 14675, 14681, 14687, 14692, 14702, 14708, 14713, 14720, 14725, 14730, 14739,
    14744, 14749, 14759, 14766, 14771, 14776, 14786, 14791, 14796, 14801, 14809, 14814, 14820, 14826, 14837, 14842,
    14848, 14856, 14862, 14868, 14873, 14881, 14888, 14896, 14901, 14907, 14913, 14919, 14924, 14932, 14940, 14946,
    14956, 14962, 14967, 14972, 14977, 14982, 14987, 14994, 14999, 15004, 15009, 15015, 15024, 15034, 15042, 15047,
    15054, 15059, 15064, 15069, 15075, 15083, 15089, 15095, 15100, 15106, 15112, 15118, 15124, 15129, 15136, 15142,
    15147, 15152, 15157,
};

static const int word_count = 2227;

const char* wordnet_verbs_get_word(int idx) {
    if (idx < 0 || idx >= word_count) return nullptr;
    return words_blob + word_offsets[idx];
}

int wordnet_verbs_get_word_count() {
    return word_count;
}
