#include "wordnet_nouns.h"

static const char words_blob[] = {
    0x61, 0x61, 0x72, 0x6f, 0x6e, 0x0, 0x61, 0x62, 0x61, 0x6e, 0x64, 0x6f, 0x6e, 0x0, 0x61, 0x62,
    0x62, 0x65, 0x79, 0x0, 0x61, 0x62, 0x64, 0x6f, 0x6d, 0x65, 0x6e, 0x0, 0x61, 0x62, 0x64, 0x6f,
    0x6d, 0x69, 0x6e, 0x61, 0x6c, 0x0, 0x61, 0x62, 0x65, 0x72, 0x64, 0x65, 0x65, 0x6e, 0x0, 0x61,
    0x62, 0x69, 0x6c, 0x69, 0x74, 0x79, 0x0, 0x61, 0x62, 0x6f, 0x6c, 0x69, 0x74, 0x69, 0x6f, 0x6e,
    0x0, 0x61, 0x62, 0x6f, 0x72, 0x69, 0x67, 0x69, 0x6e, 0x61, 0x6c, 0x0, 0x61, 0x62, 0x6f, 0x72,
    0x74, 0x69, 0x6f, 0x6e, 0x0, 0x61, 0x62, 0x6f, 0x76, 0x65, 0x0, 0x61, 0x62, 0x72, 0x61, 0x68,
    0x61, 0x6d, 0x0, 0x61, 0x62, 0x73, 0x65, 0x6e, 0x63, 0x65, 0x0, 0x61, 0x62, 0x73, 0x6f, 0x6c,
    0x75, 0x74, 0x65, 0x0, 0x61, 0x62, 0x73, 0x6f, 0x72, 0x70, 0x74, 0x69, 0x6f, 0x6e, 0x0, 0x61,
    0x62, 0x73, 0x74, 0x72, 0x61, 0x63, 0x74, 0x0, 0x61, 0x62, 0x73, 0x75, 0x72, 0x64, 0x0, 0x61,
    0x62, 0x75, 0x6e, 0x64, 0x61, 0x6e, 0x63, 0x65, 0x0, 0x61, 0x62, 0x75, 0x73, 0x65, 0x0, 0x61,
    0x63, 0x61, 0x64, 0x65, 0x6d, 0x69, 0x61, 0x0, 0x61, 0x63, 0x61, 0x64, 0x65, 0x6d, 0x69, 0x63,
    0x0, 0x61, 0x63, 0x61, 0x64, 0x65, 0x6d, 0x79, 0x0, 0x61, 0x63, 0x63, 0x65, 0x6e, 0x74, 0x0,
    0x61, 0x63, 0x63, 0x65, 0x70, 0x74, 0x61, 0x6e, 0x63, 0x65, 0x0, 0x61, 0x63, 0x63, 0x65, 0x73,
    0x73, 0x6f, 0x72, 0x79, 0x0, 0x61, 0x63, 0x63, 0x69, 0x64, 0x65, 0x6e, 0x74, 0x61, 0x6c, 0x0,
    0x61, 0x63, 0x63, 0x6f, 0x72, 0x64, 0x61, 0x6e, 0x63, 0x65, 0x0, 0x61, 0x63, 0x63, 0x6f, 0x75,
    0x6e, 0x74, 0x61, 0x6e, 0x74, 0x0, 0x61, 0x63, 0x63, 0x6f, 0x75, 0x6e, 0x74, 0x69, 0x6e, 0x67,
    0x0, 0x61, 0x63, 0x63, 0x75, 0x72, 0x61, 0x63, 0x79, 0x0, 0x61, 0x63, 0x63, 0x75, 0x73, 0x61,
    0x74, 0x69, 0x6f, 0x6e, 0x0, 0x61, 0x63, 0x63, 0x75, 0x73, 0x65, 0x64, 0x0, 0x61, 0x63, 0x69,
    0x64, 0x0, 0x61, 0x63, 0x6e, 0x65, 0x0, 0x61, 0x63, 0x6f, 0x75, 0x73, 0x74, 0x69, 0x63, 0x0,
    0x61, 0x63, 0x71, 0x75, 0x69, 0x72, 0x69, 0x6e, 0x67, 0x0, 0x61, 0x63, 0x72, 0x65, 0x73, 0x0,
    0x61, 0x63, 0x74, 0x69, 0x6e, 0x67, 0x0, 0x61, 0x63, 0x74, 0x69, 0x6f, 0x6e, 0x0, 0x61, 0x63,
    0x74, 0x69, 0x76, 0x61, 0x74, 0x69, 0x6f, 0x6e, 0x0, 0x61, 0x63, 0x74, 0x69, 0x76, 0x65, 0x0,
    0x61, 0x63, 0x74, 0x69, 0x76, 0x69, 0x73, 0x6d, 0x0, 0x61, 0x63, 0x74, 0x69, 0x76, 0x69, 0x73,
    0x74, 0x0, 0x61, 0x63, 0x74, 0x69, 0x76, 0x69, 0x74, 0x79, 0x0, 0x61, 0x63, 0x74, 0x6f, 0x72,
    0x0, 0x61, 0x63, 0x74, 0x72, 0x65, 0x73, 0x73, 0x0, 0x61, 0x63, 0x74, 0x73, 0x0, 0x61, 0x63,
    0x75, 0x74, 0x65, 0x0, 0x61, 0x64, 0x61, 0x6d, 0x73, 0x0, 0x61, 0x64, 0x61, 0x70, 0x74, 0x61,
    0x74, 0x69, 0x6f, 0x6e, 0x0, 0x61, 0x64, 0x61, 0x70, 0x74, 0x65, 0x72, 0x0, 0x61, 0x64, 0x64,
    0x69, 0x63, 0x74, 0x69, 0x6f, 0x6e, 0x0, 0x61, 0x64, 0x64, 0x69, 0x74, 0x69, 0x6f, 0x6e, 0x0,
    0x61, 0x64, 0x64, 0x72, 0x65, 0x73, 0x73, 0x0, 0x61, 0x64, 0x65, 0x6c, 0x61, 0x69, 0x64, 0x65,
    0x0, 0x61, 0x64, 0x6a, 0x75, 0x73, 0x74, 0x6d, 0x65, 0x6e, 0x74, 0x0, 0x61, 0x64, 0x6d, 0x69,
    0x72, 0x61, 0x6c, 0x0, 0x61, 0x64, 0x6d, 0x69, 0x72, 0x61, 0x74, 0x69, 0x6f, 0x6e, 0x0, 0x61,
    0x64, 0x6d, 0x69, 0x73, 0x73, 0x69, 0x6f, 0x6e, 0x0, 0x61, 0x64, 0x6f, 0x62, 0x65, 0x0, 0x61,
    0x64, 0x6f, 0x6c, 0x65, 0x73, 0x63, 0x65, 0x6e, 0x74, 0x0, 0x61, 0x64, 0x6f, 0x70, 0x74, 0x69,
    0x6f, 0x6e, 0x0, 0x61, 0x64, 0x72, 0x65, 0x6e, 0x61, 0x6c, 0x69, 0x6e, 0x65, 0x0, 0x61, 0x64,
    0x72, 0x69, 0x61, 0x6e, 0x0, 0x61, 0x64, 0x75, 0x6c, 0x74, 0x68, 0x6f, 0x6f, 0x64, 0x0, 0x61,
    0x64, 0x76, 0x61, 0x6e, 0x63, 0x65, 0x0, 0x61, 0x64, 0x76, 0x61, 0x6e, 0x74, 0x61, 0x67, 0x65,
    0x0, 0x61, 0x64, 0x76, 0x65, 0x6e, 0x74, 0x75, 0x72, 0x65, 0x0, 0x61, 0x64, 0x76, 0x69, 0x63,
    0x65, 0x0, 0x61, 0x64, 0x76, 0x69, 0x73, 0x65, 0x72, 0x0, 0x61, 0x64, 0x76, 0x69, 0x73, 0x6f,
    0x72, 0x79, 0x0, 0x61, 0x64, 0x76, 0x6f, 0x63, 0x61, 0x63, 0x79, 0x0, 0x61, 0x64, 0x76, 0x6f,
    0x63, 0x61, 0x74, 0x65, 0x0, 0x61, 0x65, 0x72, 0x69, 0x61, 0x6c, 0x0, 0x61, 0x65, 0x72, 0x6f,
    0x73, 0x70, 0x61, 0x63, 0x65, 0x0, 0x61, 0x65, 0x73, 0x74, 0x68, 0x65, 0x74, 0x69, 0x63, 0x73,
    0x0, 0x61, 0x66, 0x66, 0x61, 0x69, 0x72, 0x73, 0x0, 0x61, 0x66, 0x66, 0x65, 0x63, 0x74, 0x69,
    0x6f, 0x6e, 0x0, 0x61, 0x66, 0x66, 0x69, 0x6c, 0x69, 0x61, 0x74, 0x65, 0x0, 0x61, 0x66, 0x66,
    0x69, 0x6e, 0x69, 0x74, 0x79, 0x0, 0x61, 0x66, 0x67, 0x68, 0x61, 0x6e, 0x0, 0x61, 0x66, 0x72,
    0x69, 0x63, 0x61, 0x6e, 0x0, 0x61, 0x66, 0x74, 0x65, 0x72, 0x6d, 0x61, 0x74, 0x68, 0x0, 0x61,
    0x66, 0x74, 0x65, 0x72, 0x6e, 0x6f, 0x6f, 0x6e, 0x0, 0x61, 0x67, 0x65, 0x64, 0x0, 0x61, 0x67,
    0x65, 0x6e, 0x63, 0x79, 0x0, 0x61, 0x67, 0x65, 0x6e, 0x64, 0x61, 0x0, 0x61, 0x67, 0x65, 0x6e,
    0x74, 0x0, 0x61, 0x67, 0x67, 0x72, 0x65, 0x67, 0x61, 0x74, 0x65, 0x0, 0x61, 0x67, 0x67, 0x72,
    0x65, 0x73, 0x73, 0x69, 0x6f, 0x6e, 0x0, 0x61, 0x67, 0x69, 0x6e, 0x67, 0x0, 0x61, 0x67, 0x6f,
    0x6e, 0x79, 0x0, 0x61, 0x67, 0x72, 0x65, 0x65, 0x6d, 0x65, 0x6e, 0x74, 0x0, 0x61, 0x69, 0x64,
    0x65, 0x0, 0x61, 0x69, 0x64, 0x73, 0x0, 0x61, 0x69, 0x72, 0x63, 0x72, 0x61, 0x66, 0x74, 0x0,
    0x61, 0x69, 0x72, 0x69, 0x6e, 0x67, 0x0, 0x61, 0x69, 0x72, 0x6c, 0x69, 0x6e, 0x65, 0x0, 0x61,
    0x69, 0x72, 0x70, 0x6c, 0x61, 0x6e, 0x65, 0x0, 0x61, 0x69, 0x72, 0x70, 0x6f, 0x72, 0x74, 0x0,
    0x61, 0x69, 0x72, 0x73, 0x0, 0x61, 0x69, 0x73, 0x6c, 0x65, 0x0, 0x61, 0x6c, 0x61, 0x62, 0x61,
    0x6d, 0x61, 0x0, 0x61, 0x6c, 0x61, 0x72, 0x6d, 0x0, 0x61, 0x6c, 0x61, 0x73, 0x6b, 0x61, 0x0,
    0x61, 0x6c, 0x62, 0x61, 0x6e, 0x79, 0x0, 0x61, 0x6c, 0x62, 0x65, 0x72, 0x74, 0x61, 0x0, 0x61,
    0x6c, 0x62, 0x75, 0x6d, 0x0, 0x61, 0x6c, 0x63, 0x6f, 0x68, 0x6f, 0x6c, 0x69, 0x63, 0x0, 0x61,
    0x6c, 0x65, 0x70, 0x70, 0x6f, 0x0, 0x61, 0x6c, 0x65, 0x72, 0x74, 0x0, 0x61, 0x6c, 0x65, 0x78,
    0x61, 0x6e, 0x64, 0x65, 0x72, 0x0, 0x61, 0x6c, 0x65, 0x78, 0x61, 0x6e, 0x64, 0x72, 0x69, 0x61,
    0x0, 0x61, 0x6c, 0x66, 0x72, 0x65, 0x64, 0x0, 0x61, 0x6c, 0x67, 0x61, 0x65, 0x0, 0x61, 0x6c,
    0x67, 0x65, 0x62, 0x72, 0x61, 0x0, 0x61, 0x6c, 0x67, 0x65, 0x72, 0x69, 0x61, 0x0, 0x61, 0x6c,
    0x67, 0x6f, 0x72, 0x69, 0x74, 0x68, 0x6d, 0x0, 0x61, 0x6c, 0x69, 0x65, 0x6e, 0x0, 0x61, 0x6c,
    0x69, 0x67, 0x6e, 0x6d, 0x65, 0x6e, 0x74, 0x0, 0x61, 0x6c, 0x6c, 0x61, 0x68, 0x0, 0x61, 0x6c,
    0x6c, 0x65, 0x67, 0x61, 0x74, 0x69, 0x6f, 0x6e, 0x0, 0x61, 0x6c, 0x6c, 0x65, 0x67, 0x69, 0x61,
    0x6e, 0x63, 0x65, 0x0, 0x61, 0x6c, 0x6c, 0x65, 0x6e, 0x0, 0x61, 0x6c, 0x6c, 0x65, 0x72, 0x67,
    0x79, 0x0, 0x61, 0x6c, 0x6c, 0x65, 0x79, 0x0, 0x61, 0x6c, 0x6c, 0x69, 0x61, 0x6e, 0x63, 0x65,
    0x0, 0x61, 0x6c, 0x6c, 0x69, 0x65, 0x73, 0x0, 0x61, 0x6c, 0x6c, 0x6f, 0x63, 0x61, 0x74, 0x69,
    0x6f, 0x6e, 0x0, 0x61, 0x6c, 0x6c, 0x6f, 0x77, 0x61, 0x6e, 0x63, 0x65, 0x0, 0x61, 0x6c, 0x6c,
    0x6f, 0x79, 0x0, 0x61, 0x6c, 0x6c, 0x79, 0x0, 0x61, 0x6c, 0x6d, 0x69, 0x67, 0x68, 0x74, 0x79,
    0x0, 0x61, 0x6c, 0x6d, 0x6f, 0x6e, 0x64, 0x0, 0x61, 0x6c, 0x70, 0x68, 0x61, 0x62, 0x65, 0x74,
    0x0, 0x61, 0x6c, 0x70, 0x73, 0x0, 0x61, 0x6c, 0x74, 0x61, 0x72, 0x0, 0x61, 0x6c, 0x74, 0x65,
    0x72, 0x69, 0x6e, 0x67, 0x0, 0x61, 0x6c, 0x74, 0x65, 0x72, 0x6e, 0x61, 0x74, 0x65, 0x0, 0x61,
    0x6c, 0x74, 0x69, 0x74, 0x75, 0x64, 0x65, 0x0, 0x61, 0x6c, 0x74, 0x6f, 0x67, 0x65, 0x74, 0x68,
    0x65, 0x72, 0x0, 0x61, 0x6c, 0x75, 0x6d, 0x69, 0x6e, 0x69, 0x75, 0x6d, 0x0, 0x61, 0x6c, 0x75,
    0x6d, 0x69, 0x6e, 0x75, 0x6d, 0x0, 0x61, 0x6d, 0x61, 0x74, 0x65, 0x75, 0x72, 0x0, 0x61, 0x6d,
    0x61, 0x7a, 0x6f, 0x6e, 0x0, 0x61, 0x6d, 0x62, 0x61, 0x73, 0x73, 0x61, 0x64, 0x6f, 0x72, 0x0,
    0x61, 0x6d, 0x62, 0x65, 0x72, 0x0, 0x61, 0x6d, 0x62, 0x69, 0x74, 0x69, 0x6f, 0x6e, 0x0, 0x61,
    0x6d, 0x62, 0x75, 0x6c, 0x61, 0x6e, 0x63, 0x65, 0x0, 0x61, 0x6d, 0x62, 0x75, 0x73, 0x68, 0x0,
    0x61, 0x6d, 0x65, 0x6c, 0x69, 0x61, 0x0, 0x61, 0x6d, 0x65, 0x6e, 0x64, 0x6d, 0x65, 0x6e, 0x74,
    0x0, 0x61, 0x6d, 0x65, 0x6e, 0x69, 0x74, 0x69, 0x65, 0x73, 0x0, 0x61, 0x6d, 0x65, 0x72, 0x69,
    0x63, 0x61, 0x6e, 0x0, 0x61, 0x6d, 0x69, 0x6e, 0x6f, 0x0, 0x61, 0x6d, 0x6d, 0x75, 0x6e, 0x69,
    0x74, 0x69, 0x6f, 0x6e, 0x0, 0x61, 0x6d, 0x6e, 0x65, 0x73, 0x74, 0x79, 0x0, 0x61, 0x6d, 0x6f,
    0x75, 0x6e, 0x74, 0x0, 0x61, 0x6d, 0x73, 0x74, 0x65, 0x72, 0x64, 0x61, 0x6d, 0x0, 0x61, 0x6d,
    0x75, 0x73, 0x65, 0x6d, 0x65, 0x6e, 0x74, 0x0, 0x61, 0x6e, 0x61, 0x6c, 0x6f, 0x67, 0x79, 0x0,
    0x61, 0x6e, 0x61, 0x6c, 0x79, 0x73, 0x69, 0x73, 0x0, 0x61, 0x6e, 0x61, 0x6c, 0x79, 0x73, 0x74,
    0x0, 0x61, 0x6e, 0x61, 0x72, 0x63, 0x68, 0x79, 0x0, 0x61, 0x6e, 0x61, 0x74, 0x6f, 0x6d, 0x79,
    0x0, 0x61, 0x6e, 0x63, 0x65, 0x73, 0x74, 0x72, 0x79, 0x0, 0x61, 0x6e, 0x63, 0x68, 0x6f, 0x72,
    0x0, 0x61, 0x6e, 0x63, 0x69, 0x65, 0x6e, 0x74, 0x0, 0x61, 0x6e, 0x64, 0x65, 0x72, 0x73, 0x6f,
    0x6e, 0x0, 0x61, 0x6e, 0x64, 0x72, 0x65, 0x77, 0x73, 0x0, 0x61, 0x6e, 0x64, 0x72, 0x6f, 0x69,
    0x64, 0x0, 0x61, 0x6e, 0x67, 0x65, 0x6c, 0x0, 0x61, 0x6e, 0x67, 0x65, 0x72, 0x0, 0x61, 0x6e,
    0x67, 0x6c, 0x65, 0x0, 0x61, 0x6e, 0x67, 0x75, 0x73, 0x0, 0x61, 0x6e, 0x69, 0x6d, 0x61, 0x6c,
    0x0, 0x61, 0x6e, 0x69, 0x6d, 0x61, 0x74, 0x69, 0x6f, 0x6e, 0x0, 0x61, 0x6e, 0x69, 0x6d, 0x65,
    0x0, 0x61, 0x6e, 0x6b, 0x6c, 0x65, 0x0, 0x61, 0x6e, 0x6e, 0x61, 0x0, 0x61, 0x6e, 0x6e, 0x65,
    0x78, 0x0, 0x61, 0x6e, 0x6e, 0x6f, 0x75, 0x6e, 0x63, 0x65, 0x72, 0x0, 0x61, 0x6e, 0x6e, 0x6f,
    0x79, 0x69, 0x6e, 0x67, 0x0, 0x61, 0x6e, 0x6e, 0x75, 0x61, 0x6c, 0x0, 0x61, 0x6e, 0x73, 0x77,
    0x65, 0x72, 0x0, 0x61, 0x6e, 0x74, 0x61, 0x72, 0x63, 0x74, 0x69, 0x63, 0x61, 0x0, 0x61, 0x6e,
    0x74, 0x65, 0x6e, 0x6e, 0x61, 0x0, 0x61, 0x6e, 0x74, 0x65, 0x72, 0x69, 0x6f, 0x72, 0x0, 0x61,
    0x6e, 0x74, 0x68, 0x65, 0x6d, 0x0, 0x61, 0x6e, 0x74, 0x68, 0x6f, 0x6e, 0x79, 0x0, 0x61, 0x6e,
    0x74, 0x69, 0x62, 0x69, 0x6f, 0x74, 0x69, 0x63, 0x0, 0x61, 0x6e, 0x74, 0x69, 0x71, 0x75, 0x65,
    0x0, 0x61, 0x6e, 0x78, 0x69, 0x65, 0x74, 0x79, 0x0, 0x61, 0x70, 0x61, 0x63, 0x68, 0x65, 0x0,
    0x61, 0x70, 0x61, 0x72, 0x74, 0x68, 0x65, 0x69, 0x64, 0x0, 0x61, 0x70, 0x61, 0x72, 0x74, 0x6d,
    0x65, 0x6e, 0x74, 0x0, 0x61, 0x70, 0x65, 0x78, 0x0, 0x61, 0x70, 0x6f, 0x63, 0x61, 0x6c, 0x79,
    0x70, 0x73, 0x65, 0x0, 0x61, 0x70, 0x6f, 0x6c, 0x6c, 0x6f, 0x0, 0x61, 0x70, 0x6f, 0x6c, 0x6f,
    0x67, 0x79, 0x0, 0x61, 0x70, 0x70, 0x61, 0x72, 0x61, 0x74, 0x75, 0x73, 0x0, 0x61, 0x70, 0x70,
    0x61, 0x72, 0x65, 0x6c, 0x0, 0x61, 0x70, 0x70, 0x65, 0x61, 0x6c, 0x0, 0x61, 0x70, 0x70, 0x65,
    0x61, 0x72, 0x61, 0x6e, 0x63, 0x65, 0x0, 0x61, 0x70, 0x70, 0x65, 0x61, 0x72, 0x69, 0x6e, 0x67,
    0x0, 0x61, 0x70, 0x70, 0x65, 0x6e, 0x64, 0x69, 0x78, 0x0, 0x61, 0x70, 0x70, 0x65, 0x74, 0x69,
    0x74, 0x65, 0x0, 0x61, 0x70, 0x70, 0x6c, 0x61, 0x75, 0x73, 0x65, 0x0, 0x61, 0x70, 0x70, 0x6c,
    0x65, 0x0, 0x61, 0x70, 0x70, 0x6c, 0x69, 0x63, 0x61, 0x6e, 0x74, 0x0, 0x61, 0x70, 0x70, 0x72,
    0x65, 0x6e, 0x74, 0x69, 0x63, 0x65, 0x0, 0x61, 0x70, 0x70, 0x72, 0x6f, 0x61, 0x63, 0x68, 0x0,
    0x61, 0x70, 0x70, 0x72, 0x6f, 0x76, 0x61, 0x6c, 0x0, 0x61, 0x70, 0x72, 0x69, 0x6c, 0x0, 0x61,
    0x71, 0x75, 0x61, 0x72, 0x69, 0x75, 0x6d, 0x0, 0x61, 0x71, 0x75, 0x61, 0x74, 0x69, 0x63, 0x0,
    0x61, 0x72, 0x61, 0x62, 0x69, 0x61, 0x6e, 0x0, 0x61, 0x72, 0x61, 0x62, 0x69, 0x63, 0x0, 0x61,
    0x72, 0x63, 0x61, 0x64, 0x65, 0x0, 0x61, 0x72, 0x63, 0x68, 0x62, 0x69, 0x73, 0x68, 0x6f, 0x70,
    0x0, 0x61, 0x72, 0x63, 0x68, 0x65, 0x72, 0x0, 0x61, 0x72, 0x63, 0x68, 0x69, 0x74, 0x65, 0x63,
    0x74, 0x0, 0x61, 0x72, 0x63, 0x68, 0x69, 0x76, 0x65, 0x73, 0x0, 0x61, 0x72, 0x63, 0x74, 0x69,
    0x63, 0x0, 0x61, 0x72, 0x65, 0x61, 0x0, 0x61, 0x72, 0x65, 0x6e, 0x61, 0x0, 0x61, 0x72, 0x67,
    0x65, 0x6e, 0x74, 0x69, 0x6e, 0x61, 0x0, 0x61, 0x72, 0x67, 0x65, 0x6e, 0x74, 0x69, 0x6e, 0x65,
    0x0, 0x61, 0x72, 0x67, 0x75, 0x69, 0x6e, 0x67, 0x0, 0x61, 0x72, 0x67, 0x75, 0x6d, 0x65, 0x6e,
    0x74, 0x0, 0x61, 0x72, 0x69, 0x7a, 0x6f, 0x6e, 0x61, 0x0, 0x61, 0x72, 0x6b, 0x61, 0x6e, 0x73,
    0x61, 0x73, 0x0, 0x61, 0x72, 0x6c, 0x69, 0x6e, 0x67, 0x74, 0x6f, 0x6e, 0x0, 0x61, 0x72, 0x6d,
    0x65, 0x6e, 0x69, 0x61, 0x6e, 0x0, 0x61, 0x72, 0x6d, 0x6f, 0x72, 0x0, 0x61, 0x72, 0x6d, 0x6f,
    0x75, 0x72, 0x0, 0x61, 0x72, 0x6d, 0x73, 0x74, 0x72, 0x6f, 0x6e, 0x67, 0x0, 0x61, 0x72, 0x6d,
    0x79, 0x0, 0x61, 0x72, 0x6e, 0x6f, 0x6c, 0x64, 0x0, 0x61, 0x72, 0x72, 0x61, 0x6e, 0x67, 0x69,
    0x6e, 0x67, 0x0, 0x61, 0x72, 0x72, 0x61, 0x79, 0x0, 0x61, 0x72, 0x72, 0x65, 0x73, 0x74, 0x0,
    0x61, 0x72, 0x72, 0x69, 0x76, 0x61, 0x6c, 0x0, 0x61, 0x72, 0x72, 0x6f, 0x67, 0x61, 0x6e, 0x63,
    0x65, 0x0, 0x61, 0x72, 0x72, 0x6f, 0x77, 0x0, 0x61, 0x72, 0x73, 0x65, 0x6e, 0x61, 0x6c, 0x0,
    0x61, 0x72, 0x74, 0x65, 0x72, 0x79, 0x0, 0x61, 0x72, 0x74, 0x68, 0x72, 0x69, 0x74, 0x69, 0x73,
    0x0, 0x61, 0x72, 0x74, 0x68, 0x75, 0x72, 0x0, 0x61, 0x72, 0x74, 0x69, 0x63, 0x6c, 0x65, 0x0,
    0x61, 0x72, 0x74, 0x69, 0x6c, 0x6c, 0x65, 0x72, 0x79, 0x0, 0x61, 0x72, 0x74, 0x69, 0x73, 0x74,
    0x0, 0x61, 0x72, 0x74, 0x73, 0x0, 0x61, 0x72, 0x74, 0x77, 0x6f, 0x72, 0x6b, 0x0, 0x61, 0x73,
    0x62, 0x65, 0x73, 0x74, 0x6f, 0x73, 0x0, 0x61, 0x73, 0x68, 0x74, 0x6f, 0x6e, 0x0, 0x61, 0x73,
    0x69, 0x61, 0x6e, 0x0, 0x61, 0x73, 0x69, 0x64, 0x65, 0x0, 0x61, 0x73, 0x6b, 0x69, 0x6e, 0x67,
    0x0, 0x61, 0x73, 0x70, 0x65, 0x63, 0x74, 0x0, 0x61, 0x73, 0x70, 0x68, 0x61, 0x6c, 0x74, 0x0,
    0x61, 0x73, 0x73, 0x61, 0x73, 0x73, 0x69, 0x6e, 0x0, 0x61, 0x73, 0x73, 0x61, 0x75, 0x6c, 0x74,
    0x0, 0x61, 0x73, 0x73, 0x65, 0x6d, 0x62, 0x6c, 0x79, 0x0, 0x61, 0x73, 0x73, 0x65, 0x72, 0x74,
    0x69, 0x6f, 0x6e, 0x0, 0x61, 0x73, 0x73, 0x65, 0x73, 0x73, 0x6d, 0x65, 0x6e, 0x74, 0x0, 0x61,
    0x73, 0x73, 0x65, 0x74, 0x73, 0x0, 0x61, 0x73, 0x73, 0x69, 0x67, 0x6e, 0x6d, 0x65, 0x6e, 0x74,
    0x0, 0x61, 0x73, 0x73, 0x69, 0x73, 0x74, 0x61, 0x6e, 0x63, 0x65, 0x0, 0x61, 0x73, 0x73, 0x69,
    0x73, 0x74, 0x61, 0x6e, 0x74, 0x0, 0x61, 0x73, 0x73, 0x6f, 0x63, 0x69, 0x61, 0x74, 0x65, 0x0,
    0x61, 0x73, 0x73, 0x75, 0x6d, 0x70, 0x74, 0x69, 0x6f, 0x6e, 0x0, 0x61, 0x73, 0x73, 0x75, 0x72,
    0x61, 0x6e, 0x63, 0x65, 0x0, 0x61, 0x73, 0x74, 0x65, 0x72, 0x6f, 0x69, 0x64, 0x0, 0x61, 0x73,
    0x74, 0x68, 0x6d, 0x61, 0x0, 0x61, 0x73, 0x74, 0x72, 0x6f, 0x6e, 0x61, 0x75, 0x74, 0x0, 0x61,
    0x73, 0x74, 0x72, 0x6f, 0x6e, 0x6f, 0x6d, 0x79, 0x0, 0x61, 0x73, 0x79, 0x6c, 0x75, 0x6d, 0x0,
    0x61, 0x74, 0x68, 0x65, 0x69, 0x73, 0x74, 0x0, 0x61, 0x74, 0x68, 0x65, 0x6e, 0x73, 0x0, 0x61,
    0x74, 0x68, 0x6c, 0x65, 0x74, 0x65, 0x0, 0x61, 0x74, 0x68, 0x6c, 0x65, 0x74, 0x69, 0x63, 0x73,
    0x0, 0x61, 0x74, 0x6c, 0x61, 0x6e, 0x74, 0x61, 0x0, 0x61, 0x74, 0x6c, 0x61, 0x6e, 0x74, 0x69,
    0x63, 0x0, 0x61, 0x74, 0x6c, 0x61, 0x73, 0x0, 0x61, 0x74, 0x6d, 0x6f, 0x73, 0x70, 0x68, 0x65,
    0x72, 0x65, 0x0, 0x61, 0x74, 0x6f, 0x6d, 0x0, 0x61, 0x74, 0x74, 0x61, 0x63, 0x68, 0x6d, 0x65,
    0x6e, 0x74, 0x0, 0x61, 0x74, 0x74, 0x61, 0x63, 0x6b, 0x65, 0x72, 0x0, 0x61, 0x74, 0x74, 0x65,
    0x6d, 0x70, 0x74, 0x0, 0x61, 0x74, 0x74, 0x65, 0x6e, 0x64, 0x61, 0x6e, 0x63, 0x65, 0x0, 0x61,
    0x74, 0x74, 0x65, 0x6e, 0x64, 0x61, 0x6e, 0x74, 0x0, 0x61, 0x74, 0x74, 0x65, 0x6e, 0x64, 0x69,
    0x6e, 0x67, 0x0, 0x61, 0x74, 0x74, 0x65, 0x6e, 0x74, 0x69, 0x6f, 0x6e, 0x0, 0x61, 0x74, 0x74,
    0x69, 0x63, 0x0, 0x61, 0x74, 0x74, 0x69, 0x74, 0x75, 0x64, 0x65, 0x0, 0x61, 0x74, 0x74, 0x6f,
    0x72, 0x6e, 0x65, 0x79, 0x0, 0x61, 0x74, 0x74, 0x72, 0x61, 0x63, 0x74, 0x69, 0x6f, 0x6e, 0x0,
    0x61, 0x74, 0x74, 0x72, 0x69, 0x62, 0x75, 0x74, 0x65, 0x0, 0x61, 0x75, 0x63, 0x6b, 0x6c, 0x61,
    0x6e, 0x64, 0x0, 0x61, 0x75, 0x63, 0x74, 0x69, 0x6f, 0x6e, 0x0, 0x61, 0x75, 0x64, 0x69, 0x65,
    0x6e, 0x63, 0x65, 0x0, 0x61, 0x75, 0x64, 0x69, 0x6f, 0x0, 0x61, 0x75, 0x64, 0x69, 0x74, 0x69,
    0x6f, 0x6e, 0x0, 0x61, 0x75, 0x64, 0x69, 0x74, 0x6f, 0x72, 0x69, 0x75, 0x6d, 0x0, 0x61, 0x75,
    0x67, 0x75, 0x73, 0x74, 0x61, 0x0, 0x61, 0x75, 0x67, 0x75, 0x73, 0x74, 0x69, 0x6e, 0x65, 0x0,
    0x61, 0x75, 0x6e, 0x74, 0x0, 0x61, 0x75, 0x72, 0x61, 0x0, 0x61, 0x75, 0x72, 0x6f, 0x72, 0x61,
    0x0, 0x61, 0x75, 0x73, 0x73, 0x69, 0x65, 0x0, 0x61, 0x75, 0x73, 0x74, 0x69, 0x6e, 0x0, 0x61,
    0x75, 0x73, 0x74, 0x72, 0x61, 0x6c, 0x69, 0x61, 0x6e, 0x0, 0x61, 0x75, 0x73, 0x74, 0x72, 0x69,
    0x61, 0x6e, 0x0, 0x61, 0x75, 0x74, 0x68, 0x6f, 0x72, 0x69, 0x74, 0x79, 0x0, 0x61, 0x75, 0x74,
    0x69, 0x73, 0x6d, 0x0, 0x61, 0x75, 0x74, 0x6f, 0x6d, 0x61, 0x74, 0x69, 0x63, 0x0, 0x61, 0x75,
    0x74, 0x6f, 0x6d, 0x61, 0x74, 0x69, 0x6f, 0x6e, 0x0, 0x61, 0x75, 0x74, 0x6f, 0x6d, 0x6f, 0x62,
    0x69, 0x6c, 0x65, 0x0, 0x61, 0x75, 0x74, 0x6f, 0x6e, 0x6f, 0x6d, 0x79, 0x0, 0x61, 0x75, 0x74,
    0x6f, 0x70, 0x73, 0x79, 0x0, 0x61, 0x75, 0x74, 0x75, 0x6d, 0x6e, 0x0, 0x61, 0x75, 0x78, 0x69,
    0x6c, 0x69, 0x61, 0x72, 0x79, 0x0, 0x61, 0x76, 0x61, 0x69, 0x6c, 0x0, 0x61, 0x76, 0x61, 0x74,
    0x61, 0x72, 0x0, 0x61, 0x76, 0x65, 0x6e, 0x75, 0x65, 0x0, 0x61, 0x76, 0x65, 0x72, 0x61, 0x67,
    0x65, 0x0, 0x61, 0x76, 0x69, 0x61, 0x74, 0x69, 0x6f, 0x6e, 0x0, 0x61, 0x76, 0x6f, 0x69, 0x64,
    0x61, 0x6e, 0x63, 0x65, 0x0, 0x61, 0x77, 0x61, 0x6b, 0x65, 0x6e, 0x69, 0x6e, 0x67, 0x0, 0x61,
    0x77, 0x61, 0x72, 0x64, 0x0, 0x61, 0x77, 0x61, 0x72, 0x65, 0x6e, 0x65, 0x73, 0x73, 0x0, 0x61,
    0x78, 0x69, 0x73, 0x0, 0x62, 0x61, 0x62, 0x61, 0x0, 0x62, 0x61, 0x62, 0x65, 0x0, 0x62, 0x61,
    0x62, 0x79, 0x6c, 0x6f, 0x6e, 0x0, 0x62, 0x61, 0x63, 0x68, 0x65, 0x6c, 0x6f, 0x72, 0x0, 0x62,
    0x61, 0x63, 0x6b, 0x62, 0x6f, 0x6e, 0x65, 0x0, 0x62, 0x61, 0x63, 0x6b, 0x64, 0x72, 0x6f, 0x70,
    0x0, 0x62, 0x61, 0x63, 0x6b, 0x67, 0x72, 0x6f, 0x75, 0x6e, 0x64, 0x0, 0x62, 0x61, 0x63, 0x6b,
    0x69, 0x6e, 0x67, 0x0, 0x62, 0x61, 0x63, 0x6b, 0x6c, 0x61, 0x73, 0x68, 0x0, 0x62, 0x61, 0x63,
    0x6b, 0x70, 0x61, 0x63, 0x6b, 0x0, 0x62, 0x61, 0x63, 0x6b, 0x73, 0x74, 0x61, 0x67, 0x65, 0x0,
    0x62, 0x61, 0x63, 0x6b, 0x75, 0x70, 0x0, 0x62, 0x61, 0x63, 0x6b, 0x79, 0x61, 0x72, 0x64, 0x0,
    0x62, 0x61, 0x63, 0x6f, 0x6e, 0x0, 0x62, 0x61, 0x63, 0x74, 0x65, 0x72, 0x69, 0x61, 0x0, 0x62,
    0x61, 0x64, 0x67, 0x65, 0x0, 0x62, 0x61, 0x67, 0x67, 0x61, 0x67, 0x65, 0x0, 0x62, 0x61, 0x67,
    0x68, 0x64, 0x61, 0x64, 0x0, 0x62, 0x61, 0x68, 0x61, 0x6d, 0x61, 0x73, 0x0, 0x62, 0x61, 0x68,
    0x72, 0x61, 0x69, 0x6e, 0x0, 0x62, 0x61, 0x69, 0x6c, 0x65, 0x79, 0x0, 0x62, 0x61, 0x69, 0x74,
    0x0, 0x62, 0x61, 0x6b, 0x65, 0x72, 0x79, 0x0, 0x62, 0x61, 0x6b, 0x69, 0x6e, 0x67, 0x0, 0x62,
    0x61, 0x6c, 0x61, 0x6e, 0x63, 0x65, 0x0, 0x62, 0x61, 0x6c, 0x61, 0x6e, 0x63, 0x69, 0x6e, 0x67,
    0x0, 0x62, 0x61, 0x6c, 0x63, 0x6f, 0x6e, 0x79, 0x0, 0x62, 0x61, 0x6c, 0x64, 0x77, 0x69, 0x6e,
    0x0, 0x62, 0x61, 0x6c, 0x65, 0x0, 0x62, 0x61, 0x6c, 0x69, 0x0, 0x62, 0x61, 0x6c, 0x6c, 0x65,
    0x74, 0x0, 0x62, 0x61, 0x6c, 0x6c, 0x6f, 0x6f, 0x6e, 0x0, 0x62, 0x61, 0x6c, 0x6c, 0x6f, 0x74,
    0x0, 0x62, 0x61, 0x6c, 0x6c, 0x72, 0x6f, 0x6f, 0x6d, 0x0, 0x62, 0x61, 0x6c, 0x74, 0x69, 0x63,
    0x0, 0x62, 0x61, 0x6c, 0x74, 0x69, 0x6d, 0x6f, 0x72, 0x65, 0x0, 0x62, 0x61, 0x6d, 0x62, 0x6f,
    0x6f, 0x0, 0x62, 0x61, 0x6e, 0x61, 0x6e, 0x61, 0x0, 0x62, 0x61, 0x6e, 0x64, 0x77, 0x69, 0x64,
    0x74, 0x68, 0x0, 0x62, 0x61, 0x6e, 0x67, 0x61, 0x6c, 0x6f, 0x72, 0x65, 0x0, 0x62, 0x61, 0x6e,
    0x67, 0x69, 0x6e, 0x67, 0x0, 0x62, 0x61, 0x6e, 0x67, 0x6b, 0x6f, 0x6b, 0x0, 0x62, 0x61, 0x6e,
    0x67, 0x6c, 0x61, 0x64, 0x65, 0x73, 0x68, 0x0, 0x62, 0x61, 0x6e, 0x6b, 0x65, 0x72, 0x0, 0x62,
    0x61, 0x6e, 0x6b, 0x69, 0x6e, 0x67, 0x0, 0x62, 0x61, 0x6e, 0x6b, 0x72, 0x75, 0x70, 0x74, 0x63,
    0x79, 0x0, 0x62, 0x61, 0x6e, 0x6b, 0x73, 0x0, 0x62, 0x61, 0x6e, 0x6e, 0x65, 0x72, 0x0, 0x62,
    0x61, 0x6e, 0x6e, 0x69, 0x6e, 0x67, 0x0, 0x62, 0x61, 0x6e, 0x71, 0x75, 0x65, 0x74, 0x0, 0x62,
    0x61, 0x70, 0x74, 0x69, 0x73, 0x6d, 0x0, 0x62, 0x61, 0x70, 0x74, 0x69, 0x73, 0x74, 0x0, 0x62,
    0x61, 0x72, 0x62, 0x61, 0x64, 0x6f, 0x73, 0x0, 0x62, 0x61, 0x72, 0x62, 0x65, 0x63, 0x75, 0x65,
    0x0, 0x62, 0x61, 0x72, 0x62, 0x65, 0x72, 0x0, 0x62, 0x61, 0x72, 0x63, 0x65, 0x6c, 0x6f, 0x6e,
    0x61, 0x0, 0x62, 0x61, 0x72, 0x67, 0x61, 0x69, 0x6e, 0x69, 0x6e, 0x67, 0x0, 0x62, 0x61, 0x72,
    0x67, 0x65, 0x0, 0x62, 0x61, 0x72, 0x6b, 0x65, 0x72, 0x0, 0x62, 0x61, 0x72, 0x6e, 0x0, 0x62,
    0x61, 0x72, 0x6f, 0x6e, 0x0, 0x62, 0x61, 0x72, 0x72, 0x65, 0x6c, 0x73, 0x0, 0x62, 0x61, 0x72,
    0x72, 0x69, 0x65, 0x72, 0x0, 0x62, 0x61, 0x72, 0x73, 0x0, 0x62, 0x61, 0x72, 0x74, 0x65, 0x6e,
    0x64, 0x65, 0x72, 0x0, 0x62, 0x61, 0x73, 0x65, 0x62, 0x61, 0x6c, 0x6c, 0x0, 0x62, 0x61, 0x73,
    0x65, 0x6c, 0x69, 0x6e, 0x65, 0x0, 0x62, 0x61, 0x73, 0x65, 0x6d, 0x65, 0x6e, 0x74, 0x0, 0x62,
    0x61, 0x73, 0x68, 0x0, 0x62, 0x61, 0x73, 0x69, 0x63, 0x73, 0x0, 0x62, 0x61, 0x73, 0x69, 0x6c,
    0x0, 0x62, 0x61, 0x73, 0x69, 0x6e, 0x0, 0x62, 0x61, 0x73, 0x69, 0x73, 0x0, 0x62, 0x61, 0x73,
    0x6b, 0x65, 0x74, 0x62, 0x61, 0x6c, 0x6c, 0x0, 0x62, 0x61, 0x73, 0x73, 0x0, 0x62, 0x61, 0x74,
    0x63, 0x68, 0x0, 0x62, 0x61, 0x74, 0x68, 0x69, 0x6e, 0x67, 0x0, 0x62, 0x61, 0x74, 0x68, 0x72,
    0x6f, 0x6f, 0x6d, 0x0, 0x62, 0x61, 0x74, 0x6d, 0x61, 0x6e, 0x0, 0x62, 0x61, 0x74, 0x6f, 0x6e,
    0x0, 0x62, 0x61, 0x74, 0x74, 0x61, 0x6c, 0x69, 0x6f, 0x6e, 0x0, 0x62, 0x61, 0x74, 0x74, 0x65,
    0x72, 0x79, 0x0, 0x62, 0x61, 0x74, 0x74, 0x69, 0x6e, 0x67, 0x0, 0x62, 0x61, 0x74, 0x74, 0x6c,
    0x65, 0x0, 0x62, 0x65, 0x61, 0x63, 0x68, 0x0, 0x62, 0x65, 0x61, 0x63, 0x6f, 0x6e, 0x0, 0x62,
    0x65, 0x61, 0x64, 0x73, 0x0, 0x62, 0x65, 0x61, 0x6d, 0x0, 0x62, 0x65, 0x61, 0x6e, 0x0, 0x62,
    0x65, 0x61, 0x72, 0x64, 0x0, 0x62, 0x65, 0x61, 0x72, 0x69, 0x6e, 0x67, 0x0, 0x62, 0x65, 0x61,
    0x73, 0x74, 0x0, 0x62, 0x65, 0x61, 0x74, 0x69, 0x6e, 0x67, 0x0, 0x62, 0x65, 0x61, 0x74, 0x6c,
    0x65, 0x73, 0x0, 0x62, 0x65, 0x61, 0x74, 0x73, 0x0, 0x62, 0x65, 0x61, 0x75, 0x74, 0x79, 0x0,
    0x62, 0x65, 0x61, 0x76, 0x65, 0x72, 0x0, 0x62, 0x65, 0x63, 0x6b, 0x0, 0x62, 0x65, 0x64, 0x72,
    0x6f, 0x6f, 0x6d, 0x0, 0x62, 0x65, 0x64, 0x74, 0x69, 0x6d, 0x65, 0x0, 0x62, 0x65, 0x65, 0x66,
    0x0, 0x62, 0x65, 0x65, 0x72, 0x0, 0x62, 0x65, 0x65, 0x74, 0x6c, 0x65, 0x0, 0x62, 0x65, 0x67,
    0x67, 0x69, 0x6e, 0x67, 0x0, 0x62, 0x65, 0x67, 0x69, 0x6e, 0x6e, 0x65, 0x72, 0x0, 0x62, 0x65,
    0x67, 0x69, 0x6e, 0x6e, 0x69, 0x6e, 0x67, 0x0, 0x62, 0x65, 0x68, 0x61, 0x6c, 0x66, 0x0, 0x62,
    0x65, 0x68, 0x61, 0x76, 0x69, 0x6f, 0x72, 0x0, 0x62, 0x65, 0x68, 0x61, 0x76, 0x69, 0x6f, 0x75,
    0x72, 0x0, 0x62, 0x65, 0x68, 0x69, 0x6e, 0x64, 0x0, 0x62, 0x65, 0x69, 0x6a, 0x69, 0x6e, 0x67,
    0x0, 0x62, 0x65, 0x69, 0x6e, 0x67, 0x0, 0x62, 0x65, 0x69, 0x72, 0x75, 0x74, 0x0, 0x62, 0x65,
    0x6c, 0x66, 0x61, 0x73, 0x74, 0x0, 0x62, 0x65, 0x6c, 0x67, 0x69, 0x61, 0x6e, 0x0, 0x62, 0x65,
    0x6c, 0x67, 0x69, 0x75, 0x6d, 0x0, 0x62, 0x65, 0x6c, 0x69, 0x65, 0x66, 0x0, 0x62, 0x65, 0x6c,
    0x69, 0x65, 0x76, 0x65, 0x72, 0x0, 0x62, 0x65, 0x6c, 0x69, 0x65, 0x76, 0x69, 0x6e, 0x67, 0x0,
    0x62, 0x65, 0x6c, 0x6c, 0x65, 0x0, 0x62, 0x65, 0x6c, 0x6c, 0x79, 0x0, 0x62, 0x65, 0x6c, 0x6f,
    0x6e, 0x67, 0x69, 0x6e, 0x67, 0x73, 0x0, 0x62, 0x65, 0x6c, 0x6f, 0x76, 0x65, 0x64, 0x0, 0x62,
    0x65, 0x6c, 0x74, 0x0, 0x62, 0x65, 0x6e, 0x63, 0x68, 0x6d, 0x61, 0x72, 0x6b, 0x0, 0x62, 0x65,
    0x6e, 0x64, 0x69, 0x6e, 0x67, 0x0, 0x62, 0x65, 0x6e, 0x65, 0x64, 0x69, 0x63, 0x74, 0x0, 0x62,
    0x65, 0x6e, 0x65, 0x66, 0x69, 0x74, 0x0, 0x62, 0x65, 0x6e, 0x67, 0x61, 0x6c, 0x0, 0x62, 0x65,
    0x6e, 0x67, 0x68, 0x61, 0x7a, 0x69, 0x0, 0x62, 0x65, 0x6e, 0x6a, 0x61, 0x6d, 0x69, 0x6e, 0x0,
    0x62, 0x65, 0x6e, 0x6e, 0x65, 0x74, 0x74, 0x0, 0x62, 0x65, 0x6e, 0x6e, 0x79, 0x0, 0x62, 0x65,
    0x6e, 0x74, 0x0, 0x62, 0x65, 0x72, 0x6b, 0x65, 0x6c, 0x65, 0x79, 0x0, 0x62, 0x65, 0x72, 0x6b,
    0x73, 0x68, 0x69, 0x72, 0x65, 0x0, 0x62, 0x65, 0x72, 0x6c, 0x69, 0x6e, 0x0, 0x62, 0x65, 0x72,
    0x6d, 0x75, 0x64, 0x61, 0x0, 0x62, 0x65, 0x72, 0x6e, 0x61, 0x72, 0x64, 0x0, 0x62, 0x65, 0x72,
    0x72, 0x79, 0x0, 0x62, 0x65, 0x73, 0x74, 0x0, 0x62, 0x65, 0x74, 0x61, 0x0, 0x62, 0x65, 0x74,
    0x68, 0x0, 0x62, 0x65, 0x74, 0x72, 0x61, 0x79, 0x61, 0x6c, 0x0, 0x62, 0x65, 0x74, 0x74, 0x65,
    0x72, 0x0, 0x62, 0x65, 0x76, 0x65, 0x72, 0x61, 0x67, 0x65, 0x0, 0x62, 0x69, 0x61, 0x73, 0x0,
    0x62, 0x69, 0x62, 0x6c, 0x65, 0x0, 0x62, 0x69, 0x63, 0x79, 0x63, 0x6c, 0x65, 0x0, 0x62, 0x69,
    0x64, 0x64, 0x69, 0x6e, 0x67, 0x0, 0x62, 0x69, 0x6b, 0x65, 0x0, 0x62, 0x69, 0x6b, 0x69, 0x6e,
    0x69, 0x0, 0x62, 0x69, 0x6c, 0x69, 0x6e, 0x67, 0x75, 0x61, 0x6c, 0x0, 0x62, 0x69, 0x6c, 0x6c,
    0x62, 0x6f, 0x61, 0x72, 0x64, 0x0, 0x62, 0x69, 0x6c, 0x6c, 0x69, 0x6e, 0x67, 0x0, 0x62, 0x69,
    0x6c, 0x6c, 0x69, 0x6f, 0x6e, 0x0, 0x62, 0x69, 0x6c, 0x6c, 0x79, 0x0, 0x62, 0x69, 0x6e, 0x61,
    0x72, 0x79, 0x0, 0x62, 0x69, 0x6e, 0x64, 0x69, 0x6e, 0x67, 0x0, 0x62, 0x69, 0x6e, 0x67, 0x65,
    0x0, 0x62, 0x69, 0x6e, 0x67, 0x6f, 0x0, 0x62, 0x69, 0x6f, 0x67, 0x72, 0x61, 0x70, 0x68, 0x79,
    0x0, 0x62, 0x69, 0x6f, 0x6c, 0x6f, 0x67, 0x79, 0x0, 0x62, 0x69, 0x72, 0x63, 0x68, 0x0, 0x62,
    0x69, 0x72, 0x64, 0x0, 0x62, 0x69, 0x72, 0x6d, 0x69, 0x6e, 0x67, 0x68, 0x61, 0x6d, 0x0, 0x62,
    0x69, 0x72, 0x74, 0x68, 0x64, 0x61, 0x79, 0x0, 0x62, 0x69, 0x73, 0x65, 0x78, 0x75, 0x61, 0x6c,
    0x0, 0x62, 0x69, 0x73, 0x68, 0x6f, 0x70, 0x0, 0x62, 0x69, 0x74, 0x65, 0x0, 0x62, 0x69, 0x74,
    0x74, 0x65, 0x72, 0x0, 0x62, 0x6c, 0x61, 0x63, 0x6b, 0x62, 0x65, 0x72, 0x72, 0x79, 0x0, 0x62,
    0x6c, 0x61, 0x63, 0x6b, 0x6f, 0x75, 0x74, 0x0, 0x62, 0x6c, 0x61, 0x64, 0x64, 0x65, 0x72, 0x0,
    0x62, 0x6c, 0x61, 0x64, 0x65, 0x0, 0x62, 0x6c, 0x61, 0x68, 0x0, 0x62, 0x6c, 0x61, 0x69, 0x72,
    0x0, 0x62, 0x6c, 0x61, 0x6b, 0x65, 0x0, 0x62, 0x6c, 0x61, 0x6d, 0x65, 0x0, 0x62, 0x6c, 0x61,
    0x6e, 0x6b, 0x65, 0x74, 0x0, 0x62, 0x6c, 0x61, 0x73, 0x74, 0x0, 0x62, 0x6c, 0x61, 0x7a, 0x65,
    0x0, 0x62, 0x6c, 0x65, 0x61, 0x63, 0x68, 0x0, 0x62, 0x6c, 0x65, 0x65, 0x64, 0x69, 0x6e, 0x67,
    0x0, 0x62, 0x6c, 0x65, 0x6e, 0x64, 0x0, 0x62, 0x6c, 0x65, 0x73, 0x73, 0x69, 0x6e, 0x67, 0x0,
    0x62, 0x6c, 0x69, 0x6e, 0x64, 0x0, 0x62, 0x6c, 0x69, 0x6e, 0x6b, 0x0, 0x62, 0x6c, 0x69, 0x73,
    0x73, 0x0, 0x62, 0x6c, 0x69, 0x74, 0x7a, 0x0, 0x62, 0x6c, 0x69, 0x7a, 0x7a, 0x61, 0x72, 0x64,
    0x0, 0x62, 0x6c, 0x6f, 0x63, 0x6b, 0x61, 0x64, 0x65, 0x0, 0x62, 0x6c, 0x6f, 0x63, 0x6b, 0x69,
    0x6e, 0x67, 0x0, 0x62, 0x6c, 0x6f, 0x67, 0x67, 0x65, 0x72, 0x0, 0x62, 0x6c, 0x6f, 0x6b, 0x65,
    0x0, 0x62, 0x6c, 0x6f, 0x6e, 0x64, 0x65, 0x0, 0x62, 0x6c, 0x6f, 0x6f, 0x64, 0x0, 0x62, 0x6c,
    0x6f, 0x6f, 0x6d, 0x0, 0x62, 0x6c, 0x6f, 0x73, 0x73, 0x6f, 0x6d, 0x0, 0x62, 0x6c, 0x6f, 0x77,
    0x69, 0x6e, 0x67, 0x0, 0x62, 0x6c, 0x75, 0x65, 0x73, 0x0, 0x62, 0x6c, 0x75, 0x66, 0x66, 0x0,
    0x62, 0x6c, 0x75, 0x72, 0x0, 0x62, 0x6c, 0x75, 0x73, 0x68, 0x0, 0x62, 0x6f, 0x61, 0x72, 0x64,
    0x69, 0x6e, 0x67, 0x0, 0x62, 0x6f, 0x61, 0x72, 0x64, 0x73, 0x0, 0x62, 0x6f, 0x61, 0x73, 0x74,
    0x0, 0x62, 0x6f, 0x61, 0x74, 0x0, 0x62, 0x6f, 0x62, 0x62, 0x79, 0x0, 0x62, 0x6f, 0x64, 0x79,
    0x0, 0x62, 0x6f, 0x68, 0x65, 0x6d, 0x69, 0x61, 0x6e, 0x0, 0x62, 0x6f, 0x69, 0x6c, 0x65, 0x72,
    0x0, 0x62, 0x6f, 0x69, 0x6c, 0x69, 0x6e, 0x67, 0x0, 0x62, 0x6f, 0x6c, 0x64, 0x0, 0x62, 0x6f,
    0x6c, 0x69, 0x76, 0x69, 0x61, 0x0, 0x62, 0x6f, 0x6c, 0x6c, 0x79, 0x77, 0x6f, 0x6f, 0x64, 0x0,
    0x62, 0x6f, 0x6c, 0x74, 0x0, 0x62, 0x6f, 0x6d, 0x62, 0x61, 0x79, 0x0, 0x62, 0x6f, 0x6d, 0x62,
    0x65, 0x72, 0x0, 0x62, 0x6f, 0x6d, 0x62, 0x69, 0x6e, 0x67, 0x0, 0x62, 0x6f, 0x6e, 0x64, 0x69,
    0x6e, 0x67, 0x0, 0x62, 0x6f, 0x6e, 0x65, 0x73, 0x0, 0x62, 0x6f, 0x6e, 0x67, 0x0, 0x62, 0x6f,
    0x6e, 0x75, 0x73, 0x0, 0x62, 0x6f, 0x6f, 0x67, 0x69, 0x65, 0x0, 0x62, 0x6f, 0x6f, 0x6b, 0x65,
    0x72, 0x0, 0x62, 0x6f, 0x6f, 0x6b, 0x69, 0x6e, 0x67, 0x0, 0x62, 0x6f, 0x6f, 0x6b, 0x6c, 0x65,
    0x74, 0x0, 0x62, 0x6f, 0x6f, 0x6d, 0x0, 0x62, 0x6f, 0x6f, 0x73, 0x74, 0x65, 0x72, 0x0, 0x62,
    0x6f, 0x6f, 0x74, 0x68, 0x0, 0x62, 0x6f, 0x6f, 0x74, 0x79, 0x0, 0x62, 0x6f, 0x6f, 0x7a, 0x65,
    0x0, 0x62, 0x6f, 0x72, 0x64, 0x65, 0x72, 0x0, 0x62, 0x6f, 0x72, 0x65, 0x0, 0x62, 0x6f, 0x72,
    0x69, 0x6e, 0x67, 0x0, 0x62, 0x6f, 0x72, 0x6e, 0x0, 0x62, 0x6f, 0x72, 0x6f, 0x75, 0x67, 0x68,
    0x0, 0x62, 0x6f, 0x72, 0x72, 0x6f, 0x77, 0x69, 0x6e, 0x67, 0x0, 0x62, 0x6f, 0x73, 0x6e, 0x69,
    0x61, 0x0, 0x62, 0x6f, 0x73, 0x73, 0x0, 0x62, 0x6f, 0x73, 0x74, 0x6f, 0x6e, 0x0, 0x62, 0x6f,
    0x74, 0x68, 0x65, 0x72, 0x0, 0x62, 0x6f, 0x74, 0x74, 0x6c, 0x65, 0x0, 0x62, 0x6f, 0x74, 0x74,
    0x6f, 0x6d, 0x0, 0x62, 0x6f, 0x75, 0x6c, 0x64, 0x65, 0x72, 0x0, 0x62, 0x6f, 0x75, 0x6c, 0x65,
    0x76, 0x61, 0x72, 0x64, 0x0, 0x62, 0x6f, 0x75, 0x6e, 0x63, 0x65, 0x0, 0x62, 0x6f, 0x75, 0x6e,
    0x63, 0x69, 0x6e, 0x67, 0x0, 0x62, 0x6f, 0x75, 0x6e, 0x64, 0x61, 0x72, 0x79, 0x0, 0x62, 0x6f,
    0x75, 0x6e, 0x64, 0x73, 0x0, 0x62, 0x6f, 0x75, 0x6e, 0x74, 0x79, 0x0, 0x62, 0x6f, 0x75, 0x72,
    0x62, 0x6f, 0x6e, 0x0, 0x62, 0x6f, 0x75, 0x74, 0x69, 0x71, 0x75, 0x65, 0x0, 0x62, 0x6f, 0x77,
    0x65, 0x6c, 0x0, 0x62, 0x6f, 0x77, 0x69, 0x65, 0x0, 0x62, 0x6f, 0x77, 0x6c, 0x69, 0x6e, 0x67,
    0x0, 0x62, 0x6f, 0x77, 0x6c, 0x73, 0x0, 0x62, 0x6f, 0x78, 0x65, 0x72, 0x0, 0x62, 0x6f, 0x78,
    0x69, 0x6e, 0x67, 0x0, 0x62, 0x6f, 0x79, 0x63, 0x6f, 0x74, 0x74, 0x0, 0x62, 0x6f, 0x79, 0x66,
    0x72, 0x69, 0x65, 0x6e, 0x64, 0x0, 0x62, 0x6f, 0x79, 0x6c, 0x65, 0x0, 0x62, 0x72, 0x61, 0x63,
    0x65, 0x6c, 0x65, 0x74, 0x0, 0x62, 0x72, 0x61, 0x63, 0x6b, 0x65, 0x74, 0x0, 0x62, 0x72, 0x61,
    0x64, 0x66, 0x6f, 0x72, 0x64, 0x0, 0x62, 0x72, 0x61, 0x64, 0x6c, 0x65, 0x79, 0x0, 0x62, 0x72,
    0x61, 0x64, 0x79, 0x0, 0x62, 0x72, 0x61, 0x69, 0x6e, 0x0, 0x62, 0x72, 0x61, 0x6b, 0x65, 0x73,
    0x0, 0x62, 0x72, 0x61, 0x6e, 0x63, 0x68, 0x0, 0x62, 0x72, 0x61, 0x6e, 0x64, 0x69, 0x6e, 0x67,
    0x0, 0x62, 0x72, 0x61, 0x6e, 0x64, 0x79, 0x0, 0x62, 0x72, 0x61, 0x73, 0x73, 0x0, 0x62, 0x72,
    0x61, 0x76, 0x65, 0x72, 0x79, 0x0, 0x62, 0x72, 0x61, 0x76, 0x6f, 0x0, 0x62, 0x72, 0x61, 0x77,
    0x6c, 0x0, 0x62, 0x72, 0x61, 0x7a, 0x69, 0x6c, 0x69, 0x61, 0x6e, 0x0, 0x62, 0x72, 0x65, 0x61,
    0x63, 0x68, 0x0, 0x62, 0x72, 0x65, 0x61, 0x64, 0x0, 0x62, 0x72, 0x65, 0x61, 0x6b, 0x64, 0x6f,
    0x77, 0x6e, 0x0, 0x62, 0x72, 0x65, 0x61, 0x6b, 0x65, 0x72, 0x0, 0x62, 0x72, 0x65, 0x61, 0x6b,
    0x66, 0x61, 0x73, 0x74, 0x0, 0x62, 0x72, 0x65, 0x61, 0x6b, 0x69, 0x6e, 0x67, 0x0, 0x62, 0x72,
    0x65, 0x61, 0x6b, 0x75, 0x70, 0x0, 0x62, 0x72, 0x65, 0x61, 0x73, 0x74, 0x0, 0x62, 0x72, 0x65,
    0x61, 0x74, 0x68, 0x69, 0x6e, 0x67, 0x0, 0x62, 0x72, 0x65, 0x65, 0x64, 0x69, 0x6e, 0x67, 0x0,
    0x62, 0x72, 0x65, 0x65, 0x7a, 0x65, 0x0, 0x62, 0x72, 0x65, 0x6e, 0x74, 0x0, 0x62, 0x72, 0x65,
    0x74, 0x68, 0x72, 0x65, 0x6e, 0x0, 0x62, 0x72, 0x65, 0x77, 0x65, 0x72, 0x79, 0x0, 0x62, 0x72,
    0x65, 0x77, 0x69, 0x6e, 0x67, 0x0, 0x62, 0x72, 0x69, 0x62, 0x65, 0x0, 0x62, 0x72, 0x69, 0x63,
    0x6b, 0x0, 0x62, 0x72, 0x69, 0x64, 0x61, 0x6c, 0x0, 0x62, 0x72, 0x69, 0x64, 0x65, 0x0, 0x62,
    0x72, 0x69, 0x64, 0x67, 0x65, 0x73, 0x0, 0x62, 0x72, 0x69, 0x65, 0x66, 0x69, 0x6e, 0x67, 0x0,
    0x62, 0x72, 0x69, 0x67, 0x61, 0x64, 0x65, 0x0, 0x62, 0x72, 0x69, 0x67, 0x68, 0x74, 0x6e, 0x65,
    0x73, 0x73, 0x0, 0x62, 0x72, 0x69, 0x67, 0x68, 0x74, 0x6f, 0x6e, 0x0, 0x62, 0x72, 0x69, 0x6e,
    0x67, 0x69, 0x6e, 0x67, 0x0, 0x62, 0x72, 0x69, 0x6e, 0x6b, 0x0, 0x62, 0x72, 0x69, 0x73, 0x62,
    0x61, 0x6e, 0x65, 0x0, 0x62, 0x72, 0x69, 0x73, 0x74, 0x6f, 0x6c, 0x0, 0x62, 0x72, 0x69, 0x74,
    0x61, 0x69, 0x6e, 0x0, 0x62, 0x72, 0x69, 0x74, 0x69, 0x73, 0x68, 0x0, 0x62, 0x72, 0x69, 0x74,
    0x73, 0x0, 0x62, 0x72, 0x69, 0x74, 0x74, 0x61, 0x6e, 0x79, 0x0, 0x62, 0x72, 0x6f, 0x61, 0x64,
    0x63, 0x61, 0x73, 0x74, 0x0, 0x62, 0x72, 0x6f, 0x61, 0x64, 0x77, 0x61, 0x79, 0x0, 0x62, 0x72,
    0x6f, 0x63, 0x63, 0x6f, 0x6c, 0x69, 0x0, 0x62, 0x72, 0x6f, 0x6b, 0x65, 0x72, 0x0, 0x62, 0x72,
    0x6f, 0x6e, 0x78, 0x0, 0x62, 0x72, 0x6f, 0x6e, 0x7a, 0x65, 0x0, 0x62, 0x72, 0x6f, 0x6f, 0x6b,
    0x65, 0x0, 0x62, 0x72, 0x6f, 0x6f, 0x6b, 0x6c, 0x79, 0x6e, 0x0, 0x62, 0x72, 0x6f, 0x6f, 0x6b,
    0x73, 0x0, 0x62, 0x72, 0x6f, 0x74, 0x68, 0x65, 0x72, 0x0, 0x62, 0x72, 0x6f, 0x77, 0x6e, 0x0,
    0x62, 0x72, 0x6f, 0x77, 0x73, 0x65, 0x72, 0x0, 0x62, 0x72, 0x6f, 0x77, 0x73, 0x69, 0x6e, 0x67,
    0x0, 0x62, 0x72, 0x75, 0x63, 0x65, 0x0, 0x62, 0x72, 0x75, 0x6e, 0x6f, 0x0, 0x62, 0x72, 0x75,
    0x6e, 0x73, 0x77, 0x69, 0x63, 0x6b, 0x0, 0x62, 0x72, 0x75, 0x73, 0x68, 0x69, 0x6e, 0x67, 0x0,
    0x62, 0x72, 0x75, 0x73, 0x73, 0x65, 0x6c, 0x73, 0x0, 0x62, 0x72, 0x75, 0x74, 0x61, 0x6c, 0x69,
    0x74, 0x79, 0x0, 0x62, 0x72, 0x79, 0x61, 0x6e, 0x0, 0x62, 0x75, 0x62, 0x62, 0x6c, 0x65, 0x0,
    0x62, 0x75, 0x63, 0x68, 0x61, 0x6e, 0x61, 0x6e, 0x0, 0x62, 0x75, 0x63, 0x6b, 0x65, 0x74, 0x0,
    0x62, 0x75, 0x63, 0x6b, 0x6c, 0x65, 0x0, 0x62, 0x75, 0x64, 0x61, 0x70, 0x65, 0x73, 0x74, 0x0,
    0x62, 0x75, 0x64, 0x64, 0x68, 0x61, 0x0, 0x62, 0x75, 0x64, 0x64, 0x68, 0x69, 0x73, 0x6d, 0x0,
    0x62, 0x75, 0x64, 0x64, 0x68, 0x69, 0x73, 0x74, 0x0, 0x62, 0x75, 0x64, 0x64, 0x79, 0x0, 0x62,
    0x75, 0x64, 0x67, 0x65, 0x74, 0x0, 0x62, 0x75, 0x66, 0x66, 0x61, 0x6c, 0x6f, 0x0, 0x62, 0x75,
    0x66, 0x66, 0x65, 0x72, 0x0, 0x62, 0x75, 0x66, 0x66, 0x65, 0x74, 0x0, 0x62, 0x75, 0x69, 0x6c,
    0x64, 0x65, 0x72, 0x0, 0x62, 0x75, 0x69, 0x6c, 0x64, 0x69, 0x6e, 0x67, 0x0, 0x62, 0x75, 0x6c,
    0x62, 0x0, 0x62, 0x75, 0x6c, 0x67, 0x61, 0x72, 0x69, 0x61, 0x6e, 0x0, 0x62, 0x75, 0x6c, 0x6b,
    0x0, 0x62, 0x75, 0x6c, 0x6c, 0x65, 0x74, 0x69, 0x6e, 0x0, 0x62, 0x75, 0x6c, 0x6c, 0x79, 0x69,
    0x6e, 0x67, 0x0, 0x62, 0x75, 0x6d, 0x70, 0x65, 0x72, 0x0, 0x62, 0x75, 0x6e, 0x63, 0x68, 0x0,
    0x62, 0x75, 0x6e, 0x64, 0x6c, 0x65, 0x0, 0x62, 0x75, 0x6e, 0x6b, 0x65, 0x72, 0x0, 0x62, 0x75,
    0x6e, 0x6e, 0x79, 0x0, 0x62, 0x75, 0x72, 0x64, 0x65, 0x6e, 0x0, 0x62, 0x75, 0x72, 0x65, 0x61,
    0x75, 0x0, 0x62, 0x75, 0x72, 0x67, 0x65, 0x72, 0x0, 0x62, 0x75, 0x72, 0x67, 0x65, 0x73, 0x73,
    0x0, 0x62, 0x75, 0x72, 0x69, 0x61, 0x6c, 0x0, 0x62, 0x75, 0x72, 0x6b, 0x65, 0x0, 0x62, 0x75,
    0x72, 0x6c, 0x69, 0x6e, 0x67, 0x74, 0x6f, 0x6e, 0x0, 0x62, 0x75, 0x72, 0x6d, 0x61, 0x0, 0x62,
    0x75, 0x72, 0x6e, 0x65, 0x72, 0x0, 0x62, 0x75, 0x72, 0x6e, 0x69, 0x6e, 0x67, 0x0, 0x62, 0x75,
    0x72, 0x6e, 0x73, 0x0, 0x62, 0x75, 0x72, 0x73, 0x74, 0x0, 0x62, 0x75, 0x72, 0x74, 0x6f, 0x6e,
    0x0, 0x62, 0x75, 0x73, 0x68, 0x0, 0x62, 0x75, 0x73, 0x69, 0x6e, 0x65, 0x73, 0x73, 0x0, 0x62,
    0x75, 0x73, 0x74, 0x0, 0x62, 0x75, 0x74, 0x63, 0x68, 0x65, 0x72, 0x0, 0x62, 0x75, 0x74, 0x6c,
    0x65, 0x72, 0x0, 0x62, 0x75, 0x74, 0x74, 0x65, 0x72, 0x66, 0x6c, 0x79, 0x0, 0x62, 0x75, 0x74,
    0x74, 0x6f, 0x6e, 0x0, 0x62, 0x75, 0x79, 0x65, 0x72, 0x0, 0x62, 0x75, 0x79, 0x69, 0x6e, 0x67,
    0x0, 0x62, 0x75, 0x7a, 0x7a, 0x0, 0x62, 0x79, 0x70, 0x61, 0x73, 0x73, 0x0, 0x62, 0x79, 0x72,
    0x6f, 0x6e, 0x0, 0x63, 0x61, 0x62, 0x62, 0x61, 0x67, 0x65, 0x0, 0x63, 0x61, 0x62, 0x69, 0x6e,
    0x65, 0x74, 0x0, 0x63, 0x61, 0x62, 0x6c, 0x65, 0x0, 0x63, 0x61, 0x63, 0x68, 0x65, 0x0, 0x63,
    0x61, 0x65, 0x73, 0x61, 0x72, 0x0, 0x63, 0x61, 0x66, 0x65, 0x0, 0x63, 0x61, 0x66, 0x66, 0x65,
    0x69, 0x6e, 0x65, 0x0, 0x63, 0x61, 0x67, 0x65, 0x0, 0x63, 0x61, 0x69, 0x6e, 0x0, 0x63, 0x61,
    0x69, 0x72, 0x6f, 0x0, 0x63, 0x61, 0x6b, 0x65, 0x0, 0x63, 0x61, 0x6c, 0x63, 0x69, 0x75, 0x6d,
    0x0, 0x63, 0x61, 0x6c, 0x63, 0x75, 0x6c, 0x61, 0x74, 0x6f, 0x72, 0x0, 0x63, 0x61, 0x6c, 0x63,
    0x75, 0x6c, 0x75, 0x73, 0x0, 0x63, 0x61, 0x6c, 0x63, 0x75, 0x74, 0x74, 0x61, 0x0, 0x63, 0x61,
    0x6c, 0x65, 0x6e, 0x64, 0x61, 0x72, 0x0, 0x63, 0x61, 0x6c, 0x66, 0x0, 0x63, 0x61, 0x6c, 0x67,
    0x61, 0x72, 0x79, 0x0, 0x63, 0x61, 0x6c, 0x69, 0x62, 0x65, 0x72, 0x0, 0x63, 0x61, 0x6c, 0x69,
    0x66, 0x6f, 0x72, 0x6e, 0x69, 0x61, 0x0, 0x63, 0x61, 0x6c, 0x6c, 0x65, 0x72, 0x0, 0x63, 0x61,
    0x6c, 0x6c, 0x69, 0x6e, 0x67, 0x0, 0x63, 0x61, 0x6c, 0x6d, 0x0, 0x63, 0x61, 0x6c, 0x6f, 0x72,
    0x69, 0x65, 0x0, 0x63, 0x61, 0x6c, 0x76, 0x69, 0x6e, 0x0, 0x63, 0x61, 0x6d, 0x62, 0x6f, 0x64,
    0x69, 0x61, 0x0, 0x63, 0x61, 0x6d, 0x62, 0x72, 0x69, 0x64, 0x67, 0x65, 0x0, 0x63, 0x61, 0x6d,
    0x64, 0x65, 0x6e, 0x0, 0x63, 0x61, 0x6d, 0x65, 0x6c, 0x0, 0x63, 0x61, 0x6d, 0x65, 0x72, 0x61,
    0x0, 0x63, 0x61, 0x6d, 0x65, 0x72, 0x6f, 0x6f, 0x6e, 0x0, 0x63, 0x61, 0x6d, 0x70, 0x61, 0x69,
    0x67, 0x6e, 0x0, 0x63, 0x61, 0x6d, 0x70, 0x62, 0x65, 0x6c, 0x6c, 0x0, 0x63, 0x61, 0x6d, 0x70,
    0x69, 0x6e, 0x67, 0x0, 0x63, 0x61, 0x6d, 0x70, 0x75, 0x73, 0x0, 0x63, 0x61, 0x6e, 0x61, 0x64,
    0x61, 0x0, 0x63, 0x61, 0x6e, 0x61, 0x64, 0x69, 0x61, 0x6e, 0x0, 0x63, 0x61, 0x6e, 0x61, 0x6c,
    0x0, 0x63, 0x61, 0x6e, 0x62, 0x65, 0x72, 0x72, 0x61, 0x0, 0x63, 0x61, 0x6e, 0x63, 0x65, 0x6c,
    0x0, 0x63, 0x61, 0x6e, 0x63, 0x65, 0x72, 0x0, 0x63, 0x61, 0x6e, 0x64, 0x69, 0x64, 0x61, 0x74,
    0x65, 0x0, 0x63, 0x61, 0x6e, 0x64, 0x6c, 0x65, 0x0, 0x63, 0x61, 0x6e, 0x64, 0x79, 0x0, 0x63,
    0x61, 0x6e, 0x65, 0x0, 0x63, 0x61, 0x6e, 0x6e, 0x61, 0x62, 0x69, 0x73, 0x0, 0x63, 0x61, 0x6e,
    0x6e, 0x65, 0x73, 0x0, 0x63, 0x61, 0x6e, 0x6e, 0x6f, 0x6e, 0x0, 0x63, 0x61, 0x6e, 0x6f, 0x65,
    0x0, 0x63, 0x61, 0x6e, 0x6f, 0x6e, 0x0, 0x63, 0x61, 0x6e, 0x6f, 0x70, 0x79, 0x0, 0x63, 0x61,
    0x6e, 0x74, 0x65, 0x72, 0x62, 0x75, 0x72, 0x79, 0x0, 0x63, 0x61, 0x6e, 0x74, 0x6f, 0x6e, 0x0,
    0x63, 0x61, 0x6e, 0x76, 0x61, 0x73, 0x0, 0x63, 0x61, 0x6e, 0x79, 0x6f, 0x6e, 0x0, 0x63, 0x61,
    0x70, 0x61, 0x62, 0x69, 0x6c, 0x69, 0x74, 0x79, 0x0, 0x63, 0x61, 0x70, 0x61, 0x63, 0x69, 0x74,
    0x79, 0x0, 0x63, 0x61, 0x70, 0x65, 0x0, 0x63, 0x61, 0x70, 0x69, 0x74, 0x61, 0x6c, 0x69, 0x73,
    0x6d, 0x0, 0x63, 0x61, 0x70, 0x69, 0x74, 0x61, 0x6c, 0x69, 0x73, 0x74, 0x0, 0x63, 0x61, 0x70,
    0x69, 0x74, 0x6f, 0x6c, 0x0, 0x63, 0x61, 0x70, 0x73, 0x75, 0x6c, 0x65, 0x0, 0x63, 0x61, 0x70,
    0x74, 0x61, 0x69, 0x6e, 0x0, 0x63, 0x61, 0x70, 0x74, 0x69, 0x6f, 0x6e, 0x0, 0x63, 0x61, 0x70,
    0x74, 0x69, 0x76, 0x65, 0x0, 0x63, 0x61, 0x70, 0x74, 0x69, 0x76, 0x69, 0x74, 0x79, 0x0, 0x63,
    0x61, 0x70, 0x74, 0x75, 0x72, 0x65, 0x0, 0x63, 0x61, 0x72, 0x61, 0x76, 0x61, 0x6e, 0x0, 0x63,
    0x61, 0x72, 0x62, 0x6f, 0x6e, 0x0, 0x63, 0x61, 0x72, 0x64, 0x62, 0x6f, 0x61, 0x72, 0x64, 0x0,
    0x63, 0x61, 0x72, 0x64, 0x69, 0x66, 0x66, 0x0, 0x63, 0x61, 0x72, 0x64, 0x69, 0x6e, 0x61, 0x6c,
    0x0, 0x63, 0x61, 0x72, 0x64, 0x73, 0x0, 0x63, 0x61, 0x72, 0x65, 0x65, 0x72, 0x0, 0x63, 0x61,
    0x72, 0x67, 0x6f, 0x0, 0x63, 0x61, 0x72, 0x69, 0x62, 0x62, 0x65, 0x61, 0x6e, 0x0, 0x63, 0x61,
    0x72, 0x69, 0x6e, 0x67, 0x0, 0x63, 0x61, 0x72, 0x6c, 0x6f, 0x73, 0x0, 0x63, 0x61, 0x72, 0x6e,
    0x65, 0x67, 0x69, 0x65, 0x0, 0x63, 0x61, 0x72, 0x6e, 0x69, 0x76, 0x61, 0x6c, 0x0, 0x63, 0x61,
    0x72, 0x6f, 0x6c, 0x69, 0x6e, 0x61, 0x0, 0x63, 0x61, 0x72, 0x70, 0x65, 0x6e, 0x74, 0x65, 0x72,
    0x0, 0x63, 0x61, 0x72, 0x70, 0x65, 0x74, 0x0, 0x63, 0x61, 0x72, 0x72, 0x69, 0x61, 0x67, 0x65,
    0x0, 0x63, 0x61, 0x72, 0x72, 0x69, 0x65, 0x72, 0x0, 0x63, 0x61, 0x72, 0x72, 0x6f, 0x6c, 0x6c,
    0x0, 0x63, 0x61, 0x72, 0x72, 0x6f, 0x74, 0x0, 0x63, 0x61, 0x72, 0x72, 0x79, 0x0, 0x63, 0x61,
    0x72, 0x73, 0x6f, 0x6e, 0x0, 0x63, 0x61, 0x72, 0x74, 0x65, 0x6c, 0x0, 0x63, 0x61, 0x72, 0x74,
    0x65, 0x72, 0x0, 0x63, 0x61, 0x72, 0x74, 0x6f, 0x6f, 0x6e, 0x0, 0x63, 0x61, 0x72, 0x74, 0x72,
    0x69, 0x64, 0x67, 0x65, 0x0, 0x63, 0x61, 0x72, 0x76, 0x69, 0x6e, 0x67, 0x0, 0x63, 0x61, 0x73,
    0x65, 0x0, 0x63, 0x61, 0x73, 0x68, 0x69, 0x65, 0x72, 0x0, 0x63, 0x61, 0x73, 0x69, 0x6e, 0x6f,
    0x0, 0x63, 0x61, 0x73, 0x74, 0x65, 0x0, 0x63, 0x61, 0x73, 0x74, 0x69, 0x6e, 0x67, 0x0, 0x63,
    0x61, 0x73, 0x74, 0x6c, 0x65, 0x0, 0x63, 0x61, 0x73, 0x74, 0x72, 0x6f, 0x0, 0x63, 0x61, 0x73,
    0x75, 0x61, 0x6c, 0x74, 0x79, 0x0, 0x63, 0x61, 0x74, 0x61, 0x6c, 0x6f, 0x67, 0x75, 0x65, 0x0,
    0x63, 0x61, 0x74, 0x61, 0x6c, 0x79, 0x73, 0x74, 0x0, 0x63, 0x61, 0x74, 0x63, 0x68, 0x65, 0x72,
    0x0, 0x63, 0x61, 0x74, 0x63, 0x68, 0x69, 0x6e, 0x67, 0x0, 0x63, 0x61, 0x74, 0x65, 0x67, 0x6f,
    0x72, 0x79, 0x0, 0x63, 0x61, 0x74, 0x65, 0x72, 0x69, 0x6e, 0x67, 0x0, 0x63, 0x61, 0x74, 0x68,
    0x65, 0x64, 0x72, 0x61, 0x6c, 0x0, 0x63, 0x61, 0x74, 0x68, 0x65, 0x72, 0x69, 0x6e, 0x65, 0x0,
    0x63, 0x61, 0x74, 0x68, 0x6f, 0x6c, 0x69, 0x63, 0x0, 0x63, 0x61, 0x74, 0x74, 0x6c, 0x65, 0x0,
    0x63, 0x61, 0x75, 0x63, 0x75, 0x73, 0x0, 0x63, 0x61, 0x75, 0x73, 0x65, 0x0, 0x63, 0x61, 0x75,
    0x73, 0x69, 0x6e, 0x67, 0x0, 0x63, 0x61, 0x75, 0x74, 0x69, 0x6f, 0x6e, 0x0, 0x63, 0x61, 0x75,
    0x74, 0x69, 0x6f, 0x75, 0x73, 0x0, 0x63, 0x61, 0x76, 0x61, 0x6c, 0x72, 0x79, 0x0, 0x63, 0x61,
    0x76, 0x65, 0x0, 0x63, 0x61, 0x76, 0x69, 0x74, 0x79, 0x0, 0x63, 0x65, 0x61, 0x73, 0x65, 0x0,
    0x63, 0x65, 0x64, 0x61, 0x72, 0x0, 0x63, 0x65, 0x69, 0x6c, 0x69, 0x6e, 0x67, 0x0, 0x63, 0x65,
    0x6c, 0x65, 0x62, 0x72, 0x69, 0x74, 0x79, 0x0, 0x63, 0x65, 0x6c, 0x6c, 0x61, 0x72, 0x0, 0x63,
    0x65, 0x6c, 0x6c, 0x70, 0x68, 0x6f, 0x6e, 0x65, 0x0, 0x63, 0x65, 0x6c, 0x74, 0x69, 0x63, 0x0,
    0x63, 0x65, 0x6d, 0x65, 0x6e, 0x74, 0x0, 0x63, 0x65, 0x6d, 0x65, 0x74, 0x65, 0x72, 0x79, 0x0,
    0x63, 0x65, 0x6e, 0x73, 0x6f, 0x72, 0x73, 0x68, 0x69, 0x70, 0x0, 0x63, 0x65, 0x6e, 0x73, 0x75,
    0x73, 0x0, 0x63, 0x65, 0x6e, 0x74, 0x65, 0x72, 0x0, 0x63, 0x65, 0x6e, 0x74, 0x72, 0x61, 0x6c,
    0x0, 0x63, 0x65, 0x6e, 0x74, 0x72, 0x65, 0x0, 0x63, 0x65, 0x6e, 0x74, 0x75, 0x72, 0x79, 0x0,
    0x63, 0x65, 0x72, 0x61, 0x6d, 0x69, 0x63, 0x0, 0x63, 0x65, 0x72, 0x65, 0x61, 0x6c, 0x0, 0x63,
    0x65, 0x72, 0x65, 0x6d, 0x6f, 0x6e, 0x79, 0x0, 0x63, 0x65, 0x72, 0x74, 0x61, 0x69, 0x6e, 0x74,
    0x79, 0x0, 0x63, 0x68, 0x61, 0x64, 0x0, 0x63, 0x68, 0x61, 0x69, 0x6e, 0x73, 0x0, 0x63, 0x68,
    0x61, 0x69, 0x72, 0x6d, 0x61, 0x6e, 0x0, 0x63, 0x68, 0x61, 0x6c, 0x6b, 0x0, 0x63, 0x68, 0x61,
    0x6c, 0x6c, 0x65, 0x6e, 0x67, 0x65, 0x72, 0x0, 0x63, 0x68, 0x61, 0x6d, 0x62, 0x65, 0x72, 0x73,
    0x0, 0x63, 0x68, 0x61, 0x6d, 0x70, 0x61, 0x67, 0x6e, 0x65, 0x0, 0x63, 0x68, 0x61, 0x6d, 0x70,
    0x69, 0x6f, 0x6e, 0x0, 0x63, 0x68, 0x61, 0x6e, 0x63, 0x65, 0x6c, 0x6c, 0x6f, 0x72, 0x0, 0x63,
    0x68, 0x61, 0x6e, 0x64, 0x6c, 0x65, 0x72, 0x0, 0x63, 0x68, 0x61, 0x6e, 0x67, 0x65, 0x0, 0x63,
    0x68, 0x61, 0x6e, 0x6e, 0x65, 0x6c, 0x73, 0x0, 0x63, 0x68, 0x61, 0x6e, 0x74, 0x69, 0x6e, 0x67,
    0x0, 0x63, 0x68, 0x61, 0x6f, 0x73, 0x0, 0x63, 0x68, 0x61, 0x70, 0x65, 0x6c, 0x0, 0x63, 0x68,
    0x61, 0x70, 0x6d, 0x61, 0x6e, 0x0, 0x63, 0x68, 0x61, 0x70, 0x74, 0x65, 0x72, 0x0, 0x63, 0x68,
    0x61, 0x72, 0x61, 0x63, 0x74, 0x65, 0x72, 0x0, 0x63, 0x68, 0x61, 0x72, 0x63, 0x6f, 0x61, 0x6c,
    0x0, 0x63, 0x68, 0x61, 0x72, 0x67, 0x65, 0x72, 0x0, 0x63, 0x68, 0x61, 0x72, 0x69, 0x74, 0x79,
    0x0, 0x63, 0x68, 0x61, 0x72, 0x6c, 0x65, 0x73, 0x74, 0x6f, 0x6e, 0x0, 0x63, 0x68, 0x61, 0x72,
    0x6c, 0x6f, 0x74, 0x74, 0x65, 0x0, 0x63, 0x68, 0x61, 0x72, 0x6d, 0x0, 0x63, 0x68, 0x61, 0x72,
    0x74, 0x65, 0x72, 0x0, 0x63, 0x68, 0x61, 0x73, 0x65, 0x64, 0x0, 0x63, 0x68, 0x61, 0x73, 0x73,
    0x69, 0x73, 0x0, 0x63, 0x68, 0x61, 0x74, 0x0, 0x63, 0x68, 0x65, 0x61, 0x74, 0x69, 0x6e, 0x67,
    0x0, 0x63, 0x68, 0x65, 0x63, 0x6b, 0x6f, 0x75, 0x74, 0x0, 0x63, 0x68, 0x65, 0x65, 0x6b, 0x0,
    0x63, 0x68, 0x65, 0x65, 0x72, 0x69, 0x6e, 0x67, 0x0, 0x63, 0x68, 0x65, 0x65, 0x73, 0x65, 0x0,
    0x63, 0x68, 0x65, 0x66, 0x0, 0x63, 0x68, 0x65, 0x6d, 0x69, 0x63, 0x61, 0x6c, 0x0, 0x63, 0x68,
    0x65, 0x6d, 0x69, 0x73, 0x74, 0x72, 0x79, 0x0, 0x63, 0x68, 0x65, 0x6e, 0x6e, 0x61, 0x69, 0x0,
    0x63, 0x68, 0x65, 0x72, 0x72, 0x79, 0x0, 0x63, 0x68, 0x65, 0x73, 0x73, 0x0, 0x63, 0x68, 0x65,
    0x73, 0x74, 0x65, 0x72, 0x0, 0x63, 0x68, 0x65, 0x77, 0x69, 0x6e, 0x67, 0x0, 0x63, 0x68, 0x69,
    0x63, 0x61, 0x67, 0x6f, 0x0, 0x63, 0x68, 0x69, 0x63, 0x6b, 0x65, 0x6e, 0x0, 0x63, 0x68, 0x69,
    0x65, 0x66, 0x0, 0x63, 0x68, 0x69, 0x6c, 0x64, 0x68, 0x6f, 0x6f, 0x64, 0x0, 0x63, 0x68, 0x69,
    0x6c, 0x65, 0x0, 0x63, 0x68, 0x69, 0x6c, 0x69, 0x0, 0x63, 0x68, 0x69, 0x6c, 0x6c, 0x69, 0x6e,
    0x67, 0x0, 0x63, 0x68, 0x69, 0x6c, 0x6c, 0x79, 0x0, 0x63, 0x68, 0x69, 0x6d, 0x6e, 0x65, 0x79,
    0x0, 0x63, 0x68, 0x69, 0x6e, 0x61, 0x0, 0x63, 0x68, 0x69, 0x6e, 0x65, 0x73, 0x65, 0x0, 0x63,
    0x68, 0x69, 0x70, 0x73, 0x0, 0x63, 0x68, 0x6f, 0x63, 0x6f, 0x6c, 0x61, 0x74, 0x65, 0x0, 0x63,
    0x68, 0x6f, 0x69, 0x63, 0x65, 0x0, 0x63, 0x68, 0x6f, 0x69, 0x72, 0x0, 0x63, 0x68, 0x6f, 0x6b,
    0x65, 0x0, 0x63, 0x68, 0x6f, 0x6b, 0x69, 0x6e, 0x67, 0x0, 0x63, 0x68, 0x6f, 0x70, 0x0, 0x63,
    0x68, 0x6f, 0x72, 0x64, 0x0, 0x63, 0x68, 0x6f, 0x72, 0x75, 0x73, 0x0, 0x63, 0x68, 0x6f, 0x73,
    0x65, 0x6e, 0x0, 0x63, 0x68, 0x72, 0x69, 0x73, 0x74, 0x69, 0x61, 0x6e, 0x0, 0x63, 0x68, 0x72,
    0x69, 0x73, 0x74, 0x69, 0x65, 0x0, 0x63, 0x68, 0x72, 0x69, 0x73, 0x74, 0x6d, 0x61, 0x73, 0x0,
    0x63, 0x68, 0x72, 0x6f, 0x6d, 0x65, 0x0, 0x63, 0x68, 0x72, 0x6f, 0x6e, 0x69, 0x63, 0x6c, 0x65,
    0x0, 0x63, 0x68, 0x75, 0x63, 0x6b, 0x6c, 0x65, 0x0, 0x63, 0x68, 0x75, 0x6e, 0x6b, 0x0, 0x63,
    0x68, 0x75, 0x72, 0x63, 0x68, 0x69, 0x6c, 0x6c, 0x0, 0x63, 0x69, 0x64, 0x65, 0x72, 0x0, 0x63,
    0x69, 0x67, 0x61, 0x72, 0x65, 0x74, 0x74, 0x65, 0x0, 0x63, 0x69, 0x6e, 0x63, 0x69, 0x6e, 0x6e,
    0x61, 0x74, 0x69, 0x0, 0x63, 0x69, 0x6e, 0x65, 0x6d, 0x61, 0x0, 0x63, 0x69, 0x6e, 0x6e, 0x61,
    0x6d, 0x6f, 0x6e, 0x0, 0x63, 0x69, 0x72, 0x63, 0x6c, 0x65, 0x0, 0x63, 0x69, 0x72, 0x63, 0x75,
    0x69, 0x74, 0x0, 0x63, 0x69, 0x72, 0x63, 0x75, 0x6c, 0x61, 0x72, 0x0, 0x63, 0x69, 0x72, 0x63,
    0x75, 0x73, 0x0, 0x63, 0x69, 0x74, 0x61, 0x74, 0x69, 0x6f, 0x6e, 0x0, 0x63, 0x69, 0x74, 0x65,
    0x0, 0x63, 0x69, 0x74, 0x69, 0x7a, 0x65, 0x6e, 0x0, 0x63, 0x69, 0x74, 0x72, 0x75, 0x73, 0x0,
    0x63, 0x69, 0x74, 0x79, 0x0, 0x63, 0x69, 0x76, 0x69, 0x6c, 0x69, 0x61, 0x6e, 0x0, 0x63, 0x6c,
    0x61, 0x69, 0x6d, 0x0, 0x63, 0x6c, 0x61, 0x6e, 0x0, 0x63, 0x6c, 0x61, 0x70, 0x0, 0x63, 0x6c,
    0x61, 0x72, 0x65, 0x6e, 0x63, 0x65, 0x0, 0x63, 0x6c, 0x61, 0x72, 0x69, 0x74, 0x79, 0x0, 0x63,
    0x6c, 0x61, 0x72, 0x6b, 0x0, 0x63, 0x6c, 0x61, 0x73, 0x68, 0x0, 0x63, 0x6c, 0x61, 0x73, 0x73,
    0x69, 0x63, 0x61, 0x6c, 0x0, 0x63, 0x6c, 0x61, 0x73, 0x73, 0x69, 0x63, 0x73, 0x0, 0x63, 0x6c,
    0x61, 0x73, 0x73, 0x69, 0x66, 0x69, 0x65, 0x64, 0x0, 0x63, 0x6c, 0x61, 0x73, 0x73, 0x72, 0x6f,
    0x6f, 0x6d, 0x0, 0x63, 0x6c, 0x61, 0x75, 0x73, 0x65, 0x0, 0x63, 0x6c, 0x61, 0x77, 0x0, 0x63,
    0x6c, 0x61, 0x79, 0x0, 0x63, 0x6c, 0x65, 0x61, 0x6e, 0x65, 0x72, 0x0, 0x63, 0x6c, 0x65, 0x61,
    0x6e, 0x69, 0x6e, 0x67, 0x0, 0x63, 0x6c, 0x65, 0x61, 0x6e, 0x73, 0x69, 0x6e, 0x67, 0x0, 0x63,
    0x6c, 0x65, 0x61, 0x72, 0x61, 0x6e, 0x63, 0x65, 0x0, 0x63, 0x6c, 0x65, 0x61, 0x72, 0x69, 0x6e,
    0x67, 0x0, 0x63, 0x6c, 0x65, 0x72, 0x67, 0x79, 0x0, 0x63, 0x6c, 0x65, 0x72, 0x6b, 0x0, 0x63,
    0x6c, 0x65, 0x76, 0x65, 0x6c, 0x61, 0x6e, 0x64, 0x0, 0x63, 0x6c, 0x69, 0x63, 0x6b, 0x0, 0x63,
    0x6c, 0x69, 0x65, 0x6e, 0x74, 0x0, 0x63, 0x6c, 0x69, 0x66, 0x66, 0x0, 0x63, 0x6c, 0x69, 0x6d,
    0x61, 0x74, 0x65, 0x0, 0x63, 0x6c, 0x69, 0x6d, 0x61, 0x78, 0x0, 0x63, 0x6c, 0x69, 0x6d, 0x62,
    0x69, 0x6e, 0x67, 0x0, 0x63, 0x6c, 0x69, 0x6e, 0x69, 0x63, 0x0, 0x63, 0x6c, 0x69, 0x6e, 0x74,
    0x6f, 0x6e, 0x0, 0x63, 0x6c, 0x69, 0x70, 0x0, 0x63, 0x6c, 0x69, 0x76, 0x65, 0x0, 0x63, 0x6c,
    0x6f, 0x61, 0x6b, 0x0, 0x63, 0x6c, 0x6f, 0x63, 0x6b, 0x73, 0x0, 0x63, 0x6c, 0x6f, 0x6e, 0x65,
    0x0, 0x63, 0x6c, 0x6f, 0x73, 0x65, 0x72, 0x0, 0x63, 0x6c, 0x6f, 0x73, 0x65, 0x74, 0x0, 0x63,
    0x6c, 0x6f, 0x73, 0x69, 0x6e, 0x67, 0x0, 0x63, 0x6c, 0x6f, 0x73, 0x75, 0x72, 0x65, 0x0, 0x63,
    0x6c, 0x6f, 0x74, 0x68, 0x65, 0x73, 0x0, 0x63, 0x6c, 0x6f, 0x74, 0x68, 0x69, 0x6e, 0x67, 0x0,
    0x63, 0x6c, 0x6f, 0x75, 0x64, 0x0, 0x63, 0x6c, 0x6f, 0x77, 0x6e, 0x0, 0x63, 0x6c, 0x75, 0x62,
    0x0, 0x63, 0x6c, 0x75, 0x65, 0x0, 0x63, 0x6c, 0x75, 0x73, 0x74, 0x65, 0x72, 0x0, 0x63, 0x6c,
    0x75, 0x74, 0x63, 0x68, 0x0, 0x63, 0x6c, 0x79, 0x64, 0x65, 0x0, 0x63, 0x6f, 0x61, 0x63, 0x68,
    0x69, 0x6e, 0x67, 0x0, 0x63, 0x6f, 0x61, 0x6c, 0x69, 0x74, 0x69, 0x6f, 0x6e, 0x0, 0x63, 0x6f,
    0x61, 0x73, 0x74, 0x65, 0x72, 0x0, 0x63, 0x6f, 0x61, 0x73, 0x74, 0x6c, 0x69, 0x6e, 0x65, 0x0,
    0x63, 0x6f, 0x61, 0x74, 0x69, 0x6e, 0x67, 0x0, 0x63, 0x6f, 0x62, 0x72, 0x61, 0x0, 0x63, 0x6f,
    0x63, 0x61, 0x69, 0x6e, 0x65, 0x0, 0x63, 0x6f, 0x63, 0x6b, 0x70, 0x69, 0x74, 0x0, 0x63, 0x6f,
    0x63, 0x6b, 0x74, 0x61, 0x69, 0x6c, 0x0, 0x63, 0x6f, 0x63, 0x6f, 0x61, 0x0, 0x63, 0x6f, 0x63,
    0x6f, 0x6e, 0x75, 0x74, 0x0, 0x63, 0x6f, 0x64, 0x65, 0x0, 0x63, 0x6f, 0x64, 0x69, 0x6e, 0x67,
    0x0, 0x63, 0x6f, 0x64, 0x79, 0x0, 0x63, 0x6f, 0x66, 0x66, 0x65, 0x65, 0x0, 0x63, 0x6f, 0x66,
    0x66, 0x69, 0x6e, 0x0, 0x63, 0x6f, 0x69, 0x6c, 0x0, 0x63, 0x6f, 0x69, 0x6e, 0x0, 0x63, 0x6f,
    0x6b, 0x65, 0x0, 0x63, 0x6f, 0x6c, 0x61, 0x0, 0x63, 0x6f, 0x6c, 0x64, 0x0, 0x63, 0x6f, 0x6c,
    0x65, 0x0, 0x63, 0x6f, 0x6c, 0x6c, 0x61, 0x70, 0x73, 0x65, 0x0, 0x63, 0x6f, 0x6c, 0x6c, 0x61,
    0x72, 0x0, 0x63, 0x6f, 0x6c, 0x6c, 0x61, 0x74, 0x65, 0x72, 0x61, 0x6c, 0x0, 0x63, 0x6f, 0x6c,
    0x6c, 0x65, 0x61, 0x67, 0x75, 0x65, 0x0, 0x63, 0x6f, 0x6c, 0x6c, 0x65, 0x63, 0x74, 0x69, 0x6e,
    0x67, 0x0, 0x63, 0x6f, 0x6c, 0x6c, 0x65, 0x63, 0x74, 0x69, 0x6f, 0x6e, 0x0, 0x63, 0x6f, 0x6c,
    0x6c, 0x65, 0x63, 0x74, 0x69, 0x76, 0x65, 0x0, 0x63, 0x6f, 0x6c, 0x6c, 0x65, 0x63, 0x74, 0x6f,
    0x72, 0x0, 0x63, 0x6f, 0x6c, 0x6c, 0x65, 0x67, 0x65, 0x0, 0x63, 0x6f, 0x6c, 0x6c, 0x69, 0x6e,
    0x73, 0x0, 0x63, 0x6f, 0x6c, 0x6c, 0x69, 0x73, 0x69, 0x6f, 0x6e, 0x0, 0x63, 0x6f, 0x6c, 0x6f,
    0x67, 0x6e, 0x65, 0x0, 0x63, 0x6f, 0x6c, 0x6f, 0x6d, 0x62, 0x69, 0x61, 0x6e, 0x0, 0x63, 0x6f,
    0x6c, 0x6f, 0x6e, 0x65, 0x6c, 0x0, 0x63, 0x6f, 0x6c, 0x6f, 0x6e, 0x69, 0x61, 0x6c, 0x0, 0x63,
    0x6f, 0x6c, 0x6f, 0x6e, 0x79, 0x0, 0x63, 0x6f, 0x6c, 0x6f, 0x72, 0x61, 0x64, 0x6f, 0x0, 0x63,
    0x6f, 0x6c, 0x6f, 0x72, 0x65, 0x64, 0x0, 0x63, 0x6f, 0x6c, 0x6f, 0x72, 0x69, 0x6e, 0x67, 0x0,
    0x63, 0x6f, 0x6c, 0x6f, 0x72, 0x73, 0x0, 0x63, 0x6f, 0x6c, 0x6f, 0x75, 0x72, 0x73, 0x0, 0x63,
    0x6f, 0x6c, 0x74, 0x0, 0x63, 0x6f, 0x6c, 0x75, 0x6d, 0x62, 0x69, 0x61, 0x0, 0x63, 0x6f, 0x6c,
    0x75, 0x6d, 0x62, 0x75, 0x73, 0x0, 0x63, 0x6f, 0x6c, 0x75, 0x6d, 0x6e, 0x69, 0x73, 0x74, 0x0,
    0x63, 0x6f, 0x6d, 0x61, 0x0, 0x63, 0x6f, 0x6d, 0x62, 0x61, 0x74, 0x0, 0x63, 0x6f, 0x6d, 0x62,
    0x69, 0x6e, 0x65, 0x0, 0x63, 0x6f, 0x6d, 0x62, 0x69, 0x6e, 0x69, 0x6e, 0x67, 0x0, 0x63, 0x6f,
    0x6d, 0x62, 0x6f, 0x0, 0x63, 0x6f, 0x6d, 0x62, 0x75, 0x73, 0x74, 0x69, 0x6f, 0x6e, 0x0, 0x63,
    0x6f, 0x6d, 0x65, 0x62, 0x61, 0x63, 0x6b, 0x0, 0x63, 0x6f, 0x6d, 0x65, 0x64, 0x69, 0x61, 0x6e,
    0x0, 0x63, 0x6f, 0x6d, 0x65, 0x64, 0x79, 0x0, 0x63, 0x6f, 0x6d, 0x65, 0x74, 0x0, 0x63, 0x6f,
    0x6d, 0x66, 0x6f, 0x72, 0x74, 0x0, 0x63, 0x6f, 0x6d, 0x69, 0x63, 0x0, 0x63, 0x6f, 0x6d, 0x69,
    0x6e, 0x67, 0x0, 0x63, 0x6f, 0x6d, 0x6d, 0x61, 0x6e, 0x64, 0x65, 0x72, 0x0, 0x63, 0x6f, 0x6d,
    0x6d, 0x65, 0x6e, 0x74, 0x61, 0x72, 0x79, 0x0, 0x63, 0x6f, 0x6d, 0x6d, 0x65, 0x72, 0x63, 0x65,
    0x0, 0x63, 0x6f, 0x6d, 0x6d, 0x65, 0x72, 0x63, 0x69, 0x61, 0x6c, 0x0, 0x63, 0x6f, 0x6d, 0x6d,
    0x69, 0x73, 0x73, 0x69, 0x6f, 0x6e, 0x0, 0x63, 0x6f, 0x6d, 0x6d, 0x69, 0x74, 0x6d, 0x65, 0x6e,
    0x74, 0x0, 0x63, 0x6f, 0x6d, 0x6d, 0x69, 0x74, 0x74, 0x65, 0x65, 0x0, 0x63, 0x6f, 0x6d, 0x6d,
    0x6f, 0x64, 0x69, 0x74, 0x79, 0x0, 0x63, 0x6f, 0x6d, 0x6d, 0x6f, 0x6e, 0x73, 0x0, 0x63, 0x6f,
    0x6d, 0x6d, 0x75, 0x6e, 0x69, 0x6f, 0x6e, 0x0, 0x63, 0x6f, 0x6d, 0x6d, 0x75, 0x6e, 0x69, 0x73,
    0x6d, 0x0, 0x63, 0x6f, 0x6d, 0x6d, 0x75, 0x6e, 0x69, 0x73, 0x74, 0x0, 0x63, 0x6f, 0x6d, 0x6d,
    0x75, 0x6e, 0x69, 0x74, 0x79, 0x0, 0x63, 0x6f, 0x6d, 0x6d, 0x75, 0x74, 0x65, 0x0, 0x63, 0x6f,
    0x6d, 0x70, 0x61, 0x63, 0x74, 0x0, 0x63, 0x6f, 0x6d, 0x70, 0x61, 0x6e, 0x69, 0x6f, 0x6e, 0x0,
    0x63, 0x6f, 0x6d, 0x70, 0x61, 0x6e, 0x79, 0x0, 0x63, 0x6f, 0x6d, 0x70, 0x61, 0x72, 0x65, 0x0,
    0x63, 0x6f, 0x6d, 0x70, 0x61, 0x72, 0x69, 0x6e, 0x67, 0x0, 0x63, 0x6f, 0x6d, 0x70, 0x61, 0x72,
    0x69, 0x73, 0x6f, 0x6e, 0x0, 0x63, 0x6f, 0x6d, 0x70, 0x61, 0x73, 0x73, 0x69, 0x6f, 0x6e, 0x0,
    0x63, 0x6f, 0x6d, 0x70, 0x65, 0x74, 0x65, 0x6e, 0x63, 0x65, 0x0, 0x63, 0x6f, 0x6d, 0x70, 0x65,
    0x74, 0x69, 0x74, 0x6f, 0x72, 0x0, 0x63, 0x6f, 0x6d, 0x70, 0x6c, 0x61, 0x69, 0x6e, 0x74, 0x0,
    0x63, 0x6f, 0x6d, 0x70, 0x6c, 0x65, 0x6d, 0x65, 0x6e, 0x74, 0x0, 0x63, 0x6f, 0x6d, 0x70, 0x6c,
    0x65, 0x74, 0x69, 0x6f, 0x6e, 0x0, 0x63, 0x6f, 0x6d, 0x70, 0x6c, 0x65, 0x78, 0x69, 0x74, 0x79,
    0x0, 0x63, 0x6f, 0x6d, 0x70, 0x6c, 0x69, 0x61, 0x6e, 0x63, 0x65, 0x0, 0x63, 0x6f, 0x6d, 0x70,
    0x6c, 0x69, 0x6d, 0x65, 0x6e, 0x74, 0x0, 0x63, 0x6f, 0x6d, 0x70, 0x6f, 0x6e, 0x65, 0x6e, 0x74,
    0x0, 0x63, 0x6f, 0x6d, 0x70, 0x6f, 0x73, 0x65, 0x72, 0x0, 0x63, 0x6f, 0x6d, 0x70, 0x6f, 0x73,
    0x69, 0x74, 0x65, 0x0, 0x63, 0x6f, 0x6d, 0x70, 0x6f, 0x75, 0x6e, 0x64, 0x0, 0x63, 0x6f, 0x6d,
    0x70, 0x72, 0x6f, 0x6d, 0x69, 0x73, 0x65, 0x0, 0x63, 0x6f, 0x6d, 0x70, 0x75, 0x74, 0x65, 0x72,
    0x0, 0x63, 0x6f, 0x6d, 0x70, 0x75, 0x74, 0x69, 0x6e, 0x67, 0x0, 0x63, 0x6f, 0x6d, 0x72, 0x61,
    0x64, 0x65, 0x0, 0x63, 0x6f, 0x6e, 0x63, 0x65, 0x70, 0x74, 0x69, 0x6f, 0x6e, 0x0, 0x63, 0x6f,
    0x6e, 0x63, 0x65, 0x72, 0x6e, 0x0, 0x63, 0x6f, 0x6e, 0x63, 0x65, 0x72, 0x74, 0x0, 0x63, 0x6f,
    0x6e, 0x63, 0x65, 0x73, 0x73, 0x69, 0x6f, 0x6e, 0x0, 0x63, 0x6f, 0x6e, 0x63, 0x6c, 0x75, 0x73,
    0x69, 0x6f, 0x6e, 0x0, 0x63, 0x6f, 0x6e, 0x63, 0x72, 0x65, 0x74, 0x65, 0x0, 0x63, 0x6f, 0x6e,
    0x63, 0x75, 0x73, 0x73, 0x69, 0x6f, 0x6e, 0x0, 0x63, 0x6f, 0x6e, 0x64, 0x69, 0x74, 0x69, 0x6f,
    0x6e, 0x73, 0x0, 0x63, 0x6f, 0x6e, 0x64, 0x6f, 0x6d, 0x0, 0x63, 0x6f, 0x6e, 0x64, 0x75, 0x63,
    0x74, 0x69, 0x6e, 0x67, 0x0, 0x63, 0x6f, 0x6e, 0x64, 0x75, 0x63, 0x74, 0x6f, 0x72, 0x0, 0x63,
    0x6f, 0x6e, 0x65, 0x0, 0x63, 0x6f, 0x6e, 0x66, 0x65, 0x72, 0x65, 0x6e, 0x63, 0x65, 0x0, 0x63,
    0x6f, 0x6e, 0x66, 0x65, 0x73, 0x73, 0x69, 0x6f, 0x6e, 0x0, 0x63, 0x6f, 0x6e, 0x66, 0x69, 0x64,
    0x65, 0x6e, 0x63, 0x65, 0x0, 0x63, 0x6f, 0x6e, 0x66, 0x6c, 0x69, 0x63, 0x74, 0x0, 0x63, 0x6f,
    0x6e, 0x66, 0x75, 0x73, 0x69, 0x6f, 0x6e, 0x0, 0x63, 0x6f, 0x6e, 0x67, 0x65, 0x73, 0x74, 0x69,
    0x6f, 0x6e, 0x0, 0x63, 0x6f, 0x6e, 0x67, 0x6f, 0x0, 0x63, 0x6f, 0x6e, 0x67, 0x72, 0x65, 0x73,
    0x73, 0x0, 0x63, 0x6f, 0x6e, 0x6e, 0x65, 0x63, 0x74, 0x69, 0x6f, 0x6e, 0x0, 0x63, 0x6f, 0x6e,
    0x71, 0x75, 0x65, 0x73, 0x74, 0x0, 0x63, 0x6f, 0x6e, 0x72, 0x61, 0x64, 0x0, 0x63, 0x6f, 0x6e,
    0x73, 0x63, 0x69, 0x65, 0x6e, 0x63, 0x65, 0x0, 0x63, 0x6f, 0x6e, 0x73, 0x65, 0x6e, 0x73, 0x75,
    0x73, 0x0, 0x63, 0x6f, 0x6e, 0x73, 0x65, 0x6e, 0x74, 0x0, 0x63, 0x6f, 0x6e, 0x73, 0x6f, 0x6c,
    0x65, 0x0, 0x63, 0x6f, 0x6e, 0x73, 0x6f, 0x72, 0x74, 0x69, 0x75, 0x6d, 0x0, 0x63, 0x6f, 0x6e,
    0x73, 0x70, 0x69, 0x72, 0x61, 0x63, 0x79, 0x0, 0x63, 0x6f, 0x6e, 0x73, 0x74, 0x61, 0x62, 0x6c,
    0x65, 0x0, 0x63, 0x6f, 0x6e, 0x73, 0x74, 0x61, 0x6e, 0x74, 0x0, 0x63, 0x6f, 0x6e, 0x73, 0x74,
    0x72, 0x75, 0x63, 0x74, 0x0, 0x63, 0x6f, 0x6e, 0x73, 0x75, 0x6c, 0x61, 0x74, 0x65, 0x0, 0x63,
    0x6f, 0x6e, 0x73, 0x75, 0x6c, 0x74, 0x61, 0x6e, 0x74, 0x0, 0x63, 0x6f, 0x6e, 0x73, 0x75, 0x6d,
    0x65, 0x72, 0x0, 0x63, 0x6f, 0x6e, 0x74, 0x61, 0x63, 0x74, 0x0, 0x63, 0x6f, 0x6e, 0x74, 0x61,
    0x69, 0x6e, 0x65, 0x72, 0x0, 0x63, 0x6f, 0x6e, 0x74, 0x65, 0x6d, 0x70, 0x74, 0x0, 0x63, 0x6f,
    0x6e, 0x74, 0x65, 0x6e, 0x64, 0x65, 0x72, 0x0, 0x63, 0x6f, 0x6e, 0x74, 0x65, 0x6e, 0x74, 0x69,
    0x6f, 0x6e, 0x0, 0x63, 0x6f, 0x6e, 0x74, 0x65, 0x6e, 0x74, 0x73, 0x0, 0x63, 0x6f, 0x6e, 0x74,
    0x65, 0x73, 0x74, 0x0, 0x63, 0x6f, 0x6e, 0x74, 0x65, 0x78, 0x74, 0x0, 0x63, 0x6f, 0x6e, 0x74,
    0x69, 0x6e, 0x65, 0x6e, 0x74, 0x0, 0x63, 0x6f, 0x6e, 0x74, 0x69, 0x6e, 0x67, 0x65, 0x6e, 0x74,
    0x0, 0x63, 0x6f, 0x6e, 0x74, 0x69, 0x6e, 0x75, 0x69, 0x74, 0x79, 0x0, 0x63, 0x6f, 0x6e, 0x74,
    0x72, 0x61, 0x63, 0x74, 0x6f, 0x72, 0x0, 0x63, 0x6f, 0x6e, 0x74, 0x72, 0x61, 0x72, 0x79, 0x0,
    0x63, 0x6f, 0x6e, 0x74, 0x72, 0x61, 0x73, 0x74, 0x0, 0x63, 0x6f, 0x6e, 0x74, 0x72, 0x6f, 0x6c,
    0x6c, 0x65, 0x72, 0x0, 0x63, 0x6f, 0x6e, 0x76, 0x65, 0x6e, 0x74, 0x69, 0x6f, 0x6e, 0x0, 0x63,
    0x6f, 0x6e, 0x76, 0x65, 0x72, 0x73, 0x69, 0x6f, 0x6e, 0x0, 0x63, 0x6f, 0x6e, 0x76, 0x65, 0x72,
    0x74, 0x0, 0x63, 0x6f, 0x6e, 0x76, 0x69, 0x63, 0x74, 0x69, 0x6f, 0x6e, 0x0, 0x63, 0x6f, 0x6e,
    0x76, 0x6f, 0x79, 0x0, 0x63, 0x6f, 0x6f, 0x6b, 0x69, 0x65, 0x0, 0x63, 0x6f, 0x6f, 0x6b, 0x69,
    0x6e, 0x67, 0x0, 0x63, 0x6f, 0x6f, 0x6c, 0x65, 0x72, 0x0, 0x63, 0x6f, 0x6f, 0x6c, 0x69, 0x6e,
    0x67, 0x0, 0x63, 0x6f, 0x6f, 0x70, 0x65, 0x72, 0x0, 0x63, 0x6f, 0x6f, 0x72, 0x64, 0x69, 0x6e,
    0x61, 0x74, 0x65, 0x0, 0x63, 0x6f, 0x70, 0x65, 0x6e, 0x68, 0x61, 0x67, 0x65, 0x6e, 0x0, 0x63,
    0x6f, 0x70, 0x69, 0x6e, 0x67, 0x0, 0x63, 0x6f, 0x70, 0x70, 0x65, 0x72, 0x0, 0x63, 0x6f, 0x70,
    0x79, 0x69, 0x6e, 0x67, 0x0, 0x63, 0x6f, 0x70, 0x79, 0x72, 0x69, 0x67, 0x68, 0x74, 0x0, 0x63,
    0x6f, 0x72, 0x61, 0x6c, 0x0, 0x63, 0x6f, 0x72, 0x64, 0x0, 0x63, 0x6f, 0x72, 0x65, 0x0, 0x63,
    0x6f, 0x72, 0x6b, 0x0, 0x63, 0x6f, 0x72, 0x6e, 0x65, 0x6c, 0x6c, 0x0, 0x63, 0x6f, 0x72, 0x6e,
    0x65, 0x72, 0x0, 0x63, 0x6f, 0x72, 0x6e, 0x77, 0x61, 0x6c, 0x6c, 0x0, 0x63, 0x6f, 0x72, 0x70,
    0x6f, 0x72, 0x61, 0x6c, 0x0, 0x63, 0x6f, 0x72, 0x70, 0x73, 0x65, 0x0, 0x63, 0x6f, 0x72, 0x70,
    0x75, 0x73, 0x0, 0x63, 0x6f, 0x72, 0x72, 0x65, 0x63, 0x74, 0x69, 0x6f, 0x6e, 0x0, 0x63, 0x6f,
    0x72, 0x72, 0x69, 0x64, 0x6f, 0x72, 0x0, 0x63, 0x6f, 0x72, 0x72, 0x75, 0x70, 0x74, 0x69, 0x6f,
    0x6e, 0x0, 0x63, 0x6f, 0x72, 0x74, 0x65, 0x78, 0x0, 0x63, 0x6f, 0x73, 0x6d, 0x65, 0x74, 0x69,
    0x63, 0x0, 0x63, 0x6f, 0x73, 0x6d, 0x6f, 0x73, 0x0, 0x63, 0x6f, 0x73, 0x74, 0x61, 0x0, 0x63,
    0x6f, 0x73, 0x74, 0x69, 0x6e, 0x67, 0x0, 0x63, 0x6f, 0x73, 0x74, 0x73, 0x0, 0x63, 0x6f, 0x73,
    0x74, 0x75, 0x6d, 0x65, 0x0, 0x63, 0x6f, 0x74, 0x74, 0x61, 0x67, 0x65, 0x0, 0x63, 0x6f, 0x74,
    0x74, 0x6f, 0x6e, 0x0, 0x63, 0x6f, 0x75, 0x63, 0x68, 0x0, 0x63, 0x6f, 0x75, 0x67, 0x68, 0x0,
    0x63, 0x6f, 0x75, 0x6e, 0x63, 0x69, 0x6c, 0x6c, 0x6f, 0x72, 0x0, 0x63, 0x6f, 0x75, 0x6e, 0x73,
    0x65, 0x6c, 0x69, 0x6e, 0x67, 0x0, 0x63, 0x6f, 0x75, 0x6e, 0x73, 0x65, 0x6c, 0x6f, 0x72, 0x0,
    0x63, 0x6f, 0x75, 0x6e, 0x74, 0x64, 0x6f, 0x77, 0x6e, 0x0, 0x63, 0x6f, 0x75, 0x6e, 0x74, 0x65,
    0x72, 0x0, 0x63, 0x6f, 0x75, 0x6e, 0x74, 0x65, 0x73, 0x73, 0x0, 0x63, 0x6f, 0x75, 0x6e, 0x74,
    0x69, 0x6e, 0x67, 0x0, 0x63, 0x6f, 0x75, 0x6e, 0x74, 0x72, 0x79, 0x0, 0x63, 0x6f, 0x75, 0x6e,
    0x74, 0x79, 0x0, 0x63, 0x6f, 0x75, 0x70, 0x6c, 0x65, 0x0, 0x63, 0x6f, 0x75, 0x70, 0x6f, 0x6e,
    0x0, 0x63, 0x6f, 0x75, 0x72, 0x61, 0x67, 0x65, 0x0, 0x63, 0x6f, 0x75, 0x72, 0x69, 0x65, 0x72,
    0x0, 0x63, 0x6f, 0x75, 0x72, 0x73, 0x65, 0x0, 0x63, 0x6f, 0x75, 0x72, 0x74, 0x65, 0x73, 0x79,
    0x0, 0x63, 0x6f, 0x75, 0x72, 0x74, 0x68, 0x6f, 0x75, 0x73, 0x65, 0x0, 0x63, 0x6f, 0x75, 0x72,
    0x74, 0x72, 0x6f, 0x6f, 0x6d, 0x0, 0x63, 0x6f, 0x75, 0x72, 0x74, 0x79, 0x61, 0x72, 0x64, 0x0,
    0x63, 0x6f, 0x75, 0x73, 0x69, 0x6e, 0x0, 0x63, 0x6f, 0x76, 0x65, 0x6e, 0x61, 0x6e, 0x74, 0x0,
    0x63, 0x6f, 0x76, 0x65, 0x72, 0x61, 0x67, 0x65, 0x0, 0x63, 0x6f, 0x76, 0x65, 0x72, 0x69, 0x6e,
    0x67, 0x0, 0x63, 0x6f, 0x76, 0x65, 0x72, 0x74, 0x0, 0x63, 0x6f, 0x77, 0x61, 0x72, 0x64, 0x0,
    0x63, 0x6f, 0x77, 0x62, 0x6f, 0x79, 0x0, 0x63, 0x6f, 0x77, 0x73, 0x0, 0x63, 0x6f, 0x7a, 0x79,
    0x0, 0x63, 0x72, 0x61, 0x62, 0x0, 0x63, 0x72, 0x61, 0x63, 0x6b, 0x69, 0x6e, 0x67, 0x0, 0x63,
    0x72, 0x61, 0x64, 0x6c, 0x65, 0x0, 0x63, 0x72, 0x61, 0x66, 0x74, 0x0, 0x63, 0x72, 0x61, 0x6e,
    0x65, 0x0, 0x63, 0x72, 0x61, 0x6e, 0x6b, 0x0, 0x63, 0x72, 0x61, 0x73, 0x68, 0x0, 0x63, 0x72,
    0x61, 0x74, 0x65, 0x72, 0x0, 0x63, 0x72, 0x61, 0x76, 0x69, 0x6e, 0x67, 0x0, 0x63, 0x72, 0x61,
    0x77, 0x66, 0x6f, 0x72, 0x64, 0x0, 0x63, 0x72, 0x61, 0x77, 0x6c, 0x69, 0x6e, 0x67, 0x0, 0x63,
    0x72, 0x61, 0x7a, 0x79, 0x0, 0x63, 0x72, 0x65, 0x61, 0x6d, 0x0, 0x63, 0x72, 0x65, 0x61, 0x74,
    0x69, 0x6f, 0x6e, 0x0, 0x63, 0x72, 0x65, 0x61, 0x74, 0x69, 0x76, 0x69, 0x74, 0x79, 0x0, 0x63,
    0x72, 0x65, 0x61, 0x74, 0x6f, 0x72, 0x0, 0x63, 0x72, 0x65, 0x61, 0x74, 0x75, 0x72, 0x65, 0x0,
    0x63, 0x72, 0x65, 0x64, 0x69, 0x74, 0x73, 0x0, 0x63, 0x72, 0x65, 0x65, 0x64, 0x0, 0x63, 0x72,
    0x65, 0x65, 0x6b, 0x0, 0x63, 0x72, 0x65, 0x65, 0x70, 0x69, 0x6e, 0x67, 0x0, 0x63, 0x72, 0x65,
    0x73, 0x63, 0x65, 0x6e, 0x74, 0x0, 0x63, 0x72, 0x65, 0x73, 0x74, 0x0, 0x63, 0x72, 0x65, 0x77,
    0x0, 0x63, 0x72, 0x69, 0x63, 0x6b, 0x65, 0x74, 0x0, 0x63, 0x72, 0x69, 0x6d, 0x65, 0x0, 0x63,
    0x72, 0x69, 0x6d, 0x69, 0x6e, 0x61, 0x6c, 0x0, 0x63, 0x72, 0x69, 0x6d, 0x73, 0x6f, 0x6e, 0x0,
    0x63, 0x72, 0x69, 0x73, 0x69, 0x73, 0x0, 0x63, 0x72, 0x69, 0x73, 0x70, 0x0, 0x63, 0x72, 0x69,
    0x74, 0x69, 0x63, 0x69, 0x73, 0x6d, 0x0, 0x63, 0x72, 0x69, 0x74, 0x69, 0x71, 0x75, 0x65, 0x0,
    0x63, 0x72, 0x6f, 0x61, 0x74, 0x69, 0x61, 0x0, 0x63, 0x72, 0x6f, 0x70, 0x0, 0x63, 0x72, 0x6f,
    0x73, 0x62, 0x79, 0x0, 0x63, 0x72, 0x6f, 0x73, 0x73, 0x69, 0x6e, 0x67, 0x0, 0x63, 0x72, 0x6f,
    0x73, 0x73, 0x6f, 0x76, 0x65, 0x72, 0x0, 0x63, 0x72, 0x6f, 0x77, 0x64, 0x0, 0x63, 0x72, 0x6f,
    0x77, 0x6e, 0x0, 0x63, 0x72, 0x75, 0x64, 0x65, 0x0, 0x63, 0x72, 0x75, 0x65, 0x6c, 0x74, 0x79,
    0x0, 0x63, 0x72, 0x75, 0x69, 0x73, 0x65, 0x72, 0x0, 0x63, 0x72, 0x75, 0x6e, 0x63, 0x68, 0x0,
    0x63, 0x72, 0x75, 0x73, 0x61, 0x64, 0x65, 0x0, 0x63, 0x72, 0x75, 0x73, 0x68, 0x69, 0x6e, 0x67,
    0x0, 0x63, 0x72, 0x75, 0x73, 0x74, 0x0, 0x63, 0x72, 0x79, 0x69, 0x6e, 0x67, 0x0, 0x63, 0x72,
    0x79, 0x73, 0x74, 0x61, 0x6c, 0x0, 0x63, 0x75, 0x62, 0x61, 0x6e, 0x0, 0x63, 0x75, 0x62, 0x65,
    0x0, 0x63, 0x75, 0x66, 0x66, 0x0, 0x63, 0x75, 0x69, 0x73, 0x69, 0x6e, 0x65, 0x0, 0x63, 0x75,
    0x6c, 0x74, 0x75, 0x72, 0x65, 0x0, 0x63, 0x75, 0x6e, 0x6e, 0x69, 0x6e, 0x67, 0x68, 0x61, 0x6d,
    0x0, 0x63, 0x75, 0x72, 0x61, 0x74, 0x6f, 0x72, 0x0, 0x63, 0x75, 0x72, 0x62, 0x0, 0x63, 0x75,
    0x72, 0x65, 0x0, 0x63, 0x75, 0x72, 0x69, 0x6f, 0x73, 0x69, 0x74, 0x79, 0x0, 0x63, 0x75, 0x72,
    0x6c, 0x69, 0x6e, 0x67, 0x0, 0x63, 0x75, 0x72, 0x72, 0x65, 0x6e, 0x63, 0x79, 0x0, 0x63, 0x75,
    0x72, 0x72, 0x65, 0x6e, 0x74, 0x0, 0x63, 0x75, 0x72, 0x72, 0x69, 0x63, 0x75, 0x6c, 0x75, 0x6d,
    0x0, 0x63, 0x75, 0x72, 0x72, 0x79, 0x0, 0x63, 0x75, 0x72, 0x73, 0x65, 0x0, 0x63, 0x75, 0x72,
    0x74, 0x61, 0x69, 0x6e, 0x0, 0x63, 0x75, 0x72, 0x74, 0x69, 0x73, 0x0, 0x63, 0x75, 0x72, 0x76,
    0x65, 0x0, 0x63, 0x75, 0x73, 0x68, 0x69, 0x6f, 0x6e, 0x0, 0x63, 0x75, 0x73, 0x74, 0x6f, 0x64,
    0x79, 0x0, 0x63, 0x75, 0x73, 0x74, 0x6f, 0x6d, 0x65, 0x72, 0x0, 0x63, 0x75, 0x73, 0x74, 0x6f,
    0x6d, 0x73, 0x0, 0x63, 0x75, 0x74, 0x74, 0x65, 0x72, 0x0, 0x63, 0x75, 0x74, 0x74, 0x69, 0x6e,
    0x67, 0x0, 0x63, 0x79, 0x63, 0x6c, 0x65, 0x0, 0x63, 0x79, 0x63, 0x6c, 0x69, 0x6e, 0x67, 0x0,
    0x63, 0x79, 0x63, 0x6c, 0x69, 0x73, 0x74, 0x0, 0x63, 0x79, 0x63, 0x6c, 0x6f, 0x6e, 0x65, 0x0,
    0x63, 0x79, 0x6c, 0x69, 0x6e, 0x64, 0x65, 0x72, 0x0, 0x63, 0x79, 0x6e, 0x74, 0x68, 0x69, 0x61,
    0x0, 0x63, 0x79, 0x70, 0x72, 0x75, 0x73, 0x0, 0x63, 0x79, 0x72, 0x75, 0x73, 0x0, 0x63, 0x7a,
    0x65, 0x63, 0x68, 0x0, 0x64, 0x61, 0x64, 0x64, 0x79, 0x0, 0x64, 0x61, 0x67, 0x67, 0x65, 0x72,
    0x0, 0x64, 0x61, 0x69, 0x6c, 0x79, 0x0, 0x64, 0x61, 0x69, 0x72, 0x79, 0x0, 0x64, 0x61, 0x69,
    0x73, 0x79, 0x0, 0x64, 0x61, 0x6b, 0x6f, 0x74, 0x61, 0x0, 0x64, 0x61, 0x6c, 0x65, 0x0, 0x64,
    0x61, 0x6c, 0x6c, 0x61, 0x73, 0x0, 0x64, 0x61, 0x6c, 0x74, 0x6f, 0x6e, 0x0, 0x64, 0x61, 0x6d,
    0x61, 0x67, 0x65, 0x73, 0x0, 0x64, 0x61, 0x6d, 0x61, 0x73, 0x63, 0x75, 0x73, 0x0, 0x64, 0x61,
    0x6d, 0x65, 0x0, 0x64, 0x61, 0x6d, 0x6e, 0x65, 0x64, 0x0, 0x64, 0x61, 0x6d, 0x6f, 0x6e, 0x0,
    0x64, 0x61, 0x6d, 0x70, 0x0, 0x64, 0x61, 0x6e, 0x61, 0x0, 0x64, 0x61, 0x6e, 0x63, 0x65, 0x72,
    0x0, 0x64, 0x61, 0x6e, 0x63, 0x69, 0x6e, 0x67, 0x0, 0x64, 0x61, 0x6e, 0x67, 0x65, 0x72, 0x0,
    0x64, 0x61, 0x6e, 0x69, 0x65, 0x6c, 0x0, 0x64, 0x61, 0x6e, 0x69, 0x73, 0x68, 0x0, 0x64, 0x61,
    0x6e, 0x74, 0x65, 0x0, 0x64, 0x61, 0x72, 0x65, 0x0, 0x64, 0x61, 0x72, 0x69, 0x6e, 0x67, 0x0,
    0x64, 0x61, 0x72, 0x6b, 0x6e, 0x65, 0x73, 0x73, 0x0, 0x64, 0x61, 0x72, 0x6c, 0x69, 0x6e, 0x67,
    0x0, 0x64, 0x61, 0x72, 0x6e, 0x0, 0x64, 0x61, 0x72, 0x74, 0x0, 0x64, 0x61, 0x72, 0x77, 0x69,
    0x6e, 0x0, 0x64, 0x61, 0x73, 0x68, 0x0, 0x64, 0x61, 0x74, 0x61, 0x62, 0x61, 0x73, 0x65, 0x0,
    0x64, 0x61, 0x74, 0x65, 0x0, 0x64, 0x61, 0x74, 0x69, 0x6e, 0x67, 0x0, 0x64, 0x61, 0x75, 0x67,
    0x68, 0x74, 0x65, 0x72, 0x0, 0x64, 0x61, 0x76, 0x69, 0x64, 0x0, 0x64, 0x61, 0x76, 0x69, 0x73,
    0x0, 0x64, 0x61, 0x77, 0x6e, 0x0, 0x64, 0x61, 0x77, 0x73, 0x6f, 0x6e, 0x0, 0x64, 0x61, 0x79,
    0x6c, 0x69, 0x67, 0x68, 0x74, 0x0, 0x64, 0x61, 0x79, 0x73, 0x0, 0x64, 0x61, 0x79, 0x74, 0x69,
    0x6d, 0x65, 0x0, 0x64, 0x61, 0x79, 0x74, 0x6f, 0x6e, 0x0, 0x64, 0x65, 0x61, 0x64, 0x6c, 0x69,
    0x6e, 0x65, 0x0, 0x64, 0x65, 0x61, 0x66, 0x0, 0x64, 0x65, 0x61, 0x6c, 0x65, 0x72, 0x0, 0x64,
    0x65, 0x61, 0x6c, 0x69, 0x6e, 0x67, 0x73, 0x0, 0x64, 0x65, 0x61, 0x6e, 0x0, 0x64, 0x65, 0x61,
    0x72, 0x0, 0x64, 0x65, 0x61, 0x74, 0x68, 0x0, 0x64, 0x65, 0x62, 0x61, 0x74, 0x65, 0x0, 0x64,
    0x65, 0x62, 0x69, 0x74, 0x0, 0x64, 0x65, 0x62, 0x72, 0x69, 0x73, 0x0, 0x64, 0x65, 0x62, 0x74,
    0x0, 0x64, 0x65, 0x62, 0x75, 0x74, 0x0, 0x64, 0x65, 0x63, 0x61, 0x64, 0x65, 0x0, 0x64, 0x65,
    0x63, 0x61, 0x79, 0x0, 0x64, 0x65, 0x63, 0x65, 0x61, 0x73, 0x65, 0x64, 0x0, 0x64, 0x65, 0x63,
    0x65, 0x6d, 0x62, 0x65, 0x72, 0x0, 0x64, 0x65, 0x63, 0x65, 0x6e, 0x63, 0x79, 0x0, 0x64, 0x65,
    0x63, 0x65, 0x70, 0x74, 0x69, 0x6f, 0x6e, 0x0, 0x64, 0x65, 0x63, 0x69, 0x64, 0x69, 0x6e, 0x67,
    0x0, 0x64, 0x65, 0x63, 0x69, 0x73, 0x69, 0x6f, 0x6e, 0x0, 0x64, 0x65, 0x63, 0x6b, 0x0, 0x64,
    0x65, 0x63, 0x6c, 0x69, 0x6e, 0x65, 0x0, 0x64, 0x65, 0x63, 0x6f, 0x72, 0x61, 0x74, 0x69, 0x6f,
    0x6e, 0x0, 0x64, 0x65, 0x63, 0x72, 0x65, 0x61, 0x73, 0x65, 0x0, 0x64, 0x65, 0x63, 0x72, 0x65,
    0x65, 0x0, 0x64, 0x65, 0x64, 0x69, 0x63, 0x61, 0x74, 0x69, 0x6f, 0x6e, 0x0, 0x64, 0x65, 0x65,
    0x64, 0x73, 0x0, 0x64, 0x65, 0x65, 0x70, 0x0, 0x64, 0x65, 0x65, 0x72, 0x0, 0x64, 0x65, 0x66,
    0x61, 0x75, 0x6c, 0x74, 0x0, 0x64, 0x65, 0x66, 0x65, 0x61, 0x74, 0x65, 0x64, 0x0, 0x64, 0x65,
    0x66, 0x65, 0x63, 0x74, 0x0, 0x64, 0x65, 0x66, 0x65, 0x6e, 0x63, 0x65, 0x0, 0x64, 0x65, 0x66,
    0x65, 0x6e, 0x64, 0x61, 0x6e, 0x74, 0x0, 0x64, 0x65, 0x66, 0x65, 0x6e, 0x64, 0x65, 0x72, 0x0,
    0x64, 0x65, 0x66, 0x65, 0x6e, 0x73, 0x65, 0x0, 0x64, 0x65, 0x66, 0x65, 0x6e, 0x73, 0x69, 0x76,
    0x65, 0x0, 0x64, 0x65, 0x66, 0x69, 0x63, 0x69, 0x65, 0x6e, 0x63, 0x79, 0x0, 0x64, 0x65, 0x66,
    0x69, 0x63, 0x69, 0x74, 0x0, 0x64, 0x65, 0x66, 0x69, 0x6e, 0x69, 0x6e, 0x67, 0x0, 0x64, 0x65,
    0x66, 0x69, 0x6e, 0x69, 0x74, 0x69, 0x6f, 0x6e, 0x0, 0x64, 0x65, 0x67, 0x72, 0x65, 0x65, 0x0,
    0x64, 0x65, 0x69, 0x74, 0x79, 0x0, 0x64, 0x65, 0x6c, 0x61, 0x77, 0x61, 0x72, 0x65, 0x0, 0x64,
    0x65, 0x6c, 0x61, 0x79, 0x0, 0x64, 0x65, 0x6c, 0x65, 0x67, 0x61, 0x74, 0x65, 0x0, 0x64, 0x65,
    0x6c, 0x65, 0x67, 0x61, 0x74, 0x69, 0x6f, 0x6e, 0x0, 0x64, 0x65, 0x6c, 0x68, 0x69, 0x0, 0x64,
    0x65, 0x6c, 0x69, 0x63, 0x69, 0x6f, 0x75, 0x73, 0x0, 0x64, 0x65, 0x6c, 0x69, 0x67, 0x68, 0x74,
    0x0, 0x64, 0x65, 0x6c, 0x69, 0x76, 0x65, 0x72, 0x79, 0x0, 0x64, 0x65, 0x6c, 0x6c, 0x0, 0x64,
    0x65, 0x6c, 0x74, 0x61, 0x0, 0x64, 0x65, 0x6d, 0x61, 0x6e, 0x64, 0x0, 0x64, 0x65, 0x6d, 0x65,
    0x6e, 0x74, 0x69, 0x61, 0x0, 0x64, 0x65, 0x6d, 0x69, 0x73, 0x65, 0x0, 0x64, 0x65, 0x6d, 0x6f,
    0x63, 0x72, 0x61, 0x63, 0x79, 0x0, 0x64, 0x65, 0x6d, 0x6f, 0x63, 0x72, 0x61, 0x74, 0x0, 0x64,
    0x65, 0x6d, 0x6f, 0x6c, 0x69, 0x74, 0x69, 0x6f, 0x6e, 0x0, 0x64, 0x65, 0x6d, 0x6f, 0x6e, 0x0,
    0x64, 0x65, 0x6e, 0x69, 0x61, 0x6c, 0x0, 0x64, 0x65, 0x6e, 0x69, 0x6d, 0x0, 0x64, 0x65, 0x6e,
    0x6d, 0x61, 0x72, 0x6b, 0x0, 0x64, 0x65, 0x6e, 0x73, 0x69, 0x74, 0x79, 0x0, 0x64, 0x65, 0x6e,
    0x74, 0x61, 0x6c, 0x0, 0x64, 0x65, 0x6e, 0x74, 0x69, 0x73, 0x74, 0x0, 0x64, 0x65, 0x6e, 0x76,
    0x65, 0x72, 0x0, 0x64, 0x65, 0x70, 0x61, 0x72, 0x74, 0x65, 0x64, 0x0, 0x64, 0x65, 0x70, 0x61,
    0x72, 0x74, 0x6d, 0x65, 0x6e, 0x74, 0x0, 0x64, 0x65, 0x70, 0x61, 0x72, 0x74, 0x75, 0x72, 0x65,
    0x0, 0x64, 0x65, 0x70, 0x65, 0x6e, 0x64, 0x65, 0x6e, 0x63, 0x65, 0x0, 0x64, 0x65, 0x70, 0x65,
    0x6e, 0x64, 0x65, 0x6e, 0x63, 0x79, 0x0, 0x64, 0x65, 0x70, 0x65, 0x6e, 0x64, 0x65, 0x6e, 0x74,
    0x0, 0x64, 0x65, 0x70, 0x69, 0x63, 0x74, 0x69, 0x6e, 0x67, 0x0, 0x64, 0x65, 0x70, 0x6c, 0x6f,
    0x79, 0x6d, 0x65, 0x6e, 0x74, 0x0, 0x64, 0x65, 0x70, 0x6f, 0x73, 0x69, 0x74, 0x69, 0x6f, 0x6e,
    0x0, 0x64, 0x65, 0x70, 0x6f, 0x74, 0x0, 0x64, 0x65, 0x70, 0x72, 0x65, 0x73, 0x73, 0x69, 0x6f,
    0x6e, 0x0, 0x64, 0x65, 0x70, 0x74, 0x68, 0x0, 0x64, 0x65, 0x70, 0x75, 0x74, 0x79, 0x0, 0x64,
    0x65, 0x72, 0x62, 0x79, 0x0, 0x64, 0x65, 0x72, 0x69, 0x76, 0x61, 0x74, 0x69, 0x76, 0x65, 0x0,
    0x64, 0x65, 0x73, 0x63, 0x65, 0x6e, 0x74, 0x0, 0x64, 0x65, 0x73, 0x65, 0x72, 0x74, 0x0, 0x64,
    0x65, 0x73, 0x69, 0x67, 0x6e, 0x65, 0x72, 0x0, 0x64, 0x65, 0x73, 0x69, 0x67, 0x6e, 0x69, 0x6e,
    0x67, 0x0, 0x64, 0x65, 0x73, 0x69, 0x72, 0x65, 0x0, 0x64, 0x65, 0x73, 0x6b, 0x74, 0x6f, 0x70,
    0x0, 0x64, 0x65, 0x73, 0x70, 0x61, 0x69, 0x72, 0x0, 0x64, 0x65, 0x73, 0x70, 0x65, 0x72, 0x61,
    0x74, 0x65, 0x0, 0x64, 0x65, 0x73, 0x70, 0x69, 0x74, 0x65, 0x0, 0x64, 0x65, 0x73, 0x73, 0x65,
    0x72, 0x74, 0x0, 0x64, 0x65, 0x73, 0x74, 0x69, 0x6e, 0x79, 0x0, 0x64, 0x65, 0x73, 0x74, 0x72,
    0x6f, 0x79, 0x65, 0x72, 0x0, 0x64, 0x65, 0x74, 0x61, 0x69, 0x6c, 0x69, 0x6e, 0x67, 0x0, 0x64,
    0x65, 0x74, 0x61, 0x69, 0x6c, 0x73, 0x0, 0x64, 0x65, 0x74, 0x65, 0x63, 0x74, 0x69, 0x6e, 0x67,
    0x0, 0x64, 0x65, 0x74, 0x65, 0x63, 0x74, 0x69, 0x6f, 0x6e, 0x0, 0x64, 0x65, 0x74, 0x65, 0x63,
    0x74, 0x69, 0x76, 0x65, 0x0, 0x64, 0x65, 0x74, 0x65, 0x63, 0x74, 0x6f, 0x72, 0x0, 0x64, 0x65,
    0x74, 0x65, 0x6e, 0x74, 0x69, 0x6f, 0x6e, 0x0, 0x64, 0x65, 0x74, 0x72, 0x6f, 0x69, 0x74, 0x0,
    0x64, 0x65, 0x76, 0x65, 0x6c, 0x6f, 0x70, 0x65, 0x72, 0x0, 0x64, 0x65, 0x76, 0x65, 0x6c, 0x6f,
    0x70, 0x69, 0x6e, 0x67, 0x0, 0x64, 0x65, 0x76, 0x69, 0x63, 0x65, 0x73, 0x0, 0x64, 0x65, 0x76,
    0x69, 0x6c, 0x0, 0x64, 0x65, 0x76, 0x6f, 0x6e, 0x0, 0x64, 0x65, 0x76, 0x6f, 0x74, 0x69, 0x6f,
    0x6e, 0x0, 0x64, 0x69, 0x61, 0x62, 0x65, 0x74, 0x65, 0x73, 0x0, 0x64, 0x69, 0x61, 0x67, 0x6e,
    0x6f, 0x73, 0x69, 0x73, 0x0, 0x64, 0x69, 0x61, 0x67, 0x72, 0x61, 0x6d, 0x0, 0x64, 0x69, 0x61,
    0x6c, 0x65, 0x63, 0x74, 0x0, 0x64, 0x69, 0x61, 0x6c, 0x6f, 0x67, 0x75, 0x65, 0x0, 0x64, 0x69,
    0x61, 0x6d, 0x65, 0x74, 0x65, 0x72, 0x0, 0x64, 0x69, 0x61, 0x6d, 0x6f, 0x6e, 0x64, 0x0, 0x64,
    0x69, 0x61, 0x6e, 0x61, 0x0, 0x64, 0x69, 0x61, 0x72, 0x72, 0x68, 0x65, 0x61, 0x0, 0x64, 0x69,
    0x61, 0x72, 0x79, 0x0, 0x64, 0x69, 0x61, 0x7a, 0x0, 0x64, 0x69, 0x63, 0x65, 0x0, 0x64, 0x69,
    0x63, 0x6b, 0x65, 0x6e, 0x73, 0x0, 0x64, 0x69, 0x63, 0x74, 0x61, 0x74, 0x65, 0x0, 0x64, 0x69,
    0x63, 0x74, 0x61, 0x74, 0x6f, 0x72, 0x0, 0x64, 0x69, 0x63, 0x74, 0x69, 0x6f, 0x6e, 0x61, 0x72,
    0x79, 0x0, 0x64, 0x69, 0x65, 0x73, 0x65, 0x6c, 0x0, 0x64, 0x69, 0x65, 0x74, 0x61, 0x72, 0x79,
    0x0, 0x64, 0x69, 0x66, 0x66, 0x65, 0x72, 0x65, 0x6e, 0x63, 0x65, 0x0, 0x64, 0x69, 0x66, 0x66,
    0x69, 0x63, 0x75, 0x6c, 0x74, 0x79, 0x0, 0x64, 0x69, 0x67, 0x65, 0x73, 0x74, 0x0, 0x64, 0x69,
    0x67, 0x67, 0x69, 0x6e, 0x67, 0x0, 0x64, 0x69, 0x67, 0x69, 0x74, 0x0, 0x64, 0x69, 0x67, 0x6e,
    0x69, 0x74, 0x79, 0x0, 0x64, 0x69, 0x6c, 0x65, 0x6d, 0x6d, 0x61, 0x0, 0x64, 0x69, 0x6c, 0x69,
    0x67, 0x65, 0x6e, 0x63, 0x65, 0x0, 0x64, 0x69, 0x6d, 0x65, 0x6e, 0x73, 0x69, 0x6f, 0x6e, 0x0,
    0x64, 0x69, 0x6e, 0x67, 0x0, 0x64, 0x69, 0x6e, 0x69, 0x6e, 0x67, 0x0, 0x64, 0x69, 0x6e, 0x6e,
    0x65, 0x72, 0x0, 0x64, 0x69, 0x6e, 0x6f, 0x73, 0x61, 0x75, 0x72, 0x0, 0x64, 0x69, 0x6f, 0x63,
    0x65, 0x73, 0x65, 0x0, 0x64, 0x69, 0x6f, 0x78, 0x69, 0x64, 0x65, 0x0, 0x64, 0x69, 0x70, 0x6c,
    0x6f, 0x6d, 0x61, 0x63, 0x79, 0x0, 0x64, 0x69, 0x70, 0x6c, 0x6f, 0x6d, 0x61, 0x74, 0x0, 0x64,
    0x69, 0x72, 0x65, 0x63, 0x74, 0x69, 0x6f, 0x6e, 0x0, 0x64, 0x69, 0x72, 0x65, 0x63, 0x74, 0x69,
    0x76, 0x65, 0x0, 0x64, 0x69, 0x72, 0x65, 0x63, 0x74, 0x6f, 0x72, 0x79, 0x0, 0x64, 0x69, 0x72,
    0x74, 0x0, 0x64, 0x69, 0x73, 0x61, 0x62, 0x69, 0x6c, 0x69, 0x74, 0x79, 0x0, 0x64, 0x69, 0x73,
    0x61, 0x62, 0x6c, 0x65, 0x64, 0x0, 0x64, 0x69, 0x73, 0x61, 0x73, 0x74, 0x65, 0x72, 0x0, 0x64,
    0x69, 0x73, 0x63, 0x68, 0x61, 0x72, 0x67, 0x65, 0x0, 0x64, 0x69, 0x73, 0x63, 0x69, 0x70, 0x6c,
    0x69, 0x6e, 0x65, 0x0, 0x64, 0x69, 0x73, 0x63, 0x6c, 0x6f, 0x73, 0x75, 0x72, 0x65, 0x0, 0x64,
    0x69, 0x73, 0x63, 0x6f, 0x6d, 0x66, 0x6f, 0x72, 0x74, 0x0, 0x64, 0x69, 0x73, 0x63, 0x6f, 0x75,
    0x6e, 0x74, 0x0, 0x64, 0x69, 0x73, 0x63, 0x6f, 0x75, 0x72, 0x73, 0x65, 0x0, 0x64, 0x69, 0x73,
    0x63, 0x6f, 0x76, 0x65, 0x72, 0x79, 0x0, 0x64, 0x69, 0x73, 0x63, 0x72, 0x65, 0x74, 0x69, 0x6f,
    0x6e, 0x0, 0x64, 0x69, 0x73, 0x63, 0x75, 0x73, 0x73, 0x69, 0x6f, 0x6e, 0x0, 0x64, 0x69, 0x73,
    0x65, 0x61, 0x73, 0x65, 0x0, 0x64, 0x69, 0x73, 0x67, 0x72, 0x61, 0x63, 0x65, 0x0, 0x64, 0x69,
    0x73, 0x67, 0x75, 0x69, 0x73, 0x65, 0x0, 0x64, 0x69, 0x73, 0x67, 0x75, 0x73, 0x74, 0x0, 0x64,
    0x69, 0x73, 0x68, 0x0, 0x64, 0x69, 0x73, 0x6b, 0x0, 0x64, 0x69, 0x73, 0x6c, 0x69, 0x6b, 0x65,
    0x0, 0x64, 0x69, 0x73, 0x6d, 0x69, 0x73, 0x73, 0x61, 0x6c, 0x0, 0x64, 0x69, 0x73, 0x6e, 0x65,
    0x79, 0x0, 0x64, 0x69, 0x73, 0x6f, 0x72, 0x64, 0x65, 0x72, 0x0, 0x64, 0x69, 0x73, 0x70, 0x61,
    0x74, 0x63, 0x68, 0x0, 0x64, 0x69, 0x73, 0x70, 0x6c, 0x61, 0x79, 0x0, 0x64, 0x69, 0x73, 0x70,
    0x6f, 0x73, 0x61, 0x62, 0x6c, 0x65, 0x0, 0x64, 0x69, 0x73, 0x70, 0x6f, 0x73, 0x61, 0x6c, 0x0,
    0x64, 0x69, 0x73, 0x70, 0x75, 0x74, 0x65, 0x0, 0x64, 0x69, 0x73, 0x72, 0x65, 0x67, 0x61, 0x72,
    0x64, 0x0, 0x64, 0x69, 0x73, 0x72, 0x65, 0x73, 0x70, 0x65, 0x63, 0x74, 0x0, 0x64, 0x69, 0x73,
    0x72, 0x75, 0x70, 0x74, 0x69, 0x6f, 0x6e, 0x0, 0x64, 0x69, 0x73, 0x73, 0x65, 0x6e, 0x74, 0x0,
    0x64, 0x69, 0x73, 0x74, 0x61, 0x6e, 0x63, 0x65, 0x0, 0x64, 0x69, 0x73, 0x74, 0x6f, 0x72, 0x74,
    0x69, 0x6f, 0x6e, 0x0, 0x64, 0x69, 0x73, 0x74, 0x72, 0x65, 0x73, 0x73, 0x0, 0x64, 0x69, 0x73,
    0x74, 0x72, 0x69, 0x63, 0x74, 0x0, 0x64, 0x69, 0x74, 0x63, 0x68, 0x0, 0x64, 0x69, 0x76, 0x65,
    0x72, 0x73, 0x69, 0x6f, 0x6e, 0x0, 0x64, 0x69, 0x76, 0x65, 0x72, 0x73, 0x69, 0x74, 0x79, 0x0,
    0x64, 0x69, 0x76, 0x69, 0x64, 0x65, 0x6e, 0x64, 0x0, 0x64, 0x69, 0x76, 0x69, 0x6e, 0x65, 0x0,
    0x64, 0x69, 0x76, 0x69, 0x6e, 0x67, 0x0, 0x64, 0x69, 0x76, 0x69, 0x73, 0x69, 0x6f, 0x6e, 0x0,
    0x64, 0x69, 0x76, 0x6f, 0x72, 0x63, 0x65, 0x0, 0x64, 0x6f, 0x63, 0x6b, 0x0, 0x64, 0x6f, 0x63,
    0x74, 0x6f, 0x72, 0x0, 0x64, 0x6f, 0x63, 0x74, 0x72, 0x69, 0x6e, 0x65, 0x0, 0x64, 0x6f, 0x63,
    0x75, 0x6d, 0x65, 0x6e, 0x74, 0x0, 0x64, 0x6f, 0x64, 0x67, 0x65, 0x0, 0x64, 0x6f, 0x6c, 0x6c,
    0x61, 0x72, 0x0, 0x64, 0x6f, 0x6c, 0x6c, 0x79, 0x0, 0x64, 0x6f, 0x6c, 0x70, 0x68, 0x69, 0x6e,
    0x0, 0x64, 0x6f, 0x6d, 0x61, 0x69, 0x6e, 0x0, 0x64, 0x6f, 0x6d, 0x65, 0x73, 0x74, 0x69, 0x63,
    0x0, 0x64, 0x6f, 0x6d, 0x69, 0x6e, 0x61, 0x6e, 0x63, 0x65, 0x0, 0x64, 0x6f, 0x6d, 0x69, 0x6e,
    0x61, 0x6e, 0x74, 0x0, 0x64, 0x6f, 0x6d, 0x69, 0x6e, 0x69, 0x63, 0x61, 0x6e, 0x0, 0x64, 0x6f,
    0x6d, 0x69, 0x6e, 0x69, 0x6f, 0x6e, 0x0, 0x64, 0x6f, 0x6e, 0x61, 0x74, 0x69, 0x6f, 0x6e, 0x0,
    0x64, 0x6f, 0x6e, 0x67, 0x0, 0x64, 0x6f, 0x6e, 0x6b, 0x65, 0x79, 0x0, 0x64, 0x6f, 0x6e, 0x6e,
    0x61, 0x0, 0x64, 0x6f, 0x6e, 0x6f, 0x72, 0x0, 0x64, 0x6f, 0x6f, 0x6d, 0x65, 0x64, 0x0, 0x64,
    0x6f, 0x6f, 0x72, 0x73, 0x74, 0x65, 0x70, 0x0, 0x64, 0x6f, 0x6f, 0x72, 0x77, 0x61, 0x79, 0x0,
    0x64, 0x6f, 0x70, 0x65, 0x0, 0x64, 0x6f, 0x72, 0x69, 0x73, 0x0, 0x64, 0x6f, 0x72, 0x6d, 0x0,
    0x64, 0x6f, 0x73, 0x61, 0x67, 0x65, 0x0, 0x64, 0x6f, 0x73, 0x65, 0x0, 0x64, 0x6f, 0x75, 0x62,
    0x6c, 0x65, 0x73, 0x0, 0x64, 0x6f, 0x75, 0x62, 0x6c, 0x69, 0x6e, 0x67, 0x0, 0x64, 0x6f, 0x75,
    0x62, 0x74, 0x0, 0x64, 0x6f, 0x75, 0x67, 0x68, 0x0, 0x64, 0x6f, 0x75, 0x67, 0x6c, 0x61, 0x73,
    0x0, 0x64, 0x6f, 0x76, 0x65, 0x72, 0x0, 0x64, 0x6f, 0x77, 0x6e, 0x66, 0x61, 0x6c, 0x6c, 0x0,
    0x64, 0x6f, 0x77, 0x6e, 0x68, 0x69, 0x6c, 0x6c, 0x0, 0x64, 0x6f, 0x77, 0x6e, 0x73, 0x69, 0x64,
    0x65, 0x0, 0x64, 0x6f, 0x77, 0x6e, 0x74, 0x6f, 0x77, 0x6e, 0x0, 0x64, 0x6f, 0x7a, 0x65, 0x6e,
    0x73, 0x0, 0x64, 0x72, 0x61, 0x66, 0x74, 0x69, 0x6e, 0x67, 0x0, 0x64, 0x72, 0x61, 0x67, 0x6f,
    0x6e, 0x0, 0x64, 0x72, 0x61, 0x69, 0x6e, 0x61, 0x67, 0x65, 0x0, 0x64, 0x72, 0x61, 0x6b, 0x65,
    0x0, 0x64, 0x72, 0x61, 0x6d, 0x61, 0x0, 0x64, 0x72, 0x61, 0x77, 0x65, 0x72, 0x0, 0x64, 0x72,
    0x61, 0x77, 0x69, 0x6e, 0x67, 0x0, 0x64, 0x72, 0x65, 0x61, 0x64, 0x0, 0x64, 0x72, 0x65, 0x61,
    0x6d, 0x69, 0x6e, 0x67, 0x0, 0x64, 0x72, 0x65, 0x73, 0x73, 0x69, 0x6e, 0x67, 0x0, 0x64, 0x72,
    0x65, 0x77, 0x0, 0x64, 0x72, 0x69, 0x66, 0x74, 0x69, 0x6e, 0x67, 0x0, 0x64, 0x72, 0x69, 0x6c,
    0x6c, 0x69, 0x6e, 0x67, 0x0, 0x64, 0x72, 0x69, 0x6e, 0x6b, 0x69, 0x6e, 0x67, 0x0, 0x64, 0x72,
    0x69, 0x70, 0x0, 0x64, 0x72, 0x69, 0x76, 0x65, 0x72, 0x0, 0x64, 0x72, 0x69, 0x76, 0x65, 0x77,
    0x61, 0x79, 0x0, 0x64, 0x72, 0x69, 0x76, 0x69, 0x6e, 0x67, 0x0, 0x64, 0x72, 0x6f, 0x6e, 0x65,
    0x0, 0x64, 0x72, 0x6f, 0x70, 0x0, 0x64, 0x72, 0x6f, 0x75, 0x67, 0x68, 0x74, 0x0, 0x64, 0x72,
    0x6f, 0x76, 0x65, 0x0, 0x64, 0x72, 0x75, 0x67, 0x0, 0x64, 0x72, 0x75, 0x6d, 0x6d, 0x65, 0x72,
    0x0, 0x64, 0x72, 0x75, 0x6e, 0x6b, 0x0, 0x64, 0x72, 0x79, 0x65, 0x72, 0x0, 0x64, 0x75, 0x62,
    0x61, 0x69, 0x0, 0x64, 0x75, 0x62, 0x6c, 0x69, 0x6e, 0x0, 0x64, 0x75, 0x63, 0x68, 0x65, 0x73,
    0x73, 0x0, 0x64, 0x75, 0x63, 0x6b, 0x0, 0x64, 0x75, 0x63, 0x74, 0x0, 0x64, 0x75, 0x64, 0x65,
    0x0, 0x64, 0x75, 0x65, 0x6c, 0x0, 0x64, 0x75, 0x6b, 0x65, 0x0, 0x64, 0x75, 0x6d, 0x62, 0x61,
    0x73, 0x73, 0x0, 0x64, 0x75, 0x6d, 0x6d, 0x79, 0x0, 0x64, 0x75, 0x6d, 0x70, 0x69, 0x6e, 0x67,
    0x0, 0x64, 0x75, 0x6d, 0x70, 0x73, 0x74, 0x65, 0x72, 0x0, 0x64, 0x75, 0x6e, 0x63, 0x61, 0x6e,
    0x0, 0x64, 0x75, 0x6e, 0x67, 0x65, 0x6f, 0x6e, 0x0, 0x64, 0x75, 0x6e, 0x6b, 0x0, 0x64, 0x75,
    0x70, 0x6c, 0x69, 0x63, 0x61, 0x74, 0x65, 0x0, 0x64, 0x75, 0x72, 0x61, 0x74, 0x69, 0x6f, 0x6e,
    0x0, 0x64, 0x75, 0x72, 0x68, 0x61, 0x6d, 0x0, 0x64, 0x75, 0x73, 0x74, 0x0, 0x64, 0x75, 0x74,
    0x63, 0x68, 0x0, 0x64, 0x75, 0x74, 0x79, 0x0, 0x64, 0x77, 0x61, 0x72, 0x66, 0x0, 0x64, 0x77,
    0x65, 0x6c, 0x6c, 0x69, 0x6e, 0x67, 0x0, 0x64, 0x79, 0x69, 0x6e, 0x67, 0x0, 0x64, 0x79, 0x6c,
    0x61, 0x6e, 0x0, 0x64, 0x79, 0x6e, 0x61, 0x6d, 0x69, 0x63, 0x73, 0x0, 0x64, 0x79, 0x6e, 0x61,
    0x6d, 0x69, 0x74, 0x65, 0x0, 0x64, 0x79, 0x6e, 0x61, 0x73, 0x74, 0x79, 0x0, 0x65, 0x61, 0x67,
    0x65, 0x72, 0x0, 0x65, 0x61, 0x67, 0x6c, 0x65, 0x0, 0x65, 0x61, 0x72, 0x6c, 0x0, 0x65, 0x61,
    0x72, 0x6e, 0x65, 0x73, 0x74, 0x0, 0x65, 0x61, 0x72, 0x6e, 0x69, 0x6e, 0x67, 0x73, 0x0, 0x65,
    0x61, 0x72, 0x74, 0x68, 0x71, 0x75, 0x61, 0x6b, 0x65, 0x0, 0x65, 0x61, 0x73, 0x65, 0x0, 0x65,
    0x61, 0x73, 0x74, 0x65, 0x72, 0x0, 0x65, 0x61, 0x74, 0x69, 0x6e, 0x67, 0x0, 0x65, 0x61, 0x74,
    0x73, 0x0, 0x65, 0x62, 0x6f, 0x6c, 0x61, 0x0, 0x65, 0x63, 0x63, 0x65, 0x6e, 0x74, 0x72, 0x69,
    0x63, 0x0, 0x65, 0x63, 0x68, 0x6f, 0x0, 0x65, 0x63, 0x6c, 0x69, 0x70, 0x73, 0x65, 0x0, 0x65,
    0x63, 0x6f, 0x6c, 0x6f, 0x67, 0x79, 0x0, 0x65, 0x63, 0x6f, 0x6e, 0x6f, 0x6d, 0x69, 0x63, 0x73,
    0x0, 0x65, 0x63, 0x6f, 0x6e, 0x6f, 0x6d, 0x69, 0x73, 0x74, 0x0, 0x65, 0x63, 0x6f, 0x6e, 0x6f,
    0x6d, 0x79, 0x0, 0x65, 0x63, 0x6f, 0x73, 0x79, 0x73, 0x74, 0x65, 0x6d, 0x0, 0x65, 0x63, 0x75,
    0x61, 0x64, 0x6f, 0x72, 0x0, 0x65, 0x64, 0x65, 0x6e, 0x0, 0x65, 0x64, 0x67, 0x61, 0x72, 0x0,
    0x65, 0x64, 0x67, 0x65, 0x0, 0x65, 0x64, 0x69, 0x62, 0x6c, 0x65, 0x0, 0x65, 0x64, 0x69, 0x6e,
    0x62, 0x75, 0x72, 0x67, 0x68, 0x0, 0x65, 0x64, 0x69, 0x73, 0x6f, 0x6e, 0x0, 0x65, 0x64, 0x69,
    0x74, 0x69, 0x6e, 0x67, 0x0, 0x65, 0x64, 0x69, 0x74, 0x69, 0x6f, 0x6e, 0x0, 0x65, 0x64, 0x69,
    0x74, 0x6f, 0x72, 0x69, 0x61, 0x6c, 0x0, 0x65, 0x64, 0x6d, 0x6f, 0x6e, 0x74, 0x6f, 0x6e, 0x0,
    0x65, 0x64, 0x75, 0x63, 0x61, 0x74, 0x69, 0x6f, 0x6e, 0x0, 0x65, 0x64, 0x75, 0x63, 0x61, 0x74,
    0x6f, 0x72, 0x0, 0x65, 0x64, 0x77, 0x61, 0x72, 0x64, 0x73, 0x0, 0x65, 0x64, 0x77, 0x69, 0x6e,
    0x0, 0x65, 0x66, 0x66, 0x65, 0x63, 0x74, 0x73, 0x0, 0x65, 0x66, 0x66, 0x69, 0x63, 0x61, 0x63,
    0x79, 0x0, 0x65, 0x66, 0x66, 0x69, 0x63, 0x69, 0x65, 0x6e, 0x63, 0x79, 0x0, 0x65, 0x66, 0x66,
    0x6f, 0x72, 0x74, 0x0, 0x65, 0x67, 0x67, 0x73, 0x0, 0x65, 0x67, 0x79, 0x70, 0x74, 0x69, 0x61,
    0x6e, 0x0, 0x65, 0x69, 0x67, 0x68, 0x74, 0x65, 0x65, 0x6e, 0x0, 0x65, 0x69, 0x67, 0x68, 0x74,
    0x68, 0x0, 0x65, 0x69, 0x67, 0x68, 0x74, 0x79, 0x0, 0x65, 0x69, 0x6e, 0x73, 0x74, 0x65, 0x69,
    0x6e, 0x0, 0x65, 0x6c, 0x61, 0x73, 0x74, 0x69, 0x63, 0x0, 0x65, 0x6c, 0x62, 0x6f, 0x77, 0x0,
    0x65, 0x6c, 0x64, 0x65, 0x72, 0x6c, 0x79, 0x0, 0x65, 0x6c, 0x64, 0x65, 0x73, 0x74, 0x0, 0x65,
    0x6c, 0x65, 0x63, 0x74, 0x69, 0x6f, 0x6e, 0x0, 0x65, 0x6c, 0x65, 0x63, 0x74, 0x6f, 0x72, 0x61,
    0x74, 0x65, 0x0, 0x65, 0x6c, 0x65, 0x63, 0x74, 0x72, 0x69, 0x63, 0x0, 0x65, 0x6c, 0x65, 0x63,
    0x74, 0x72, 0x6f, 0x6e, 0x0, 0x65, 0x6c, 0x65, 0x6d, 0x65, 0x6e, 0x74, 0x73, 0x0, 0x65, 0x6c,
    0x65, 0x70, 0x68, 0x61, 0x6e, 0x74, 0x0, 0x65, 0x6c, 0x65, 0x76, 0x61, 0x74, 0x65, 0x64, 0x0,
    0x65, 0x6c, 0x65, 0x76, 0x61, 0x74, 0x69, 0x6f, 0x6e, 0x0, 0x65, 0x6c, 0x65, 0x76, 0x61, 0x74,
    0x6f, 0x72, 0x0, 0x65, 0x6c, 0x65, 0x76, 0x65, 0x6e, 0x0, 0x65, 0x6c, 0x69, 0x6a, 0x61, 0x68,
    0x0, 0x65, 0x6c, 0x69, 0x6f, 0x74, 0x0, 0x65, 0x6c, 0x69, 0x74, 0x65, 0x0, 0x65, 0x6c, 0x69,
    0x7a, 0x61, 0x62, 0x65, 0x74, 0x68, 0x0, 0x65, 0x6c, 0x76, 0x69, 0x73, 0x0, 0x65, 0x6d, 0x61,
    0x69, 0x6c, 0x0, 0x65, 0x6d, 0x62, 0x61, 0x73, 0x73, 0x79, 0x0, 0x65, 0x6d, 0x62, 0x6c, 0x65,
    0x6d, 0x0, 0x65, 0x6d, 0x62, 0x72, 0x61, 0x63, 0x65, 0x0, 0x65, 0x6d, 0x62, 0x72, 0x61, 0x63,
    0x69, 0x6e, 0x67, 0x0, 0x65, 0x6d, 0x65, 0x72, 0x61, 0x6c, 0x64, 0x0, 0x65, 0x6d, 0x65, 0x72,
    0x67, 0x65, 0x6e, 0x63, 0x65, 0x0, 0x65, 0x6d, 0x65, 0x72, 0x67, 0x65, 0x6e, 0x63, 0x79, 0x0,
    0x65, 0x6d, 0x65, 0x72, 0x73, 0x6f, 0x6e, 0x0, 0x65, 0x6d, 0x69, 0x73, 0x73, 0x69, 0x6f, 0x6e,
    0x0, 0x65, 0x6d, 0x6d, 0x79, 0x0, 0x65, 0x6d, 0x6f, 0x74, 0x69, 0x6f, 0x6e, 0x0, 0x65, 0x6d,
    0x70, 0x61, 0x74, 0x68, 0x79, 0x0, 0x65, 0x6d, 0x70, 0x65, 0x72, 0x6f, 0x72, 0x0, 0x65, 0x6d,
    0x70, 0x68, 0x61, 0x73, 0x69, 0x73, 0x0, 0x65, 0x6d, 0x70, 0x69, 0x72, 0x65, 0x0, 0x65, 0x6d,
    0x70, 0x6c, 0x6f, 0x79, 0x65, 0x65, 0x0, 0x65, 0x6d, 0x70, 0x6c, 0x6f, 0x79, 0x65, 0x72, 0x0,
    0x65, 0x6d, 0x70, 0x6c, 0x6f, 0x79, 0x6d, 0x65, 0x6e, 0x74, 0x0, 0x65, 0x6d, 0x70, 0x74, 0x79,
    0x0, 0x65, 0x6e, 0x63, 0x6c, 0x6f, 0x73, 0x75, 0x72, 0x65, 0x0, 0x65, 0x6e, 0x63, 0x6f, 0x75,
    0x6e, 0x74, 0x65, 0x72, 0x0, 0x65, 0x6e, 0x63, 0x72, 0x79, 0x70, 0x74, 0x69, 0x6f, 0x6e, 0x0,
    0x65, 0x6e, 0x64, 0x65, 0x61, 0x76, 0x6f, 0x72, 0x0, 0x65, 0x6e, 0x64, 0x69, 0x6e, 0x67, 0x0,
    0x65, 0x6e, 0x64, 0x6f, 0x77, 0x6d, 0x65, 0x6e, 0x74, 0x0, 0x65, 0x6e, 0x64, 0x75, 0x72, 0x61,
    0x6e, 0x63, 0x65, 0x0, 0x65, 0x6e, 0x65, 0x6d, 0x79, 0x0, 0x65, 0x6e, 0x65, 0x72, 0x67, 0x79,
    0x0, 0x65, 0x6e, 0x67, 0x61, 0x67, 0x65, 0x6d, 0x65, 0x6e, 0x74, 0x0, 0x65, 0x6e, 0x67, 0x69,
    0x6e, 0x65, 0x65, 0x72, 0x0, 0x65, 0x6e, 0x67, 0x6c, 0x61, 0x6e, 0x64, 0x0, 0x65, 0x6e, 0x67,
    0x6c, 0x69, 0x73, 0x68, 0x0, 0x65, 0x6e, 0x6a, 0x6f, 0x79, 0x6d, 0x65, 0x6e, 0x74, 0x0, 0x65,
    0x6e, 0x6f, 0x75, 0x67, 0x68, 0x0, 0x65, 0x6e, 0x72, 0x69, 0x63, 0x68, 0x6d, 0x65, 0x6e, 0x74,
    0x0, 0x65, 0x6e, 0x72, 0x6f, 0x6c, 0x6c, 0x6d, 0x65, 0x6e, 0x74, 0x0, 0x65, 0x6e, 0x73, 0x65,
    0x6d, 0x62, 0x6c, 0x65, 0x0, 0x65, 0x6e, 0x74, 0x65, 0x72, 0x69, 0x6e, 0x67, 0x0, 0x65, 0x6e,
    0x74, 0x65, 0x72, 0x70, 0x72, 0x69, 0x73, 0x65, 0x0, 0x65, 0x6e, 0x74, 0x68, 0x75, 0x73, 0x69,
    0x61, 0x73, 0x6d, 0x0, 0x65, 0x6e, 0x74, 0x69, 0x72, 0x65, 0x74, 0x79, 0x0, 0x65, 0x6e, 0x74,
    0x69, 0x74, 0x79, 0x0, 0x65, 0x6e, 0x74, 0x72, 0x61, 0x6e, 0x63, 0x65, 0x0, 0x65, 0x6e, 0x74,
    0x72, 0x79, 0x0, 0x65, 0x6e, 0x76, 0x65, 0x6c, 0x6f, 0x70, 0x65, 0x0, 0x65, 0x6e, 0x76, 0x79,
    0x0, 0x65, 0x6e, 0x7a, 0x79, 0x6d, 0x65, 0x0, 0x65, 0x70, 0x69, 0x63, 0x0, 0x65, 0x70, 0x69,
    0x64, 0x65, 0x6d, 0x69, 0x63, 0x0, 0x65, 0x70, 0x69, 0x73, 0x6f, 0x64, 0x65, 0x0, 0x65, 0x71,
    0x75, 0x61, 0x6c, 0x69, 0x74, 0x79, 0x0, 0x65, 0x71, 0x75, 0x61, 0x74, 0x69, 0x6f, 0x6e, 0x0,
    0x65, 0x71, 0x75, 0x69, 0x70, 0x6d, 0x65, 0x6e, 0x74, 0x0, 0x65, 0x71, 0x75, 0x69, 0x74, 0x79,
    0x0, 0x65, 0x71, 0x75, 0x69, 0x76, 0x61, 0x6c, 0x65, 0x6e, 0x74, 0x0, 0x65, 0x72, 0x65, 0x63,
    0x74, 0x69, 0x6f, 0x6e, 0x0, 0x65, 0x72, 0x69, 0x63, 0x61, 0x0, 0x65, 0x72, 0x69, 0x65, 0x0,
    0x65, 0x72, 0x69, 0x6e, 0x0, 0x65, 0x72, 0x6e, 0x73, 0x74, 0x0, 0x65, 0x72, 0x6f, 0x73, 0x69,
    0x6f, 0x6e, 0x0, 0x65, 0x72, 0x72, 0x6f, 0x72, 0x0, 0x65, 0x72, 0x75, 0x70, 0x74, 0x69, 0x6f,
    0x6e, 0x0, 0x65, 0x73, 0x63, 0x61, 0x70, 0x65, 0x0, 0x65, 0x73, 0x73, 0x61, 0x79, 0x0, 0x65,
    0x73, 0x73, 0x65, 0x6e, 0x63, 0x65, 0x0, 0x65, 0x73, 0x73, 0x65, 0x6e, 0x74, 0x69, 0x61, 0x6c,
    0x0, 0x65, 0x73, 0x73, 0x65, 0x78, 0x0, 0x65, 0x73, 0x74, 0x61, 0x74, 0x65, 0x0, 0x65, 0x73,
    0x74, 0x65, 0x65, 0x6d, 0x0, 0x65, 0x73, 0x74, 0x68, 0x65, 0x72, 0x0, 0x65, 0x73, 0x74, 0x69,
    0x6d, 0x61, 0x74, 0x65, 0x0, 0x65, 0x74, 0x65, 0x72, 0x6e, 0x69, 0x74, 0x79, 0x0, 0x65, 0x74,
    0x68, 0x69, 0x63, 0x73, 0x0, 0x65, 0x74, 0x68, 0x69, 0x6f, 0x70, 0x69, 0x61, 0x6e, 0x0, 0x65,
    0x74, 0x68, 0x6e, 0x69, 0x63, 0x69, 0x74, 0x79, 0x0, 0x65, 0x75, 0x67, 0x65, 0x6e, 0x65, 0x0,
    0x65, 0x75, 0x72, 0x6f, 0x70, 0x61, 0x0, 0x65, 0x75, 0x72, 0x6f, 0x70, 0x65, 0x61, 0x6e, 0x0,
    0x65, 0x76, 0x61, 0x63, 0x75, 0x61, 0x74, 0x69, 0x6f, 0x6e, 0x0, 0x65, 0x76, 0x61, 0x6c, 0x75,
    0x61, 0x74, 0x69, 0x6f, 0x6e, 0x0, 0x65, 0x76, 0x61, 0x6e, 0x73, 0x0, 0x65, 0x76, 0x65, 0x6e,
    0x69, 0x6e, 0x67, 0x0, 0x65, 0x76, 0x65, 0x6e, 0x74, 0x0, 0x65, 0x76, 0x69, 0x64, 0x65, 0x6e,
    0x63, 0x65, 0x0, 0x65, 0x76, 0x69, 0x6c, 0x0, 0x65, 0x76, 0x6f, 0x6c, 0x75, 0x74, 0x69, 0x6f,
    0x6e, 0x0, 0x65, 0x78, 0x61, 0x6d, 0x69, 0x6e, 0x65, 0x72, 0x0, 0x65, 0x78, 0x61, 0x6d, 0x70,
    0x6c, 0x65, 0x0, 0x65, 0x78, 0x63, 0x65, 0x6c, 0x6c, 0x65, 0x6e, 0x63, 0x65, 0x0, 0x65, 0x78,
    0x63, 0x65, 0x70, 0x74, 0x69, 0x6f, 0x6e, 0x0, 0x65, 0x78, 0x63, 0x65, 0x72, 0x70, 0x74, 0x0,
    0x65, 0x78, 0x63, 0x65, 0x73, 0x73, 0x0, 0x65, 0x78, 0x63, 0x68, 0x61, 0x6e, 0x67, 0x65, 0x0,
    0x65, 0x78, 0x63, 0x69, 0x74, 0x65, 0x6d, 0x65, 0x6e, 0x74, 0x0, 0x65, 0x78, 0x63, 0x6c, 0x75,
    0x73, 0x69, 0x6f, 0x6e, 0x0, 0x65, 0x78, 0x63, 0x6c, 0x75, 0x73, 0x69, 0x76, 0x65, 0x0, 0x65,
    0x78, 0x63, 0x75, 0x73, 0x65, 0x0, 0x65, 0x78, 0x65, 0x63, 0x75, 0x74, 0x69, 0x6e, 0x67, 0x0,
    0x65, 0x78, 0x65, 0x63, 0x75, 0x74, 0x69, 0x6f, 0x6e, 0x0, 0x65, 0x78, 0x65, 0x63, 0x75, 0x74,
    0x69, 0x76, 0x65, 0x0, 0x65, 0x78, 0x65, 0x6d, 0x70, 0x74, 0x69, 0x6f, 0x6e, 0x0, 0x65, 0x78,
    0x65, 0x72, 0x63, 0x69, 0x73, 0x65, 0x0, 0x65, 0x78, 0x65, 0x72, 0x63, 0x69, 0x73, 0x69, 0x6e,
    0x67, 0x0, 0x65, 0x78, 0x68, 0x61, 0x75, 0x73, 0x74, 0x0, 0x65, 0x78, 0x68, 0x69, 0x62, 0x69,
    0x74, 0x69, 0x6f, 0x6e, 0x0, 0x65, 0x78, 0x69, 0x6c, 0x65, 0x0, 0x65, 0x78, 0x69, 0x73, 0x74,
    0x65, 0x6e, 0x63, 0x65, 0x0, 0x65, 0x78, 0x69, 0x74, 0x0, 0x65, 0x78, 0x6f, 0x64, 0x75, 0x73,
    0x0, 0x65, 0x78, 0x70, 0x61, 0x6e, 0x73, 0x69, 0x6f, 0x6e, 0x0, 0x65, 0x78, 0x70, 0x65, 0x64,
    0x69, 0x74, 0x69, 0x6f, 0x6e, 0x0, 0x65, 0x78, 0x70, 0x65, 0x6e, 0x73, 0x65, 0x0, 0x65, 0x78,
    0x70, 0x65, 0x72, 0x69, 0x65, 0x6e, 0x63, 0x65, 0x0, 0x65, 0x78, 0x70, 0x65, 0x72, 0x69, 0x6d,
    0x65, 0x6e, 0x74, 0x0, 0x65, 0x78, 0x70, 0x65, 0x72, 0x74, 0x69, 0x73, 0x65, 0x0, 0x65, 0x78,
    0x70, 0x6c, 0x6f, 0x69, 0x74, 0x0, 0x65, 0x78, 0x70, 0x6c, 0x6f, 0x72, 0x65, 0x72, 0x0, 0x65,
    0x78, 0x70, 0x6c, 0x6f, 0x73, 0x69, 0x6f, 0x6e, 0x0, 0x65, 0x78, 0x70, 0x6c, 0x6f, 0x73, 0x69,
    0x76, 0x65, 0x0, 0x65, 0x78, 0x70, 0x6f, 0x72, 0x74, 0x0, 0x65, 0x78, 0x70, 0x6f, 0x73, 0x65,
    0x0, 0x65, 0x78, 0x70, 0x6f, 0x73, 0x69, 0x74, 0x69, 0x6f, 0x6e, 0x0, 0x65, 0x78, 0x70, 0x6f,
    0x73, 0x75, 0x72, 0x65, 0x0, 0x65, 0x78, 0x70, 0x72, 0x65, 0x73, 0x73, 0x69, 0x6f, 0x6e, 0x0,
    0x65, 0x78, 0x74, 0x65, 0x6e, 0x73, 0x69, 0x6f, 0x6e, 0x0, 0x65, 0x78, 0x74, 0x65, 0x6e, 0x74,
    0x0, 0x65, 0x78, 0x74, 0x65, 0x72, 0x69, 0x6f, 0x72, 0x0, 0x65, 0x78, 0x74, 0x65, 0x72, 0x6e,
    0x61, 0x6c, 0x0, 0x65, 0x78, 0x74, 0x69, 0x6e, 0x63, 0x74, 0x69, 0x6f, 0x6e, 0x0, 0x65, 0x78,
    0x74, 0x72, 0x61, 0x63, 0x74, 0x69, 0x6f, 0x6e, 0x0, 0x65, 0x78, 0x74, 0x72, 0x65, 0x6d, 0x65,
    0x0, 0x65, 0x79, 0x65, 0x73, 0x0, 0x65, 0x7a, 0x72, 0x61, 0x0, 0x66, 0x61, 0x62, 0x72, 0x69,
    0x63, 0x0, 0x66, 0x61, 0x63, 0x65, 0x0, 0x66, 0x61, 0x63, 0x69, 0x61, 0x6c, 0x0, 0x66, 0x61,
    0x63, 0x69, 0x6c, 0x69, 0x74, 0x79, 0x0, 0x66, 0x61, 0x63, 0x69, 0x6e, 0x67, 0x0, 0x66, 0x61,
    0x63, 0x74, 0x69, 0x6f, 0x6e, 0x0, 0x66, 0x61, 0x63, 0x74, 0x6f, 0x72, 0x79, 0x0, 0x66, 0x61,
    0x63, 0x75, 0x6c, 0x74, 0x79, 0x0, 0x66, 0x61, 0x64, 0x65, 0x0, 0x66, 0x61, 0x64, 0x69, 0x6e,
    0x67, 0x0, 0x66, 0x61, 0x69, 0x6c, 0x69, 0x6e, 0x67, 0x0, 0x66, 0x61, 0x69, 0x6c, 0x75, 0x72,
    0x65, 0x0, 0x66, 0x61, 0x69, 0x6e, 0x74, 0x0, 0x66, 0x61, 0x69, 0x72, 0x6e, 0x65, 0x73, 0x73,
    0x0, 0x66, 0x61, 0x69, 0x72, 0x79, 0x0, 0x66, 0x61, 0x69, 0x74, 0x68, 0x66, 0x75, 0x6c, 0x0,
    0x66, 0x61, 0x6b, 0x65, 0x0, 0x66, 0x61, 0x6c, 0x63, 0x6f, 0x6e, 0x0, 0x66, 0x61, 0x6c, 0x6c,
    0x6f, 0x75, 0x74, 0x0, 0x66, 0x61, 0x6c, 0x6c, 0x73, 0x0, 0x66, 0x61, 0x6d, 0x65, 0x0, 0x66,
    0x61, 0x6d, 0x69, 0x6c, 0x69, 0x61, 0x72, 0x0, 0x66, 0x61, 0x6d, 0x69, 0x6c, 0x79, 0x0, 0x66,
    0x61, 0x6d, 0x69, 0x6e, 0x65, 0x0, 0x66, 0x61, 0x6e, 0x63, 0x79, 0x0, 0x66, 0x61, 0x6e, 0x64,
    0x6f, 0x6d, 0x0, 0x66, 0x61, 0x6e, 0x74, 0x61, 0x73, 0x79, 0x0, 0x66, 0x61, 0x72, 0x65, 0x77,
    0x65, 0x6c, 0x6c, 0x0, 0x66, 0x61, 0x72, 0x67, 0x6f, 0x0, 0x66, 0x61, 0x72, 0x6d, 0x65, 0x72,
    0x0, 0x66, 0x61, 0x72, 0x6d, 0x69, 0x6e, 0x67, 0x0, 0x66, 0x61, 0x73, 0x63, 0x69, 0x73, 0x6d,
    0x0, 0x66, 0x61, 0x73, 0x63, 0x69, 0x73, 0x74, 0x0, 0x66, 0x61, 0x73, 0x68, 0x69, 0x6f, 0x6e,
    0x0, 0x66, 0x61, 0x73, 0x74, 0x69, 0x6e, 0x67, 0x0, 0x66, 0x61, 0x74, 0x65, 0x0, 0x66, 0x61,
    0x74, 0x68, 0x65, 0x72, 0x0, 0x66, 0x61, 0x74, 0x69, 0x67, 0x75, 0x65, 0x0, 0x66, 0x61, 0x74,
    0x74, 0x79, 0x0, 0x66, 0x61, 0x75, 0x6c, 0x74, 0x0, 0x66, 0x61, 0x75, 0x6e, 0x61, 0x0, 0x66,
    0x61, 0x76, 0x6f, 0x72, 0x69, 0x74, 0x65, 0x0, 0x66, 0x61, 0x76, 0x6f, 0x75, 0x72, 0x69, 0x74,
    0x65, 0x0, 0x66, 0x65, 0x61, 0x72, 0x0, 0x66, 0x65, 0x61, 0x73, 0x74, 0x0, 0x66, 0x65, 0x61,
    0x74, 0x68, 0x65, 0x72, 0x0, 0x66, 0x65, 0x61, 0x74, 0x75, 0x72, 0x65, 0x0, 0x66, 0x65, 0x62,
    0x72, 0x75, 0x61, 0x72, 0x79, 0x0, 0x66, 0x65, 0x64, 0x65, 0x72, 0x61, 0x6c, 0x0, 0x66, 0x65,
    0x64, 0x65, 0x72, 0x61, 0x74, 0x69, 0x6f, 0x6e, 0x0, 0x66, 0x65, 0x65, 0x64, 0x62, 0x61, 0x63,
    0x6b, 0x0, 0x66, 0x65, 0x65, 0x64, 0x69, 0x6e, 0x67, 0x0, 0x66, 0x65, 0x65, 0x6c, 0x69, 0x6e,
    0x67, 0x73, 0x0, 0x66, 0x65, 0x6c, 0x6c, 0x6f, 0x77, 0x73, 0x68, 0x69, 0x70, 0x0, 0x66, 0x65,
    0x6c, 0x6f, 0x6e, 0x79, 0x0, 0x66, 0x65, 0x6c, 0x74, 0x0, 0x66, 0x65, 0x6d, 0x61, 0x6c, 0x65,
    0x0, 0x66, 0x65, 0x6d, 0x69, 0x6e, 0x69, 0x6e, 0x65, 0x0, 0x66, 0x65, 0x6d, 0x69, 0x6e, 0x69,
    0x73, 0x6d, 0x0, 0x66, 0x65, 0x6d, 0x69, 0x6e, 0x69, 0x73, 0x74, 0x0, 0x66, 0x65, 0x6e, 0x63,
    0x65, 0x0, 0x66, 0x65, 0x6e, 0x63, 0x69, 0x6e, 0x67, 0x0, 0x66, 0x65, 0x72, 0x64, 0x69, 0x6e,
    0x61, 0x6e, 0x64, 0x0, 0x66, 0x65, 0x72, 0x72, 0x79, 0x0, 0x66, 0x65, 0x72, 0x74, 0x69, 0x6c,
    0x69, 0x74, 0x79, 0x0, 0x66, 0x65, 0x73, 0x74, 0x69, 0x76, 0x61, 0x6c, 0x0, 0x66, 0x65, 0x74,
    0x63, 0x68, 0x0, 0x66, 0x65, 0x74, 0x69, 0x73, 0x68, 0x0, 0x66, 0x65, 0x74, 0x75, 0x73, 0x0,
    0x66, 0x65, 0x75, 0x64, 0x0, 0x66, 0x65, 0x76, 0x65, 0x72, 0x0, 0x66, 0x69, 0x61, 0x74, 0x0,
    0x66, 0x69, 0x62, 0x65, 0x72, 0x0, 0x66, 0x69, 0x62, 0x72, 0x65, 0x0, 0x66, 0x69, 0x63, 0x74,
    0x69, 0x6f, 0x6e, 0x0, 0x66, 0x69, 0x64, 0x65, 0x6c, 0x69, 0x74, 0x79, 0x0, 0x66, 0x69, 0x65,
    0x6c, 0x64, 0x73, 0x0, 0x66, 0x69, 0x66, 0x74, 0x65, 0x65, 0x6e, 0x0, 0x66, 0x69, 0x66, 0x74,
    0x68, 0x0, 0x66, 0x69, 0x66, 0x74, 0x79, 0x0, 0x66, 0x69, 0x67, 0x68, 0x74, 0x65, 0x72, 0x0,
    0x66, 0x69, 0x67, 0x68, 0x74, 0x69, 0x6e, 0x67, 0x0, 0x66, 0x69, 0x67, 0x75, 0x72, 0x65, 0x0,
    0x66, 0x69, 0x67, 0x75, 0x72, 0x69, 0x6e, 0x67, 0x0, 0x66, 0x69, 0x6a, 0x69, 0x0, 0x66, 0x69,
    0x6c, 0x65, 0x0, 0x66, 0x69, 0x6c, 0x69, 0x6e, 0x67, 0x0, 0x66, 0x69, 0x6c, 0x69, 0x70, 0x69,
    0x6e, 0x6f, 0x0, 0x66, 0x69, 0x6c, 0x6c, 0x69, 0x6e, 0x67, 0x0, 0x66, 0x69, 0x6c, 0x6d, 0x69,
    0x6e, 0x67, 0x0, 0x66, 0x69, 0x6c, 0x6d, 0x6d, 0x61, 0x6b, 0x65, 0x72, 0x0, 0x66, 0x69, 0x6c,
    0x74, 0x65, 0x72, 0x0, 0x66, 0x69, 0x6e, 0x61, 0x6c, 0x65, 0x0, 0x66, 0x69, 0x6e, 0x61, 0x6e,
    0x63, 0x65, 0x73, 0x0, 0x66, 0x69, 0x6e, 0x61, 0x6e, 0x63, 0x69, 0x6e, 0x67, 0x0, 0x66, 0x69,
    0x6e, 0x63, 0x68, 0x0, 0x66, 0x69, 0x6e, 0x64, 0x69, 0x6e, 0x67, 0x73, 0x0, 0x66, 0x69, 0x6e,
    0x65, 0x0, 0x66, 0x69, 0x6e, 0x67, 0x65, 0x72, 0x0, 0x66, 0x69, 0x6e, 0x69, 0x73, 0x68, 0x69,
    0x6e, 0x67, 0x0, 0x66, 0x69, 0x6e, 0x6c, 0x61, 0x6e, 0x64, 0x0, 0x66, 0x69, 0x6e, 0x6e, 0x69,
    0x73, 0x68, 0x0, 0x66, 0x69, 0x72, 0x65, 0x61, 0x72, 0x6d, 0x0, 0x66, 0x69, 0x72, 0x65, 0x70,
    0x6c, 0x61, 0x63, 0x65, 0x0, 0x66, 0x69, 0x72, 0x69, 0x6e, 0x67, 0x0, 0x66, 0x69, 0x72, 0x6d,
    0x0, 0x66, 0x69, 0x72, 0x73, 0x74, 0x0, 0x66, 0x69, 0x73, 0x63, 0x68, 0x65, 0x72, 0x0, 0x66,
    0x69, 0x73, 0x68, 0x65, 0x72, 0x0, 0x66, 0x69, 0x73, 0x68, 0x69, 0x6e, 0x67, 0x0, 0x66, 0x69,
    0x73, 0x74, 0x0, 0x66, 0x69, 0x74, 0x6e, 0x65, 0x73, 0x73, 0x0, 0x66, 0x69, 0x74, 0x74, 0x69,
    0x6e, 0x67, 0x0, 0x66, 0x69, 0x74, 0x7a, 0x67, 0x65, 0x72, 0x61, 0x6c, 0x64, 0x0, 0x66, 0x69,
    0x76, 0x65, 0x0, 0x66, 0x69, 0x78, 0x69, 0x6e, 0x67, 0x0, 0x66, 0x69, 0x78, 0x74, 0x75, 0x72,
    0x65, 0x0, 0x66, 0x6c, 0x61, 0x67, 0x73, 0x68, 0x69, 0x70, 0x0, 0x66, 0x6c, 0x61, 0x69, 0x72,
    0x0, 0x66, 0x6c, 0x61, 0x6d, 0x65, 0x0, 0x66, 0x6c, 0x61, 0x6e, 0x6b, 0x0, 0x66, 0x6c, 0x61,
    0x72, 0x65, 0x0, 0x66, 0x6c, 0x61, 0x73, 0x68, 0x69, 0x6e, 0x67, 0x0, 0x66, 0x6c, 0x61, 0x74,
    0x73, 0x0, 0x66, 0x6c, 0x61, 0x76, 0x6f, 0x72, 0x0, 0x66, 0x6c, 0x61, 0x76, 0x6f, 0x75, 0x72,
    0x0, 0x66, 0x6c, 0x61, 0x77, 0x0, 0x66, 0x6c, 0x65, 0x65, 0x74, 0x0, 0x66, 0x6c, 0x65, 0x6d,
    0x69, 0x6e, 0x67, 0x0, 0x66, 0x6c, 0x65, 0x73, 0x68, 0x0, 0x66, 0x6c, 0x65, 0x74, 0x63, 0x68,
    0x65, 0x72, 0x0, 0x66, 0x6c, 0x65, 0x78, 0x0, 0x66, 0x6c, 0x69, 0x63, 0x6b, 0x0, 0x66, 0x6c,
    0x69, 0x65, 0x73, 0x0, 0x66, 0x6c, 0x69, 0x67, 0x68, 0x74, 0x0, 0x66, 0x6c, 0x69, 0x6e, 0x74,
    0x0, 0x66, 0x6c, 0x69, 0x70, 0x0, 0x66, 0x6c, 0x69, 0x72, 0x74, 0x69, 0x6e, 0x67, 0x0, 0x66,
    0x6c, 0x6f, 0x61, 0x74, 0x69, 0x6e, 0x67, 0x0, 0x66, 0x6c, 0x6f, 0x63, 0x6b, 0x0, 0x66, 0x6c,
    0x6f, 0x6f, 0x64, 0x69, 0x6e, 0x67, 0x0, 0x66, 0x6c, 0x6f, 0x6f, 0x72, 0x0, 0x66, 0x6c, 0x6f,
    0x70, 0x0, 0x66, 0x6c, 0x6f, 0x72, 0x61, 0x0, 0x66, 0x6c, 0x6f, 0x72, 0x65, 0x6e, 0x63, 0x65,
    0x0, 0x66, 0x6c, 0x6f, 0x72, 0x69, 0x64, 0x61, 0x0, 0x66, 0x6c, 0x6f, 0x75, 0x72, 0x69, 0x73,
    0x68, 0x0, 0x66, 0x6c, 0x6f, 0x77, 0x65, 0x72, 0x69, 0x6e, 0x67, 0x0, 0x66, 0x6c, 0x6f, 0x77,
    0x69, 0x6e, 0x67, 0x0, 0x66, 0x6c, 0x75, 0x69, 0x64, 0x0, 0x66, 0x6c, 0x75, 0x73, 0x68, 0x0,
    0x66, 0x6c, 0x75, 0x74, 0x65, 0x0, 0x66, 0x6c, 0x75, 0x78, 0x0, 0x66, 0x6c, 0x79, 0x65, 0x72,
    0x0, 0x66, 0x6c, 0x79, 0x69, 0x6e, 0x67, 0x0, 0x66, 0x6f, 0x61, 0x6d, 0x0, 0x66, 0x6f, 0x63,
    0x75, 0x73, 0x69, 0x6e, 0x67, 0x0, 0x66, 0x6f, 0x69, 0x6c, 0x0, 0x66, 0x6f, 0x6c, 0x64, 0x65,
    0x72, 0x0, 0x66, 0x6f, 0x6c, 0x64, 0x69, 0x6e, 0x67, 0x0, 0x66, 0x6f, 0x6c, 0x6b, 0x73, 0x0,
    0x66, 0x6f, 0x6c, 0x6c, 0x6f, 0x77, 0x65, 0x72, 0x73, 0x0, 0x66, 0x6f, 0x6c, 0x6c, 0x6f, 0x77,
    0x69, 0x6e, 0x67, 0x0, 0x66, 0x6f, 0x6e, 0x74, 0x0, 0x66, 0x6f, 0x6f, 0x64, 0x0, 0x66, 0x6f,
    0x6f, 0x74, 0x61, 0x67, 0x65, 0x0, 0x66, 0x6f, 0x6f, 0x74, 0x62, 0x61, 0x6c, 0x6c, 0x65, 0x72,
    0x0, 0x66, 0x6f, 0x6f, 0x74, 0x69, 0x6e, 0x67, 0x0, 0x66, 0x6f, 0x6f, 0x74, 0x70, 0x72, 0x69,
    0x6e, 0x74, 0x0, 0x66, 0x6f, 0x72, 0x63, 0x65, 0x0, 0x66, 0x6f, 0x72, 0x64, 0x0, 0x66, 0x6f,
    0x72, 0x65, 0x63, 0x61, 0x73, 0x74, 0x0, 0x66, 0x6f, 0x72, 0x65, 0x66, 0x72, 0x6f, 0x6e, 0x74,
    0x0, 0x66, 0x6f, 0x72, 0x65, 0x68, 0x65, 0x61, 0x64, 0x0, 0x66, 0x6f, 0x72, 0x65, 0x6d, 0x61,
    0x6e, 0x0, 0x66, 0x6f, 0x72, 0x65, 0x73, 0x74, 0x72, 0x79, 0x0, 0x66, 0x6f, 0x72, 0x67, 0x65,
    0x0, 0x66, 0x6f, 0x72, 0x6b, 0x0, 0x66, 0x6f, 0x72, 0x6d, 0x61, 0x6c, 0x0, 0x66, 0x6f, 0x72,
    0x6d, 0x61, 0x74, 0x69, 0x6f, 0x6e, 0x0, 0x66, 0x6f, 0x72, 0x6d, 0x65, 0x72, 0x0, 0x66, 0x6f,
    0x72, 0x6d, 0x75, 0x6c, 0x61, 0x0, 0x66, 0x6f, 0x72, 0x74, 0x68, 0x0, 0x66, 0x6f, 0x72, 0x74,
    0x72, 0x65, 0x73, 0x73, 0x0, 0x66, 0x6f, 0x72, 0x74, 0x75, 0x6e, 0x65, 0x0, 0x66, 0x6f, 0x72,
    0x74, 0x79, 0x0, 0x66, 0x6f, 0x72, 0x75, 0x6d, 0x0, 0x66, 0x6f, 0x72, 0x77, 0x61, 0x72, 0x64,
    0x0, 0x66, 0x6f, 0x73, 0x73, 0x69, 0x6c, 0x0, 0x66, 0x6f, 0x73, 0x74, 0x65, 0x72, 0x0, 0x66,
    0x6f, 0x75, 0x6c, 0x0, 0x66, 0x6f, 0x75, 0x6e, 0x64, 0x61, 0x74, 0x69, 0x6f, 0x6e, 0x0, 0x66,
    0x6f, 0x75, 0x6e, 0x64, 0x65, 0x72, 0x0, 0x66, 0x6f, 0x75, 0x6e, 0x64, 0x69, 0x6e, 0x67, 0x0,
    0x66, 0x6f, 0x75, 0x6e, 0x74, 0x61, 0x69, 0x6e, 0x0, 0x66, 0x6f, 0x75, 0x72, 0x74, 0x65, 0x65,
    0x6e, 0x0, 0x66, 0x6f, 0x75, 0x72, 0x74, 0x68, 0x0, 0x66, 0x6f, 0x77, 0x6c, 0x65, 0x72, 0x0,
    0x66, 0x72, 0x61, 0x63, 0x74, 0x69, 0x6f, 0x6e, 0x0, 0x66, 0x72, 0x61, 0x63, 0x74, 0x75, 0x72,
    0x65, 0x0, 0x66, 0x72, 0x61, 0x67, 0x6d, 0x65, 0x6e, 0x74, 0x0, 0x66, 0x72, 0x61, 0x67, 0x72,
    0x61, 0x6e, 0x63, 0x65, 0x0, 0x66, 0x72, 0x61, 0x6d, 0x65, 0x77, 0x6f, 0x72, 0x6b, 0x0, 0x66,
    0x72, 0x61, 0x6d, 0x69, 0x6e, 0x67, 0x0, 0x66, 0x72, 0x61, 0x6e, 0x63, 0x65, 0x0, 0x66, 0x72,
    0x61, 0x6e, 0x63, 0x68, 0x69, 0x73, 0x65, 0x0, 0x66, 0x72, 0x61, 0x6e, 0x63, 0x6f, 0x0, 0x66,
    0x72, 0x61, 0x6e, 0x6b, 0x66, 0x75, 0x72, 0x74, 0x0, 0x66, 0x72, 0x61, 0x6e, 0x6b, 0x6c, 0x69,
    0x6e, 0x0, 0x66, 0x72, 0x61, 0x74, 0x65, 0x72, 0x6e, 0x69, 0x74, 0x79, 0x0, 0x66, 0x72, 0x61,
    0x75, 0x64, 0x0, 0x66, 0x72, 0x65, 0x61, 0x6b, 0x0, 0x66, 0x72, 0x65, 0x64, 0x65, 0x72, 0x69,
    0x63, 0x6b, 0x0, 0x66, 0x72, 0x65, 0x65, 0x64, 0x6f, 0x6d, 0x0, 0x66, 0x72, 0x65, 0x65, 0x6c,
    0x61, 0x6e, 0x63, 0x65, 0x0, 0x66, 0x72, 0x65, 0x65, 0x6d, 0x61, 0x6e, 0x0, 0x66, 0x72, 0x65,
    0x65, 0x73, 0x74, 0x79, 0x6c, 0x65, 0x0, 0x66, 0x72, 0x65, 0x65, 0x77, 0x61, 0x79, 0x0, 0x66,
    0x72, 0x65, 0x65, 0x7a, 0x65, 0x72, 0x0, 0x66, 0x72, 0x65, 0x65, 0x7a, 0x69, 0x6e, 0x67, 0x0,
    0x66, 0x72, 0x65, 0x69, 0x67, 0x68, 0x74, 0x0, 0x66, 0x72, 0x65, 0x6e, 0x63, 0x68, 0x0, 0x66,
    0x72, 0x65, 0x71, 0x75, 0x65, 0x6e, 0x63, 0x79, 0x0, 0x66, 0x72, 0x65, 0x73, 0x68, 0x6d, 0x61,
    0x6e, 0x0, 0x66, 0x72, 0x65, 0x73, 0x68, 0x77, 0x61, 0x74, 0x65, 0x72, 0x0, 0x66, 0x72, 0x69,
    0x63, 0x74, 0x69, 0x6f, 0x6e, 0x0, 0x66, 0x72, 0x69, 0x64, 0x61, 0x79, 0x0, 0x66, 0x72, 0x69,
    0x64, 0x67, 0x65, 0x0, 0x66, 0x72, 0x69, 0x65, 0x6e, 0x64, 0x6c, 0x79, 0x0, 0x66, 0x72, 0x69,
    0x65, 0x6e, 0x64, 0x73, 0x68, 0x69, 0x70, 0x0, 0x66, 0x72, 0x69, 0x65, 0x73, 0x0, 0x66, 0x72,
    0x69, 0x6e, 0x67, 0x65, 0x0, 0x66, 0x72, 0x6f, 0x67, 0x0, 0x66, 0x72, 0x6f, 0x6e, 0x74, 0x69,
    0x65, 0x72, 0x0, 0x66, 0x72, 0x6f, 0x73, 0x74, 0x0, 0x66, 0x72, 0x75, 0x69, 0x74, 0x0, 0x66,
    0x75, 0x65, 0x6c, 0x0, 0x66, 0x75, 0x67, 0x69, 0x74, 0x69, 0x76, 0x65, 0x0, 0x66, 0x75, 0x6c,
    0x6c, 0x65, 0x72, 0x0, 0x66, 0x75, 0x6c, 0x74, 0x6f, 0x6e, 0x0, 0x66, 0x75, 0x6e, 0x63, 0x74,
    0x69, 0x6f, 0x6e, 0x0, 0x66, 0x75, 0x6e, 0x64, 0x69, 0x6e, 0x67, 0x0, 0x66, 0x75, 0x6e, 0x64,
    0x72, 0x61, 0x69, 0x73, 0x65, 0x72, 0x0, 0x66, 0x75, 0x6e, 0x64, 0x73, 0x0, 0x66, 0x75, 0x6e,
    0x65, 0x72, 0x61, 0x6c, 0x0, 0x66, 0x75, 0x6e, 0x67, 0x75, 0x73, 0x0, 0x66, 0x75, 0x6e, 0x6b,
    0x0, 0x66, 0x75, 0x6e, 0x6e, 0x79, 0x0, 0x66, 0x75, 0x72, 0x6e, 0x61, 0x63, 0x65, 0x0, 0x66,
    0x75, 0x72, 0x6e, 0x69, 0x74, 0x75, 0x72, 0x65, 0x0, 0x66, 0x75, 0x72, 0x79, 0x0, 0x66, 0x75,
    0x73, 0x65, 0x0, 0x66, 0x75, 0x73, 0x69, 0x6f, 0x6e, 0x0, 0x66, 0x75, 0x73, 0x73, 0x0, 0x66,
    0x75, 0x74, 0x75, 0x72, 0x65, 0x0, 0x67, 0x61, 0x62, 0x72, 0x69, 0x65, 0x6c, 0x0, 0x67, 0x61,
    0x69, 0x6e, 0x0, 0x67, 0x61, 0x6c, 0x61, 0x78, 0x79, 0x0, 0x67, 0x61, 0x6c, 0x65, 0x0, 0x67,
    0x61, 0x6c, 0x6c, 0x65, 0x72, 0x79, 0x0, 0x67, 0x61, 0x6c, 0x6c, 0x6f, 0x6e, 0x0, 0x67, 0x61,
    0x6d, 0x62, 0x6c, 0x65, 0x0, 0x67, 0x61, 0x6d, 0x62, 0x6c, 0x69, 0x6e, 0x67, 0x0, 0x67, 0x61,
    0x6d, 0x65, 0x0, 0x67, 0x61, 0x6d, 0x69, 0x6e, 0x67, 0x0, 0x67, 0x61, 0x6d, 0x6d, 0x61, 0x0,
    0x67, 0x61, 0x6e, 0x64, 0x68, 0x69, 0x0, 0x67, 0x61, 0x6e, 0x67, 0x73, 0x74, 0x65, 0x72, 0x0,
    0x67, 0x61, 0x72, 0x61, 0x67, 0x65, 0x0, 0x67, 0x61, 0x72, 0x62, 0x61, 0x67, 0x65, 0x0, 0x67,
    0x61, 0x72, 0x64, 0x65, 0x6e, 0x69, 0x6e, 0x67, 0x0, 0x67, 0x61, 0x72, 0x64, 0x6e, 0x65, 0x72,
    0x0, 0x67, 0x61, 0x72, 0x6c, 0x69, 0x63, 0x0, 0x67, 0x61, 0x72, 0x6d, 0x65, 0x6e, 0x74, 0x0,
    0x67, 0x61, 0x72, 0x6e, 0x65, 0x72, 0x0, 0x67, 0x61, 0x72, 0x72, 0x69, 0x73, 0x6f, 0x6e, 0x0,
    0x67, 0x61, 0x72, 0x79, 0x0, 0x67, 0x61, 0x73, 0x6f, 0x6c, 0x69, 0x6e, 0x65, 0x0, 0x67, 0x61,
    0x74, 0x65, 0x73, 0x0, 0x67, 0x61, 0x74, 0x65, 0x77, 0x61, 0x79, 0x0, 0x67, 0x61, 0x74, 0x68,
    0x65, 0x72, 0x69, 0x6e, 0x67, 0x0, 0x67, 0x61, 0x75, 0x67, 0x65, 0x0, 0x67, 0x61, 0x7a, 0x61,
    0x0, 0x67, 0x61, 0x7a, 0x65, 0x74, 0x74, 0x65, 0x0, 0x67, 0x65, 0x61, 0x72, 0x0, 0x67, 0x65,
    0x65, 0x6b, 0x0, 0x67, 0x65, 0x6e, 0x64, 0x65, 0x72, 0x0, 0x67, 0x65, 0x6e, 0x65, 0x72, 0x61,
    0x6c, 0x0, 0x67, 0x65, 0x6e, 0x65, 0x72, 0x61, 0x74, 0x69, 0x6f, 0x6e, 0x0, 0x67, 0x65, 0x6e,
    0x65, 0x72, 0x61, 0x74, 0x6f, 0x72, 0x0, 0x67, 0x65, 0x6e, 0x65, 0x72, 0x69, 0x63, 0x0, 0x67,
    0x65, 0x6e, 0x65, 0x72, 0x6f, 0x73, 0x69, 0x74, 0x79, 0x0, 0x67, 0x65, 0x6e, 0x65, 0x73, 0x69,
    0x73, 0x0, 0x67, 0x65, 0x6e, 0x65, 0x74, 0x69, 0x63, 0x73, 0x0, 0x67, 0x65, 0x6e, 0x65, 0x76,
    0x61, 0x0, 0x67, 0x65, 0x6e, 0x69, 0x75, 0x73, 0x0, 0x67, 0x65, 0x6e, 0x6f, 0x63, 0x69, 0x64,
    0x65, 0x0, 0x67, 0x65, 0x6e, 0x6f, 0x6d, 0x65, 0x0, 0x67, 0x65, 0x6e, 0x72, 0x65, 0x0, 0x67,
    0x65, 0x6e, 0x74, 0x6c, 0x65, 0x6d, 0x61, 0x6e, 0x0, 0x67, 0x65, 0x6e, 0x75, 0x73, 0x0, 0x67,
    0x65, 0x6f, 0x67, 0x72, 0x61, 0x70, 0x68, 0x79, 0x0, 0x67, 0x65, 0x6f, 0x6c, 0x6f, 0x67, 0x79,
    0x0, 0x67, 0x65, 0x6f, 0x6d, 0x65, 0x74, 0x72, 0x79, 0x0, 0x67, 0x65, 0x6f, 0x72, 0x67, 0x65,
    0x74, 0x6f, 0x77, 0x6e, 0x0, 0x67, 0x65, 0x6f, 0x72, 0x67, 0x69, 0x61, 0x6e, 0x0, 0x67, 0x65,
    0x72, 0x6d, 0x61, 0x6e, 0x79, 0x0, 0x67, 0x65, 0x73, 0x74, 0x75, 0x72, 0x65, 0x0, 0x67, 0x65,
    0x74, 0x61, 0x77, 0x61, 0x79, 0x0, 0x67, 0x65, 0x74, 0x74, 0x69, 0x6e, 0x67, 0x0, 0x67, 0x68,
    0x61, 0x6e, 0x61, 0x0, 0x67, 0x68, 0x65, 0x74, 0x74, 0x6f, 0x0, 0x67, 0x68, 0x6f, 0x73, 0x74,
    0x0, 0x67, 0x69, 0x61, 0x6e, 0x74, 0x0, 0x67, 0x69, 0x62, 0x62, 0x73, 0x0, 0x67, 0x69, 0x62,
    0x73, 0x6f, 0x6e, 0x0, 0x67, 0x69, 0x66, 0x74, 0x0, 0x67, 0x69, 0x6c, 0x62, 0x65, 0x72, 0x74,
    0x0, 0x67, 0x69, 0x6c, 0x6c, 0x0, 0x67, 0x69, 0x6e, 0x67, 0x65, 0x72, 0x0, 0x67, 0x69, 0x72,
    0x6c, 0x66, 0x72, 0x69, 0x65, 0x6e, 0x64, 0x0, 0x67, 0x69, 0x76, 0x65, 0x61, 0x77, 0x61, 0x79,
    0x0, 0x67, 0x69, 0x76, 0x65, 0x6e, 0x0, 0x67, 0x69, 0x76, 0x69, 0x6e, 0x67, 0x0, 0x67, 0x6c,
    0x61, 0x63, 0x69, 0x65, 0x72, 0x0, 0x67, 0x6c, 0x61, 0x64, 0x0, 0x67, 0x6c, 0x61, 0x6d, 0x6f,
    0x75, 0x72, 0x0, 0x67, 0x6c, 0x61, 0x6e, 0x63, 0x65, 0x0, 0x67, 0x6c, 0x61, 0x73, 0x67, 0x6f,
    0x77, 0x0, 0x67, 0x6c, 0x61, 0x73, 0x73, 0x65, 0x73, 0x0, 0x67, 0x6c, 0x65, 0x6e, 0x6e, 0x0,
    0x67, 0x6c, 0x69, 0x6d, 0x70, 0x73, 0x65, 0x0, 0x67, 0x6c, 0x69, 0x74, 0x74, 0x65, 0x72, 0x0,
    0x67, 0x6c, 0x6f, 0x62, 0x65, 0x0, 0x67, 0x6c, 0x6f, 0x72, 0x79, 0x0, 0x67, 0x6c, 0x6f, 0x75,
    0x63, 0x65, 0x73, 0x74, 0x65, 0x72, 0x0, 0x67, 0x6c, 0x6f, 0x76, 0x65, 0x0, 0x67, 0x6c, 0x6f,
    0x77, 0x69, 0x6e, 0x67, 0x0, 0x67, 0x6c, 0x75, 0x63, 0x6f, 0x73, 0x65, 0x0, 0x67, 0x6c, 0x75,
    0x65, 0x0, 0x67, 0x6c, 0x75, 0x74, 0x65, 0x6e, 0x0, 0x67, 0x6f, 0x61, 0x6c, 0x6b, 0x65, 0x65,
    0x70, 0x65, 0x72, 0x0, 0x67, 0x6f, 0x61, 0x74, 0x0, 0x67, 0x6f, 0x64, 0x64, 0x65, 0x73, 0x73,
    0x0, 0x67, 0x6f, 0x69, 0x6e, 0x67, 0x0, 0x67, 0x6f, 0x6c, 0x64, 0x62, 0x65, 0x72, 0x67, 0x0,
    0x67, 0x6f, 0x6c, 0x64, 0x6d, 0x61, 0x6e, 0x0, 0x67, 0x6f, 0x6c, 0x66, 0x0, 0x67, 0x6f, 0x6f,
    0x64, 0x62, 0x79, 0x65, 0x0, 0x67, 0x6f, 0x6f, 0x64, 0x6d, 0x61, 0x6e, 0x0, 0x67, 0x6f, 0x6f,
    0x64, 0x6e, 0x65, 0x73, 0x73, 0x0, 0x67, 0x6f, 0x6f, 0x64, 0x77, 0x69, 0x6c, 0x6c, 0x0, 0x67,
    0x6f, 0x6f, 0x66, 0x79, 0x0, 0x67, 0x6f, 0x6f, 0x67, 0x6c, 0x65, 0x0, 0x67, 0x6f, 0x6f, 0x73,
    0x65, 0x0, 0x67, 0x6f, 0x72, 0x65, 0x0, 0x67, 0x6f, 0x72, 0x69, 0x6c, 0x6c, 0x61, 0x0, 0x67,
    0x6f, 0x73, 0x70, 0x65, 0x6c, 0x0, 0x67, 0x6f, 0x73, 0x73, 0x69, 0x70, 0x0, 0x67, 0x6f, 0x74,
    0x68, 0x69, 0x63, 0x0, 0x67, 0x6f, 0x76, 0x65, 0x72, 0x6e, 0x61, 0x6e, 0x63, 0x65, 0x0, 0x67,
    0x6f, 0x76, 0x65, 0x72, 0x6e, 0x65, 0x64, 0x0, 0x67, 0x6f, 0x76, 0x65, 0x72, 0x6e, 0x69, 0x6e,
    0x67, 0x0, 0x67, 0x6f, 0x76, 0x65, 0x72, 0x6e, 0x6d, 0x65, 0x6e, 0x74, 0x0, 0x67, 0x6f, 0x76,
    0x65, 0x72, 0x6e, 0x6f, 0x72, 0x0, 0x67, 0x6f, 0x77, 0x6e, 0x0, 0x67, 0x72, 0x61, 0x62, 0x0,
    0x67, 0x72, 0x61, 0x63, 0x65, 0x0, 0x67, 0x72, 0x61, 0x64, 0x65, 0x0, 0x67, 0x72, 0x61, 0x64,
    0x75, 0x61, 0x6c, 0x0, 0x67, 0x72, 0x61, 0x64, 0x75, 0x61, 0x74, 0x65, 0x0, 0x67, 0x72, 0x61,
    0x64, 0x75, 0x61, 0x74, 0x69, 0x6f, 0x6e, 0x0, 0x67, 0x72, 0x61, 0x66, 0x66, 0x69, 0x74, 0x69,
    0x0, 0x67, 0x72, 0x61, 0x68, 0x61, 0x6d, 0x0, 0x67, 0x72, 0x61, 0x69, 0x6e, 0x0, 0x67, 0x72,
    0x61, 0x6d, 0x6d, 0x61, 0x72, 0x0, 0x67, 0x72, 0x61, 0x6e, 0x64, 0x6d, 0x61, 0x0, 0x67, 0x72,
    0x61, 0x6e, 0x64, 0x70, 0x61, 0x0, 0x67, 0x72, 0x61, 0x6e, 0x64, 0x73, 0x6f, 0x6e, 0x0, 0x67,
    0x72, 0x61, 0x6e, 0x69, 0x74, 0x65, 0x0, 0x67, 0x72, 0x61, 0x6e, 0x6e, 0x79, 0x0, 0x67, 0x72,
    0x61, 0x6e, 0x74, 0x0, 0x67, 0x72, 0x61, 0x70, 0x65, 0x0, 0x67, 0x72, 0x61, 0x70, 0x68, 0x69,
    0x63, 0x73, 0x0, 0x67, 0x72, 0x61, 0x73, 0x70, 0x0, 0x67, 0x72, 0x61, 0x73, 0x73, 0x0, 0x67,
    0x72, 0x61, 0x74, 0x69, 0x74, 0x75, 0x64, 0x65, 0x0, 0x67, 0x72, 0x61, 0x76, 0x65, 0x6c, 0x0,
    0x67, 0x72, 0x61, 0x76, 0x65, 0x73, 0x0, 0x67, 0x72, 0x61, 0x76, 0x65, 0x79, 0x61, 0x72, 0x64,
    0x0, 0x67, 0x72, 0x61, 0x76, 0x69, 0x74, 0x79, 0x0, 0x67, 0x72, 0x61, 0x79, 0x0, 0x67, 0x72,
    0x65, 0x61, 0x73, 0x65, 0x0, 0x67, 0x72, 0x65, 0x61, 0x74, 0x6e, 0x65, 0x73, 0x73, 0x0, 0x67,
    0x72, 0x65, 0x65, 0x63, 0x65, 0x0, 0x67, 0x72, 0x65, 0x65, 0x64, 0x0, 0x67, 0x72, 0x65, 0x65,
    0x6b, 0x0, 0x67, 0x72, 0x65, 0x65, 0x6e, 0x65, 0x0, 0x67, 0x72, 0x65, 0x65, 0x6e, 0x68, 0x6f,
    0x75, 0x73, 0x65, 0x0, 0x67, 0x72, 0x65, 0x65, 0x6e, 0x73, 0x0, 0x67, 0x72, 0x65, 0x65, 0x6e,
    0x77, 0x69, 0x63, 0x68, 0x0, 0x67, 0x72, 0x65, 0x65, 0x74, 0x69, 0x6e, 0x67, 0x0, 0x67, 0x72,
    0x65, 0x67, 0x6f, 0x72, 0x79, 0x0, 0x67, 0x72, 0x65, 0x6e, 0x61, 0x64, 0x65, 0x0, 0x67, 0x72,
    0x65, 0x79, 0x0, 0x67, 0x72, 0x69, 0x64, 0x0, 0x67, 0x72, 0x69, 0x65, 0x66, 0x0, 0x67, 0x72,
    0x69, 0x66, 0x66, 0x69, 0x6e, 0x0, 0x67, 0x72, 0x69, 0x66, 0x66, 0x69, 0x74, 0x68, 0x0, 0x67,
    0x72, 0x69, 0x6c, 0x6c, 0x0, 0x67, 0x72, 0x69, 0x6e, 0x64, 0x69, 0x6e, 0x67, 0x0, 0x67, 0x72,
    0x69, 0x70, 0x0, 0x67, 0x72, 0x6f, 0x63, 0x65, 0x72, 0x79, 0x0, 0x67, 0x72, 0x6f, 0x6f, 0x6d,
    0x0, 0x67, 0x72, 0x6f, 0x6f, 0x76, 0x65, 0x0, 0x67, 0x72, 0x6f, 0x73, 0x73, 0x0, 0x67, 0x72,
    0x6f, 0x75, 0x6e, 0x64, 0x73, 0x0, 0x67, 0x72, 0x6f, 0x75, 0x70, 0x0, 0x67, 0x72, 0x6f, 0x76,
    0x65, 0x0, 0x67, 0x72, 0x6f, 0x77, 0x69, 0x6e, 0x67, 0x0, 0x67, 0x72, 0x6f, 0x77, 0x74, 0x68,
    0x0, 0x67, 0x75, 0x61, 0x72, 0x61, 0x6e, 0x74, 0x65, 0x65, 0x0, 0x67, 0x75, 0x61, 0x72, 0x64,
    0x69, 0x61, 0x6e, 0x0, 0x67, 0x75, 0x61, 0x74, 0x65, 0x6d, 0x61, 0x6c, 0x61, 0x0, 0x67, 0x75,
    0x65, 0x73, 0x73, 0x69, 0x6e, 0x67, 0x0, 0x67, 0x75, 0x65, 0x73, 0x74, 0x0, 0x67, 0x75, 0x69,
    0x64, 0x61, 0x6e, 0x63, 0x65, 0x0, 0x67, 0x75, 0x69, 0x64, 0x65, 0x0, 0x67, 0x75, 0x69, 0x6c,
    0x64, 0x0, 0x67, 0x75, 0x69, 0x6c, 0x74, 0x0, 0x67, 0x75, 0x69, 0x6e, 0x65, 0x61, 0x0, 0x67,
    0x75, 0x69, 0x74, 0x61, 0x72, 0x69, 0x73, 0x74, 0x0, 0x67, 0x75, 0x6a, 0x61, 0x72, 0x61, 0x74,
    0x0, 0x67, 0x75, 0x6c, 0x66, 0x0, 0x67, 0x75, 0x6e, 0x66, 0x69, 0x72, 0x65, 0x0, 0x67, 0x75,
    0x72, 0x75, 0x0, 0x67, 0x75, 0x74, 0x73, 0x0, 0x67, 0x79, 0x6d, 0x6e, 0x61, 0x73, 0x74, 0x69,
    0x63, 0x73, 0x0, 0x67, 0x79, 0x70, 0x73, 0x79, 0x0, 0x68, 0x61, 0x62, 0x69, 0x74, 0x61, 0x74,
    0x0, 0x68, 0x61, 0x63, 0x6b, 0x65, 0x72, 0x0, 0x68, 0x61, 0x69, 0x6c, 0x0, 0x68, 0x61, 0x69,
    0x72, 0x63, 0x75, 0x74, 0x0, 0x68, 0x61, 0x69, 0x74, 0x69, 0x0, 0x68, 0x61, 0x6c, 0x65, 0x0,
    0x68, 0x61, 0x6c, 0x66, 0x74, 0x69, 0x6d, 0x65, 0x0, 0x68, 0x61, 0x6c, 0x69, 0x66, 0x61, 0x78,
    0x0, 0x68, 0x61, 0x6c, 0x6c, 0x6f, 0x77, 0x65, 0x65, 0x6e, 0x0, 0x68, 0x61, 0x6c, 0x6c, 0x77,
    0x61, 0x79, 0x0, 0x68, 0x61, 0x6c, 0x6f, 0x0, 0x68, 0x61, 0x6c, 0x74, 0x0, 0x68, 0x61, 0x6d,
    0x61, 0x73, 0x0, 0x68, 0x61, 0x6d, 0x62, 0x75, 0x72, 0x67, 0x0, 0x68, 0x61, 0x6d, 0x69, 0x6c,
    0x74, 0x6f, 0x6e, 0x0, 0x68, 0x61, 0x6d, 0x6c, 0x65, 0x74, 0x0, 0x68, 0x61, 0x6d, 0x6d, 0x65,
    0x72, 0x0, 0x68, 0x61, 0x6d, 0x70, 0x73, 0x68, 0x69, 0x72, 0x65, 0x0, 0x68, 0x61, 0x6d, 0x70,
    0x74, 0x6f, 0x6e, 0x0, 0x68, 0x61, 0x6e, 0x63, 0x6f, 0x63, 0x6b, 0x0, 0x68, 0x61, 0x6e, 0x64,
    0x62, 0x6f, 0x6f, 0x6b, 0x0, 0x68, 0x61, 0x6e, 0x64, 0x66, 0x75, 0x6c, 0x0, 0x68, 0x61, 0x6e,
    0x64, 0x69, 0x63, 0x61, 0x70, 0x0, 0x68, 0x61, 0x6e, 0x64, 0x6c, 0x65, 0x72, 0x0, 0x68, 0x61,
    0x6e, 0x64, 0x6c, 0x69, 0x6e, 0x67, 0x0, 0x68, 0x61, 0x6e, 0x64, 0x73, 0x0, 0x68, 0x61, 0x6e,
    0x64, 0x79, 0x0, 0x68, 0x61, 0x6e, 0x67, 0x69, 0x6e, 0x67, 0x0, 0x68, 0x61, 0x6e, 0x67, 0x6f,
    0x76, 0x65, 0x72, 0x0, 0x68, 0x61, 0x6e, 0x6b, 0x0, 0x68, 0x61, 0x70, 0x70, 0x65, 0x6e, 0x69,
    0x6e, 0x67, 0x0, 0x68, 0x61, 0x70, 0x70, 0x69, 0x6e, 0x65, 0x73, 0x73, 0x0, 0x68, 0x61, 0x72,
    0x61, 0x73, 0x73, 0x6d, 0x65, 0x6e, 0x74, 0x0, 0x68, 0x61, 0x72, 0x62, 0x6f, 0x72, 0x0, 0x68,
    0x61, 0x72, 0x62, 0x6f, 0x75, 0x72, 0x0, 0x68, 0x61, 0x72, 0x64, 0x73, 0x68, 0x69, 0x70, 0x0,
    0x68, 0x61, 0x72, 0x64, 0x77, 0x61, 0x72, 0x65, 0x0, 0x68, 0x61, 0x72, 0x64, 0x79, 0x0, 0x68,
    0x61, 0x72, 0x65, 0x0, 0x68, 0x61, 0x72, 0x6c, 0x65, 0x6d, 0x0, 0x68, 0x61, 0x72, 0x6d, 0x6f,
    0x6e, 0x79, 0x0, 0x68, 0x61, 0x72, 0x6e, 0x65, 0x73, 0x73, 0x0, 0x68, 0x61, 0x72, 0x70, 0x65,
    0x72, 0x0, 0x68, 0x61, 0x72, 0x72, 0x69, 0x73, 0x6f, 0x6e, 0x0, 0x68, 0x61, 0x72, 0x74, 0x66,
    0x6f, 0x72, 0x64, 0x0, 0x68, 0x61, 0x72, 0x76, 0x61, 0x72, 0x64, 0x0, 0x68, 0x61, 0x72, 0x76,
    0x65, 0x73, 0x74, 0x69, 0x6e, 0x67, 0x0, 0x68, 0x61, 0x72, 0x76, 0x65, 0x79, 0x0, 0x68, 0x61,
    0x73, 0x68, 0x0, 0x68, 0x61, 0x73, 0x73, 0x6c, 0x65, 0x0, 0x68, 0x61, 0x73, 0x74, 0x69, 0x6e,
    0x67, 0x73, 0x0, 0x68, 0x61, 0x74, 0x63, 0x68, 0x0, 0x68, 0x61, 0x74, 0x65, 0x0, 0x68, 0x61,
    0x74, 0x72, 0x65, 0x64, 0x0, 0x68, 0x61, 0x75, 0x6c, 0x0, 0x68, 0x61, 0x75, 0x6e, 0x74, 0x0,
    0x68, 0x61, 0x76, 0x61, 0x6e, 0x61, 0x0, 0x68, 0x61, 0x76, 0x65, 0x6e, 0x0, 0x68, 0x61, 0x76,
    0x6f, 0x63, 0x0, 0x68, 0x61, 0x77, 0x61, 0x69, 0x69, 0x61, 0x6e, 0x0, 0x68, 0x61, 0x77, 0x6b,
    0x69, 0x6e, 0x73, 0x0, 0x68, 0x61, 0x79, 0x65, 0x73, 0x0, 0x68, 0x61, 0x7a, 0x61, 0x72, 0x64,
    0x0, 0x68, 0x61, 0x7a, 0x65, 0x6c, 0x0, 0x68, 0x65, 0x61, 0x64, 0x61, 0x63, 0x68, 0x65, 0x0,
    0x68, 0x65, 0x61, 0x64, 0x65, 0x72, 0x0, 0x68, 0x65, 0x61, 0x64, 0x69, 0x6e, 0x67, 0x0, 0x68,
    0x65, 0x61, 0x64, 0x6c, 0x69, 0x6e, 0x65, 0x0, 0x68, 0x65, 0x61, 0x64, 0x73, 0x65, 0x74, 0x0,
    0x68, 0x65, 0x61, 0x6c, 0x69, 0x6e, 0x67, 0x0, 0x68, 0x65, 0x61, 0x6c, 0x74, 0x68, 0x63, 0x61,
    0x72, 0x65, 0x0, 0x68, 0x65, 0x61, 0x70, 0x0, 0x68, 0x65, 0x61, 0x72, 0x69, 0x6e, 0x67, 0x0,
    0x68, 0x65, 0x61, 0x72, 0x74, 0x62, 0x65, 0x61, 0x74, 0x0, 0x68, 0x65, 0x61, 0x72, 0x74, 0x73,
    0x0, 0x68, 0x65, 0x61, 0x74, 0x65, 0x72, 0x0, 0x68, 0x65, 0x61, 0x74, 0x68, 0x65, 0x72, 0x0,
    0x68, 0x65, 0x61, 0x74, 0x69, 0x6e, 0x67, 0x0, 0x68, 0x65, 0x61, 0x76, 0x65, 0x6e, 0x73, 0x0,
    0x68, 0x65, 0x61, 0x76, 0x79, 0x0, 0x68, 0x65, 0x62, 0x72, 0x65, 0x77, 0x0, 0x68, 0x65, 0x63,
    0x74, 0x6f, 0x72, 0x0, 0x68, 0x65, 0x64, 0x67, 0x65, 0x0, 0x68, 0x65, 0x65, 0x6c, 0x0, 0x68,
    0x65, 0x69, 0x67, 0x68, 0x74, 0x73, 0x0, 0x68, 0x65, 0x69, 0x72, 0x0, 0x68, 0x65, 0x6c, 0x65,
    0x6e, 0x61, 0x0, 0x68, 0x65, 0x6c, 0x69, 0x63, 0x6f, 0x70, 0x74, 0x65, 0x72, 0x0, 0x68, 0x65,
    0x6c, 0x6c, 0x6f, 0x0, 0x68, 0x65, 0x6c, 0x6d, 0x65, 0x74, 0x0, 0x68, 0x65, 0x6c, 0x70, 0x69,
    0x6e, 0x67, 0x0, 0x68, 0x65, 0x6d, 0x69, 0x73, 0x70, 0x68, 0x65, 0x72, 0x65, 0x0, 0x68, 0x65,
    0x6e, 0x72, 0x79, 0x0, 0x68, 0x65, 0x70, 0x61, 0x74, 0x69, 0x74, 0x69, 0x73, 0x0, 0x68, 0x65,
    0x72, 0x61, 0x6c, 0x64, 0x0, 0x68, 0x65, 0x72, 0x62, 0x65, 0x72, 0x74, 0x0, 0x68, 0x65, 0x72,
    0x63, 0x75, 0x6c, 0x65, 0x73, 0x0, 0x68, 0x65, 0x72, 0x64, 0x0, 0x68, 0x65, 0x72, 0x65, 0x0,
    0x68, 0x65, 0x72, 0x69, 0x74, 0x61, 0x67, 0x65, 0x0, 0x68, 0x65, 0x72, 0x6d, 0x61, 0x6e, 0x0,
    0x68, 0x65, 0x72, 0x6f, 0x69, 0x63, 0x0, 0x68, 0x65, 0x72, 0x6f, 0x69, 0x6e, 0x65, 0x0, 0x68,
    0x65, 0x73, 0x69, 0x74, 0x61, 0x74, 0x69, 0x6f, 0x6e, 0x0, 0x68, 0x69, 0x64, 0x65, 0x0, 0x68,
    0x69, 0x64, 0x69, 0x6e, 0x67, 0x0, 0x68, 0x69, 0x65, 0x72, 0x61, 0x72, 0x63, 0x68, 0x79, 0x0,
    0x68, 0x69, 0x67, 0x68, 0x6c, 0x61, 0x6e, 0x64, 0x73, 0x0, 0x68, 0x69, 0x67, 0x68, 0x6c, 0x69,
    0x67, 0x68, 0x74, 0x0, 0x68, 0x69, 0x67, 0x68, 0x77, 0x61, 0x79, 0x0, 0x68, 0x69, 0x6b, 0x65,
    0x0, 0x68, 0x69, 0x6b, 0x69, 0x6e, 0x67, 0x0, 0x68, 0x69, 0x6c, 0x6c, 0x61, 0x72, 0x79, 0x0,
    0x68, 0x69, 0x6e, 0x64, 0x69, 0x0, 0x68, 0x69, 0x6e, 0x64, 0x75, 0x0, 0x68, 0x69, 0x6e, 0x74,
    0x0, 0x68, 0x69, 0x72, 0x65, 0x0, 0x68, 0x69, 0x73, 0x70, 0x61, 0x6e, 0x69, 0x63, 0x0, 0x68,
    0x69, 0x73, 0x74, 0x6f, 0x72, 0x69, 0x61, 0x6e, 0x0, 0x68, 0x69, 0x73, 0x74, 0x6f, 0x72, 0x79,
    0x0, 0x68, 0x69, 0x74, 0x6c, 0x65, 0x72, 0x0, 0x68, 0x69, 0x74, 0x74, 0x65, 0x72, 0x0, 0x68,
    0x69, 0x74, 0x74, 0x69, 0x6e, 0x67, 0x0, 0x68, 0x69, 0x76, 0x65, 0x0, 0x68, 0x6f, 0x61, 0x78,
    0x0, 0x68, 0x6f, 0x62, 0x62, 0x79, 0x0, 0x68, 0x6f, 0x63, 0x6b, 0x65, 0x79, 0x0, 0x68, 0x6f,
    0x66, 0x66, 0x6d, 0x61, 0x6e, 0x0, 0x68, 0x6f, 0x67, 0x61, 0x6e, 0x0, 0x68, 0x6f, 0x6c, 0x64,
    0x65, 0x72, 0x0, 0x68, 0x6f, 0x6c, 0x64, 0x69, 0x6e, 0x67, 0x0, 0x68, 0x6f, 0x6c, 0x65, 0x0,
    0x68, 0x6f, 0x6c, 0x69, 0x64, 0x61, 0x79, 0x0, 0x68, 0x6f, 0x6c, 0x6c, 0x61, 0x6e, 0x64, 0x0,
    0x68, 0x6f, 0x6c, 0x6c, 0x6f, 0x77, 0x0, 0x68, 0x6f, 0x6c, 0x6c, 0x79, 0x77, 0x6f, 0x6f, 0x64,
    0x0, 0x68, 0x6f, 0x6c, 0x6d, 0x65, 0x73, 0x0, 0x68, 0x6f, 0x6c, 0x6f, 0x63, 0x61, 0x75, 0x73,
    0x74, 0x0, 0x68, 0x6f, 0x6c, 0x79, 0x0, 0x68, 0x6f, 0x6d, 0x61, 0x67, 0x65, 0x0, 0x68, 0x6f,
    0x6d, 0x65, 0x63, 0x6f, 0x6d, 0x69, 0x6e, 0x67, 0x0, 0x68, 0x6f, 0x6d, 0x65, 0x6c, 0x61, 0x6e,
    0x64, 0x0, 0x68, 0x6f, 0x6d, 0x65, 0x6c, 0x65, 0x73, 0x73, 0x0, 0x68, 0x6f, 0x6d, 0x65, 0x72,
    0x0, 0x68, 0x6f, 0x6d, 0x65, 0x74, 0x6f, 0x77, 0x6e, 0x0, 0x68, 0x6f, 0x6d, 0x65, 0x77, 0x6f,
    0x72, 0x6b, 0x0, 0x68, 0x6f, 0x6d, 0x69, 0x63, 0x69, 0x64, 0x65, 0x0, 0x68, 0x6f, 0x6d, 0x6f,
    0x73, 0x65, 0x78, 0x75, 0x61, 0x6c, 0x0, 0x68, 0x6f, 0x6e, 0x64, 0x75, 0x72, 0x61, 0x73, 0x0,
    0x68, 0x6f, 0x6e, 0x65, 0x73, 0x74, 0x79, 0x0, 0x68, 0x6f, 0x6e, 0x65, 0x79, 0x6d, 0x6f, 0x6f,
    0x6e, 0x0, 0x68, 0x6f, 0x6e, 0x6f, 0x6c, 0x75, 0x6c, 0x75, 0x0, 0x68, 0x6f, 0x6e, 0x6f, 0x72,
    0x69, 0x6e, 0x67, 0x0, 0x68, 0x6f, 0x6e, 0x6f, 0x75, 0x72, 0x73, 0x0, 0x68, 0x6f, 0x6f, 0x64,
    0x0, 0x68, 0x6f, 0x6f, 0x6b, 0x73, 0x0, 0x68, 0x6f, 0x6f, 0x76, 0x65, 0x72, 0x0, 0x68, 0x6f,
    0x70, 0x65, 0x66, 0x75, 0x6c, 0x0, 0x68, 0x6f, 0x70, 0x6b, 0x69, 0x6e, 0x73, 0x0, 0x68, 0x6f,
    0x72, 0x61, 0x63, 0x65, 0x0, 0x68, 0x6f, 0x72, 0x69, 0x7a, 0x6f, 0x6e, 0x74, 0x61, 0x6c, 0x0,
    0x68, 0x6f, 0x72, 0x6d, 0x6f, 0x6e, 0x65, 0x0, 0x68, 0x6f, 0x72, 0x6e, 0x0, 0x68, 0x6f, 0x72,
    0x72, 0x6f, 0x72, 0x0, 0x68, 0x6f, 0x72, 0x73, 0x65, 0x0, 0x68, 0x6f, 0x73, 0x65, 0x0, 0x68,
    0x6f, 0x73, 0x70, 0x69, 0x74, 0x61, 0x6c, 0x0, 0x68, 0x6f, 0x73, 0x74, 0x61, 0x67, 0x65, 0x0,
    0x68, 0x6f, 0x73, 0x74, 0x69, 0x6c, 0x65, 0x0, 0x68, 0x6f, 0x73, 0x74, 0x69, 0x6c, 0x69, 0x74,
    0x79, 0x0, 0x68, 0x6f, 0x74, 0x65, 0x6c, 0x0, 0x68, 0x6f, 0x75, 0x72, 0x73, 0x0, 0x68, 0x6f,
    0x75, 0x73, 0x65, 0x68, 0x6f, 0x6c, 0x64, 0x0, 0x68, 0x6f, 0x75, 0x73, 0x69, 0x6e, 0x67, 0x0,
    0x68, 0x6f, 0x75, 0x73, 0x74, 0x6f, 0x6e, 0x0, 0x68, 0x6f, 0x77, 0x61, 0x72, 0x64, 0x0, 0x68,
    0x6f, 0x77, 0x65, 0x0, 0x68, 0x74, 0x6d, 0x6c, 0x0, 0x68, 0x74, 0x74, 0x70, 0x0, 0x68, 0x75,
    0x64, 0x73, 0x6f, 0x6e, 0x0, 0x68, 0x75, 0x67, 0x68, 0x65, 0x73, 0x0, 0x68, 0x75, 0x67, 0x6f,
    0x0, 0x68, 0x75, 0x6c, 0x6b, 0x0, 0x68, 0x75, 0x6c, 0x6c, 0x0, 0x68, 0x75, 0x6d, 0x61, 0x6e,
    0x69, 0x74, 0x69, 0x65, 0x73, 0x0, 0x68, 0x75, 0x6d, 0x61, 0x6e, 0x69, 0x74, 0x79, 0x0, 0x68,
    0x75, 0x6d, 0x61, 0x6e, 0x73, 0x0, 0x68, 0x75, 0x6d, 0x69, 0x64, 0x69, 0x74, 0x79, 0x0, 0x68,
    0x75, 0x6d, 0x69, 0x6c, 0x69, 0x74, 0x79, 0x0, 0x68, 0x75, 0x6d, 0x6f, 0x72, 0x0, 0x68, 0x75,
    0x6d, 0x6f, 0x75, 0x72, 0x0, 0x68, 0x75, 0x6e, 0x64, 0x72, 0x65, 0x64, 0x0, 0x68, 0x75, 0x6e,
    0x67, 0x61, 0x72, 0x69, 0x61, 0x6e, 0x0, 0x68, 0x75, 0x6e, 0x67, 0x61, 0x72, 0x79, 0x0, 0x68,
    0x75, 0x6e, 0x67, 0x65, 0x72, 0x0, 0x68, 0x75, 0x6e, 0x74, 0x65, 0x72, 0x0, 0x68, 0x75, 0x6e,
    0x74, 0x69, 0x6e, 0x67, 0x74, 0x6f, 0x6e, 0x0, 0x68, 0x75, 0x72, 0x64, 0x6c, 0x65, 0x73, 0x0,
    0x68, 0x75, 0x72, 0x72, 0x69, 0x63, 0x61, 0x6e, 0x65, 0x0, 0x68, 0x75, 0x72, 0x72, 0x79, 0x0,
    0x68, 0x75, 0x72, 0x74, 0x69, 0x6e, 0x67, 0x0, 0x68, 0x75, 0x73, 0x62, 0x61, 0x6e, 0x64, 0x0,
    0x68, 0x75, 0x73, 0x73, 0x65, 0x69, 0x6e, 0x0, 0x68, 0x75, 0x73, 0x74, 0x6c, 0x65, 0x0, 0x68,
    0x79, 0x62, 0x72, 0x69, 0x64, 0x0, 0x68, 0x79, 0x64, 0x65, 0x72, 0x61, 0x62, 0x61, 0x64, 0x0,
    0x68, 0x79, 0x64, 0x72, 0x6f, 0x67, 0x65, 0x6e, 0x0, 0x68, 0x79, 0x67, 0x69, 0x65, 0x6e, 0x65,
    0x0, 0x68, 0x79, 0x6d, 0x6e, 0x0, 0x68, 0x79, 0x70, 0x65, 0x0, 0x68, 0x79, 0x70, 0x6f, 0x63,
    0x72, 0x69, 0x73, 0x79, 0x0, 0x68, 0x79, 0x70, 0x6f, 0x74, 0x68, 0x65, 0x73, 0x69, 0x73, 0x0,
    0x69, 0x62, 0x72, 0x61, 0x68, 0x69, 0x6d, 0x0, 0x69, 0x63, 0x65, 0x6c, 0x61, 0x6e, 0x64, 0x0,
    0x69, 0x63, 0x6f, 0x6e, 0x0, 0x69, 0x64, 0x61, 0x68, 0x6f, 0x0, 0x69, 0x64, 0x65, 0x61, 0x6c,
    0x0, 0x69, 0x64, 0x65, 0x6e, 0x74, 0x69, 0x74, 0x79, 0x0, 0x69, 0x64, 0x65, 0x6f, 0x6c, 0x6f,
    0x67, 0x79, 0x0, 0x69, 0x64, 0x69, 0x6f, 0x74, 0x0, 0x69, 0x64, 0x6c, 0x65, 0x0, 0x69, 0x64,
    0x6f, 0x6c, 0x0, 0x69, 0x67, 0x6e, 0x69, 0x74, 0x69, 0x6f, 0x6e, 0x0, 0x69, 0x67, 0x6e, 0x6f,
    0x72, 0x61, 0x6e, 0x63, 0x65, 0x0, 0x69, 0x6c, 0x6c, 0x69, 0x6e, 0x6f, 0x69, 0x73, 0x0, 0x69,
    0x6c, 0x6c, 0x6e, 0x65, 0x73, 0x73, 0x0, 0x69, 0x6c, 0x6c, 0x75, 0x73, 0x69, 0x6f, 0x6e, 0x0,
    0x69, 0x6d, 0x61, 0x67, 0x65, 0x72, 0x79, 0x0, 0x69, 0x6d, 0x61, 0x67, 0x69, 0x6e, 0x61, 0x72,
    0x79, 0x0, 0x69, 0x6d, 0x61, 0x67, 0x69, 0x6e, 0x67, 0x0, 0x69, 0x6d, 0x61, 0x6d, 0x0, 0x69,
    0x6d, 0x6d, 0x69, 0x67, 0x72, 0x61, 0x6e, 0x74, 0x0, 0x69, 0x6d, 0x6d, 0x6f, 0x72, 0x74, 0x61,
    0x6c, 0x0, 0x69, 0x6d, 0x6d, 0x75, 0x6e, 0x65, 0x0, 0x69, 0x6d, 0x6d, 0x75, 0x6e, 0x69, 0x74,
    0x79, 0x0, 0x69, 0x6d, 0x70, 0x61, 0x63, 0x74, 0x0, 0x69, 0x6d, 0x70, 0x61, 0x69, 0x72, 0x6d,
    0x65, 0x6e, 0x74, 0x0, 0x69, 0x6d, 0x70, 0x65, 0x72, 0x61, 0x74, 0x69, 0x76, 0x65, 0x0, 0x69,
    0x6d, 0x70, 0x65, 0x72, 0x69, 0x61, 0x6c, 0x0, 0x69, 0x6d, 0x70, 0x6c, 0x65, 0x6d, 0x65, 0x6e,
    0x74, 0x0, 0x69, 0x6d, 0x70, 0x6f, 0x72, 0x74, 0x61, 0x6e, 0x63, 0x65, 0x0, 0x69, 0x6d, 0x70,
    0x6f, 0x73, 0x73, 0x69, 0x62, 0x6c, 0x65, 0x0, 0x69, 0x6d, 0x70, 0x72, 0x65, 0x73, 0x73, 0x69,
    0x6f, 0x6e, 0x0, 0x69, 0x6d, 0x70, 0x75, 0x6c, 0x73, 0x65, 0x0, 0x69, 0x6e, 0x61, 0x62, 0x69,
    0x6c, 0x69, 0x74, 0x79, 0x0, 0x69, 0x6e, 0x61, 0x75, 0x67, 0x75, 0x72, 0x61, 0x6c, 0x0, 0x69,
    0x6e, 0x63, 0x65, 0x6e, 0x74, 0x69, 0x76, 0x65, 0x0, 0x69, 0x6e, 0x63, 0x65, 0x70, 0x74, 0x69,
    0x6f, 0x6e, 0x0, 0x69, 0x6e, 0x63, 0x68, 0x0, 0x69, 0x6e, 0x63, 0x69, 0x64, 0x65, 0x6e, 0x63,
    0x65, 0x0, 0x69, 0x6e, 0x63, 0x69, 0x64, 0x65, 0x6e, 0x74, 0x0, 0x69, 0x6e, 0x63, 0x6c, 0x75,
    0x73, 0x69, 0x6f, 0x6e, 0x0, 0x69, 0x6e, 0x63, 0x6f, 0x6d, 0x65, 0x0, 0x69, 0x6e, 0x63, 0x6f,
    0x6d, 0x69, 0x6e, 0x67, 0x0, 0x69, 0x6e, 0x63, 0x72, 0x65, 0x61, 0x73, 0x65, 0x0, 0x69, 0x6e,
    0x63, 0x75, 0x6d, 0x62, 0x65, 0x6e, 0x74, 0x0, 0x69, 0x6e, 0x64, 0x65, 0x78, 0x0, 0x69, 0x6e,
    0x64, 0x69, 0x61, 0x6e, 0x61, 0x0, 0x69, 0x6e, 0x64, 0x69, 0x63, 0x61, 0x74, 0x69, 0x6f, 0x6e,
    0x0, 0x69, 0x6e, 0x64, 0x69, 0x63, 0x61, 0x74, 0x69, 0x76, 0x65, 0x0, 0x69, 0x6e, 0x64, 0x69,
    0x63, 0x61, 0x74, 0x6f, 0x72, 0x0, 0x69, 0x6e, 0x64, 0x69, 0x63, 0x74, 0x6d, 0x65, 0x6e, 0x74,
    0x0, 0x69, 0x6e, 0x64, 0x69, 0x65, 0x0, 0x69, 0x6e, 0x64, 0x69, 0x76, 0x69, 0x64, 0x75, 0x61,
    0x6c, 0x0, 0x69, 0x6e, 0x64, 0x6f, 0x6e, 0x65, 0x73, 0x69, 0x61, 0x6e, 0x0, 0x69, 0x6e, 0x64,
    0x75, 0x63, 0x74, 0x69, 0x6f, 0x6e, 0x0, 0x69, 0x6e, 0x64, 0x75, 0x73, 0x74, 0x72, 0x79, 0x0,
    0x69, 0x6e, 0x65, 0x71, 0x75, 0x61, 0x6c, 0x69, 0x74, 0x79, 0x0, 0x69, 0x6e, 0x65, 0x76, 0x69,
    0x74, 0x61, 0x62, 0x6c, 0x65, 0x0, 0x69, 0x6e, 0x66, 0x61, 0x6e, 0x74, 0x72, 0x79, 0x0, 0x69,
    0x6e, 0x66, 0x65, 0x63, 0x74, 0x69, 0x6f, 0x6e, 0x0, 0x69, 0x6e, 0x66, 0x65, 0x72, 0x69, 0x6f,
    0x72, 0x0, 0x69, 0x6e, 0x66, 0x69, 0x6e, 0x69, 0x74, 0x65, 0x0, 0x69, 0x6e, 0x66, 0x69, 0x6e,
    0x69, 0x74, 0x79, 0x0, 0x69, 0x6e, 0x66, 0x6c, 0x61, 0x74, 0x69, 0x6f, 0x6e, 0x0, 0x69, 0x6e,
    0x66, 0x6c, 0x75, 0x65, 0x6e, 0x63, 0x65, 0x0, 0x69, 0x6e, 0x66, 0x6c, 0x75, 0x65, 0x6e, 0x7a,
    0x61, 0x0, 0x69, 0x6e, 0x66, 0x6c, 0x75, 0x78, 0x0, 0x69, 0x6e, 0x66, 0x6f, 0x72, 0x6d, 0x69,
    0x6e, 0x67, 0x0, 0x69, 0x6e, 0x66, 0x72, 0x61, 0x72, 0x65, 0x64, 0x0, 0x69, 0x6e, 0x67, 0x72,
    0x65, 0x64, 0x69, 0x65, 0x6e, 0x74, 0x0, 0x69, 0x6e, 0x69, 0x74, 0x69, 0x61, 0x6c, 0x0, 0x69,
    0x6e, 0x69, 0x74, 0x69, 0x61, 0x74, 0x65, 0x0, 0x69, 0x6e, 0x69, 0x74, 0x69, 0x61, 0x74, 0x69,
    0x6f, 0x6e, 0x0, 0x69, 0x6e, 0x69, 0x74, 0x69, 0x61, 0x74, 0x69, 0x76, 0x65, 0x0, 0x69, 0x6e,
    0x6a, 0x65, 0x63, 0x74, 0x69, 0x6f, 0x6e, 0x0, 0x69, 0x6e, 0x6a, 0x75, 0x72, 0x79, 0x0, 0x69,
    0x6e, 0x6a, 0x75, 0x73, 0x74, 0x69, 0x63, 0x65, 0x0, 0x69, 0x6e, 0x6d, 0x61, 0x74, 0x65, 0x0,
    0x69, 0x6e, 0x6e, 0x69, 0x6e, 0x67, 0x73, 0x0, 0x69, 0x6e, 0x6e, 0x6f, 0x63, 0x65, 0x6e, 0x63,
    0x65, 0x0, 0x69, 0x6e, 0x6e, 0x6f, 0x63, 0x65, 0x6e, 0x74, 0x0, 0x69, 0x6e, 0x6e, 0x6f, 0x76,
    0x61, 0x74, 0x69, 0x6f, 0x6e, 0x0, 0x69, 0x6e, 0x70, 0x75, 0x74, 0x0, 0x69, 0x6e, 0x71, 0x75,
    0x69, 0x72, 0x79, 0x0, 0x69, 0x6e, 0x73, 0x61, 0x6e, 0x69, 0x74, 0x79, 0x0, 0x69, 0x6e, 0x73,
    0x65, 0x63, 0x74, 0x0, 0x69, 0x6e, 0x73, 0x65, 0x63, 0x75, 0x72, 0x69, 0x74, 0x79, 0x0, 0x69,
    0x6e, 0x73, 0x65, 0x72, 0x74, 0x0, 0x69, 0x6e, 0x73, 0x69, 0x64, 0x65, 0x72, 0x0, 0x69, 0x6e,
    0x73, 0x69, 0x67, 0x68, 0x74, 0x0, 0x69, 0x6e, 0x73, 0x69, 0x73, 0x74, 0x69, 0x6e, 0x67, 0x0,
    0x69, 0x6e, 0x73, 0x70, 0x65, 0x63, 0x74, 0x69, 0x6f, 0x6e, 0x0, 0x69, 0x6e, 0x73, 0x70, 0x65,
    0x63, 0x74, 0x6f, 0x72, 0x0, 0x69, 0x6e, 0x73, 0x74, 0x61, 0x6c, 0x6c, 0x69, 0x6e, 0x67, 0x0,
    0x69, 0x6e, 0x73, 0x74, 0x61, 0x6e, 0x63, 0x65, 0x0, 0x69, 0x6e, 0x73, 0x74, 0x61, 0x6e, 0x74,
    0x0, 0x69, 0x6e, 0x73, 0x74, 0x69, 0x6e, 0x63, 0x74, 0x0, 0x69, 0x6e, 0x73, 0x74, 0x69, 0x74,
    0x75, 0x74, 0x65, 0x0, 0x69, 0x6e, 0x73, 0x74, 0x72, 0x75, 0x63, 0x74, 0x6f, 0x72, 0x0, 0x69,
    0x6e, 0x73, 0x74, 0x72, 0x75, 0x6d, 0x65, 0x6e, 0x74, 0x0, 0x69, 0x6e, 0x73, 0x75, 0x6c, 0x61,
    0x74, 0x69, 0x6f, 0x6e, 0x0, 0x69, 0x6e, 0x73, 0x75, 0x6c, 0x69, 0x6e, 0x0, 0x69, 0x6e, 0x73,
    0x75, 0x6c, 0x74, 0x0, 0x69, 0x6e, 0x73, 0x75, 0x72, 0x61, 0x6e, 0x63, 0x65, 0x0, 0x69, 0x6e,
    0x73, 0x75, 0x72, 0x65, 0x64, 0x0, 0x69, 0x6e, 0x73, 0x75, 0x72, 0x65, 0x72, 0x0, 0x69, 0x6e,
    0x74, 0x61, 0x6b, 0x65, 0x0, 0x69, 0x6e, 0x74, 0x65, 0x67, 0x72, 0x61, 0x6c, 0x0, 0x69, 0x6e,
    0x74, 0x65, 0x67, 0x72, 0x69, 0x74, 0x79, 0x0, 0x69, 0x6e, 0x74, 0x65, 0x6e, 0x73, 0x69, 0x74,
    0x79, 0x0, 0x69, 0x6e, 0x74, 0x65, 0x6e, 0x73, 0x69, 0x76, 0x65, 0x0, 0x69, 0x6e, 0x74, 0x65,
    0x6e, 0x74, 0x69, 0x6f, 0x6e, 0x0, 0x69, 0x6e, 0x74, 0x65, 0x72, 0x63, 0x65, 0x70, 0x74, 0x0,
    0x69, 0x6e, 0x74, 0x65, 0x72, 0x65, 0x73, 0x74, 0x0, 0x69, 0x6e, 0x74, 0x65, 0x72, 0x66, 0x61,
    0x63, 0x65, 0x0, 0x69, 0x6e, 0x74, 0x65, 0x72, 0x69, 0x6d, 0x0, 0x69, 0x6e, 0x74, 0x65, 0x72,
    0x69, 0x6f, 0x72, 0x0, 0x69, 0x6e, 0x74, 0x65, 0x72, 0x6e, 0x65, 0x74, 0x0, 0x69, 0x6e, 0x74,
    0x65, 0x72, 0x6e, 0x73, 0x68, 0x69, 0x70, 0x0, 0x69, 0x6e, 0x74, 0x65, 0x72, 0x72, 0x75, 0x70,
    0x74, 0x0, 0x69, 0x6e, 0x74, 0x65, 0x72, 0x73, 0x74, 0x61, 0x74, 0x65, 0x0, 0x69, 0x6e, 0x74,
    0x65, 0x72, 0x76, 0x61, 0x6c, 0x0, 0x69, 0x6e, 0x74, 0x65, 0x72, 0x76, 0x69, 0x65, 0x77, 0x0,
    0x69, 0x6e, 0x74, 0x69, 0x6d, 0x61, 0x63, 0x79, 0x0, 0x69, 0x6e, 0x74, 0x69, 0x6d, 0x61, 0x74,
    0x65, 0x0, 0x69, 0x6e, 0x74, 0x72, 0x6f, 0x0, 0x69, 0x6e, 0x74, 0x75, 0x69, 0x74, 0x69, 0x6f,
    0x6e, 0x0, 0x69, 0x6e, 0x76, 0x61, 0x6c, 0x69, 0x64, 0x0, 0x69, 0x6e, 0x76, 0x61, 0x73, 0x69,
    0x6f, 0x6e, 0x0, 0x69, 0x6e, 0x76, 0x65, 0x6e, 0x74, 0x69, 0x6f, 0x6e, 0x0, 0x69, 0x6e, 0x76,
    0x65, 0x6e, 0x74, 0x6f, 0x72, 0x79, 0x0, 0x69, 0x6e, 0x76, 0x65, 0x73, 0x74, 0x69, 0x6e, 0x67,
    0x0, 0x69, 0x6e, 0x76, 0x65, 0x73, 0x74, 0x6d, 0x65, 0x6e, 0x74, 0x0, 0x69, 0x6e, 0x76, 0x65,
    0x73, 0x74, 0x6f, 0x72, 0x0, 0x69, 0x6e, 0x76, 0x69, 0x74, 0x61, 0x74, 0x69, 0x6f, 0x6e, 0x0,
    0x69, 0x6e, 0x76, 0x69, 0x74, 0x65, 0x0, 0x69, 0x6f, 0x77, 0x61, 0x0, 0x69, 0x70, 0x6f, 0x64,
    0x0, 0x69, 0x72, 0x61, 0x6e, 0x69, 0x61, 0x6e, 0x0, 0x69, 0x72, 0x61, 0x71, 0x69, 0x0, 0x69,
    0x72, 0x65, 0x6c, 0x61, 0x6e, 0x64, 0x0, 0x69, 0x72, 0x69, 0x73, 0x68, 0x0, 0x69, 0x72, 0x6f,
    0x6e, 0x79, 0x0, 0x69, 0x72, 0x72, 0x61, 0x74, 0x69, 0x6f, 0x6e, 0x61, 0x6c, 0x0, 0x69, 0x72,
    0x72, 0x65, 0x67, 0x75, 0x6c, 0x61, 0x72, 0x0, 0x69, 0x72, 0x72, 0x69, 0x67, 0x61, 0x74, 0x69,
    0x6f, 0x6e, 0x0, 0x69, 0x72, 0x76, 0x69, 0x6e, 0x67, 0x0, 0x69, 0x73, 0x61, 0x61, 0x63, 0x0,
    0x69, 0x73, 0x61, 0x69, 0x61, 0x68, 0x0, 0x69, 0x73, 0x69, 0x73, 0x0, 0x69, 0x73, 0x6c, 0x61,
    0x6d, 0x0, 0x69, 0x73, 0x6c, 0x61, 0x6e, 0x64, 0x0, 0x69, 0x73, 0x6c, 0x65, 0x0, 0x69, 0x73,
    0x6f, 0x6c, 0x61, 0x74, 0x69, 0x6f, 0x6e, 0x0, 0x69, 0x73, 0x72, 0x61, 0x65, 0x6c, 0x69, 0x0,
    0x69, 0x73, 0x73, 0x75, 0x65, 0x0, 0x69, 0x73, 0x73, 0x75, 0x69, 0x6e, 0x67, 0x0, 0x69, 0x73,
    0x74, 0x61, 0x6e, 0x62, 0x75, 0x6c, 0x0, 0x69, 0x74, 0x61, 0x6c, 0x69, 0x61, 0x6e, 0x0, 0x69,
    0x74, 0x61, 0x6c, 0x79, 0x0, 0x69, 0x74, 0x65, 0x6d, 0x0, 0x69, 0x76, 0x6f, 0x72, 0x79, 0x0,
    0x6a, 0x61, 0x63, 0x6b, 0x65, 0x74, 0x0, 0x6a, 0x61, 0x63, 0x6b, 0x70, 0x6f, 0x74, 0x0, 0x6a,
    0x61, 0x63, 0x6b, 0x73, 0x6f, 0x6e, 0x0, 0x6a, 0x61, 0x63, 0x6f, 0x62, 0x73, 0x0, 0x6a, 0x61,
    0x64, 0x65, 0x0, 0x6a, 0x61, 0x67, 0x75, 0x61, 0x72, 0x0, 0x6a, 0x61, 0x69, 0x6c, 0x0, 0x6a,
    0x61, 0x6b, 0x61, 0x72, 0x74, 0x61, 0x0, 0x6a, 0x61, 0x6d, 0x61, 0x69, 0x63, 0x61, 0x6e, 0x0,
    0x6a, 0x61, 0x6d, 0x65, 0x73, 0x0, 0x6a, 0x61, 0x6e, 0x75, 0x61, 0x72, 0x79, 0x0, 0x6a, 0x61,
    0x70, 0x61, 0x6e, 0x65, 0x73, 0x65, 0x0, 0x6a, 0x61, 0x73, 0x6d, 0x69, 0x6e, 0x65, 0x0, 0x6a,
    0x61, 0x73, 0x6f, 0x6e, 0x0, 0x6a, 0x61, 0x73, 0x70, 0x65, 0x72, 0x0, 0x6a, 0x61, 0x76, 0x61,
    0x0, 0x6a, 0x61, 0x7a, 0x7a, 0x0, 0x6a, 0x65, 0x61, 0x6c, 0x6f, 0x75, 0x73, 0x79, 0x0, 0x6a,
    0x65, 0x61, 0x6e, 0x0, 0x6a, 0x65, 0x65, 0x70, 0x0, 0x6a, 0x65, 0x66, 0x66, 0x65, 0x72, 0x73,
    0x6f, 0x6e, 0x0, 0x6a, 0x65, 0x6c, 0x6c, 0x79, 0x0, 0x6a, 0x65, 0x6e, 0x6e, 0x79, 0x0, 0x6a,
    0x65, 0x6e, 0x73, 0x65, 0x6e, 0x0, 0x6a, 0x65, 0x6f, 0x70, 0x61, 0x72, 0x64, 0x79, 0x0, 0x6a,
    0x65, 0x72, 0x6f, 0x6d, 0x65, 0x0, 0x6a, 0x65, 0x72, 0x72, 0x79, 0x0, 0x6a, 0x65, 0x72, 0x73,
    0x65, 0x79, 0x0, 0x6a, 0x65, 0x72, 0x75, 0x73, 0x61, 0x6c, 0x65, 0x6d, 0x0, 0x6a, 0x65, 0x73,
    0x75, 0x73, 0x0, 0x6a, 0x65, 0x77, 0x65, 0x6c, 0x6c, 0x65, 0x72, 0x79, 0x0, 0x6a, 0x65, 0x77,
    0x65, 0x6c, 0x72, 0x79, 0x0, 0x6a, 0x69, 0x6d, 0x6d, 0x79, 0x0, 0x6a, 0x6f, 0x63, 0x6b, 0x65,
    0x79, 0x0, 0x6a, 0x6f, 0x65, 0x6c, 0x0, 0x6a, 0x6f, 0x68, 0x6e, 0x6e, 0x79, 0x0, 0x6a, 0x6f,
    0x68, 0x6e, 0x73, 0x6f, 0x6e, 0x0, 0x6a, 0x6f, 0x68, 0x6e, 0x73, 0x74, 0x6f, 0x6e, 0x0, 0x6a,
    0x6f, 0x69, 0x6e, 0x69, 0x6e, 0x67, 0x0, 0x6a, 0x6f, 0x69, 0x6e, 0x74, 0x0, 0x6a, 0x6f, 0x6b,
    0x65, 0x72, 0x0, 0x6a, 0x6f, 0x6c, 0x6c, 0x79, 0x0, 0x6a, 0x6f, 0x6e, 0x61, 0x68, 0x0, 0x6a,
    0x6f, 0x6e, 0x61, 0x74, 0x68, 0x61, 0x6e, 0x0, 0x6a, 0x6f, 0x6e, 0x65, 0x73, 0x0, 0x6a, 0x6f,
    0x6e, 0x67, 0x0, 0x6a, 0x6f, 0x72, 0x64, 0x61, 0x6e, 0x0, 0x6a, 0x6f, 0x73, 0x65, 0x70, 0x68,
    0x0, 0x6a, 0x6f, 0x73, 0x68, 0x75, 0x61, 0x0, 0x6a, 0x6f, 0x75, 0x72, 0x6e, 0x61, 0x6c, 0x69,
    0x73, 0x6d, 0x0, 0x6a, 0x6f, 0x75, 0x72, 0x6e, 0x61, 0x6c, 0x69, 0x73, 0x74, 0x0, 0x6a, 0x6f,
    0x75, 0x72, 0x6e, 0x65, 0x79, 0x0, 0x6a, 0x6f, 0x79, 0x63, 0x65, 0x0, 0x6a, 0x75, 0x64, 0x61,
    0x69, 0x73, 0x6d, 0x0, 0x6a, 0x75, 0x64, 0x67, 0x65, 0x6d, 0x65, 0x6e, 0x74, 0x0, 0x6a, 0x75,
    0x64, 0x67, 0x65, 0x73, 0x0, 0x6a, 0x75, 0x64, 0x67, 0x69, 0x6e, 0x67, 0x0, 0x6a, 0x75, 0x64,
    0x67, 0x6d, 0x65, 0x6e, 0x74, 0x0, 0x6a, 0x75, 0x64, 0x69, 0x63, 0x69, 0x61, 0x72, 0x79, 0x0,
    0x6a, 0x75, 0x64, 0x69, 0x74, 0x68, 0x0, 0x6a, 0x75, 0x69, 0x63, 0x65, 0x0, 0x6a, 0x75, 0x6c,
    0x69, 0x61, 0x6e, 0x0, 0x6a, 0x75, 0x6c, 0x79, 0x0, 0x6a, 0x75, 0x6d, 0x70, 0x65, 0x72, 0x0,
    0x6a, 0x75, 0x6d, 0x70, 0x69, 0x6e, 0x67, 0x0, 0x6a, 0x75, 0x6e, 0x63, 0x74, 0x69, 0x6f, 0x6e,
    0x0, 0x6a, 0x75, 0x6e, 0x65, 0x0, 0x6a, 0x75, 0x6e, 0x67, 0x6c, 0x65, 0x0, 0x6a, 0x75, 0x6e,
    0x69, 0x6f, 0x72, 0x0, 0x6a, 0x75, 0x6e, 0x6b, 0x0, 0x6a, 0x75, 0x70, 0x69, 0x74, 0x65, 0x72,
    0x0, 0x6a, 0x75, 0x72, 0x61, 0x73, 0x73, 0x69, 0x63, 0x0, 0x6a, 0x75, 0x72, 0x79, 0x0, 0x6a,
    0x75, 0x73, 0x74, 0x69, 0x63, 0x65, 0x0, 0x6a, 0x75, 0x76, 0x65, 0x6e, 0x69, 0x6c, 0x65, 0x0,
    0x6b, 0x61, 0x69, 0x73, 0x65, 0x72, 0x0, 0x6b, 0x61, 0x6e, 0x67, 0x61, 0x72, 0x6f, 0x6f, 0x0,
    0x6b, 0x61, 0x6e, 0x73, 0x61, 0x73, 0x0, 0x6b, 0x61, 0x72, 0x61, 0x63, 0x68, 0x69, 0x0, 0x6b,
    0x61, 0x72, 0x61, 0x74, 0x65, 0x0, 0x6b, 0x61, 0x72, 0x65, 0x6e, 0x0, 0x6b, 0x61, 0x72, 0x6d,
    0x61, 0x0, 0x6b, 0x61, 0x73, 0x68, 0x6d, 0x69, 0x72, 0x0, 0x6b, 0x61, 0x7a, 0x61, 0x6b, 0x68,
    0x73, 0x74, 0x61, 0x6e, 0x0, 0x6b, 0x65, 0x65, 0x6e, 0x0, 0x6b, 0x65, 0x65, 0x70, 0x65, 0x72,
    0x0, 0x6b, 0x65, 0x65, 0x70, 0x69, 0x6e, 0x67, 0x0, 0x6b, 0x65, 0x6c, 0x6c, 0x65, 0x72, 0x0,
    0x6b, 0x65, 0x6c, 0x6c, 0x79, 0x0, 0x6b, 0x65, 0x6e, 0x64, 0x61, 0x6c, 0x6c, 0x0, 0x6b, 0x65,
    0x6e, 0x6e, 0x65, 0x64, 0x79, 0x0, 0x6b, 0x65, 0x6e, 0x74, 0x75, 0x63, 0x6b, 0x79, 0x0, 0x6b,
    0x65, 0x6e, 0x79, 0x61, 0x6e, 0x0, 0x6b, 0x65, 0x72, 0x6e, 0x65, 0x6c, 0x0, 0x6b, 0x65, 0x74,
    0x74, 0x6c, 0x65, 0x0, 0x6b, 0x65, 0x79, 0x62, 0x6f, 0x61, 0x72, 0x64, 0x0, 0x6b, 0x68, 0x61,
    0x6e, 0x0, 0x6b, 0x69, 0x63, 0x6b, 0x69, 0x6e, 0x67, 0x0, 0x6b, 0x69, 0x64, 0x6e, 0x61, 0x70,
    0x70, 0x69, 0x6e, 0x67, 0x0, 0x6b, 0x69, 0x64, 0x6e, 0x65, 0x79, 0x0, 0x6b, 0x69, 0x6c, 0x6c,
    0x65, 0x72, 0x0, 0x6b, 0x69, 0x6c, 0x6c, 0x69, 0x6e, 0x67, 0x0, 0x6b, 0x69, 0x6e, 0x64, 0x6e,
    0x65, 0x73, 0x73, 0x0, 0x6b, 0x69, 0x6e, 0x67, 0x64, 0x6f, 0x6d, 0x0, 0x6b, 0x69, 0x6e, 0x67,
    0x73, 0x74, 0x6f, 0x6e, 0x0, 0x6b, 0x69, 0x72, 0x6b, 0x0, 0x6b, 0x69, 0x73, 0x73, 0x69, 0x6e,
    0x67, 0x0, 0x6b, 0x69, 0x74, 0x63, 0x68, 0x65, 0x6e, 0x0, 0x6b, 0x69, 0x74, 0x65, 0x0, 0x6b,
    0x69, 0x74, 0x74, 0x65, 0x6e, 0x0, 0x6b, 0x69, 0x74, 0x74, 0x79, 0x0, 0x6b, 0x6c, 0x65, 0x69,
    0x6e, 0x0, 0x6b, 0x6e, 0x65, 0x65, 0x0, 0x6b, 0x6e, 0x69, 0x66, 0x65, 0x0, 0x6b, 0x6e, 0x69,
    0x67, 0x68, 0x74, 0x0, 0x6b, 0x6e, 0x69, 0x74, 0x0, 0x6b, 0x6e, 0x6f, 0x63, 0x6b, 0x69, 0x6e,
    0x67, 0x0, 0x6b, 0x6e, 0x6f, 0x63, 0x6b, 0x6f, 0x75, 0x74, 0x0, 0x6b, 0x6e, 0x6f, 0x74, 0x0,
    0x6b, 0x6e, 0x6f, 0x77, 0x69, 0x6e, 0x67, 0x0, 0x6b, 0x6e, 0x6f, 0x77, 0x6c, 0x65, 0x64, 0x67,
    0x65, 0x0, 0x6b, 0x6e, 0x6f, 0x78, 0x0, 0x6b, 0x6f, 0x62, 0x65, 0x0, 0x6b, 0x6f, 0x63, 0x68,
    0x0, 0x6b, 0x6f, 0x72, 0x65, 0x61, 0x6e, 0x0, 0x6b, 0x72, 0x69, 0x73, 0x0, 0x6b, 0x75, 0x72,
    0x64, 0x69, 0x73, 0x68, 0x0, 0x6b, 0x75, 0x77, 0x61, 0x69, 0x74, 0x0, 0x6b, 0x79, 0x6c, 0x69,
    0x65, 0x0, 0x6c, 0x61, 0x62, 0x65, 0x6c, 0x0, 0x6c, 0x61, 0x62, 0x6f, 0x72, 0x61, 0x74, 0x6f,
    0x72, 0x79, 0x0, 0x6c, 0x61, 0x62, 0x6f, 0x75, 0x72, 0x0, 0x6c, 0x61, 0x63, 0x65, 0x0, 0x6c,
    0x61, 0x63, 0x6b, 0x0, 0x6c, 0x61, 0x64, 0x64, 0x65, 0x72, 0x0, 0x6c, 0x61, 0x64, 0x79, 0x0,
    0x6c, 0x61, 0x66, 0x61, 0x79, 0x65, 0x74, 0x74, 0x65, 0x0, 0x6c, 0x61, 0x67, 0x6f, 0x73, 0x0,
    0x6c, 0x61, 0x6b, 0x65, 0x0, 0x6c, 0x61, 0x6d, 0x62, 0x65, 0x72, 0x74, 0x0, 0x6c, 0x61, 0x6d,
    0x65, 0x0, 0x6c, 0x61, 0x6d, 0x70, 0x0, 0x6c, 0x61, 0x6e, 0x63, 0x61, 0x73, 0x68, 0x69, 0x72,
    0x65, 0x0, 0x6c, 0x61, 0x6e, 0x63, 0x61, 0x73, 0x74, 0x65, 0x72, 0x0, 0x6c, 0x61, 0x6e, 0x63,
    0x65, 0x0, 0x6c, 0x61, 0x6e, 0x64, 0x69, 0x6e, 0x67, 0x0, 0x6c, 0x61, 0x6e, 0x64, 0x6c, 0x6f,
    0x72, 0x64, 0x0, 0x6c, 0x61, 0x6e, 0x64, 0x6d, 0x61, 0x72, 0x6b, 0x0, 0x6c, 0x61, 0x6e, 0x64,
    0x73, 0x63, 0x61, 0x70, 0x65, 0x0, 0x6c, 0x61, 0x6e, 0x65, 0x0, 0x6c, 0x61, 0x6e, 0x67, 0x75,
    0x61, 0x67, 0x65, 0x0, 0x6c, 0x61, 0x6e, 0x74, 0x65, 0x72, 0x6e, 0x0, 0x6c, 0x61, 0x70, 0x74,
    0x6f, 0x70, 0x0, 0x6c, 0x61, 0x72, 0x67, 0x65, 0x0, 0x6c, 0x61, 0x73, 0x65, 0x72, 0x0, 0x6c,
    0x61, 0x73, 0x74, 0x0, 0x6c, 0x61, 0x74, 0x65, 0x72, 0x61, 0x6c, 0x0, 0x6c, 0x61, 0x74, 0x65,
    0x73, 0x74, 0x0, 0x6c, 0x61, 0x74, 0x69, 0x6e, 0x6f, 0x0, 0x6c, 0x61, 0x74, 0x69, 0x74, 0x75,
    0x64, 0x65, 0x0, 0x6c, 0x61, 0x74, 0x74, 0x65, 0x72, 0x0, 0x6c, 0x61, 0x75, 0x67, 0x68, 0x74,
    0x65, 0x72, 0x0, 0x6c, 0x61, 0x75, 0x6e, 0x63, 0x68, 0x69, 0x6e, 0x67, 0x0, 0x6c, 0x61, 0x75,
    0x6e, 0x64, 0x72, 0x79, 0x0, 0x6c, 0x61, 0x75, 0x72, 0x65, 0x6c, 0x0, 0x6c, 0x61, 0x76, 0x61,
    0x0, 0x6c, 0x61, 0x77, 0x6e, 0x0, 0x6c, 0x61, 0x77, 0x72, 0x65, 0x6e, 0x63, 0x65, 0x0, 0x6c,
    0x61, 0x77, 0x73, 0x75, 0x69, 0x74, 0x0, 0x6c, 0x61, 0x77, 0x79, 0x65, 0x72, 0x0, 0x6c, 0x61,
    0x79, 0x65, 0x72, 0x0, 0x6c, 0x61, 0x79, 0x69, 0x6e, 0x67, 0x0, 0x6c, 0x61, 0x79, 0x6f, 0x75,
    0x74, 0x0, 0x6c, 0x65, 0x61, 0x64, 0x65, 0x72, 0x73, 0x68, 0x69, 0x70, 0x0, 0x6c, 0x65, 0x61,
    0x64, 0x69, 0x6e, 0x67, 0x0, 0x6c, 0x65, 0x61, 0x66, 0x0, 0x6c, 0x65, 0x61, 0x67, 0x75, 0x65,
    0x0, 0x6c, 0x65, 0x61, 0x6b, 0x0, 0x6c, 0x65, 0x61, 0x6e, 0x69, 0x6e, 0x67, 0x0, 0x6c, 0x65,
    0x61, 0x70, 0x0, 0x6c, 0x65, 0x61, 0x72, 0x6e, 0x69, 0x6e, 0x67, 0x0, 0x6c, 0x65, 0x61, 0x73,
    0x65, 0x0, 0x6c, 0x65, 0x61, 0x73, 0x74, 0x0, 0x6c, 0x65, 0x61, 0x74, 0x68, 0x65, 0x72, 0x0,
    0x6c, 0x65, 0x61, 0x76, 0x65, 0x0, 0x6c, 0x65, 0x61, 0x76, 0x69, 0x6e, 0x67, 0x0, 0x6c, 0x65,
    0x62, 0x61, 0x6e, 0x65, 0x73, 0x65, 0x0, 0x6c, 0x65, 0x62, 0x61, 0x6e, 0x6f, 0x6e, 0x0, 0x6c,
    0x65, 0x63, 0x74, 0x75, 0x72, 0x65, 0x72, 0x0, 0x6c, 0x65, 0x65, 0x64, 0x73, 0x0, 0x6c, 0x65,
    0x66, 0x74, 0x69, 0x73, 0x74, 0x0, 0x6c, 0x65, 0x67, 0x61, 0x63, 0x79, 0x0, 0x6c, 0x65, 0x67,
    0x65, 0x6e, 0x64, 0x0, 0x6c, 0x65, 0x67, 0x69, 0x6f, 0x6e, 0x0, 0x6c, 0x65, 0x67, 0x69, 0x74,
    0x69, 0x6d, 0x61, 0x63, 0x79, 0x0, 0x6c, 0x65, 0x67, 0x6f, 0x0, 0x6c, 0x65, 0x67, 0x73, 0x0,
    0x6c, 0x65, 0x69, 0x63, 0x65, 0x73, 0x74, 0x65, 0x72, 0x0, 0x6c, 0x65, 0x69, 0x67, 0x68, 0x0,
    0x6c, 0x65, 0x69, 0x73, 0x75, 0x72, 0x65, 0x0, 0x6c, 0x65, 0x6d, 0x6f, 0x6e, 0x0, 0x6c, 0x65,
    0x6e, 0x61, 0x0, 0x6c, 0x65, 0x6e, 0x64, 0x65, 0x72, 0x0, 0x6c, 0x65, 0x6e, 0x64, 0x69, 0x6e,
    0x67, 0x0, 0x6c, 0x65, 0x6e, 0x67, 0x74, 0x68, 0x0, 0x6c, 0x65, 0x6e, 0x6e, 0x6f, 0x6e, 0x0,
    0x6c, 0x65, 0x6e, 0x73, 0x0, 0x6c, 0x65, 0x6e, 0x74, 0x0, 0x6c, 0x65, 0x6f, 0x6e, 0x61, 0x72,
    0x64, 0x6f, 0x0, 0x6c, 0x65, 0x6f, 0x6e, 0x65, 0x0, 0x6c, 0x65, 0x6f, 0x70, 0x61, 0x72, 0x64,
    0x0, 0x6c, 0x65, 0x73, 0x62, 0x69, 0x61, 0x6e, 0x0, 0x6c, 0x65, 0x73, 0x73, 0x6f, 0x6e, 0x0,
    0x6c, 0x65, 0x74, 0x74, 0x65, 0x72, 0x73, 0x0, 0x6c, 0x65, 0x74, 0x74, 0x69, 0x6e, 0x67, 0x0,
    0x6c, 0x65, 0x74, 0x74, 0x75, 0x63, 0x65, 0x0, 0x6c, 0x65, 0x76, 0x65, 0x6c, 0x0, 0x6c, 0x65,
    0x76, 0x65, 0x72, 0x61, 0x67, 0x65, 0x0, 0x6c, 0x65, 0x76, 0x69, 0x0, 0x6c, 0x65, 0x76, 0x79,
    0x0, 0x6c, 0x65, 0x77, 0x69, 0x73, 0x0, 0x6c, 0x65, 0x78, 0x69, 0x6e, 0x67, 0x74, 0x6f, 0x6e,
    0x0, 0x6c, 0x69, 0x61, 0x62, 0x69, 0x6c, 0x69, 0x74, 0x79, 0x0, 0x6c, 0x69, 0x61, 0x69, 0x73,
    0x6f, 0x6e, 0x0, 0x6c, 0x69, 0x61, 0x72, 0x0, 0x6c, 0x69, 0x62, 0x65, 0x72, 0x61, 0x6c, 0x69,
    0x73, 0x6d, 0x0, 0x6c, 0x69, 0x62, 0x65, 0x72, 0x61, 0x74, 0x69, 0x6f, 0x6e, 0x0, 0x6c, 0x69,
    0x62, 0x65, 0x72, 0x69, 0x61, 0x0, 0x6c, 0x69, 0x62, 0x65, 0x72, 0x74, 0x79, 0x0, 0x6c, 0x69,
    0x62, 0x72, 0x61, 0x72, 0x69, 0x61, 0x6e, 0x0, 0x6c, 0x69, 0x62, 0x72, 0x61, 0x72, 0x79, 0x0,
    0x6c, 0x69, 0x62, 0x79, 0x61, 0x0, 0x6c, 0x69, 0x63, 0x65, 0x6e, 0x63, 0x65, 0x0, 0x6c, 0x69,
    0x63, 0x65, 0x6e, 0x73, 0x65, 0x0, 0x6c, 0x69, 0x63, 0x6b, 0x69, 0x6e, 0x67, 0x0, 0x6c, 0x69,
    0x65, 0x64, 0x0, 0x6c, 0x69, 0x65, 0x75, 0x74, 0x65, 0x6e, 0x61, 0x6e, 0x74, 0x0, 0x6c, 0x69,
    0x66, 0x65, 0x73, 0x74, 0x79, 0x6c, 0x65, 0x0, 0x6c, 0x69, 0x66, 0x65, 0x74, 0x69, 0x6d, 0x65,
    0x0, 0x6c, 0x69, 0x66, 0x74, 0x0, 0x6c, 0x69, 0x67, 0x68, 0x74, 0x65, 0x72, 0x0, 0x6c, 0x69,
    0x67, 0x68, 0x74, 0x68, 0x6f, 0x75, 0x73, 0x65, 0x0, 0x6c, 0x69, 0x67, 0x68, 0x74, 0x69, 0x6e,
    0x67, 0x0, 0x6c, 0x69, 0x67, 0x68, 0x74, 0x6e, 0x69, 0x6e, 0x67, 0x0, 0x6c, 0x69, 0x6b, 0x65,
    0x6c, 0x69, 0x68, 0x6f, 0x6f, 0x64, 0x0, 0x6c, 0x69, 0x6b, 0x69, 0x6e, 0x67, 0x0, 0x6c, 0x69,
    0x6c, 0x79, 0x0, 0x6c, 0x69, 0x6d, 0x61, 0x0, 0x6c, 0x69, 0x6d, 0x62, 0x0, 0x6c, 0x69, 0x6d,
    0x65, 0x73, 0x74, 0x6f, 0x6e, 0x65, 0x0, 0x6c, 0x69, 0x6d, 0x69, 0x74, 0x61, 0x74, 0x69, 0x6f,
    0x6e, 0x0, 0x6c, 0x69, 0x6d, 0x69, 0x74, 0x65, 0x64, 0x0, 0x6c, 0x69, 0x6d, 0x69, 0x74, 0x69,
    0x6e, 0x67, 0x0, 0x6c, 0x69, 0x6e, 0x63, 0x6f, 0x6c, 0x6e, 0x0, 0x6c, 0x69, 0x6e, 0x64, 0x73,
    0x61, 0x79, 0x0, 0x6c, 0x69, 0x6e, 0x65, 0x6e, 0x0, 0x6c, 0x69, 0x6e, 0x65, 0x72, 0x0, 0x6c,
    0x69, 0x6e, 0x65, 0x75, 0x70, 0x0, 0x6c, 0x69, 0x6e, 0x67, 0x65, 0x72, 0x69, 0x65, 0x0, 0x6c,
    0x69, 0x6e, 0x69, 0x6e, 0x67, 0x0, 0x6c, 0x69, 0x6e, 0x6b, 0x73, 0x0, 0x6c, 0x69, 0x6e, 0x75,
    0x78, 0x0, 0x6c, 0x69, 0x6f, 0x6e, 0x0, 0x6c, 0x69, 0x70, 0x73, 0x74, 0x69, 0x63, 0x6b, 0x0,
    0x6c, 0x69, 0x71, 0x75, 0x69, 0x64, 0x0, 0x6c, 0x69, 0x71, 0x75, 0x6f, 0x72, 0x0, 0x6c, 0x69,
    0x73, 0x62, 0x6f, 0x6e, 0x0, 0x6c, 0x69, 0x73, 0x74, 0x65, 0x6e, 0x65, 0x72, 0x0, 0x6c, 0x69,
    0x73, 0x74, 0x65, 0x6e, 0x69, 0x6e, 0x67, 0x0, 0x6c, 0x69, 0x73, 0x74, 0x69, 0x6e, 0x67, 0x0,
    0x6c, 0x69, 0x74, 0x65, 0x72, 0x61, 0x63, 0x79, 0x0, 0x6c, 0x69, 0x74, 0x65, 0x72, 0x61, 0x6c,
    0x0, 0x6c, 0x69, 0x74, 0x65, 0x72, 0x61, 0x74, 0x75, 0x72, 0x65, 0x0, 0x6c, 0x69, 0x74, 0x68,
    0x69, 0x75, 0x6d, 0x0, 0x6c, 0x69, 0x74, 0x68, 0x75, 0x61, 0x6e, 0x69, 0x61, 0x0, 0x6c, 0x69,
    0x74, 0x69, 0x67, 0x61, 0x74, 0x69, 0x6f, 0x6e, 0x0, 0x6c, 0x69, 0x74, 0x72, 0x65, 0x0, 0x6c,
    0x69, 0x74, 0x74, 0x65, 0x72, 0x0, 0x6c, 0x69, 0x74, 0x74, 0x6c, 0x65, 0x0, 0x6c, 0x69, 0x76,
    0x65, 0x72, 0x70, 0x6f, 0x6f, 0x6c, 0x0, 0x6c, 0x69, 0x76, 0x65, 0x73, 0x74, 0x6f, 0x63, 0x6b,
    0x0, 0x6c, 0x69, 0x76, 0x69, 0x6e, 0x67, 0x0, 0x6c, 0x69, 0x7a, 0x61, 0x72, 0x64, 0x0, 0x6c,
    0x6c, 0x6f, 0x79, 0x64, 0x0, 0x6c, 0x6f, 0x61, 0x64, 0x69, 0x6e, 0x67, 0x0, 0x6c, 0x6f, 0x61,
    0x64, 0x73, 0x0, 0x6c, 0x6f, 0x61, 0x6e, 0x0, 0x6c, 0x6f, 0x62, 0x62, 0x79, 0x0, 0x6c, 0x6f,
    0x62, 0x73, 0x74, 0x65, 0x72, 0x0, 0x6c, 0x6f, 0x63, 0x61, 0x6c, 0x69, 0x74, 0x79, 0x0, 0x6c,
    0x6f, 0x63, 0x61, 0x74, 0x69, 0x6f, 0x6e, 0x0, 0x6c, 0x6f, 0x63, 0x6b, 0x64, 0x6f, 0x77, 0x6e,
    0x0, 0x6c, 0x6f, 0x63, 0x6b, 0x65, 0x72, 0x0, 0x6c, 0x6f, 0x63, 0x6b, 0x69, 0x6e, 0x67, 0x0,
    0x6c, 0x6f, 0x63, 0x6f, 0x6d, 0x6f, 0x74, 0x69, 0x76, 0x65, 0x0, 0x6c, 0x6f, 0x64, 0x67, 0x65,
    0x0, 0x6c, 0x6f, 0x66, 0x74, 0x0, 0x6c, 0x6f, 0x67, 0x61, 0x6e, 0x0, 0x6c, 0x6f, 0x67, 0x67,
    0x69, 0x6e, 0x67, 0x0, 0x6c, 0x6f, 0x67, 0x69, 0x63, 0x0, 0x6c, 0x6f, 0x67, 0x69, 0x73, 0x74,
    0x69, 0x63, 0x73, 0x0, 0x6c, 0x6f, 0x67, 0x6f, 0x73, 0x0, 0x6c, 0x6f, 0x6e, 0x64, 0x6f, 0x6e,
    0x0, 0x6c, 0x6f, 0x6e, 0x65, 0x6c, 0x69, 0x6e, 0x65, 0x73, 0x73, 0x0, 0x6c, 0x6f, 0x6e, 0x67,
    0x65, 0x72, 0x0, 0x6c, 0x6f, 0x6e, 0x67, 0x65, 0x76, 0x69, 0x74, 0x79, 0x0, 0x6c, 0x6f, 0x6e,
    0x67, 0x69, 0x6e, 0x67, 0x0, 0x6c, 0x6f, 0x6f, 0x6b, 0x69, 0x6e, 0x67, 0x0, 0x6c, 0x6f, 0x6f,
    0x6b, 0x6f, 0x75, 0x74, 0x0, 0x6c, 0x6f, 0x6f, 0x70, 0x0, 0x6c, 0x6f, 0x72, 0x64, 0x0, 0x6c,
    0x6f, 0x72, 0x65, 0x0, 0x6c, 0x6f, 0x73, 0x65, 0x72, 0x0, 0x6c, 0x6f, 0x73, 0x73, 0x65, 0x73,
    0x0, 0x6c, 0x6f, 0x73, 0x74, 0x0, 0x6c, 0x6f, 0x74, 0x73, 0x0, 0x6c, 0x6f, 0x74, 0x74, 0x65,
    0x72, 0x79, 0x0, 0x6c, 0x6f, 0x74, 0x75, 0x73, 0x0, 0x6c, 0x6f, 0x75, 0x69, 0x73, 0x69, 0x61,
    0x6e, 0x61, 0x0, 0x6c, 0x6f, 0x75, 0x69, 0x73, 0x76, 0x69, 0x6c, 0x6c, 0x65, 0x0, 0x6c, 0x6f,
    0x75, 0x6e, 0x67, 0x65, 0x0, 0x6c, 0x6f, 0x76, 0x65, 0x6c, 0x79, 0x0, 0x6c, 0x6f, 0x76, 0x65,
    0x72, 0x0, 0x6c, 0x6f, 0x77, 0x65, 0x72, 0x69, 0x6e, 0x67, 0x0, 0x6c, 0x6f, 0x79, 0x61, 0x6c,
    0x74, 0x79, 0x0, 0x6c, 0x75, 0x63, 0x61, 0x73, 0x0, 0x6c, 0x75, 0x63, 0x6b, 0x0, 0x6c, 0x75,
    0x63, 0x79, 0x0, 0x6c, 0x75, 0x67, 0x67, 0x61, 0x67, 0x65, 0x0, 0x6c, 0x75, 0x6b, 0x65, 0x0,
    0x6c, 0x75, 0x6d, 0x62, 0x65, 0x72, 0x0, 0x6c, 0x75, 0x6d, 0x70, 0x0, 0x6c, 0x75, 0x6e, 0x61,
    0x0, 0x6c, 0x75, 0x6e, 0x63, 0x68, 0x0, 0x6c, 0x75, 0x6e, 0x67, 0x0, 0x6c, 0x75, 0x72, 0x65,
    0x0, 0x6c, 0x75, 0x73, 0x68, 0x0, 0x6c, 0x75, 0x74, 0x68, 0x65, 0x72, 0x0, 0x6c, 0x75, 0x78,
    0x65, 0x6d, 0x62, 0x6f, 0x75, 0x72, 0x67, 0x0, 0x6c, 0x75, 0x78, 0x75, 0x72, 0x79, 0x0, 0x6c,
    0x79, 0x64, 0x69, 0x61, 0x0, 0x6c, 0x79, 0x69, 0x6e, 0x67, 0x0, 0x6c, 0x79, 0x6f, 0x6e, 0x0,
    0x6c, 0x79, 0x72, 0x69, 0x63, 0x0, 0x6d, 0x61, 0x63, 0x68, 0x69, 0x6e, 0x65, 0x72, 0x79, 0x0,
    0x6d, 0x61, 0x63, 0x6b, 0x65, 0x6e, 0x7a, 0x69, 0x65, 0x0, 0x6d, 0x61, 0x63, 0x72, 0x6f, 0x0,
    0x6d, 0x61, 0x64, 0x61, 0x6d, 0x65, 0x0, 0x6d, 0x61, 0x64, 0x69, 0x73, 0x6f, 0x6e, 0x0, 0x6d,
    0x61, 0x64, 0x6e, 0x65, 0x73, 0x73, 0x0, 0x6d, 0x61, 0x64, 0x6f, 0x6e, 0x6e, 0x61, 0x0, 0x6d,
    0x61, 0x64, 0x72, 0x69, 0x64, 0x0, 0x6d, 0x61, 0x66, 0x69, 0x61, 0x0, 0x6d, 0x61, 0x67, 0x61,
    0x7a, 0x69, 0x6e, 0x65, 0x0, 0x6d, 0x61, 0x67, 0x69, 0x63, 0x69, 0x61, 0x6e, 0x0, 0x6d, 0x61,
    0x67, 0x69, 0x73, 0x74, 0x72, 0x61, 0x74, 0x65, 0x0, 0x6d, 0x61, 0x67, 0x6e, 0x65, 0x74, 0x0,
    0x6d, 0x61, 0x67, 0x6e, 0x69, 0x74, 0x75, 0x64, 0x65, 0x0, 0x6d, 0x61, 0x69, 0x64, 0x65, 0x6e,
    0x0, 0x6d, 0x61, 0x69, 0x6c, 0x69, 0x6e, 0x67, 0x0, 0x6d, 0x61, 0x69, 0x6e, 0x65, 0x0, 0x6d,
    0x61, 0x69, 0x6e, 0x6c, 0x61, 0x6e, 0x64, 0x0, 0x6d, 0x61, 0x69, 0x6e, 0x73, 0x74, 0x72, 0x65,
    0x61, 0x6d, 0x0, 0x6d, 0x61, 0x6a, 0x65, 0x73, 0x74, 0x79, 0x0, 0x6d, 0x61, 0x6a, 0x6f, 0x72,
    0x69, 0x74, 0x79, 0x0, 0x6d, 0x61, 0x6a, 0x6f, 0x72, 0x73, 0x0, 0x6d, 0x61, 0x6b, 0x65, 0x72,
    0x0, 0x6d, 0x61, 0x6b, 0x65, 0x75, 0x70, 0x0, 0x6d, 0x61, 0x6b, 0x69, 0x6e, 0x67, 0x0, 0x6d,
    0x61, 0x6c, 0x61, 0x72, 0x69, 0x61, 0x0, 0x6d, 0x61, 0x6c, 0x61, 0x79, 0x73, 0x69, 0x61, 0x6e,
    0x0, 0x6d, 0x61, 0x6c, 0x65, 0x0, 0x6d, 0x61, 0x6c, 0x69, 0x6b, 0x0, 0x6d, 0x61, 0x6c, 0x6c,
    0x0, 0x6d, 0x61, 0x6c, 0x6f, 0x6e, 0x65, 0x0, 0x6d, 0x61, 0x6c, 0x74, 0x61, 0x0, 0x6d, 0x61,
    0x6d, 0x61, 0x0, 0x6d, 0x61, 0x6e, 0x61, 0x67, 0x65, 0x6d, 0x65, 0x6e, 0x74, 0x0, 0x6d, 0x61,
    0x6e, 0x61, 0x67, 0x65, 0x72, 0x0, 0x6d, 0x61, 0x6e, 0x63, 0x68, 0x65, 0x73, 0x74, 0x65, 0x72,
    0x0, 0x6d, 0x61, 0x6e, 0x64, 0x61, 0x72, 0x69, 0x6e, 0x0, 0x6d, 0x61, 0x6e, 0x64, 0x61, 0x74,
    0x65, 0x0, 0x6d, 0x61, 0x6e, 0x64, 0x61, 0x74, 0x6f, 0x72, 0x79, 0x0, 0x6d, 0x61, 0x6e, 0x65,
    0x75, 0x76, 0x65, 0x72, 0x0, 0x6d, 0x61, 0x6e, 0x67, 0x6f, 0x0, 0x6d, 0x61, 0x6e, 0x68, 0x61,
    0x74, 0x74, 0x61, 0x6e, 0x0, 0x6d, 0x61, 0x6e, 0x69, 0x66, 0x65, 0x73, 0x74, 0x6f, 0x0, 0x6d,
    0x61, 0x6e, 0x69, 0x6c, 0x61, 0x0, 0x6d, 0x61, 0x6e, 0x6b, 0x69, 0x6e, 0x64, 0x0, 0x6d, 0x61,
    0x6e, 0x6e, 0x65, 0x72, 0x73, 0x0, 0x6d, 0x61, 0x6e, 0x6f, 0x72, 0x0, 0x6d, 0x61, 0x6e, 0x73,
    0x69, 0x6f, 0x6e, 0x0, 0x6d, 0x61, 0x6e, 0x74, 0x6c, 0x65, 0x0, 0x6d, 0x61, 0x6e, 0x74, 0x72,
    0x61, 0x0, 0x6d, 0x61, 0x6e, 0x75, 0x61, 0x6c, 0x0, 0x6d, 0x61, 0x6e, 0x75, 0x73, 0x63, 0x72,
    0x69, 0x70, 0x74, 0x0, 0x6d, 0x61, 0x70, 0x6c, 0x65, 0x0, 0x6d, 0x61, 0x70, 0x70, 0x69, 0x6e,
    0x67, 0x0, 0x6d, 0x61, 0x72, 0x61, 0x74, 0x68, 0x6f, 0x6e, 0x0, 0x6d, 0x61, 0x72, 0x62, 0x6c,
    0x65, 0x0, 0x6d, 0x61, 0x72, 0x63, 0x65, 0x6c, 0x0, 0x6d, 0x61, 0x72, 0x63, 0x68, 0x69, 0x6e,
    0x67, 0x0, 0x6d, 0x61, 0x72, 0x65, 0x0, 0x6d, 0x61, 0x72, 0x67, 0x69, 0x6e, 0x0, 0x6d, 0x61,
    0x72, 0x69, 0x61, 0x0, 0x6d, 0x61, 0x72, 0x69, 0x6a, 0x75, 0x61, 0x6e, 0x61, 0x0, 0x6d, 0x61,
    0x72, 0x69, 0x6e, 0x61, 0x0, 0x6d, 0x61, 0x72, 0x69, 0x6e, 0x65, 0x73, 0x0, 0x6d, 0x61, 0x72,
    0x6b, 0x65, 0x72, 0x0, 0x6d, 0x61, 0x72, 0x6b, 0x65, 0x74, 0x69, 0x6e, 0x67, 0x0, 0x6d, 0x61,
    0x72, 0x6b, 0x69, 0x6e, 0x67, 0x0, 0x6d, 0x61, 0x72, 0x6b, 0x73, 0x0, 0x6d, 0x61, 0x72, 0x72,
    0x69, 0x61, 0x67, 0x65, 0x0, 0x6d, 0x61, 0x72, 0x72, 0x69, 0x65, 0x64, 0x0, 0x6d, 0x61, 0x72,
    0x72, 0x6f, 0x77, 0x0, 0x6d, 0x61, 0x72, 0x73, 0x68, 0x61, 0x6c, 0x6c, 0x0, 0x6d, 0x61, 0x72,
    0x74, 0x69, 0x61, 0x6c, 0x0, 0x6d, 0x61, 0x72, 0x74, 0x69, 0x6e, 0x0, 0x6d, 0x61, 0x72, 0x76,
    0x65, 0x6c, 0x0, 0x6d, 0x61, 0x72, 0x78, 0x69, 0x73, 0x74, 0x0, 0x6d, 0x61, 0x72, 0x79, 0x6c,
    0x61, 0x6e, 0x64, 0x0, 0x6d, 0x61, 0x73, 0x63, 0x6f, 0x74, 0x0, 0x6d, 0x61, 0x73, 0x63, 0x75,
    0x6c, 0x69, 0x6e, 0x65, 0x0, 0x6d, 0x61, 0x73, 0x68, 0x0, 0x6d, 0x61, 0x73, 0x6b, 0x0, 0x6d,
    0x61, 0x73, 0x6f, 0x6e, 0x0, 0x6d, 0x61, 0x73, 0x73, 0x61, 0x63, 0x72, 0x65, 0x0, 0x6d, 0x61,
    0x73, 0x73, 0x61, 0x67, 0x65, 0x0, 0x6d, 0x61, 0x73, 0x73, 0x65, 0x73, 0x0, 0x6d, 0x61, 0x73,
    0x74, 0x65, 0x72, 0x73, 0x0, 0x6d, 0x61, 0x73, 0x74, 0x65, 0x72, 0x79, 0x0, 0x6d, 0x61, 0x74,
    0x63, 0x68, 0x0, 0x6d, 0x61, 0x74, 0x65, 0x72, 0x69, 0x61, 0x6c, 0x0, 0x6d, 0x61, 0x74, 0x65,
    0x72, 0x6e, 0x69, 0x74, 0x79, 0x0, 0x6d, 0x61, 0x74, 0x65, 0x73, 0x0, 0x6d, 0x61, 0x74, 0x68,
    0x73, 0x0, 0x6d, 0x61, 0x74, 0x69, 0x6e, 0x67, 0x0, 0x6d, 0x61, 0x74, 0x72, 0x69, 0x78, 0x0,
    0x6d, 0x61, 0x74, 0x74, 0x65, 0x72, 0x0, 0x6d, 0x61, 0x74, 0x74, 0x68, 0x65, 0x77, 0x0, 0x6d,
    0x61, 0x74, 0x74, 0x72, 0x65, 0x73, 0x73, 0x0, 0x6d, 0x61, 0x74, 0x75, 0x72, 0x69, 0x74, 0x79,
    0x0, 0x6d, 0x61, 0x78, 0x69, 0x6d, 0x75, 0x6d, 0x0, 0x6d, 0x61, 0x78, 0x77, 0x65, 0x6c, 0x6c,
    0x0, 0x6d, 0x61, 0x79, 0x61, 0x0, 0x6d, 0x61, 0x79, 0x65, 0x72, 0x0, 0x6d, 0x61, 0x79, 0x6f,
    0x72, 0x0, 0x6d, 0x61, 0x7a, 0x65, 0x0, 0x6d, 0x63, 0x63, 0x61, 0x72, 0x74, 0x68, 0x79, 0x0,
    0x6d, 0x63, 0x63, 0x61, 0x72, 0x74, 0x6e, 0x65, 0x79, 0x0, 0x6d, 0x65, 0x61, 0x64, 0x6f, 0x77,
    0x0, 0x6d, 0x65, 0x61, 0x6c, 0x0, 0x6d, 0x65, 0x61, 0x6e, 0x69, 0x6e, 0x67, 0x0, 0x6d, 0x65,
    0x61, 0x6e, 0x73, 0x0, 0x6d, 0x65, 0x61, 0x6e, 0x74, 0x69, 0x6d, 0x65, 0x0, 0x6d, 0x65, 0x61,
    0x6e, 0x77, 0x68, 0x69, 0x6c, 0x65, 0x0, 0x6d, 0x65, 0x61, 0x73, 0x75, 0x72, 0x65, 0x0, 0x6d,
    0x65, 0x61, 0x73, 0x75, 0x72, 0x69, 0x6e, 0x67, 0x0, 0x6d, 0x65, 0x61, 0x74, 0x0, 0x6d, 0x65,
    0x63, 0x68, 0x61, 0x6e, 0x69, 0x63, 0x73, 0x0, 0x6d, 0x65, 0x63, 0x68, 0x61, 0x6e, 0x69, 0x73,
    0x6d, 0x0, 0x6d, 0x65, 0x64, 0x61, 0x6c, 0x0, 0x6d, 0x65, 0x64, 0x69, 0x61, 0x6e, 0x0, 0x6d,
    0x65, 0x64, 0x69, 0x61, 0x74, 0x69, 0x6f, 0x6e, 0x0, 0x6d, 0x65, 0x64, 0x69, 0x63, 0x61, 0x69,
    0x64, 0x0, 0x6d, 0x65, 0x64, 0x69, 0x63, 0x61, 0x6c, 0x0, 0x6d, 0x65, 0x64, 0x69, 0x63, 0x61,
    0x72, 0x65, 0x0, 0x6d, 0x65, 0x64, 0x69, 0x63, 0x61, 0x74, 0x69, 0x6f, 0x6e, 0x0, 0x6d, 0x65,
    0x64, 0x69, 0x63, 0x69, 0x6e, 0x65, 0x0, 0x6d, 0x65, 0x64, 0x69, 0x74, 0x61, 0x74, 0x69, 0x6f,
    0x6e, 0x0, 0x6d, 0x65, 0x64, 0x69, 0x75, 0x6d, 0x0, 0x6d, 0x65, 0x65, 0x74, 0x69, 0x6e, 0x67,
    0x0, 0x6d, 0x65, 0x6c, 0x62, 0x6f, 0x75, 0x72, 0x6e, 0x65, 0x0, 0x6d, 0x65, 0x6c, 0x69, 0x73,
    0x73, 0x61, 0x0, 0x6d, 0x65, 0x6c, 0x6f, 0x64, 0x79, 0x0, 0x6d, 0x65, 0x6c, 0x74, 0x64, 0x6f,
    0x77, 0x6e, 0x0, 0x6d, 0x65, 0x6c, 0x74, 0x69, 0x6e, 0x67, 0x0, 0x6d, 0x65, 0x6d, 0x62, 0x65,
    0x72, 0x73, 0x68, 0x69, 0x70, 0x0, 0x6d, 0x65, 0x6d, 0x62, 0x72, 0x61, 0x6e, 0x65, 0x0, 0x6d,
    0x65, 0x6d, 0x65, 0x0, 0x6d, 0x65, 0x6d, 0x6f, 0x69, 0x72, 0x0, 0x6d, 0x65, 0x6d, 0x6f, 0x72,
    0x69, 0x61, 0x6c, 0x0, 0x6d, 0x65, 0x6d, 0x6f, 0x72, 0x79, 0x0, 0x6d, 0x65, 0x6d, 0x70, 0x68,
    0x69, 0x73, 0x0, 0x6d, 0x65, 0x6e, 0x61, 0x63, 0x65, 0x0, 0x6d, 0x65, 0x6e, 0x74, 0x61, 0x6c,
    0x69, 0x74, 0x79, 0x0, 0x6d, 0x65, 0x6e, 0x74, 0x69, 0x6f, 0x6e, 0x0, 0x6d, 0x65, 0x6e, 0x74,
    0x6f, 0x72, 0x0, 0x6d, 0x65, 0x6e, 0x75, 0x0, 0x6d, 0x65, 0x72, 0x63, 0x68, 0x61, 0x6e, 0x74,
    0x0, 0x6d, 0x65, 0x72, 0x63, 0x75, 0x72, 0x79, 0x0, 0x6d, 0x65, 0x72, 0x63, 0x79, 0x0, 0x6d,
    0x65, 0x72, 0x65, 0x64, 0x69, 0x74, 0x68, 0x0, 0x6d, 0x65, 0x72, 0x67, 0x65, 0x72, 0x0, 0x6d,
    0x65, 0x72, 0x69, 0x74, 0x0, 0x6d, 0x65, 0x73, 0x61, 0x0, 0x6d, 0x65, 0x73, 0x68, 0x0, 0x6d,
    0x65, 0x73, 0x73, 0x61, 0x67, 0x65, 0x0, 0x6d, 0x65, 0x73, 0x73, 0x61, 0x67, 0x69, 0x6e, 0x67,
    0x0, 0x6d, 0x65, 0x73, 0x73, 0x65, 0x6e, 0x67, 0x65, 0x72, 0x0, 0x6d, 0x65, 0x73, 0x73, 0x69,
    0x61, 0x68, 0x0, 0x6d, 0x65, 0x74, 0x61, 0x62, 0x6f, 0x6c, 0x69, 0x73, 0x6d, 0x0, 0x6d, 0x65,
    0x74, 0x61, 0x6c, 0x6c, 0x69, 0x63, 0x0, 0x6d, 0x65, 0x74, 0x61, 0x70, 0x68, 0x6f, 0x72, 0x0,
    0x6d, 0x65, 0x74, 0x65, 0x6f, 0x72, 0x0, 0x6d, 0x65, 0x74, 0x65, 0x72, 0x0, 0x6d, 0x65, 0x74,
    0x68, 0x61, 0x6e, 0x65, 0x0, 0x6d, 0x65, 0x74, 0x68, 0x6f, 0x64, 0x69, 0x73, 0x74, 0x0, 0x6d,
    0x65, 0x74, 0x72, 0x65, 0x0, 0x6d, 0x65, 0x74, 0x72, 0x69, 0x63, 0x73, 0x0, 0x6d, 0x65, 0x74,
    0x72, 0x6f, 0x70, 0x6f, 0x6c, 0x69, 0x73, 0x0, 0x6d, 0x65, 0x78, 0x69, 0x63, 0x61, 0x6e, 0x0,
    0x6d, 0x65, 0x78, 0x69, 0x63, 0x6f, 0x0, 0x6d, 0x69, 0x61, 0x6d, 0x69, 0x0, 0x6d, 0x69, 0x63,
    0x68, 0x61, 0x65, 0x6c, 0x0, 0x6d, 0x69, 0x63, 0x68, 0x69, 0x67, 0x61, 0x6e, 0x0, 0x6d, 0x69,
    0x63, 0x6b, 0x65, 0x79, 0x0, 0x6d, 0x69, 0x63, 0x72, 0x6f, 0x70, 0x68, 0x6f, 0x6e, 0x65, 0x0,
    0x6d, 0x69, 0x63, 0x72, 0x6f, 0x73, 0x63, 0x6f, 0x70, 0x65, 0x0, 0x6d, 0x69, 0x63, 0x72, 0x6f,
    0x77, 0x61, 0x76, 0x65, 0x0, 0x6d, 0x69, 0x64, 0x64, 0x6c, 0x65, 0x74, 0x6f, 0x6e, 0x0, 0x6d,
    0x69, 0x64, 0x66, 0x69, 0x65, 0x6c, 0x64, 0x0, 0x6d, 0x69, 0x64, 0x6e, 0x69, 0x67, 0x68, 0x74,
    0x0, 0x6d, 0x69, 0x64, 0x73, 0x74, 0x0, 0x6d, 0x69, 0x64, 0x77, 0x61, 0x79, 0x0, 0x6d, 0x69,
    0x64, 0x77, 0x65, 0x73, 0x74, 0x0, 0x6d, 0x69, 0x67, 0x68, 0x74, 0x0, 0x6d, 0x69, 0x67, 0x72,
    0x61, 0x6e, 0x74, 0x0, 0x6d, 0x69, 0x67, 0x72, 0x61, 0x74, 0x69, 0x6f, 0x6e, 0x0, 0x6d, 0x69,
    0x6b, 0x65, 0x0, 0x6d, 0x69, 0x6c, 0x61, 0x6e, 0x0, 0x6d, 0x69, 0x6c, 0x65, 0x61, 0x67, 0x65,
    0x0, 0x6d, 0x69, 0x6c, 0x65, 0x73, 0x74, 0x6f, 0x6e, 0x65, 0x0, 0x6d, 0x69, 0x6c, 0x69, 0x74,
    0x61, 0x6e, 0x74, 0x0, 0x6d, 0x69, 0x6c, 0x69, 0x74, 0x61, 0x72, 0x79, 0x0, 0x6d, 0x69, 0x6c,
    0x69, 0x74, 0x69, 0x61, 0x0, 0x6d, 0x69, 0x6c, 0x6b, 0x0, 0x6d, 0x69, 0x6c, 0x6c, 0x65, 0x6e,
    0x6e, 0x69, 0x75, 0x6d, 0x0, 0x6d, 0x69, 0x6c, 0x6c, 0x65, 0x72, 0x0, 0x6d, 0x69, 0x6c, 0x6c,
    0x69, 0x6f, 0x6e, 0x0, 0x6d, 0x69, 0x6c, 0x6c, 0x73, 0x0, 0x6d, 0x69, 0x6c, 0x6f, 0x0, 0x6d,
    0x69, 0x6c, 0x74, 0x6f, 0x6e, 0x0, 0x6d, 0x69, 0x6c, 0x77, 0x61, 0x75, 0x6b, 0x65, 0x65, 0x0,
    0x6d, 0x69, 0x6e, 0x64, 0x73, 0x65, 0x74, 0x0, 0x6d, 0x69, 0x6e, 0x65, 0x72, 0x61, 0x6c, 0x0,
    0x6d, 0x69, 0x6e, 0x67, 0x0, 0x6d, 0x69, 0x6e, 0x69, 0x61, 0x74, 0x75, 0x72, 0x65, 0x0, 0x6d,
    0x69, 0x6e, 0x69, 0x6d, 0x75, 0x6d, 0x0, 0x6d, 0x69, 0x6e, 0x69, 0x6e, 0x67, 0x0, 0x6d, 0x69,
    0x6e, 0x69, 0x73, 0x74, 0x65, 0x72, 0x0, 0x6d, 0x69, 0x6e, 0x69, 0x73, 0x74, 0x72, 0x79, 0x0,
    0x6d, 0x69, 0x6e, 0x6e, 0x65, 0x73, 0x6f, 0x74, 0x61, 0x0, 0x6d, 0x69, 0x6e, 0x6f, 0x72, 0x69,
    0x74, 0x79, 0x0, 0x6d, 0x69, 0x6e, 0x6f, 0x72, 0x73, 0x0, 0x6d, 0x69, 0x6e, 0x74, 0x0, 0x6d,
    0x69, 0x6e, 0x75, 0x73, 0x0, 0x6d, 0x69, 0x6e, 0x75, 0x74, 0x65, 0x73, 0x0, 0x6d, 0x69, 0x72,
    0x61, 0x63, 0x6c, 0x65, 0x0, 0x6d, 0x69, 0x72, 0x72, 0x6f, 0x72, 0x0, 0x6d, 0x69, 0x73, 0x63,
    0x6f, 0x6e, 0x64, 0x75, 0x63, 0x74, 0x0, 0x6d, 0x69, 0x73, 0x65, 0x72, 0x79, 0x0, 0x6d, 0x69,
    0x73, 0x73, 0x69, 0x6c, 0x65, 0x0, 0x6d, 0x69, 0x73, 0x73, 0x69, 0x6f, 0x6e, 0x61, 0x72, 0x79,
    0x0, 0x6d, 0x69, 0x73, 0x73, 0x6f, 0x75, 0x72, 0x69, 0x0, 0x6d, 0x69, 0x73, 0x74, 0x61, 0x6b,
    0x65, 0x0, 0x6d, 0x69, 0x73, 0x74, 0x65, 0x72, 0x0, 0x6d, 0x69, 0x73, 0x74, 0x72, 0x65, 0x73,
    0x73, 0x0, 0x6d, 0x69, 0x73, 0x75, 0x73, 0x65, 0x0, 0x6d, 0x69, 0x74, 0x63, 0x68, 0x65, 0x6c,
    0x6c, 0x0, 0x6d, 0x69, 0x78, 0x65, 0x72, 0x0, 0x6d, 0x69, 0x78, 0x69, 0x6e, 0x67, 0x0, 0x6d,
    0x69, 0x78, 0x74, 0x75, 0x72, 0x65, 0x0, 0x6d, 0x6f, 0x62, 0x69, 0x6c, 0x65, 0x0, 0x6d, 0x6f,
    0x62, 0x69, 0x6c, 0x69, 0x74, 0x79, 0x0, 0x6d, 0x6f, 0x63, 0x6b, 0x0, 0x6d, 0x6f, 0x64, 0x65,
    0x6c, 0x69, 0x6e, 0x67, 0x0, 0x6d, 0x6f, 0x64, 0x65, 0x6c, 0x6c, 0x69, 0x6e, 0x67, 0x0, 0x6d,
    0x6f, 0x64, 0x65, 0x72, 0x61, 0x74, 0x65, 0x0, 0x6d, 0x6f, 0x64, 0x65, 0x72, 0x6e, 0x0, 0x6d,
    0x6f, 0x64, 0x75, 0x6c, 0x65, 0x0, 0x6d, 0x6f, 0x68, 0x61, 0x6d, 0x6d, 0x61, 0x64, 0x0, 0x6d,
    0x6f, 0x68, 0x61, 0x6d, 0x6d, 0x65, 0x64, 0x0, 0x6d, 0x6f, 0x69, 0x73, 0x74, 0x75, 0x72, 0x65,
    0x0, 0x6d, 0x6f, 0x6c, 0x64, 0x0, 0x6d, 0x6f, 0x6c, 0x65, 0x63, 0x75, 0x6c, 0x65, 0x0, 0x6d,
    0x6f, 0x6c, 0x6c, 0x79, 0x0, 0x6d, 0x6f, 0x6d, 0x65, 0x6e, 0x74, 0x75, 0x6d, 0x0, 0x6d, 0x6f,
    0x6d, 0x6d, 0x79, 0x0, 0x6d, 0x6f, 0x6e, 0x61, 0x63, 0x6f, 0x0, 0x6d, 0x6f, 0x6e, 0x61, 0x72,
    0x63, 0x68, 0x79, 0x0, 0x6d, 0x6f, 0x6e, 0x61, 0x73, 0x74, 0x65, 0x72, 0x79, 0x0, 0x6d, 0x6f,
    0x6e, 0x64, 0x61, 0x79, 0x0, 0x6d, 0x6f, 0x6e, 0x65, 0x79, 0x0, 0x6d, 0x6f, 0x6e, 0x69, 0x74,
    0x6f, 0x72, 0x69, 0x6e, 0x67, 0x0, 0x6d, 0x6f, 0x6e, 0x6b, 0x65, 0x79, 0x0, 0x6d, 0x6f, 0x6e,
    0x6f, 0x70, 0x6f, 0x6c, 0x79, 0x0, 0x6d, 0x6f, 0x6e, 0x72, 0x6f, 0x65, 0x0, 0x6d, 0x6f, 0x6e,
    0x73, 0x74, 0x65, 0x72, 0x0, 0x6d, 0x6f, 0x6e, 0x74, 0x61, 0x6e, 0x61, 0x0, 0x6d, 0x6f, 0x6e,
    0x74, 0x65, 0x0, 0x6d, 0x6f, 0x6e, 0x74, 0x67, 0x6f, 0x6d, 0x65, 0x72, 0x79, 0x0, 0x6d, 0x6f,
    0x6e, 0x74, 0x68, 0x6c, 0x79, 0x0, 0x6d, 0x6f, 0x6e, 0x74, 0x72, 0x65, 0x61, 0x6c, 0x0, 0x6d,
    0x6f, 0x6e, 0x75, 0x6d, 0x65, 0x6e, 0x74, 0x0, 0x6d, 0x6f, 0x6f, 0x64, 0x79, 0x0, 0x6d, 0x6f,
    0x6f, 0x6e, 0x6c, 0x69, 0x67, 0x68, 0x74, 0x0, 0x6d, 0x6f, 0x6f, 0x72, 0x65, 0x0, 0x6d, 0x6f,
    0x6f, 0x73, 0x65, 0x0, 0x6d, 0x6f, 0x72, 0x61, 0x6c, 0x65, 0x0, 0x6d, 0x6f, 0x72, 0x61, 0x6c,
    0x69, 0x74, 0x79, 0x0, 0x6d, 0x6f, 0x72, 0x61, 0x6c, 0x73, 0x0, 0x6d, 0x6f, 0x72, 0x65, 0x0,
    0x6d, 0x6f, 0x72, 0x67, 0x61, 0x6e, 0x0, 0x6d, 0x6f, 0x72, 0x6d, 0x6f, 0x6e, 0x0, 0x6d, 0x6f,
    0x72, 0x6e, 0x69, 0x6e, 0x67, 0x0, 0x6d, 0x6f, 0x72, 0x6f, 0x63, 0x63, 0x6f, 0x0, 0x6d, 0x6f,
    0x72, 0x6f, 0x6e, 0x0, 0x6d, 0x6f, 0x72, 0x72, 0x69, 0x73, 0x6f, 0x6e, 0x0, 0x6d, 0x6f, 0x72,
    0x73, 0x65, 0x0, 0x6d, 0x6f, 0x72, 0x74, 0x61, 0x6c, 0x69, 0x74, 0x79, 0x0, 0x6d, 0x6f, 0x72,
    0x74, 0x61, 0x72, 0x0, 0x6d, 0x6f, 0x72, 0x74, 0x67, 0x61, 0x67, 0x65, 0x0, 0x6d, 0x6f, 0x72,
    0x74, 0x6f, 0x6e, 0x0, 0x6d, 0x6f, 0x73, 0x61, 0x69, 0x63, 0x0, 0x6d, 0x6f, 0x73, 0x63, 0x6f,
    0x77, 0x0, 0x6d, 0x6f, 0x73, 0x65, 0x73, 0x0, 0x6d, 0x6f, 0x73, 0x71, 0x75, 0x65, 0x0, 0x6d,
    0x6f, 0x73, 0x71, 0x75, 0x69, 0x74, 0x6f, 0x0, 0x6d, 0x6f, 0x73, 0x73, 0x0, 0x6d, 0x6f, 0x74,
    0x65, 0x6c, 0x0, 0x6d, 0x6f, 0x74, 0x68, 0x65, 0x72, 0x0, 0x6d, 0x6f, 0x74, 0x69, 0x6f, 0x6e,
    0x0, 0x6d, 0x6f, 0x74, 0x69, 0x76, 0x61, 0x74, 0x69, 0x6f, 0x6e, 0x0, 0x6d, 0x6f, 0x74, 0x69,
    0x76, 0x65, 0x0, 0x6d, 0x6f, 0x74, 0x6f, 0x72, 0x63, 0x79, 0x63, 0x6c, 0x65, 0x0, 0x6d, 0x6f,
    0x74, 0x74, 0x6f, 0x0, 0x6d, 0x6f, 0x75, 0x6e, 0x64, 0x0, 0x6d, 0x6f, 0x75, 0x6e, 0x74, 0x61,
    0x69, 0x6e, 0x0, 0x6d, 0x6f, 0x75, 0x6e, 0x74, 0x69, 0x6e, 0x67, 0x0, 0x6d, 0x6f, 0x75, 0x72,
    0x6e, 0x69, 0x6e, 0x67, 0x0, 0x6d, 0x6f, 0x75, 0x73, 0x65, 0x0, 0x6d, 0x6f, 0x75, 0x74, 0x68,
    0x0, 0x6d, 0x6f, 0x76, 0x65, 0x6d, 0x65, 0x6e, 0x74, 0x0, 0x6d, 0x6f, 0x76, 0x69, 0x65, 0x0,
    0x6d, 0x75, 0x63, 0x68, 0x0, 0x6d, 0x75, 0x68, 0x61, 0x6d, 0x6d, 0x61, 0x64, 0x0, 0x6d, 0x75,
    0x6c, 0x74, 0x69, 0x6d, 0x65, 0x64, 0x69, 0x61, 0x0, 0x6d, 0x75, 0x6c, 0x74, 0x69, 0x70, 0x6c,
    0x65, 0x0, 0x6d, 0x75, 0x6c, 0x74, 0x69, 0x74, 0x75, 0x64, 0x65, 0x0, 0x6d, 0x75, 0x6d, 0x62,
    0x61, 0x69, 0x0, 0x6d, 0x75, 0x6d, 0x6d, 0x79, 0x0, 0x6d, 0x75, 0x6e, 0x69, 0x63, 0x68, 0x0,
    0x6d, 0x75, 0x72, 0x64, 0x65, 0x72, 0x65, 0x72, 0x0, 0x6d, 0x75, 0x72, 0x70, 0x68, 0x79, 0x0,
    0x6d, 0x75, 0x72, 0x72, 0x61, 0x79, 0x0, 0x6d, 0x75, 0x73, 0x63, 0x6c, 0x65, 0x0, 0x6d, 0x75,
    0x73, 0x65, 0x75, 0x6d, 0x0, 0x6d, 0x75, 0x73, 0x68, 0x72, 0x6f, 0x6f, 0x6d, 0x0, 0x6d, 0x75,
    0x73, 0x69, 0x63, 0x61, 0x6c, 0x0, 0x6d, 0x75, 0x73, 0x69, 0x63, 0x69, 0x61, 0x6e, 0x0, 0x6d,
    0x75, 0x73, 0x6c, 0x69, 0x6d, 0x0, 0x6d, 0x75, 0x73, 0x74, 0x61, 0x6e, 0x67, 0x0, 0x6d, 0x75,
    0x73, 0x74, 0x61, 0x72, 0x64, 0x0, 0x6d, 0x75, 0x74, 0x61, 0x6e, 0x74, 0x0, 0x6d, 0x75, 0x74,
    0x61, 0x74, 0x69, 0x6f, 0x6e, 0x0, 0x6d, 0x75, 0x74, 0x65, 0x0, 0x6d, 0x79, 0x61, 0x6e, 0x6d,
    0x61, 0x72, 0x0, 0x6d, 0x79, 0x73, 0x74, 0x65, 0x72, 0x79, 0x0, 0x6d, 0x79, 0x73, 0x74, 0x69,
    0x63, 0x0, 0x6d, 0x79, 0x74, 0x68, 0x6f, 0x6c, 0x6f, 0x67, 0x79, 0x0, 0x6e, 0x61, 0x69, 0x6c,
    0x0, 0x6e, 0x61, 0x69, 0x72, 0x6f, 0x62, 0x69, 0x0, 0x6e, 0x61, 0x6d, 0x65, 0x73, 0x0, 0x6e,
    0x61, 0x6d, 0x69, 0x6e, 0x67, 0x0, 0x6e, 0x61, 0x6e, 0x63, 0x79, 0x0, 0x6e, 0x61, 0x6e, 0x6e,
    0x79, 0x0, 0x6e, 0x61, 0x6f, 0x6d, 0x69, 0x0, 0x6e, 0x61, 0x70, 0x6c, 0x65, 0x73, 0x0, 0x6e,
    0x61, 0x70, 0x6f, 0x6c, 0x65, 0x6f, 0x6e, 0x0, 0x6e, 0x61, 0x72, 0x72, 0x61, 0x74, 0x69, 0x76,
    0x65, 0x0, 0x6e, 0x61, 0x72, 0x72, 0x61, 0x74, 0x6f, 0x72, 0x0, 0x6e, 0x61, 0x72, 0x72, 0x6f,
    0x77, 0x0, 0x6e, 0x61, 0x73, 0x61, 0x0, 0x6e, 0x61, 0x73, 0x68, 0x76, 0x69, 0x6c, 0x6c, 0x65,
    0x0, 0x6e, 0x61, 0x74, 0x69, 0x6f, 0x6e, 0x61, 0x6c, 0x0, 0x6e, 0x61, 0x74, 0x69, 0x76, 0x65,
    0x0, 0x6e, 0x61, 0x74, 0x6f, 0x0, 0x6e, 0x61, 0x74, 0x75, 0x72, 0x61, 0x6c, 0x0, 0x6e, 0x61,
    0x74, 0x75, 0x72, 0x65, 0x0, 0x6e, 0x61, 0x75, 0x73, 0x65, 0x61, 0x0, 0x6e, 0x61, 0x76, 0x69,
    0x67, 0x61, 0x74, 0x69, 0x6f, 0x6e, 0x0, 0x6e, 0x61, 0x76, 0x79, 0x0, 0x6e, 0x65, 0x62, 0x72,
    0x61, 0x73, 0x6b, 0x61, 0x0, 0x6e, 0x65, 0x63, 0x65, 0x73, 0x73, 0x61, 0x72, 0x79, 0x0, 0x6e,
    0x65, 0x63, 0x65, 0x73, 0x73, 0x69, 0x74, 0x79, 0x0, 0x6e, 0x65, 0x63, 0x6b, 0x6c, 0x61, 0x63,
    0x65, 0x0, 0x6e, 0x65, 0x65, 0x64, 0x6c, 0x65, 0x0, 0x6e, 0x65, 0x65, 0x64, 0x79, 0x0, 0x6e,
    0x65, 0x67, 0x61, 0x74, 0x69, 0x76, 0x65, 0x0, 0x6e, 0x65, 0x67, 0x6c, 0x65, 0x63, 0x74, 0x0,
    0x6e, 0x65, 0x67, 0x6c, 0x69, 0x67, 0x65, 0x6e, 0x63, 0x65, 0x0, 0x6e, 0x65, 0x69, 0x67, 0x68,
    0x62, 0x6f, 0x72, 0x0, 0x6e, 0x65, 0x69, 0x67, 0x68, 0x62, 0x6f, 0x75, 0x72, 0x0, 0x6e, 0x65,
    0x6c, 0x73, 0x6f, 0x6e, 0x0, 0x6e, 0x65, 0x6f, 0x6e, 0x0, 0x6e, 0x65, 0x70, 0x61, 0x6c, 0x0,
    0x6e, 0x65, 0x70, 0x68, 0x65, 0x77, 0x0, 0x6e, 0x65, 0x72, 0x64, 0x0, 0x6e, 0x65, 0x72, 0x76,
    0x65, 0x73, 0x0, 0x6e, 0x65, 0x73, 0x73, 0x0, 0x6e, 0x65, 0x73, 0x74, 0x0, 0x6e, 0x65, 0x74,
    0x77, 0x6f, 0x72, 0x6b, 0x0, 0x6e, 0x65, 0x75, 0x74, 0x72, 0x61, 0x6c, 0x69, 0x74, 0x79, 0x0,
    0x6e, 0x65, 0x76, 0x61, 0x64, 0x61, 0x0, 0x6e, 0x65, 0x77, 0x61, 0x72, 0x6b, 0x0, 0x6e, 0x65,
    0x77, 0x62, 0x6f, 0x72, 0x6e, 0x0, 0x6e, 0x65, 0x77, 0x63, 0x61, 0x73, 0x74, 0x6c, 0x65, 0x0,
    0x6e, 0x65, 0x77, 0x6d, 0x61, 0x6e, 0x0, 0x6e, 0x65, 0x77, 0x70, 0x6f, 0x72, 0x74, 0x0, 0x6e,
    0x65, 0x77, 0x73, 0x6c, 0x65, 0x74, 0x74, 0x65, 0x72, 0x0, 0x6e, 0x65, 0x77, 0x73, 0x70, 0x61,
    0x70, 0x65, 0x72, 0x0, 0x6e, 0x65, 0x77, 0x74, 0x6f, 0x6e, 0x0, 0x6e, 0x65, 0x78, 0x75, 0x73,
    0x0, 0x6e, 0x69, 0x61, 0x67, 0x61, 0x72, 0x61, 0x0, 0x6e, 0x69, 0x63, 0x65, 0x0, 0x6e, 0x69,
    0x63, 0x68, 0x65, 0x0, 0x6e, 0x69, 0x63, 0x68, 0x6f, 0x6c, 0x61, 0x73, 0x0, 0x6e, 0x69, 0x63,
    0x6b, 0x65, 0x6c, 0x0, 0x6e, 0x69, 0x63, 0x6b, 0x6e, 0x61, 0x6d, 0x65, 0x0, 0x6e, 0x69, 0x63,
    0x6f, 0x74, 0x69, 0x6e, 0x65, 0x0, 0x6e, 0x69, 0x65, 0x63, 0x65, 0x0, 0x6e, 0x69, 0x67, 0x65,
    0x72, 0x69, 0x61, 0x6e, 0x0, 0x6e, 0x69, 0x67, 0x68, 0x74, 0x63, 0x6c, 0x75, 0x62, 0x0, 0x6e,
    0x69, 0x67, 0x68, 0x74, 0x6d, 0x61, 0x72, 0x65, 0x0, 0x6e, 0x69, 0x6b, 0x65, 0x0, 0x6e, 0x69,
    0x6c, 0x65, 0x0, 0x6e, 0x69, 0x6e, 0x61, 0x0, 0x6e, 0x69, 0x6e, 0x65, 0x74, 0x65, 0x65, 0x6e,
    0x74, 0x68, 0x0, 0x6e, 0x69, 0x6e, 0x65, 0x74, 0x79, 0x0, 0x6e, 0x69, 0x6e, 0x6a, 0x61, 0x0,
    0x6e, 0x69, 0x6e, 0x74, 0x68, 0x0, 0x6e, 0x69, 0x73, 0x73, 0x61, 0x6e, 0x0, 0x6e, 0x69, 0x74,
    0x72, 0x6f, 0x67, 0x65, 0x6e, 0x0, 0x6e, 0x69, 0x78, 0x6f, 0x6e, 0x0, 0x6e, 0x6f, 0x61, 0x68,
    0x0, 0x6e, 0x6f, 0x62, 0x65, 0x6c, 0x0, 0x6e, 0x6f, 0x62, 0x6c, 0x65, 0x0, 0x6e, 0x6f, 0x62,
    0x6f, 0x64, 0x79, 0x0, 0x6e, 0x6f, 0x64, 0x65, 0x0, 0x6e, 0x6f, 0x65, 0x6c, 0x0, 0x6e, 0x6f,
    0x69, 0x73, 0x65, 0x0, 0x6e, 0x6f, 0x6d, 0x69, 0x6e, 0x61, 0x6c, 0x0, 0x6e, 0x6f, 0x6d, 0x69,
    0x6e, 0x61, 0x74, 0x69, 0x6f, 0x6e, 0x0, 0x6e, 0x6f, 0x6d, 0x69, 0x6e, 0x65, 0x65, 0x0, 0x6e,
    0x6f, 0x6e, 0x65, 0x0, 0x6e, 0x6f, 0x6e, 0x70, 0x72, 0x6f, 0x66, 0x69, 0x74, 0x0, 0x6e, 0x6f,
    0x6e, 0x73, 0x65, 0x6e, 0x73, 0x65, 0x0, 0x6e, 0x6f, 0x6f, 0x6e, 0x0, 0x6e, 0x6f, 0x72, 0x64,
    0x69, 0x63, 0x0, 0x6e, 0x6f, 0x72, 0x66, 0x6f, 0x6c, 0x6b, 0x0, 0x6e, 0x6f, 0x72, 0x6d, 0x61,
    0x6c, 0x0, 0x6e, 0x6f, 0x72, 0x6d, 0x61, 0x6e, 0x0, 0x6e, 0x6f, 0x72, 0x72, 0x69, 0x73, 0x0,
    0x6e, 0x6f, 0x72, 0x74, 0x68, 0x65, 0x61, 0x73, 0x74, 0x0, 0x6e, 0x6f, 0x72, 0x74, 0x68, 0x65,
    0x72, 0x6e, 0x0, 0x6e, 0x6f, 0x72, 0x74, 0x68, 0x77, 0x65, 0x73, 0x74, 0x0, 0x6e, 0x6f, 0x72,
    0x77, 0x61, 0x79, 0x0, 0x6e, 0x6f, 0x72, 0x77, 0x65, 0x67, 0x69, 0x61, 0x6e, 0x0, 0x6e, 0x6f,
    0x73, 0x65, 0x0, 0x6e, 0x6f, 0x73, 0x74, 0x61, 0x6c, 0x67, 0x69, 0x61, 0x0, 0x6e, 0x6f, 0x74,
    0x61, 0x62, 0x6c, 0x65, 0x0, 0x6e, 0x6f, 0x74, 0x63, 0x68, 0x0, 0x6e, 0x6f, 0x74, 0x65, 0x62,
    0x6f, 0x6f, 0x6b, 0x0, 0x6e, 0x6f, 0x74, 0x68, 0x69, 0x6e, 0x67, 0x0, 0x6e, 0x6f, 0x74, 0x69,
    0x63, 0x65, 0x0, 0x6e, 0x6f, 0x74, 0x69, 0x6f, 0x6e, 0x0, 0x6e, 0x6f, 0x75, 0x6e, 0x0, 0x6e,
    0x6f, 0x76, 0x61, 0x0, 0x6e, 0x6f, 0x76, 0x65, 0x6c, 0x69, 0x73, 0x74, 0x0, 0x6e, 0x6f, 0x76,
    0x65, 0x6c, 0x74, 0x79, 0x0, 0x6e, 0x6f, 0x76, 0x65, 0x6d, 0x62, 0x65, 0x72, 0x0, 0x6e, 0x6f,
    0x77, 0x61, 0x64, 0x61, 0x79, 0x73, 0x0, 0x6e, 0x6f, 0x77, 0x68, 0x65, 0x72, 0x65, 0x0, 0x6e,
    0x75, 0x63, 0x6c, 0x65, 0x75, 0x73, 0x0, 0x6e, 0x75, 0x69, 0x73, 0x61, 0x6e, 0x63, 0x65, 0x0,
    0x6e, 0x75, 0x6c, 0x6c, 0x0, 0x6e, 0x75, 0x6d, 0x62, 0x65, 0x72, 0x73, 0x0, 0x6e, 0x75, 0x72,
    0x73, 0x65, 0x72, 0x79, 0x0, 0x6e, 0x75, 0x72, 0x73, 0x69, 0x6e, 0x67, 0x0, 0x6e, 0x75, 0x74,
    0x72, 0x69, 0x65, 0x6e, 0x74, 0x0, 0x6e, 0x75, 0x74, 0x72, 0x69, 0x74, 0x69, 0x6f, 0x6e, 0x0,
    0x6f, 0x61, 0x6b, 0x6c, 0x61, 0x6e, 0x64, 0x0, 0x6f, 0x61, 0x73, 0x69, 0x73, 0x0, 0x6f, 0x61,
    0x74, 0x68, 0x0, 0x6f, 0x62, 0x65, 0x64, 0x69, 0x65, 0x6e, 0x63, 0x65, 0x0, 0x6f, 0x62, 0x65,
    0x73, 0x69, 0x74, 0x79, 0x0, 0x6f, 0x62, 0x6a, 0x65, 0x63, 0x74, 0x69, 0x6f, 0x6e, 0x0, 0x6f,
    0x62, 0x6a, 0x65, 0x63, 0x74, 0x69, 0x76, 0x65, 0x0, 0x6f, 0x62, 0x6c, 0x69, 0x67, 0x61, 0x74,
    0x69, 0x6f, 0x6e, 0x0, 0x6f, 0x62, 0x73, 0x65, 0x72, 0x76, 0x65, 0x72, 0x0, 0x6f, 0x62, 0x73,
    0x65, 0x73, 0x73, 0x69, 0x6f, 0x6e, 0x0, 0x6f, 0x62, 0x73, 0x74, 0x61, 0x63, 0x6c, 0x65, 0x0,
    0x6f, 0x63, 0x63, 0x61, 0x73, 0x69, 0x6f, 0x6e, 0x73, 0x0, 0x6f, 0x63, 0x63, 0x75, 0x70, 0x61,
    0x74, 0x69, 0x6f, 0x6e, 0x0, 0x6f, 0x63, 0x63, 0x75, 0x72, 0x72, 0x65, 0x6e, 0x63, 0x65, 0x0,
    0x6f, 0x63, 0x65, 0x61, 0x6e, 0x0, 0x6f, 0x63, 0x74, 0x6f, 0x62, 0x65, 0x72, 0x0, 0x6f, 0x64,
    0x64, 0x73, 0x0, 0x6f, 0x64, 0x79, 0x73, 0x73, 0x65, 0x79, 0x0, 0x6f, 0x66, 0x66, 0x65, 0x6e,
    0x63, 0x65, 0x0, 0x6f, 0x66, 0x66, 0x65, 0x6e, 0x64, 0x65, 0x72, 0x0, 0x6f, 0x66, 0x66, 0x65,
    0x6e, 0x73, 0x65, 0x0, 0x6f, 0x66, 0x66, 0x65, 0x6e, 0x73, 0x69, 0x76, 0x65, 0x0, 0x6f, 0x66,
    0x66, 0x65, 0x72, 0x69, 0x6e, 0x67, 0x0, 0x6f, 0x66, 0x66, 0x69, 0x63, 0x65, 0x72, 0x0, 0x6f,
    0x66, 0x66, 0x69, 0x63, 0x69, 0x61, 0x6c, 0x0, 0x6f, 0x66, 0x66, 0x73, 0x65, 0x74, 0x0, 0x6f,
    0x66, 0x66, 0x73, 0x70, 0x72, 0x69, 0x6e, 0x67, 0x0, 0x6f, 0x68, 0x69, 0x6f, 0x0, 0x6f, 0x6b,
    0x61, 0x79, 0x0, 0x6f, 0x6b, 0x6c, 0x61, 0x68, 0x6f, 0x6d, 0x61, 0x0, 0x6f, 0x6c, 0x69, 0x76,
    0x65, 0x72, 0x0, 0x6f, 0x6c, 0x79, 0x6d, 0x70, 0x69, 0x63, 0x73, 0x0, 0x6f, 0x6d, 0x61, 0x68,
    0x61, 0x0, 0x6f, 0x6d, 0x65, 0x67, 0x61, 0x0, 0x6f, 0x6e, 0x69, 0x6f, 0x6e, 0x0, 0x6f, 0x6e,
    0x73, 0x65, 0x74, 0x0, 0x6f, 0x6e, 0x74, 0x61, 0x72, 0x69, 0x6f, 0x0, 0x6f, 0x70, 0x65, 0x6e,
    0x65, 0x72, 0x0, 0x6f, 0x70, 0x65, 0x6e, 0x69, 0x6e, 0x67, 0x0, 0x6f, 0x70, 0x65, 0x72, 0x61,
    0x74, 0x69, 0x6f, 0x6e, 0x73, 0x0, 0x6f, 0x70, 0x65, 0x72, 0x61, 0x74, 0x69, 0x76, 0x65, 0x0,
    0x6f, 0x70, 0x65, 0x72, 0x61, 0x74, 0x6f, 0x72, 0x0, 0x6f, 0x70, 0x69, 0x6e, 0x69, 0x6f, 0x6e,
    0x0, 0x6f, 0x70, 0x70, 0x6f, 0x6e, 0x65, 0x6e, 0x74, 0x0, 0x6f, 0x70, 0x70, 0x6f, 0x73, 0x69,
    0x74, 0x65, 0x0, 0x6f, 0x70, 0x70, 0x6f, 0x73, 0x69, 0x74, 0x69, 0x6f, 0x6e, 0x0, 0x6f, 0x70,
    0x70, 0x72, 0x65, 0x73, 0x73, 0x69, 0x6f, 0x6e, 0x0, 0x6f, 0x70, 0x74, 0x69, 0x63, 0x73, 0x0,
    0x6f, 0x70, 0x74, 0x69, 0x6d, 0x69, 0x73, 0x6d, 0x0, 0x6f, 0x70, 0x74, 0x69, 0x6d, 0x75, 0x6d,
    0x0, 0x6f, 0x70, 0x74, 0x69, 0x6f, 0x6e, 0x0, 0x6f, 0x72, 0x61, 0x63, 0x6c, 0x65, 0x0, 0x6f,
    0x72, 0x61, 0x6c, 0x0, 0x6f, 0x72, 0x61, 0x6e, 0x67, 0x65, 0x0, 0x6f, 0x72, 0x62, 0x69, 0x74,
    0x0, 0x6f, 0x72, 0x63, 0x68, 0x61, 0x72, 0x64, 0x0, 0x6f, 0x72, 0x63, 0x68, 0x65, 0x73, 0x74,
    0x72, 0x61, 0x0, 0x6f, 0x72, 0x64, 0x65, 0x72, 0x69, 0x6e, 0x67, 0x0, 0x6f, 0x72, 0x64, 0x69,
    0x6e, 0x61, 0x6e, 0x63, 0x65, 0x0, 0x6f, 0x72, 0x64, 0x69, 0x6e, 0x61, 0x72, 0x79, 0x0, 0x6f,
    0x72, 0x65, 0x67, 0x6f, 0x6e, 0x0, 0x6f, 0x72, 0x67, 0x61, 0x6e, 0x69, 0x63, 0x0, 0x6f, 0x72,
    0x67, 0x61, 0x6e, 0x69, 0x73, 0x6d, 0x0, 0x6f, 0x72, 0x67, 0x61, 0x6e, 0x69, 0x7a, 0x65, 0x72,
    0x0, 0x6f, 0x72, 0x67, 0x61, 0x6e, 0x73, 0x0, 0x6f, 0x72, 0x69, 0x65, 0x6e, 0x74, 0x61, 0x6c,
    0x0, 0x6f, 0x72, 0x69, 0x67, 0x69, 0x6e, 0x61, 0x6c, 0x0, 0x6f, 0x72, 0x6c, 0x61, 0x6e, 0x64,
    0x6f, 0x0, 0x6f, 0x72, 0x6c, 0x65, 0x61, 0x6e, 0x73, 0x0, 0x6f, 0x72, 0x70, 0x68, 0x61, 0x6e,
    0x0, 0x6f, 0x73, 0x61, 0x6b, 0x61, 0x0, 0x6f, 0x73, 0x62, 0x6f, 0x72, 0x6e, 0x65, 0x0, 0x6f,
    0x73, 0x63, 0x61, 0x72, 0x0, 0x6f, 0x73, 0x6c, 0x6f, 0x0, 0x6f, 0x74, 0x74, 0x61, 0x77, 0x61,
    0x0, 0x6f, 0x74, 0x74, 0x6f, 0x6d, 0x61, 0x6e, 0x0, 0x6f, 0x75, 0x6e, 0x63, 0x65, 0x0, 0x6f,
    0x75, 0x74, 0x62, 0x72, 0x65, 0x61, 0x6b, 0x0, 0x6f, 0x75, 0x74, 0x63, 0x6f, 0x6d, 0x65, 0x0,
    0x6f, 0x75, 0x74, 0x64, 0x6f, 0x6f, 0x72, 0x73, 0x0, 0x6f, 0x75, 0x74, 0x66, 0x69, 0x74, 0x0,
    0x6f, 0x75, 0x74, 0x69, 0x6e, 0x67, 0x0, 0x6f, 0x75, 0x74, 0x6c, 0x61, 0x77, 0x0, 0x6f, 0x75,
    0x74, 0x6c, 0x65, 0x74, 0x0, 0x6f, 0x75, 0x74, 0x6c, 0x69, 0x6e, 0x65, 0x0, 0x6f, 0x75, 0x74,
    0x6c, 0x6f, 0x6f, 0x6b, 0x0, 0x6f, 0x75, 0x74, 0x70, 0x75, 0x74, 0x0, 0x6f, 0x75, 0x74, 0x72,
    0x61, 0x67, 0x65, 0x0, 0x6f, 0x75, 0x74, 0x72, 0x65, 0x61, 0x63, 0x68, 0x0, 0x6f, 0x75, 0x74,
    0x73, 0x69, 0x64, 0x65, 0x72, 0x0, 0x6f, 0x75, 0x74, 0x73, 0x6b, 0x69, 0x72, 0x74, 0x73, 0x0,
    0x6f, 0x76, 0x61, 0x6c, 0x0, 0x6f, 0x76, 0x65, 0x6e, 0x0, 0x6f, 0x76, 0x65, 0x72, 0x61, 0x6c,
    0x6c, 0x0, 0x6f, 0x76, 0x65, 0x72, 0x68, 0x61, 0x75, 0x6c, 0x0, 0x6f, 0x76, 0x65, 0x72, 0x68,
    0x65, 0x61, 0x64, 0x0, 0x6f, 0x76, 0x65, 0x72, 0x6c, 0x61, 0x70, 0x0, 0x6f, 0x76, 0x65, 0x72,
    0x6c, 0x6f, 0x61, 0x64, 0x0, 0x6f, 0x76, 0x65, 0x72, 0x6c, 0x6f, 0x6f, 0x6b, 0x0, 0x6f, 0x76,
    0x65, 0x72, 0x73, 0x69, 0x67, 0x68, 0x74, 0x0, 0x6f, 0x76, 0x65, 0x72, 0x74, 0x68, 0x72, 0x6f,
    0x77, 0x0, 0x6f, 0x76, 0x65, 0x72, 0x74, 0x69, 0x6d, 0x65, 0x0, 0x6f, 0x76, 0x65, 0x72, 0x76,
    0x69, 0x65, 0x77, 0x0, 0x6f, 0x76, 0x65, 0x72, 0x77, 0x65, 0x69, 0x67, 0x68, 0x74, 0x0, 0x6f,
    0x77, 0x65, 0x6e, 0x73, 0x0, 0x6f, 0x77, 0x6e, 0x65, 0x72, 0x73, 0x68, 0x69, 0x70, 0x0, 0x6f,
    0x78, 0x66, 0x6f, 0x72, 0x64, 0x0, 0x6f, 0x78, 0x69, 0x64, 0x65, 0x0, 0x6f, 0x78, 0x79, 0x67,
    0x65, 0x6e, 0x0, 0x6f, 0x79, 0x73, 0x74, 0x65, 0x72, 0x0, 0x70, 0x61, 0x63, 0x65, 0x0, 0x70,
    0x61, 0x63, 0x69, 0x66, 0x69, 0x63, 0x0, 0x70, 0x61, 0x63, 0x6b, 0x61, 0x67, 0x65, 0x0, 0x70,
    0x61, 0x63, 0x6b, 0x61, 0x67, 0x69, 0x6e, 0x67, 0x0, 0x70, 0x61, 0x63, 0x6b, 0x65, 0x74, 0x0,
    0x70, 0x61, 0x63, 0x6b, 0x69, 0x6e, 0x67, 0x0, 0x70, 0x61, 0x63, 0x74, 0x0, 0x70, 0x61, 0x64,
    0x64, 0x79, 0x0, 0x70, 0x61, 0x67, 0x61, 0x6e, 0x0, 0x70, 0x61, 0x67, 0x65, 0x61, 0x6e, 0x74,
    0x0, 0x70, 0x61, 0x69, 0x67, 0x65, 0x0, 0x70, 0x61, 0x69, 0x6e, 0x73, 0x0, 0x70, 0x61, 0x69,
    0x6e, 0x74, 0x65, 0x72, 0x0, 0x70, 0x61, 0x69, 0x6e, 0x74, 0x69, 0x6e, 0x67, 0x0, 0x70, 0x61,
    0x69, 0x72, 0x69, 0x6e, 0x67, 0x0, 0x70, 0x61, 0x6b, 0x69, 0x73, 0x74, 0x61, 0x6e, 0x69, 0x0,
    0x70, 0x61, 0x6c, 0x61, 0x63, 0x65, 0x0, 0x70, 0x61, 0x6c, 0x65, 0x73, 0x74, 0x69, 0x6e, 0x65,
    0x0, 0x70, 0x61, 0x6c, 0x65, 0x74, 0x74, 0x65, 0x0, 0x70, 0x61, 0x6c, 0x6d, 0x65, 0x72, 0x0,
    0x70, 0x61, 0x6e, 0x61, 0x6d, 0x61, 0x0, 0x70, 0x61, 0x6e, 0x64, 0x61, 0x0, 0x70, 0x61, 0x6e,
    0x64, 0x65, 0x6d, 0x69, 0x63, 0x0, 0x70, 0x61, 0x6e, 0x65, 0x6c, 0x0, 0x70, 0x61, 0x6e, 0x69,
    0x63, 0x0, 0x70, 0x61, 0x6e, 0x74, 0x68, 0x65, 0x72, 0x0, 0x70, 0x61, 0x6e, 0x74, 0x73, 0x0,
    0x70, 0x61, 0x70, 0x61, 0x0, 0x70, 0x61, 0x70, 0x65, 0x72, 0x62, 0x61, 0x63, 0x6b, 0x0, 0x70,
    0x61, 0x70, 0x65, 0x72, 0x73, 0x0, 0x70, 0x61, 0x70, 0x65, 0x72, 0x77, 0x6f, 0x72, 0x6b, 0x0,
    0x70, 0x61, 0x72, 0x61, 0x63, 0x68, 0x75, 0x74, 0x65, 0x0, 0x70, 0x61, 0x72, 0x61, 0x64, 0x65,
    0x0, 0x70, 0x61, 0x72, 0x61, 0x64, 0x69, 0x67, 0x6d, 0x0, 0x70, 0x61, 0x72, 0x61, 0x64, 0x69,
    0x73, 0x65, 0x0, 0x70, 0x61, 0x72, 0x61, 0x64, 0x6f, 0x78, 0x0, 0x70, 0x61, 0x72, 0x61, 0x67,
    0x72, 0x61, 0x70, 0x68, 0x0, 0x70, 0x61, 0x72, 0x61, 0x6c, 0x6c, 0x65, 0x6c, 0x0, 0x70, 0x61,
    0x72, 0x61, 0x6d, 0x65, 0x74, 0x65, 0x72, 0x0, 0x70, 0x61, 0x72, 0x61, 0x6e, 0x6f, 0x69, 0x64,
    0x0, 0x70, 0x61, 0x72, 0x61, 0x73, 0x69, 0x74, 0x65, 0x0, 0x70, 0x61, 0x72, 0x63, 0x65, 0x6c,
    0x0, 0x70, 0x61, 0x72, 0x64, 0x6f, 0x6e, 0x0, 0x70, 0x61, 0x72, 0x65, 0x6e, 0x74, 0x68, 0x6f,
    0x6f, 0x64, 0x0, 0x70, 0x61, 0x72, 0x69, 0x73, 0x68, 0x0, 0x70, 0x61, 0x72, 0x6b, 0x65, 0x72,
    0x0, 0x70, 0x61, 0x72, 0x6b, 0x69, 0x6e, 0x67, 0x0, 0x70, 0x61, 0x72, 0x6b, 0x73, 0x0, 0x70,
    0x61, 0x72, 0x6c, 0x69, 0x61, 0x6d, 0x65, 0x6e, 0x74, 0x0, 0x70, 0x61, 0x72, 0x6f, 0x64, 0x79,
    0x0, 0x70, 0x61, 0x72, 0x6f, 0x6c, 0x65, 0x0, 0x70, 0x61, 0x72, 0x73, 0x6f, 0x6e, 0x73, 0x0,
    0x70, 0x61, 0x72, 0x74, 0x69, 0x61, 0x6c, 0x0, 0x70, 0x61, 0x72, 0x74, 0x69, 0x63, 0x6c, 0x65,
    0x0, 0x70, 0x61, 0x72, 0x74, 0x69, 0x63, 0x75, 0x6c, 0x61, 0x72, 0x0, 0x70, 0x61, 0x72, 0x74,
    0x69, 0x73, 0x61, 0x6e, 0x0, 0x70, 0x61, 0x72, 0x74, 0x69, 0x74, 0x69, 0x6f, 0x6e, 0x0, 0x70,
    0x61, 0x72, 0x74, 0x6e, 0x65, 0x72, 0x0, 0x70, 0x61, 0x72, 0x74, 0x73, 0x0, 0x70, 0x61, 0x72,
    0x74, 0x79, 0x0, 0x70, 0x61, 0x73, 0x73, 0x61, 0x67, 0x65, 0x0, 0x70, 0x61, 0x73, 0x73, 0x65,
    0x6e, 0x67, 0x65, 0x72, 0x0, 0x70, 0x61, 0x73, 0x73, 0x69, 0x6e, 0x67, 0x0, 0x70, 0x61, 0x73,
    0x73, 0x69, 0x6f, 0x6e, 0x0, 0x70, 0x61, 0x73, 0x73, 0x69, 0x76, 0x65, 0x0, 0x70, 0x61, 0x73,
    0x73, 0x70, 0x6f, 0x72, 0x74, 0x0, 0x70, 0x61, 0x73, 0x73, 0x77, 0x6f, 0x72, 0x64, 0x0, 0x70,
    0x61, 0x73, 0x74, 0x61, 0x0, 0x70, 0x61, 0x73, 0x74, 0x65, 0x0, 0x70, 0x61, 0x73, 0x74, 0x6f,
    0x72, 0x61, 0x6c, 0x0, 0x70, 0x61, 0x73, 0x74, 0x72, 0x79, 0x0, 0x70, 0x61, 0x74, 0x63, 0x68,
    0x0, 0x70, 0x61, 0x74, 0x65, 0x6e, 0x74, 0x0, 0x70, 0x61, 0x74, 0x68, 0x6f, 0x6c, 0x6f, 0x67,
    0x79, 0x0, 0x70, 0x61, 0x74, 0x68, 0x77, 0x61, 0x79, 0x0, 0x70, 0x61, 0x74, 0x69, 0x65, 0x6e,
    0x63, 0x65, 0x0, 0x70, 0x61, 0x74, 0x69, 0x65, 0x6e, 0x74, 0x0, 0x70, 0x61, 0x74, 0x72, 0x69,
    0x63, 0x6b, 0x0, 0x70, 0x61, 0x74, 0x72, 0x69, 0x6f, 0x74, 0x69, 0x73, 0x6d, 0x0, 0x70, 0x61,
    0x74, 0x72, 0x6f, 0x6c, 0x0, 0x70, 0x61, 0x74, 0x72, 0x6f, 0x6e, 0x0, 0x70, 0x61, 0x74, 0x74,
    0x65, 0x72, 0x6e, 0x0, 0x70, 0x61, 0x74, 0x74, 0x79, 0x0, 0x70, 0x61, 0x75, 0x6c, 0x0, 0x70,
    0x61, 0x75, 0x73, 0x65, 0x0, 0x70, 0x61, 0x76, 0x65, 0x6d, 0x65, 0x6e, 0x74, 0x0, 0x70, 0x61,
    0x76, 0x69, 0x6c, 0x69, 0x6f, 0x6e, 0x0, 0x70, 0x61, 0x79, 0x61, 0x62, 0x6c, 0x65, 0x0, 0x70,
    0x61, 0x79, 0x63, 0x68, 0x65, 0x63, 0x6b, 0x0, 0x70, 0x61, 0x79, 0x64, 0x61, 0x79, 0x0, 0x70,
    0x61, 0x79, 0x6d, 0x65, 0x6e, 0x74, 0x0, 0x70, 0x61, 0x79, 0x72, 0x6f, 0x6c, 0x6c, 0x0, 0x70,
    0x65, 0x61, 0x63, 0x65, 0x0, 0x70, 0x65, 0x61, 0x63, 0x68, 0x0, 0x70, 0x65, 0x61, 0x6b, 0x0,
    0x70, 0x65, 0x61, 0x6e, 0x75, 0x74, 0x73, 0x0, 0x70, 0x65, 0x61, 0x72, 0x6c, 0x0, 0x70, 0x65,
    0x61, 0x73, 0x61, 0x6e, 0x74, 0x0, 0x70, 0x65, 0x64, 0x61, 0x6c, 0x0, 0x70, 0x65, 0x64, 0x65,
    0x73, 0x74, 0x72, 0x69, 0x61, 0x6e, 0x0, 0x70, 0x65, 0x65, 0x6b, 0x0, 0x70, 0x65, 0x65, 0x6c,
    0x0, 0x70, 0x65, 0x65, 0x72, 0x0, 0x70, 0x65, 0x6e, 0x61, 0x6c, 0x74, 0x79, 0x0, 0x70, 0x65,
    0x6e, 0x63, 0x69, 0x6c, 0x0, 0x70, 0x65, 0x6e, 0x67, 0x75, 0x69, 0x6e, 0x0, 0x70, 0x65, 0x6e,
    0x69, 0x6e, 0x73, 0x75, 0x6c, 0x61, 0x0, 0x70, 0x65, 0x6e, 0x6e, 0x79, 0x0, 0x70, 0x65, 0x6e,
    0x73, 0x69, 0x6f, 0x6e, 0x0, 0x70, 0x65, 0x6e, 0x74, 0x61, 0x67, 0x6f, 0x6e, 0x0, 0x70, 0x65,
    0x6f, 0x70, 0x6c, 0x65, 0x73, 0x0, 0x70, 0x65, 0x70, 0x70, 0x65, 0x72, 0x0, 0x70, 0x65, 0x72,
    0x63, 0x65, 0x6e, 0x74, 0x61, 0x67, 0x65, 0x0, 0x70, 0x65, 0x72, 0x63, 0x65, 0x70, 0x74, 0x69,
    0x6f, 0x6e, 0x0, 0x70, 0x65, 0x72, 0x63, 0x79, 0x0, 0x70, 0x65, 0x72, 0x65, 0x6e, 0x6e, 0x69,
    0x61, 0x6c, 0x0, 0x70, 0x65, 0x72, 0x66, 0x65, 0x63, 0x74, 0x69, 0x6f, 0x6e, 0x0, 0x70, 0x65,
    0x72, 0x66, 0x6f, 0x72, 0x6d, 0x65, 0x72, 0x0, 0x70, 0x65, 0x72, 0x66, 0x6f, 0x72, 0x6d, 0x69,
    0x6e, 0x67, 0x0, 0x70, 0x65, 0x72, 0x66, 0x75, 0x6d, 0x65, 0x0, 0x70, 0x65, 0x72, 0x69, 0x6d,
    0x65, 0x74, 0x65, 0x72, 0x0, 0x70, 0x65, 0x72, 0x69, 0x6f, 0x64, 0x0, 0x70, 0x65, 0x72, 0x69,
    0x70, 0x68, 0x65, 0x72, 0x61, 0x6c, 0x0, 0x70, 0x65, 0x72, 0x6d, 0x61, 0x6e, 0x65, 0x6e, 0x74,
    0x0, 0x70, 0x65, 0x72, 0x6d, 0x69, 0x73, 0x73, 0x69, 0x6f, 0x6e, 0x0, 0x70, 0x65, 0x72, 0x6d,
    0x69, 0x74, 0x0, 0x70, 0x65, 0x72, 0x72, 0x79, 0x0, 0x70, 0x65, 0x72, 0x73, 0x69, 0x61, 0x6e,
    0x0, 0x70, 0x65, 0x72, 0x73, 0x6f, 0x6e, 0x61, 0x6c, 0x0, 0x70, 0x65, 0x72, 0x73, 0x6f, 0x6e,
    0x6e, 0x65, 0x6c, 0x0, 0x70, 0x65, 0x72, 0x74, 0x68, 0x0, 0x70, 0x65, 0x72, 0x75, 0x0, 0x70,
    0x65, 0x73, 0x74, 0x0, 0x70, 0x65, 0x74, 0x65, 0x72, 0x73, 0x62, 0x75, 0x72, 0x67, 0x0, 0x70,
    0x65, 0x74, 0x69, 0x74, 0x69, 0x6f, 0x6e, 0x0, 0x70, 0x65, 0x74, 0x72, 0x6f, 0x6c, 0x65, 0x75,
    0x6d, 0x0, 0x70, 0x65, 0x74, 0x74, 0x79, 0x0, 0x70, 0x68, 0x61, 0x6e, 0x74, 0x6f, 0x6d, 0x0,
    0x70, 0x68, 0x61, 0x72, 0x6d, 0x61, 0x63, 0x79, 0x0, 0x70, 0x68, 0x61, 0x73, 0x65, 0x0, 0x70,
    0x68, 0x65, 0x6e, 0x6f, 0x6d, 0x65, 0x6e, 0x6f, 0x6e, 0x0, 0x70, 0x68, 0x69, 0x6c, 0x69, 0x70,
    0x70, 0x69, 0x6e, 0x65, 0x0, 0x70, 0x68, 0x69, 0x6c, 0x6f, 0x73, 0x6f, 0x70, 0x68, 0x79, 0x0,
    0x70, 0x68, 0x6f, 0x65, 0x6e, 0x69, 0x78, 0x0, 0x70, 0x68, 0x6f, 0x6e, 0x65, 0x0, 0x70, 0x68,
    0x6f, 0x74, 0x6f, 0x67, 0x72, 0x61, 0x70, 0x68, 0x0, 0x70, 0x68, 0x72, 0x61, 0x73, 0x65, 0x0,
    0x70, 0x68, 0x79, 0x73, 0x69, 0x63, 0x69, 0x61, 0x6e, 0x0, 0x70, 0x68, 0x79, 0x73, 0x69, 0x63,
    0x73, 0x0, 0x70, 0x68, 0x79, 0x73, 0x69, 0x6f, 0x6c, 0x6f, 0x67, 0x79, 0x0, 0x70, 0x69, 0x61,
    0x6e, 0x6f, 0x0, 0x70, 0x69, 0x63, 0x6b, 0x69, 0x6e, 0x67, 0x0, 0x70, 0x69, 0x63, 0x6b, 0x75,
    0x70, 0x0, 0x70, 0x69, 0x63, 0x6e, 0x69, 0x63, 0x0, 0x70, 0x69, 0x63, 0x74, 0x75, 0x72, 0x65,
    0x0, 0x70, 0x69, 0x65, 0x63, 0x65, 0x0, 0x70, 0x69, 0x65, 0x72, 0x63, 0x65, 0x0, 0x70, 0x69,
    0x65, 0x72, 0x72, 0x65, 0x0, 0x70, 0x69, 0x67, 0x65, 0x6f, 0x6e, 0x0, 0x70, 0x69, 0x6b, 0x65,
    0x0, 0x70, 0x69, 0x6c, 0x65, 0x73, 0x0, 0x70, 0x69, 0x6c, 0x67, 0x72, 0x69, 0x6d, 0x61, 0x67,
    0x65, 0x0, 0x70, 0x69, 0x6c, 0x6c, 0x61, 0x72, 0x0, 0x70, 0x69, 0x6c, 0x6c, 0x6f, 0x77, 0x0,
    0x70, 0x69, 0x6c, 0x6f, 0x74, 0x0, 0x70, 0x69, 0x6e, 0x63, 0x68, 0x0, 0x70, 0x69, 0x6e, 0x65,
    0x61, 0x70, 0x70, 0x6c, 0x65, 0x0, 0x70, 0x69, 0x6e, 0x67, 0x0, 0x70, 0x69, 0x6e, 0x6b, 0x0,
    0x70, 0x69, 0x6e, 0x74, 0x0, 0x70, 0x69, 0x6f, 0x6e, 0x65, 0x65, 0x72, 0x0, 0x70, 0x69, 0x70,
    0x65, 0x6c, 0x69, 0x6e, 0x65, 0x0, 0x70, 0x69, 0x70, 0x65, 0x72, 0x0, 0x70, 0x69, 0x72, 0x61,
    0x63, 0x79, 0x0, 0x70, 0x69, 0x72, 0x61, 0x74, 0x65, 0x0, 0x70, 0x69, 0x73, 0x74, 0x6f, 0x6c,
    0x0, 0x70, 0x69, 0x74, 0x63, 0x68, 0x65, 0x72, 0x0, 0x70, 0x69, 0x74, 0x63, 0x68, 0x69, 0x6e,
    0x67, 0x0, 0x70, 0x69, 0x74, 0x74, 0x73, 0x62, 0x75, 0x72, 0x67, 0x68, 0x0, 0x70, 0x69, 0x74,
    0x79, 0x0, 0x70, 0x69, 0x76, 0x6f, 0x74, 0x0, 0x70, 0x69, 0x78, 0x65, 0x6c, 0x0, 0x70, 0x69,
    0x7a, 0x7a, 0x61, 0x0, 0x70, 0x6c, 0x61, 0x63, 0x65, 0x6d, 0x65, 0x6e, 0x74, 0x0, 0x70, 0x6c,
    0x61, 0x67, 0x75, 0x65, 0x0, 0x70, 0x6c, 0x61, 0x69, 0x6e, 0x74, 0x69, 0x66, 0x66, 0x0, 0x70,
    0x6c, 0x61, 0x6e, 0x65, 0x74, 0x0, 0x70, 0x6c, 0x61, 0x6e, 0x6e, 0x65, 0x72, 0x0, 0x70, 0x6c,
    0x61, 0x6e, 0x6e, 0x69, 0x6e, 0x67, 0x0, 0x70, 0x6c, 0x61, 0x6e, 0x74, 0x61, 0x74, 0x69, 0x6f,
    0x6e, 0x0, 0x70, 0x6c, 0x61, 0x6e, 0x74, 0x69, 0x6e, 0x67, 0x0, 0x70, 0x6c, 0x61, 0x71, 0x75,
    0x65, 0x0, 0x70, 0x6c, 0x61, 0x73, 0x6d, 0x61, 0x0, 0x70, 0x6c, 0x61, 0x73, 0x74, 0x65, 0x72,
    0x0, 0x70, 0x6c, 0x61, 0x73, 0x74, 0x69, 0x63, 0x0, 0x70, 0x6c, 0x61, 0x74, 0x65, 0x61, 0x75,
    0x0, 0x70, 0x6c, 0x61, 0x74, 0x66, 0x6f, 0x72, 0x6d, 0x0, 0x70, 0x6c, 0x61, 0x74, 0x69, 0x6e,
    0x75, 0x6d, 0x0, 0x70, 0x6c, 0x61, 0x74, 0x6f, 0x6f, 0x6e, 0x0, 0x70, 0x6c, 0x61, 0x79, 0x65,
    0x72, 0x0, 0x70, 0x6c, 0x61, 0x79, 0x67, 0x72, 0x6f, 0x75, 0x6e, 0x64, 0x0, 0x70, 0x6c, 0x61,
    0x79, 0x69, 0x6e, 0x67, 0x0, 0x70, 0x6c, 0x61, 0x79, 0x6c, 0x69, 0x73, 0x74, 0x0, 0x70, 0x6c,
    0x61, 0x79, 0x6f, 0x66, 0x66, 0x0, 0x70, 0x6c, 0x61, 0x7a, 0x61, 0x0, 0x70, 0x6c, 0x65, 0x61,
    0x64, 0x69, 0x6e, 0x67, 0x0, 0x70, 0x6c, 0x65, 0x61, 0x73, 0x69, 0x6e, 0x67, 0x0, 0x70, 0x6c,
    0x65, 0x61, 0x73, 0x75, 0x72, 0x65, 0x0, 0x70, 0x6c, 0x65, 0x64, 0x67, 0x65, 0x0, 0x70, 0x6c,
    0x65, 0x6e, 0x74, 0x79, 0x0, 0x70, 0x6c, 0x6f, 0x74, 0x0, 0x70, 0x6c, 0x75, 0x67, 0x0, 0x70,
    0x6c, 0x75, 0x6d, 0x62, 0x69, 0x6e, 0x67, 0x0, 0x70, 0x6c, 0x75, 0x72, 0x61, 0x6c, 0x0, 0x70,
    0x6c, 0x75, 0x73, 0x0, 0x70, 0x6c, 0x79, 0x6d, 0x6f, 0x75, 0x74, 0x68, 0x0, 0x70, 0x6e, 0x65,
    0x75, 0x6d, 0x6f, 0x6e, 0x69, 0x61, 0x0, 0x70, 0x6f, 0x63, 0x6b, 0x65, 0x74, 0x0, 0x70, 0x6f,
    0x64, 0x69, 0x75, 0x6d, 0x0, 0x70, 0x6f, 0x65, 0x6d, 0x0, 0x70, 0x6f, 0x65, 0x74, 0x72, 0x79,
    0x0, 0x70, 0x6f, 0x69, 0x6e, 0x74, 0x65, 0x72, 0x0, 0x70, 0x6f, 0x69, 0x73, 0x6f, 0x6e, 0x69,
    0x6e, 0x67, 0x0, 0x70, 0x6f, 0x6b, 0x65, 0x72, 0x0, 0x70, 0x6f, 0x6c, 0x61, 0x6e, 0x64, 0x0,
    0x70, 0x6f, 0x6c, 0x65, 0x0, 0x70, 0x6f, 0x6c, 0x69, 0x63, 0x65, 0x6d, 0x61, 0x6e, 0x0, 0x70,
    0x6f, 0x6c, 0x69, 0x63, 0x79, 0x0, 0x70, 0x6f, 0x6c, 0x69, 0x73, 0x68, 0x0, 0x70, 0x6f, 0x6c,
    0x69, 0x74, 0x69, 0x63, 0x69, 0x61, 0x6e, 0x0, 0x70, 0x6f, 0x6c, 0x69, 0x74, 0x69, 0x63, 0x73,
    0x0, 0x70, 0x6f, 0x6c, 0x6c, 0x73, 0x0, 0x70, 0x6f, 0x6c, 0x6c, 0x75, 0x74, 0x69, 0x6f, 0x6e,
    0x0, 0x70, 0x6f, 0x6c, 0x6f, 0x0, 0x70, 0x6f, 0x6c, 0x79, 0x6d, 0x65, 0x72, 0x0, 0x70, 0x6f,
    0x6e, 0x64, 0x0, 0x70, 0x6f, 0x6e, 0x79, 0x0, 0x70, 0x6f, 0x6f, 0x6c, 0x0, 0x70, 0x6f, 0x6f,
    0x72, 0x0, 0x70, 0x6f, 0x70, 0x63, 0x6f, 0x72, 0x6e, 0x0, 0x70, 0x6f, 0x70, 0x65, 0x0, 0x70,
    0x6f, 0x70, 0x70, 0x69, 0x6e, 0x67, 0x0, 0x70, 0x6f, 0x70, 0x70, 0x79, 0x0, 0x70, 0x6f, 0x70,
    0x75, 0x6c, 0x61, 0x72, 0x69, 0x74, 0x79, 0x0, 0x70, 0x6f, 0x70, 0x75, 0x6c, 0x61, 0x74, 0x69,
    0x6f, 0x6e, 0x0, 0x70, 0x6f, 0x72, 0x63, 0x65, 0x6c, 0x61, 0x69, 0x6e, 0x0, 0x70, 0x6f, 0x72,
    0x63, 0x68, 0x0, 0x70, 0x6f, 0x72, 0x6b, 0x0, 0x70, 0x6f, 0x72, 0x74, 0x61, 0x62, 0x6c, 0x65,
    0x0, 0x70, 0x6f, 0x72, 0x74, 0x61, 0x6c, 0x0, 0x70, 0x6f, 0x72, 0x74, 0x65, 0x72, 0x0, 0x70,
    0x6f, 0x72, 0x74, 0x66, 0x6f, 0x6c, 0x69, 0x6f, 0x0, 0x70, 0x6f, 0x72, 0x74, 0x69, 0x6f, 0x6e,
    0x0, 0x70, 0x6f, 0x72, 0x74, 0x6c, 0x61, 0x6e, 0x64, 0x0, 0x70, 0x6f, 0x72, 0x74, 0x6f, 0x0,
    0x70, 0x6f, 0x72, 0x74, 0x72, 0x61, 0x69, 0x74, 0x0, 0x70, 0x6f, 0x72, 0x74, 0x72, 0x61, 0x79,
    0x61, 0x6c, 0x0, 0x70, 0x6f, 0x72, 0x74, 0x73, 0x6d, 0x6f, 0x75, 0x74, 0x68, 0x0, 0x70, 0x6f,
    0x72, 0x74, 0x75, 0x67, 0x61, 0x6c, 0x0, 0x70, 0x6f, 0x72, 0x74, 0x75, 0x67, 0x75, 0x65, 0x73,
    0x65, 0x0, 0x70, 0x6f, 0x73, 0x65, 0x0, 0x70, 0x6f, 0x73, 0x69, 0x6e, 0x67, 0x0, 0x70, 0x6f,
    0x73, 0x69, 0x74, 0x69, 0x6f, 0x6e, 0x0, 0x70, 0x6f, 0x73, 0x69, 0x74, 0x69, 0x76, 0x65, 0x0,
    0x70, 0x6f, 0x73, 0x73, 0x65, 0x73, 0x73, 0x69, 0x6f, 0x6e, 0x0, 0x70, 0x6f, 0x73, 0x73, 0x69,
    0x62, 0x6c, 0x65, 0x0, 0x70, 0x6f, 0x73, 0x74, 0x61, 0x67, 0x65, 0x0, 0x70, 0x6f, 0x73, 0x74,
    0x65, 0x72, 0x0, 0x70, 0x6f, 0x73, 0x74, 0x69, 0x6e, 0x67, 0x0, 0x70, 0x6f, 0x73, 0x74, 0x75,
    0x72, 0x65, 0x0, 0x70, 0x6f, 0x74, 0x61, 0x73, 0x73, 0x69, 0x75, 0x6d, 0x0, 0x70, 0x6f, 0x74,
    0x61, 0x74, 0x6f, 0x0, 0x70, 0x6f, 0x74, 0x65, 0x6e, 0x74, 0x69, 0x61, 0x6c, 0x0, 0x70, 0x6f,
    0x74, 0x74, 0x65, 0x72, 0x79, 0x0, 0x70, 0x6f, 0x75, 0x6c, 0x74, 0x72, 0x79, 0x0, 0x70, 0x6f,
    0x75, 0x6e, 0x64, 0x69, 0x6e, 0x67, 0x0, 0x70, 0x6f, 0x76, 0x65, 0x72, 0x74, 0x79, 0x0, 0x70,
    0x6f, 0x77, 0x64, 0x65, 0x72, 0x0, 0x70, 0x6f, 0x77, 0x65, 0x6c, 0x6c, 0x0, 0x70, 0x6f, 0x77,
    0x65, 0x72, 0x0, 0x70, 0x72, 0x61, 0x63, 0x74, 0x69, 0x63, 0x65, 0x0, 0x70, 0x72, 0x61, 0x67,
    0x75, 0x65, 0x0, 0x70, 0x72, 0x61, 0x69, 0x72, 0x69, 0x65, 0x0, 0x70, 0x72, 0x61, 0x69, 0x73,
    0x65, 0x0, 0x70, 0x72, 0x61, 0x6e, 0x6b, 0x0, 0x70, 0x72, 0x61, 0x79, 0x65, 0x72, 0x0, 0x70,
    0x72, 0x65, 0x61, 0x63, 0x68, 0x65, 0x72, 0x0, 0x70, 0x72, 0x65, 0x61, 0x63, 0x68, 0x69, 0x6e,
    0x67, 0x0, 0x70, 0x72, 0x65, 0x63, 0x65, 0x64, 0x65, 0x6e, 0x74, 0x0, 0x70, 0x72, 0x65, 0x63,
    0x69, 0x6e, 0x63, 0x74, 0x0, 0x70, 0x72, 0x65, 0x63, 0x69, 0x73, 0x69, 0x6f, 0x6e, 0x0, 0x70,
    0x72, 0x65, 0x64, 0x61, 0x74, 0x6f, 0x72, 0x0, 0x70, 0x72, 0x65, 0x64, 0x69, 0x63, 0x74, 0x69,
    0x6f, 0x6e, 0x0, 0x70, 0x72, 0x65, 0x66, 0x65, 0x72, 0x65, 0x6e, 0x63, 0x65, 0x0, 0x70, 0x72,
    0x65, 0x67, 0x6e, 0x61, 0x6e, 0x63, 0x79, 0x0, 0x70, 0x72, 0x65, 0x6a, 0x75, 0x64, 0x69, 0x63,
    0x65, 0x0, 0x70, 0x72, 0x65, 0x6d, 0x69, 0x65, 0x72, 0x65, 0x0, 0x70, 0x72, 0x65, 0x6d, 0x69,
    0x73, 0x65, 0x73, 0x0, 0x70, 0x72, 0x65, 0x6d, 0x69, 0x75, 0x6d, 0x0, 0x70, 0x72, 0x65, 0x70,
    0x0, 0x70, 0x72, 0x65, 0x73, 0x63, 0x68, 0x6f, 0x6f, 0x6c, 0x0, 0x70, 0x72, 0x65, 0x73, 0x65,
    0x61, 0x73, 0x6f, 0x6e, 0x0, 0x70, 0x72, 0x65, 0x73, 0x65, 0x6e, 0x63, 0x65, 0x0, 0x70, 0x72,
    0x65, 0x73, 0x65, 0x6e, 0x74, 0x65, 0x72, 0x0, 0x70, 0x72, 0x65, 0x73, 0x65, 0x72, 0x76, 0x65,
    0x0, 0x70, 0x72, 0x65, 0x73, 0x69, 0x64, 0x65, 0x6e, 0x63, 0x79, 0x0, 0x70, 0x72, 0x65, 0x73,
    0x69, 0x64, 0x65, 0x6e, 0x74, 0x0, 0x70, 0x72, 0x65, 0x73, 0x73, 0x69, 0x6e, 0x67, 0x0, 0x70,
    0x72, 0x65, 0x73, 0x73, 0x75, 0x72, 0x65, 0x0, 0x70, 0x72, 0x65, 0x73, 0x74, 0x69, 0x67, 0x65,
    0x0, 0x70, 0x72, 0x65, 0x74, 0x65, 0x6e, 0x64, 0x69, 0x6e, 0x67, 0x0, 0x70, 0x72, 0x65, 0x76,
    0x61, 0x6c, 0x65, 0x6e, 0x63, 0x65, 0x0, 0x70, 0x72, 0x65, 0x76, 0x65, 0x6e, 0x74, 0x69, 0x6f,
    0x6e, 0x0, 0x70, 0x72, 0x65, 0x76, 0x65, 0x6e, 0x74, 0x69, 0x76, 0x65, 0x0, 0x70, 0x72, 0x65,
    0x76, 0x69, 0x65, 0x77, 0x0, 0x70, 0x72, 0x65, 0x79, 0x0, 0x70, 0x72, 0x69, 0x63, 0x65, 0x0,
    0x70, 0x72, 0x69, 0x63, 0x69, 0x6e, 0x67, 0x0, 0x70, 0x72, 0x69, 0x64, 0x65, 0x0, 0x70, 0x72,
    0x69, 0x65, 0x73, 0x74, 0x0, 0x70, 0x72, 0x69, 0x6d, 0x61, 0x72, 0x79, 0x0, 0x70, 0x72, 0x69,
    0x6d, 0x65, 0x72, 0x0, 0x70, 0x72, 0x69, 0x6d, 0x69, 0x74, 0x69, 0x76, 0x65, 0x0, 0x70, 0x72,
    0x69, 0x6e, 0x63, 0x65, 0x73, 0x73, 0x0, 0x70, 0x72, 0x69, 0x6e, 0x63, 0x65, 0x74, 0x6f, 0x6e,
    0x0, 0x70, 0x72, 0x69, 0x6e, 0x63, 0x69, 0x70, 0x61, 0x6c, 0x0, 0x70, 0x72, 0x69, 0x6e, 0x63,
    0x69, 0x70, 0x6c, 0x65, 0x0, 0x70, 0x72, 0x69, 0x6e, 0x74, 0x65, 0x72, 0x0, 0x70, 0x72, 0x69,
    0x6e, 0x74, 0x69, 0x6e, 0x67, 0x0, 0x70, 0x72, 0x69, 0x6f, 0x72, 0x69, 0x74, 0x79, 0x0, 0x70,
    0x72, 0x69, 0x73, 0x6f, 0x6e, 0x65, 0x72, 0x0, 0x70, 0x72, 0x69, 0x76, 0x61, 0x63, 0x79, 0x0,
    0x70, 0x72, 0x69, 0x76, 0x61, 0x74, 0x65, 0x0, 0x70, 0x72, 0x69, 0x76, 0x69, 0x6c, 0x65, 0x67,
    0x65, 0x0, 0x70, 0x72, 0x69, 0x7a, 0x65, 0x0, 0x70, 0x72, 0x6f, 0x62, 0x61, 0x62, 0x6c, 0x65,
    0x0, 0x70, 0x72, 0x6f, 0x62, 0x61, 0x74, 0x69, 0x6f, 0x6e, 0x0, 0x70, 0x72, 0x6f, 0x62, 0x65,
    0x0, 0x70, 0x72, 0x6f, 0x62, 0x6c, 0x65, 0x6d, 0x0, 0x70, 0x72, 0x6f, 0x63, 0x65, 0x64, 0x75,
    0x72, 0x65, 0x0, 0x70, 0x72, 0x6f, 0x63, 0x65, 0x65, 0x64, 0x69, 0x6e, 0x67, 0x0, 0x70, 0x72,
    0x6f, 0x63, 0x65, 0x65, 0x64, 0x73, 0x0, 0x70, 0x72, 0x6f, 0x63, 0x65, 0x73, 0x73, 0x69, 0x6e,
    0x67, 0x0, 0x70, 0x72, 0x6f, 0x63, 0x65, 0x73, 0x73, 0x69, 0x6f, 0x6e, 0x0, 0x70, 0x72, 0x6f,
    0x63, 0x65, 0x73, 0x73, 0x6f, 0x72, 0x0, 0x70, 0x72, 0x6f, 0x64, 0x75, 0x63, 0x65, 0x72, 0x0,
    0x70, 0x72, 0x6f, 0x64, 0x75, 0x63, 0x74, 0x69, 0x6f, 0x6e, 0x0, 0x70, 0x72, 0x6f, 0x66, 0x65,
    0x73, 0x73, 0x69, 0x6f, 0x6e, 0x0, 0x70, 0x72, 0x6f, 0x66, 0x65, 0x73, 0x73, 0x6f, 0x72, 0x0,
    0x70, 0x72, 0x6f, 0x66, 0x69, 0x6c, 0x65, 0x0, 0x70, 0x72, 0x6f, 0x66, 0x69, 0x74, 0x73, 0x0,
    0x70, 0x72, 0x6f, 0x67, 0x72, 0x61, 0x6d, 0x6d, 0x65, 0x72, 0x0, 0x70, 0x72, 0x6f, 0x67, 0x72,
    0x65, 0x73, 0x73, 0x0, 0x70, 0x72, 0x6f, 0x6a, 0x65, 0x63, 0x74, 0x69, 0x6f, 0x6e, 0x0, 0x70,
    0x72, 0x6f, 0x6d, 0x69, 0x6e, 0x65, 0x6e, 0x63, 0x65, 0x0, 0x70, 0x72, 0x6f, 0x6d, 0x69, 0x73,
    0x65, 0x0, 0x70, 0x72, 0x6f, 0x6d, 0x6f, 0x74, 0x65, 0x72, 0x0, 0x70, 0x72, 0x6f, 0x6d, 0x6f,
    0x74, 0x69, 0x6f, 0x6e, 0x0, 0x70, 0x72, 0x6f, 0x6d, 0x70, 0x74, 0x0, 0x70, 0x72, 0x6f, 0x6f,
    0x66, 0x0, 0x70, 0x72, 0x6f, 0x70, 0x61, 0x67, 0x61, 0x6e, 0x64, 0x61, 0x0, 0x70, 0x72, 0x6f,
    0x70, 0x65, 0x72, 0x74, 0x79, 0x0, 0x70, 0x72, 0x6f, 0x70, 0x68, 0x65, 0x63, 0x79, 0x0, 0x70,
    0x72, 0x6f, 0x70, 0x68, 0x65, 0x74, 0x73, 0x0, 0x70, 0x72, 0x6f, 0x70, 0x6f, 0x72, 0x74, 0x69,
    0x6f, 0x6e, 0x0, 0x70, 0x72, 0x6f, 0x70, 0x6f, 0x73, 0x61, 0x6c, 0x0, 0x70, 0x72, 0x6f, 0x70,
    0x73, 0x0, 0x70, 0x72, 0x6f, 0x73, 0x65, 0x63, 0x75, 0x74, 0x6f, 0x72, 0x0, 0x70, 0x72, 0x6f,
    0x73, 0x70, 0x65, 0x63, 0x74, 0x0, 0x70, 0x72, 0x6f, 0x73, 0x70, 0x65, 0x72, 0x69, 0x74, 0x79,
    0x0, 0x70, 0x72, 0x6f, 0x73, 0x74, 0x61, 0x74, 0x65, 0x0, 0x70, 0x72, 0x6f, 0x73, 0x74, 0x69,
    0x74, 0x75, 0x74, 0x65, 0x0, 0x70, 0x72, 0x6f, 0x74, 0x65, 0x63, 0x74, 0x69, 0x6f, 0x6e, 0x0,
    0x70, 0x72, 0x6f, 0x74, 0x65, 0x63, 0x74, 0x6f, 0x72, 0x0, 0x70, 0x72, 0x6f, 0x74, 0x65, 0x69,
    0x6e, 0x0, 0x70, 0x72, 0x6f, 0x74, 0x65, 0x73, 0x74, 0x61, 0x6e, 0x74, 0x0, 0x70, 0x72, 0x6f,
    0x74, 0x6f, 0x63, 0x6f, 0x6c, 0x0, 0x70, 0x72, 0x6f, 0x74, 0x6f, 0x74, 0x79, 0x70, 0x65, 0x0,
    0x70, 0x72, 0x6f, 0x76, 0x69, 0x64, 0x65, 0x6e, 0x63, 0x65, 0x0, 0x70, 0x72, 0x6f, 0x76, 0x69,
    0x64, 0x65, 0x72, 0x0, 0x70, 0x72, 0x6f, 0x76, 0x69, 0x6e, 0x63, 0x65, 0x0, 0x70, 0x72, 0x6f,
    0x76, 0x69, 0x6e, 0x63, 0x69, 0x61, 0x6c, 0x0, 0x70, 0x72, 0x6f, 0x76, 0x69, 0x73, 0x69, 0x6f,
    0x6e, 0x73, 0x0, 0x70, 0x72, 0x6f, 0x78, 0x69, 0x6d, 0x69, 0x74, 0x79, 0x0, 0x70, 0x72, 0x6f,
    0x78, 0x79, 0x0, 0x70, 0x73, 0x61, 0x6c, 0x6d, 0x0, 0x70, 0x73, 0x65, 0x75, 0x64, 0x6f, 0x0,
    0x70, 0x73, 0x79, 0x63, 0x68, 0x69, 0x61, 0x74, 0x72, 0x79, 0x0, 0x70, 0x73, 0x79, 0x63, 0x68,
    0x69, 0x63, 0x0, 0x70, 0x73, 0x79, 0x63, 0x68, 0x6f, 0x6c, 0x6f, 0x67, 0x79, 0x0, 0x70, 0x74,
    0x73, 0x64, 0x0, 0x70, 0x75, 0x62, 0x6c, 0x69, 0x63, 0x69, 0x74, 0x79, 0x0, 0x70, 0x75, 0x62,
    0x6c, 0x69, 0x73, 0x68, 0x65, 0x72, 0x0, 0x70, 0x75, 0x62, 0x6c, 0x69, 0x73, 0x68, 0x69, 0x6e,
    0x67, 0x0, 0x70, 0x75, 0x63, 0x6b, 0x0, 0x70, 0x75, 0x64, 0x64, 0x69, 0x6e, 0x67, 0x0, 0x70,
    0x75, 0x66, 0x66, 0x0, 0x70, 0x75, 0x6c, 0x6c, 0x69, 0x6e, 0x67, 0x0, 0x70, 0x75, 0x6c, 0x70,
    0x0, 0x70, 0x75, 0x6c, 0x73, 0x65, 0x0, 0x70, 0x75, 0x6d, 0x70, 0x6b, 0x69, 0x6e, 0x0, 0x70,
    0x75, 0x6e, 0x63, 0x68, 0x0, 0x70, 0x75, 0x6e, 0x69, 0x73, 0x68, 0x6d, 0x65, 0x6e, 0x74, 0x0,
    0x70, 0x75, 0x6e, 0x6a, 0x61, 0x62, 0x0, 0x70, 0x75, 0x6e, 0x6b, 0x0, 0x70, 0x75, 0x70, 0x69,
    0x6c, 0x0, 0x70, 0x75, 0x70, 0x70, 0x65, 0x74, 0x0, 0x70, 0x75, 0x70, 0x70, 0x79, 0x0, 0x70,
    0x75, 0x72, 0x63, 0x68, 0x61, 0x73, 0x65, 0x0, 0x70, 0x75, 0x72, 0x63, 0x68, 0x61, 0x73, 0x69,
    0x6e, 0x67, 0x0, 0x70, 0x75, 0x72, 0x67, 0x65, 0x0, 0x70, 0x75, 0x72, 0x69, 0x74, 0x79, 0x0,
    0x70, 0x75, 0x72, 0x70, 0x6c, 0x65, 0x0, 0x70, 0x75, 0x72, 0x70, 0x6f, 0x73, 0x65, 0x0, 0x70,
    0x75, 0x72, 0x73, 0x65, 0x0, 0x70, 0x75, 0x72, 0x73, 0x75, 0x65, 0x64, 0x0, 0x70, 0x75, 0x72,
    0x73, 0x75, 0x69, 0x74, 0x0, 0x70, 0x75, 0x73, 0x68, 0x69, 0x6e, 0x67, 0x0, 0x70, 0x75, 0x74,
    0x69, 0x6e, 0x0, 0x70, 0x75, 0x74, 0x74, 0x69, 0x6e, 0x67, 0x0, 0x70, 0x75, 0x7a, 0x7a, 0x6c,
    0x65, 0x0, 0x70, 0x79, 0x72, 0x61, 0x6d, 0x69, 0x64, 0x0, 0x70, 0x79, 0x74, 0x68, 0x6f, 0x6e,
    0x0, 0x71, 0x61, 0x65, 0x64, 0x61, 0x0, 0x71, 0x61, 0x74, 0x61, 0x72, 0x0, 0x71, 0x75, 0x61,
    0x64, 0x0, 0x71, 0x75, 0x61, 0x6c, 0x69, 0x66, 0x79, 0x69, 0x6e, 0x67, 0x0, 0x71, 0x75, 0x61,
    0x6c, 0x69, 0x74, 0x79, 0x0, 0x71, 0x75, 0x61, 0x6e, 0x74, 0x69, 0x74, 0x79, 0x0, 0x71, 0x75,
    0x61, 0x6e, 0x74, 0x75, 0x6d, 0x0, 0x71, 0x75, 0x61, 0x72, 0x61, 0x6e, 0x74, 0x69, 0x6e, 0x65,
    0x0, 0x71, 0x75, 0x61, 0x72, 0x72, 0x79, 0x0, 0x71, 0x75, 0x61, 0x72, 0x74, 0x65, 0x72, 0x6c,
    0x79, 0x0, 0x71, 0x75, 0x61, 0x72, 0x74, 0x65, 0x72, 0x73, 0x0, 0x71, 0x75, 0x61, 0x72, 0x74,
    0x65, 0x74, 0x0, 0x71, 0x75, 0x61, 0x72, 0x74, 0x7a, 0x0, 0x71, 0x75, 0x65, 0x62, 0x65, 0x63,
    0x0, 0x71, 0x75, 0x65, 0x65, 0x6e, 0x73, 0x6c, 0x61, 0x6e, 0x64, 0x0, 0x71, 0x75, 0x65, 0x65,
    0x72, 0x0, 0x71, 0x75, 0x65, 0x72, 0x79, 0x0, 0x71, 0x75, 0x65, 0x73, 0x74, 0x69, 0x6f, 0x6e,
    0x0, 0x71, 0x75, 0x65, 0x75, 0x65, 0x0, 0x71, 0x75, 0x69, 0x63, 0x6b, 0x0, 0x71, 0x75, 0x69,
    0x65, 0x74, 0x0, 0x71, 0x75, 0x69, 0x7a, 0x0, 0x71, 0x75, 0x6f, 0x74, 0x61, 0x74, 0x69, 0x6f,
    0x6e, 0x0, 0x71, 0x75, 0x6f, 0x74, 0x65, 0x0, 0x71, 0x75, 0x72, 0x61, 0x6e, 0x0, 0x72, 0x61,
    0x62, 0x62, 0x69, 0x74, 0x0, 0x72, 0x61, 0x63, 0x65, 0x0, 0x72, 0x61, 0x63, 0x68, 0x65, 0x6c,
    0x0, 0x72, 0x61, 0x63, 0x69, 0x6e, 0x67, 0x0, 0x72, 0x61, 0x63, 0x69, 0x73, 0x6d, 0x0, 0x72,
    0x61, 0x63, 0x69, 0x73, 0x74, 0x0, 0x72, 0x61, 0x63, 0x6b, 0x0, 0x72, 0x61, 0x64, 0x61, 0x72,
    0x0, 0x72, 0x61, 0x64, 0x69, 0x61, 0x74, 0x69, 0x6f, 0x6e, 0x0, 0x72, 0x61, 0x64, 0x69, 0x63,
    0x61, 0x6c, 0x0, 0x72, 0x61, 0x64, 0x69, 0x6f, 0x0, 0x72, 0x61, 0x64, 0x69, 0x75, 0x73, 0x0,
    0x72, 0x61, 0x67, 0x65, 0x0, 0x72, 0x61, 0x69, 0x64, 0x0, 0x72, 0x61, 0x69, 0x6c, 0x72, 0x6f,
    0x61, 0x64, 0x0, 0x72, 0x61, 0x69, 0x6c, 0x73, 0x0, 0x72, 0x61, 0x69, 0x6c, 0x77, 0x61, 0x79,
    0x0, 0x72, 0x61, 0x69, 0x6e, 0x62, 0x6f, 0x77, 0x0, 0x72, 0x61, 0x69, 0x6e, 0x66, 0x61, 0x6c,
    0x6c, 0x0, 0x72, 0x61, 0x69, 0x73, 0x65, 0x0, 0x72, 0x61, 0x69, 0x73, 0x69, 0x6e, 0x67, 0x0,
    0x72, 0x61, 0x6c, 0x65, 0x69, 0x67, 0x68, 0x0, 0x72, 0x61, 0x6c, 0x6c, 0x79, 0x0, 0x72, 0x61,
    0x6d, 0x70, 0x0, 0x72, 0x61, 0x6e, 0x63, 0x68, 0x0, 0x72, 0x61, 0x6e, 0x64, 0x0, 0x72, 0x61,
    0x6e, 0x67, 0x65, 0x72, 0x0, 0x72, 0x61, 0x6e, 0x6b, 0x69, 0x6e, 0x67, 0x0, 0x72, 0x61, 0x6e,
    0x73, 0x6f, 0x6d, 0x0, 0x72, 0x61, 0x6e, 0x74, 0x0, 0x72, 0x61, 0x70, 0x69, 0x64, 0x0, 0x72,
    0x61, 0x70, 0x70, 0x65, 0x72, 0x0, 0x72, 0x61, 0x73, 0x68, 0x0, 0x72, 0x61, 0x73, 0x70, 0x62,
    0x65, 0x72, 0x72, 0x79, 0x0, 0x72, 0x61, 0x74, 0x65, 0x73, 0x0, 0x72, 0x61, 0x74, 0x69, 0x6e,
    0x67, 0x0, 0x72, 0x61, 0x74, 0x69, 0x6f, 0x6e, 0x61, 0x6c, 0x65, 0x0, 0x72, 0x61, 0x76, 0x65,
    0x6e, 0x0, 0x72, 0x61, 0x7a, 0x6f, 0x72, 0x0, 0x72, 0x65, 0x61, 0x63, 0x68, 0x69, 0x6e, 0x67,
    0x0, 0x72, 0x65, 0x61, 0x63, 0x74, 0x69, 0x6f, 0x6e, 0x0, 0x72, 0x65, 0x61, 0x63, 0x74, 0x6f,
    0x72, 0x0, 0x72, 0x65, 0x61, 0x64, 0x65, 0x72, 0x0, 0x72, 0x65, 0x61, 0x64, 0x69, 0x6e, 0x65,
    0x73, 0x73, 0x0, 0x72, 0x65, 0x61, 0x64, 0x69, 0x6e, 0x67, 0x0, 0x72, 0x65, 0x61, 0x64, 0x79,
    0x0, 0x72, 0x65, 0x61, 0x67, 0x61, 0x6e, 0x0, 0x72, 0x65, 0x61, 0x6c, 0x69, 0x73, 0x6d, 0x0,
    0x72, 0x65, 0x61, 0x6c, 0x69, 0x74, 0x79, 0x0, 0x72, 0x65, 0x61, 0x6c, 0x6d, 0x0, 0x72, 0x65,
    0x61, 0x72, 0x0, 0x72, 0x65, 0x61, 0x73, 0x6f, 0x6e, 0x69, 0x6e, 0x67, 0x0, 0x72, 0x65, 0x62,
    0x65, 0x63, 0x63, 0x61, 0x0, 0x72, 0x65, 0x62, 0x65, 0x6c, 0x6c, 0x69, 0x6f, 0x6e, 0x0, 0x72,
    0x65, 0x62, 0x6f, 0x75, 0x6e, 0x64, 0x0, 0x72, 0x65, 0x62, 0x75, 0x69, 0x6c, 0x64, 0x69, 0x6e,
    0x67, 0x0, 0x72, 0x65, 0x63, 0x61, 0x6c, 0x6c, 0x0, 0x72, 0x65, 0x63, 0x65, 0x69, 0x70, 0x74,
    0x73, 0x0, 0x72, 0x65, 0x63, 0x65, 0x69, 0x76, 0x65, 0x72, 0x0, 0x72, 0x65, 0x63, 0x65, 0x6e,
    0x74, 0x0, 0x72, 0x65, 0x63, 0x65, 0x70, 0x74, 0x69, 0x6f, 0x6e, 0x0, 0x72, 0x65, 0x63, 0x65,
    0x70, 0x74, 0x6f, 0x72, 0x0, 0x72, 0x65, 0x63, 0x65, 0x73, 0x73, 0x69, 0x6f, 0x6e, 0x0, 0x72,
    0x65, 0x63, 0x69, 0x70, 0x65, 0x0, 0x72, 0x65, 0x63, 0x69, 0x70, 0x69, 0x65, 0x6e, 0x74, 0x0,
    0x72, 0x65, 0x63, 0x6f, 0x72, 0x64, 0x65, 0x72, 0x0, 0x72, 0x65, 0x63, 0x6f, 0x72, 0x64, 0x69,
    0x6e, 0x67, 0x0, 0x72, 0x65, 0x63, 0x6f, 0x76, 0x65, 0x72, 0x79, 0x0, 0x72, 0x65, 0x63, 0x72,
    0x65, 0x61, 0x74, 0x69, 0x6f, 0x6e, 0x0, 0x72, 0x65, 0x63, 0x72, 0x75, 0x69, 0x74, 0x0, 0x72,
    0x65, 0x63, 0x79, 0x63, 0x6c, 0x69, 0x6e, 0x67, 0x0, 0x72, 0x65, 0x64, 0x65, 0x6d, 0x70, 0x74,
    0x69, 0x6f, 0x6e, 0x0, 0x72, 0x65, 0x64, 0x75, 0x63, 0x69, 0x6e, 0x67, 0x0, 0x72, 0x65, 0x64,
    0x75, 0x63, 0x74, 0x69, 0x6f, 0x6e, 0x0, 0x72, 0x65, 0x65, 0x64, 0x0, 0x72, 0x65, 0x65, 0x66,
    0x0, 0x72, 0x65, 0x65, 0x6c, 0x0, 0x72, 0x65, 0x66, 0x65, 0x72, 0x65, 0x65, 0x0, 0x72, 0x65,
    0x66, 0x65, 0x72, 0x65, 0x6e, 0x63, 0x65, 0x0, 0x72, 0x65, 0x66, 0x65, 0x72, 0x65, 0x6e, 0x64,
    0x75, 0x6d, 0x0, 0x72, 0x65, 0x66, 0x65, 0x72, 0x72, 0x61, 0x6c, 0x0, 0x72, 0x65, 0x66, 0x6c,
    0x65, 0x63, 0x74, 0x69, 0x6f, 0x6e, 0x0, 0x72, 0x65, 0x66, 0x6f, 0x72, 0x6d, 0x0, 0x72, 0x65,
    0x66, 0x72, 0x61, 0x69, 0x6e, 0x0, 0x72, 0x65, 0x66, 0x75, 0x67, 0x65, 0x65, 0x0, 0x72, 0x65,
    0x66, 0x75, 0x6e, 0x64, 0x0, 0x72, 0x65, 0x66, 0x75, 0x73, 0x61, 0x6c, 0x0, 0x72, 0x65, 0x66,
    0x75, 0x73, 0x65, 0x0, 0x72, 0x65, 0x67, 0x61, 0x72, 0x64, 0x0, 0x72, 0x65, 0x67, 0x69, 0x6d,
    0x65, 0x6e, 0x74, 0x0, 0x72, 0x65, 0x67, 0x69, 0x6e, 0x61, 0x0, 0x72, 0x65, 0x67, 0x69, 0x6f,
    0x6e, 0x0, 0x72, 0x65, 0x67, 0x69, 0x73, 0x74, 0x65, 0x72, 0x0, 0x72, 0x65, 0x67, 0x69, 0x73,
    0x74, 0x72, 0x79, 0x0, 0x72, 0x65, 0x67, 0x72, 0x65, 0x73, 0x73, 0x69, 0x6f, 0x6e, 0x0, 0x72,
    0x65, 0x67, 0x72, 0x65, 0x74, 0x73, 0x0, 0x72, 0x65, 0x67, 0x75, 0x6c, 0x61, 0x72, 0x0, 0x72,
    0x65, 0x67, 0x75, 0x6c, 0x61, 0x74, 0x69, 0x6e, 0x67, 0x0, 0x72, 0x65, 0x67, 0x75, 0x6c, 0x61,
    0x74, 0x69, 0x6f, 0x6e, 0x0, 0x72, 0x65, 0x67, 0x75, 0x6c, 0x61, 0x74, 0x6f, 0x72, 0x0, 0x72,
    0x65, 0x68, 0x65, 0x61, 0x72, 0x73, 0x61, 0x6c, 0x0, 0x72, 0x65, 0x69, 0x64, 0x0, 0x72, 0x65,
    0x69, 0x67, 0x6e, 0x0, 0x72, 0x65, 0x6a, 0x65, 0x63, 0x74, 0x69, 0x6f, 0x6e, 0x0, 0x72, 0x65,
    0x6c, 0x61, 0x74, 0x69, 0x6f, 0x6e, 0x73, 0x0, 0x72, 0x65, 0x6c, 0x61, 0x74, 0x69, 0x76, 0x65,
    0x0, 0x72, 0x65, 0x6c, 0x61, 0x78, 0x61, 0x74, 0x69, 0x6f, 0x6e, 0x0, 0x72, 0x65, 0x6c, 0x61,
    0x79, 0x0, 0x72, 0x65, 0x6c, 0x65, 0x61, 0x73, 0x65, 0x0, 0x72, 0x65, 0x6c, 0x65, 0x76, 0x61,
    0x6e, 0x63, 0x65, 0x0, 0x72, 0x65, 0x6c, 0x69, 0x61, 0x6e, 0x63, 0x65, 0x0, 0x72, 0x65, 0x6c,
    0x69, 0x65, 0x66, 0x0, 0x72, 0x65, 0x6c, 0x69, 0x67, 0x69, 0x6f, 0x6e, 0x0, 0x72, 0x65, 0x6c,
    0x69, 0x67, 0x69, 0x6f, 0x75, 0x73, 0x0, 0x72, 0x65, 0x6c, 0x6f, 0x63, 0x61, 0x74, 0x69, 0x6f,
    0x6e, 0x0, 0x72, 0x65, 0x6d, 0x61, 0x69, 0x6e, 0x64, 0x65, 0x72, 0x0, 0x72, 0x65, 0x6d, 0x61,
    0x69, 0x6e, 0x73, 0x0, 0x72, 0x65, 0x6d, 0x61, 0x6b, 0x65, 0x0, 0x72, 0x65, 0x6d, 0x61, 0x72,
    0x6b, 0x0, 0x72, 0x65, 0x6d, 0x65, 0x64, 0x79, 0x0, 0x72, 0x65, 0x6d, 0x69, 0x6e, 0x64, 0x65,
    0x72, 0x0, 0x72, 0x65, 0x6d, 0x6f, 0x74, 0x65, 0x0, 0x72, 0x65, 0x6d, 0x6f, 0x76, 0x61, 0x6c,
    0x0, 0x72, 0x65, 0x6d, 0x6f, 0x76, 0x65, 0x0, 0x72, 0x65, 0x6e, 0x64, 0x65, 0x72, 0x69, 0x6e,
    0x67, 0x0, 0x72, 0x65, 0x6e, 0x65, 0x77, 0x61, 0x6c, 0x0, 0x72, 0x65, 0x6e, 0x6f, 0x76, 0x61,
    0x74, 0x69, 0x6f, 0x6e, 0x0, 0x72, 0x65, 0x6e, 0x74, 0x61, 0x6c, 0x0, 0x72, 0x65, 0x6e, 0x74,
    0x69, 0x6e, 0x67, 0x0, 0x72, 0x65, 0x70, 0x61, 0x69, 0x72, 0x0, 0x72, 0x65, 0x70, 0x65, 0x61,
    0x6c, 0x0, 0x72, 0x65, 0x70, 0x65, 0x61, 0x74, 0x69, 0x6e, 0x67, 0x0, 0x72, 0x65, 0x70, 0x6c,
    0x61, 0x63, 0x69, 0x6e, 0x67, 0x0, 0x72, 0x65, 0x70, 0x6c, 0x61, 0x79, 0x0, 0x72, 0x65, 0x70,
    0x6c, 0x69, 0x63, 0x61, 0x0, 0x72, 0x65, 0x70, 0x6c, 0x79, 0x0, 0x72, 0x65, 0x70, 0x6f, 0x72,
    0x74, 0x65, 0x72, 0x0, 0x72, 0x65, 0x70, 0x6f, 0x72, 0x74, 0x69, 0x6e, 0x67, 0x0, 0x72, 0x65,
    0x70, 0x72, 0x65, 0x73, 0x73, 0x69, 0x6f, 0x6e, 0x0, 0x72, 0x65, 0x70, 0x75, 0x62, 0x6c, 0x69,
    0x63, 0x61, 0x6e, 0x0, 0x72, 0x65, 0x70, 0x75, 0x74, 0x61, 0x74, 0x69, 0x6f, 0x6e, 0x0, 0x72,
    0x65, 0x71, 0x75, 0x65, 0x73, 0x74, 0x0, 0x72, 0x65, 0x73, 0x63, 0x75, 0x65, 0x0, 0x72, 0x65,
    0x73, 0x65, 0x61, 0x72, 0x63, 0x68, 0x65, 0x72, 0x0, 0x72, 0x65, 0x73, 0x65, 0x6e, 0x74, 0x6d,
    0x65, 0x6e, 0x74, 0x0, 0x72, 0x65, 0x73, 0x65, 0x72, 0x76, 0x65, 0x73, 0x0, 0x72, 0x65, 0x73,
    0x65, 0x72, 0x76, 0x6f, 0x69, 0x72, 0x0, 0x72, 0x65, 0x73, 0x65, 0x74, 0x0, 0x72, 0x65, 0x73,
    0x69, 0x64, 0x65, 0x6e, 0x63, 0x65, 0x0, 0x72, 0x65, 0x73, 0x69, 0x64, 0x65, 0x6e, 0x63, 0x79,
    0x0, 0x72, 0x65, 0x73, 0x69, 0x64, 0x65, 0x6e, 0x74, 0x0, 0x72, 0x65, 0x73, 0x69, 0x64, 0x75,
    0x61, 0x6c, 0x0, 0x72, 0x65, 0x73, 0x69, 0x64, 0x75, 0x65, 0x0, 0x72, 0x65, 0x73, 0x69, 0x6c,
    0x69, 0x65, 0x6e, 0x63, 0x65, 0x0, 0x72, 0x65, 0x73, 0x69, 0x6e, 0x0, 0x72, 0x65, 0x73, 0x69,
    0x73, 0x74, 0x61, 0x6e, 0x63, 0x65, 0x0, 0x72, 0x65, 0x73, 0x6f, 0x6c, 0x75, 0x74, 0x69, 0x6f,
    0x6e, 0x0, 0x72, 0x65, 0x73, 0x6f, 0x6c, 0x76, 0x65, 0x0, 0x72, 0x65, 0x73, 0x6f, 0x6c, 0x76,
    0x69, 0x6e, 0x67, 0x0, 0x72, 0x65, 0x73, 0x6f, 0x6e, 0x61, 0x6e, 0x63, 0x65, 0x0, 0x72, 0x65,
    0x73, 0x6f, 0x72, 0x74, 0x0, 0x72, 0x65, 0x73, 0x6f, 0x75, 0x72, 0x63, 0x65, 0x0, 0x72, 0x65,
    0x73, 0x70, 0x65, 0x63, 0x74, 0x73, 0x0, 0x72, 0x65, 0x73, 0x70, 0x6f, 0x6e, 0x73, 0x65, 0x0,
    0x72, 0x65, 0x73, 0x74, 0x61, 0x75, 0x72, 0x61, 0x6e, 0x74, 0x0, 0x72, 0x65, 0x73, 0x74, 0x72,
    0x61, 0x69, 0x6e, 0x74, 0x0, 0x72, 0x65, 0x73, 0x75, 0x6c, 0x74, 0x0, 0x72, 0x65, 0x73, 0x75,
    0x6d, 0x65, 0x0, 0x72, 0x65, 0x74, 0x61, 0x69, 0x6c, 0x65, 0x72, 0x0, 0x72, 0x65, 0x74, 0x61,
    0x72, 0x64, 0x65, 0x64, 0x0, 0x72, 0x65, 0x74, 0x65, 0x6e, 0x74, 0x69, 0x6f, 0x6e, 0x0, 0x72,
    0x65, 0x74, 0x69, 0x72, 0x65, 0x6d, 0x65, 0x6e, 0x74, 0x0, 0x72, 0x65, 0x74, 0x72, 0x65, 0x61,
    0x74, 0x0, 0x72, 0x65, 0x74, 0x72, 0x6f, 0x0, 0x72, 0x65, 0x74, 0x75, 0x72, 0x6e, 0x0, 0x72,
    0x65, 0x75, 0x6e, 0x69, 0x6f, 0x6e, 0x0, 0x72, 0x65, 0x76, 0x65, 0x61, 0x6c, 0x69, 0x6e, 0x67,
    0x0, 0x72, 0x65, 0x76, 0x65, 0x6c, 0x61, 0x74, 0x69, 0x6f, 0x6e, 0x0, 0x72, 0x65, 0x76, 0x65,
    0x6e, 0x67, 0x65, 0x0, 0x72, 0x65, 0x76, 0x65, 0x6e, 0x75, 0x65, 0x0, 0x72, 0x65, 0x76, 0x65,
    0x72, 0x65, 0x6e, 0x64, 0x0, 0x72, 0x65, 0x76, 0x65, 0x72, 0x73, 0x61, 0x6c, 0x0, 0x72, 0x65,
    0x76, 0x65, 0x72, 0x73, 0x65, 0x0, 0x72, 0x65, 0x76, 0x69, 0x65, 0x77, 0x0, 0x72, 0x65, 0x76,
    0x69, 0x73, 0x69, 0x6f, 0x6e, 0x0, 0x72, 0x65, 0x76, 0x69, 0x76, 0x61, 0x6c, 0x0, 0x72, 0x65,
    0x76, 0x6f, 0x6c, 0x74, 0x0, 0x72, 0x65, 0x76, 0x6f, 0x6c, 0x75, 0x74, 0x69, 0x6f, 0x6e, 0x0,
    0x72, 0x65, 0x77, 0x61, 0x72, 0x64, 0x0, 0x72, 0x65, 0x79, 0x6e, 0x6f, 0x6c, 0x64, 0x73, 0x0,
    0x72, 0x68, 0x65, 0x74, 0x6f, 0x72, 0x69, 0x63, 0x0, 0x72, 0x68, 0x69, 0x6e, 0x6f, 0x0, 0x72,
    0x68, 0x6f, 0x64, 0x65, 0x73, 0x0, 0x72, 0x68, 0x79, 0x6d, 0x65, 0x0, 0x72, 0x68, 0x79, 0x74,
    0x68, 0x6d, 0x0, 0x72, 0x69, 0x62, 0x62, 0x6f, 0x6e, 0x0, 0x72, 0x69, 0x63, 0x65, 0x0, 0x72,
    0x69, 0x63, 0x68, 0x61, 0x72, 0x64, 0x73, 0x6f, 0x6e, 0x0, 0x72, 0x69, 0x63, 0x68, 0x65, 0x73,
    0x0, 0x72, 0x69, 0x63, 0x68, 0x6d, 0x6f, 0x6e, 0x64, 0x0, 0x72, 0x69, 0x63, 0x6b, 0x0, 0x72,
    0x69, 0x63, 0x6f, 0x0, 0x72, 0x69, 0x64, 0x65, 0x72, 0x0, 0x72, 0x69, 0x64, 0x67, 0x65, 0x0,
    0x72, 0x69, 0x64, 0x69, 0x6e, 0x67, 0x0, 0x72, 0x69, 0x66, 0x6c, 0x65, 0x0, 0x72, 0x69, 0x66,
    0x74, 0x0, 0x72, 0x69, 0x67, 0x68, 0x74, 0x0, 0x72, 0x69, 0x6c, 0x65, 0x79, 0x0, 0x72, 0x69,
    0x6e, 0x67, 0x69, 0x6e, 0x67, 0x0, 0x72, 0x69, 0x6e, 0x67, 0x73, 0x0, 0x72, 0x69, 0x6f, 0x74,
    0x0, 0x72, 0x69, 0x73, 0x65, 0x0, 0x72, 0x69, 0x73, 0x69, 0x6e, 0x67, 0x0, 0x72, 0x69, 0x73,
    0x6b, 0x0, 0x72, 0x69, 0x74, 0x65, 0x0, 0x72, 0x69, 0x74, 0x75, 0x61, 0x6c, 0x0, 0x72, 0x69,
    0x76, 0x61, 0x6c, 0x72, 0x79, 0x0, 0x72, 0x69, 0x76, 0x65, 0x72, 0x73, 0x69, 0x64, 0x65, 0x0,
    0x72, 0x6f, 0x61, 0x64, 0x73, 0x0, 0x72, 0x6f, 0x61, 0x72, 0x69, 0x6e, 0x67, 0x0, 0x72, 0x6f,
    0x61, 0x73, 0x74, 0x0, 0x72, 0x6f, 0x62, 0x62, 0x65, 0x72, 0x79, 0x0, 0x72, 0x6f, 0x62, 0x65,
    0x72, 0x74, 0x73, 0x6f, 0x6e, 0x0, 0x72, 0x6f, 0x62, 0x69, 0x6e, 0x73, 0x6f, 0x6e, 0x0, 0x72,
    0x6f, 0x62, 0x6f, 0x74, 0x69, 0x63, 0x73, 0x0, 0x72, 0x6f, 0x63, 0x68, 0x65, 0x73, 0x74, 0x65,
    0x72, 0x0, 0x72, 0x6f, 0x63, 0x6b, 0x65, 0x74, 0x0, 0x72, 0x6f, 0x64, 0x67, 0x65, 0x72, 0x73,
    0x0, 0x72, 0x6f, 0x67, 0x65, 0x72, 0x73, 0x0, 0x72, 0x6f, 0x67, 0x75, 0x65, 0x0, 0x72, 0x6f,
    0x6c, 0x65, 0x0, 0x72, 0x6f, 0x6c, 0x6c, 0x65, 0x72, 0x0, 0x72, 0x6f, 0x6c, 0x6c, 0x69, 0x6e,
    0x67, 0x0, 0x72, 0x6f, 0x6d, 0x61, 0x6e, 0x63, 0x65, 0x0, 0x72, 0x6f, 0x6d, 0x61, 0x6e, 0x69,
    0x61, 0x6e, 0x0, 0x72, 0x6f, 0x6d, 0x61, 0x6e, 0x73, 0x0, 0x72, 0x6f, 0x6d, 0x61, 0x6e, 0x74,
    0x69, 0x63, 0x0, 0x72, 0x6f, 0x6d, 0x65, 0x6f, 0x0, 0x72, 0x6f, 0x6f, 0x66, 0x74, 0x6f, 0x70,
    0x0, 0x72, 0x6f, 0x6f, 0x6b, 0x69, 0x65, 0x0, 0x72, 0x6f, 0x6f, 0x6d, 0x6d, 0x61, 0x74, 0x65,
    0x0, 0x72, 0x6f, 0x6f, 0x6d, 0x73, 0x0, 0x72, 0x6f, 0x6f, 0x73, 0x65, 0x76, 0x65, 0x6c, 0x74,
    0x0, 0x72, 0x6f, 0x6f, 0x74, 0x69, 0x6e, 0x67, 0x0, 0x72, 0x6f, 0x6f, 0x74, 0x73, 0x0, 0x72,
    0x6f, 0x70, 0x65, 0x0, 0x72, 0x6f, 0x73, 0x61, 0x0, 0x72, 0x6f, 0x73, 0x65, 0x6d, 0x61, 0x72,
    0x79, 0x0, 0x72, 0x6f, 0x73, 0x73, 0x0, 0x72, 0x6f, 0x73, 0x74, 0x65, 0x72, 0x0, 0x72, 0x6f,
    0x74, 0x61, 0x72, 0x79, 0x0, 0x72, 0x6f, 0x74, 0x61, 0x74, 0x69, 0x6f, 0x6e, 0x0, 0x72, 0x6f,
    0x74, 0x68, 0x0, 0x72, 0x6f, 0x75, 0x67, 0x65, 0x0, 0x72, 0x6f, 0x75, 0x67, 0x68, 0x0, 0x72,
    0x6f, 0x75, 0x6e, 0x64, 0x0, 0x72, 0x6f, 0x75, 0x74, 0x65, 0x72, 0x0, 0x72, 0x6f, 0x75, 0x74,
    0x69, 0x6e, 0x65, 0x0, 0x72, 0x6f, 0x76, 0x65, 0x72, 0x0, 0x72, 0x6f, 0x79, 0x61, 0x6c, 0x74,
    0x79, 0x0, 0x72, 0x75, 0x62, 0x62, 0x65, 0x72, 0x0, 0x72, 0x75, 0x62, 0x62, 0x69, 0x6e, 0x67,
    0x0, 0x72, 0x75, 0x62, 0x62, 0x69, 0x73, 0x68, 0x0, 0x72, 0x75, 0x62, 0x79, 0x0, 0x72, 0x75,
    0x67, 0x62, 0x79, 0x0, 0x72, 0x75, 0x69, 0x6e, 0x69, 0x6e, 0x67, 0x0, 0x72, 0x75, 0x6c, 0x65,
    0x72, 0x0, 0x72, 0x75, 0x6c, 0x69, 0x6e, 0x67, 0x0, 0x72, 0x75, 0x6d, 0x6f, 0x72, 0x0, 0x72,
    0x75, 0x6e, 0x61, 0x77, 0x61, 0x79, 0x0, 0x72, 0x75, 0x6e, 0x6e, 0x65, 0x72, 0x0, 0x72, 0x75,
    0x6e, 0x6e, 0x69, 0x6e, 0x67, 0x0, 0x72, 0x75, 0x6e, 0x6f, 0x66, 0x66, 0x0, 0x72, 0x75, 0x6e,
    0x77, 0x61, 0x79, 0x0, 0x72, 0x75, 0x70, 0x65, 0x72, 0x74, 0x0, 0x72, 0x75, 0x73, 0x68, 0x69,
    0x6e, 0x67, 0x0, 0x72, 0x75, 0x73, 0x73, 0x65, 0x6c, 0x6c, 0x0, 0x72, 0x75, 0x73, 0x73, 0x69,
    0x61, 0x6e, 0x0, 0x72, 0x75, 0x73, 0x74, 0x0, 0x72, 0x75, 0x74, 0x68, 0x0, 0x72, 0x77, 0x61,
    0x6e, 0x64, 0x61, 0x0, 0x73, 0x61, 0x62, 0x62, 0x61, 0x74, 0x68, 0x0, 0x73, 0x61, 0x62, 0x6f,
    0x74, 0x61, 0x67, 0x65, 0x0, 0x73, 0x61, 0x63, 0x6b, 0x0, 0x73, 0x61, 0x63, 0x72, 0x61, 0x6d,
    0x65, 0x6e, 0x74, 0x6f, 0x0, 0x73, 0x61, 0x63, 0x72, 0x69, 0x66, 0x69, 0x63, 0x65, 0x0, 0x73,
    0x61, 0x64, 0x64, 0x6c, 0x65, 0x0, 0x73, 0x61, 0x64, 0x6e, 0x65, 0x73, 0x73, 0x0, 0x73, 0x61,
    0x66, 0x61, 0x72, 0x69, 0x0, 0x73, 0x61, 0x66, 0x65, 0x67, 0x75, 0x61, 0x72, 0x64, 0x0, 0x73,
    0x61, 0x66, 0x65, 0x74, 0x79, 0x0, 0x73, 0x61, 0x67, 0x61, 0x0, 0x73, 0x61, 0x67, 0x65, 0x0,
    0x73, 0x61, 0x69, 0x6c, 0x69, 0x6e, 0x67, 0x0, 0x73, 0x61, 0x69, 0x6c, 0x6f, 0x72, 0x0, 0x73,
    0x61, 0x69, 0x6e, 0x74, 0x0, 0x73, 0x61, 0x6b, 0x65, 0x0, 0x73, 0x61, 0x6c, 0x61, 0x64, 0x0,
    0x73, 0x61, 0x6c, 0x61, 0x72, 0x79, 0x0, 0x73, 0x61, 0x6c, 0x65, 0x6d, 0x0, 0x73, 0x61, 0x6c,
    0x65, 0x73, 0x6d, 0x61, 0x6e, 0x0, 0x73, 0x61, 0x6c, 0x69, 0x73, 0x62, 0x75, 0x72, 0x79, 0x0,
    0x73, 0x61, 0x6c, 0x6c, 0x79, 0x0, 0x73, 0x61, 0x6c, 0x6d, 0x6f, 0x6e, 0x0, 0x73, 0x61, 0x6c,
    0x6f, 0x6e, 0x0, 0x73, 0x61, 0x6c, 0x73, 0x61, 0x0, 0x73, 0x61, 0x6c, 0x74, 0x0, 0x73, 0x61,
    0x6c, 0x75, 0x74, 0x65, 0x0, 0x73, 0x61, 0x6c, 0x76, 0x61, 0x64, 0x6f, 0x72, 0x0, 0x73, 0x61,
    0x6c, 0x76, 0x61, 0x67, 0x65, 0x0, 0x73, 0x61, 0x6c, 0x76, 0x61, 0x74, 0x69, 0x6f, 0x6e, 0x0,
    0x73, 0x61, 0x6d, 0x65, 0x0, 0x73, 0x61, 0x6d, 0x70, 0x6c, 0x65, 0x0, 0x73, 0x61, 0x6d, 0x70,
    0x6c, 0x69, 0x6e, 0x67, 0x0, 0x73, 0x61, 0x6d, 0x75, 0x65, 0x6c, 0x0, 0x73, 0x61, 0x6d, 0x75,
    0x72, 0x61, 0x69, 0x0, 0x73, 0x61, 0x6e, 0x63, 0x68, 0x65, 0x7a, 0x0, 0x73, 0x61, 0x6e, 0x63,
    0x74, 0x75, 0x61, 0x72, 0x79, 0x0, 0x73, 0x61, 0x6e, 0x64, 0x73, 0x74, 0x6f, 0x6e, 0x65, 0x0,
    0x73, 0x61, 0x6e, 0x64, 0x77, 0x69, 0x63, 0x68, 0x0, 0x73, 0x61, 0x6e, 0x67, 0x0, 0x73, 0x61,
    0x6e, 0x69, 0x74, 0x61, 0x74, 0x69, 0x6f, 0x6e, 0x0, 0x73, 0x61, 0x6e, 0x74, 0x61, 0x0, 0x73,
    0x61, 0x6e, 0x74, 0x69, 0x61, 0x67, 0x6f, 0x0, 0x73, 0x61, 0x6e, 0x74, 0x6f, 0x73, 0x0, 0x73,
    0x61, 0x72, 0x61, 0x68, 0x0, 0x73, 0x61, 0x72, 0x63, 0x61, 0x73, 0x6d, 0x0, 0x73, 0x61, 0x74,
    0x61, 0x6e, 0x0, 0x73, 0x61, 0x74, 0x65, 0x6c, 0x6c, 0x69, 0x74, 0x65, 0x0, 0x73, 0x61, 0x74,
    0x69, 0x72, 0x65, 0x0, 0x73, 0x61, 0x74, 0x75, 0x72, 0x64, 0x61, 0x79, 0x0, 0x73, 0x61, 0x74,
    0x75, 0x72, 0x6e, 0x0, 0x73, 0x61, 0x75, 0x63, 0x65, 0x0, 0x73, 0x61, 0x75, 0x64, 0x69, 0x0,
    0x73, 0x61, 0x75, 0x6c, 0x0, 0x73, 0x61, 0x75, 0x73, 0x61, 0x67, 0x65, 0x0, 0x73, 0x61, 0x76,
    0x61, 0x67, 0x65, 0x0, 0x73, 0x61, 0x76, 0x61, 0x6e, 0x6e, 0x61, 0x68, 0x0, 0x73, 0x61, 0x76,
    0x65, 0x0, 0x73, 0x61, 0x76, 0x69, 0x6e, 0x67, 0x73, 0x0, 0x73, 0x61, 0x76, 0x69, 0x6f, 0x72,
    0x0, 0x73, 0x61, 0x76, 0x76, 0x79, 0x0, 0x73, 0x61, 0x77, 0x79, 0x65, 0x72, 0x0, 0x73, 0x61,
    0x78, 0x6f, 0x6e, 0x0, 0x73, 0x61, 0x79, 0x69, 0x6e, 0x67, 0x0, 0x73, 0x63, 0x61, 0x6c, 0x65,
    0x0, 0x73, 0x63, 0x61, 0x6c, 0x69, 0x6e, 0x67, 0x0, 0x73, 0x63, 0x61, 0x6d, 0x0, 0x73, 0x63,
    0x61, 0x6e, 0x64, 0x61, 0x6c, 0x0, 0x73, 0x63, 0x61, 0x6e, 0x6e, 0x65, 0x72, 0x0, 0x73, 0x63,
    0x61, 0x6e, 0x6e, 0x69, 0x6e, 0x67, 0x0, 0x73, 0x63, 0x61, 0x72, 0x65, 0x0, 0x73, 0x63, 0x61,
    0x72, 0x66, 0x0, 0x73, 0x63, 0x61, 0x72, 0x6c, 0x65, 0x74, 0x0, 0x73, 0x63, 0x65, 0x6e, 0x61,
    0x72, 0x69, 0x6f, 0x0, 0x73, 0x63, 0x65, 0x6e, 0x65, 0x72, 0x79, 0x0, 0x73, 0x63, 0x65, 0x6e,
    0x74, 0x0, 0x73, 0x63, 0x68, 0x65, 0x64, 0x75, 0x6c, 0x65, 0x0, 0x73, 0x63, 0x68, 0x65, 0x64,
    0x75, 0x6c, 0x69, 0x6e, 0x67, 0x0, 0x73, 0x63, 0x68, 0x65, 0x6d, 0x65, 0x0, 0x73, 0x63, 0x68,
    0x6d, 0x69, 0x64, 0x74, 0x0, 0x73, 0x63, 0x68, 0x6f, 0x6c, 0x61, 0x72, 0x0, 0x73, 0x63, 0x68,
    0x6f, 0x6f, 0x6c, 0x69, 0x6e, 0x67, 0x0, 0x73, 0x63, 0x69, 0x65, 0x6e, 0x63, 0x65, 0x0, 0x73,
    0x63, 0x69, 0x65, 0x6e, 0x74, 0x69, 0x73, 0x74, 0x0, 0x73, 0x63, 0x69, 0x73, 0x73, 0x6f, 0x72,
    0x73, 0x0, 0x73, 0x63, 0x6f, 0x6f, 0x70, 0x0, 0x73, 0x63, 0x6f, 0x6f, 0x74, 0x65, 0x72, 0x0,
    0x73, 0x63, 0x6f, 0x70, 0x65, 0x0, 0x73, 0x63, 0x6f, 0x72, 0x65, 0x72, 0x0, 0x73, 0x63, 0x6f,
    0x72, 0x65, 0x73, 0x0, 0x73, 0x63, 0x6f, 0x72, 0x69, 0x6e, 0x67, 0x0, 0x73, 0x63, 0x6f, 0x74,
    0x63, 0x68, 0x0, 0x73, 0x63, 0x6f, 0x74, 0x6c, 0x61, 0x6e, 0x64, 0x0, 0x73, 0x63, 0x6f, 0x74,
    0x73, 0x0, 0x73, 0x63, 0x6f, 0x74, 0x74, 0x69, 0x73, 0x68, 0x0, 0x73, 0x63, 0x6f, 0x75, 0x74,
    0x69, 0x6e, 0x67, 0x0, 0x73, 0x63, 0x72, 0x61, 0x70, 0x0, 0x73, 0x63, 0x72, 0x61, 0x74, 0x63,
    0x68, 0x69, 0x6e, 0x67, 0x0, 0x73, 0x63, 0x72, 0x65, 0x61, 0x6d, 0x69, 0x6e, 0x67, 0x0, 0x73,
    0x63, 0x72, 0x65, 0x65, 0x6e, 0x69, 0x6e, 0x67, 0x0, 0x73, 0x63, 0x72, 0x65, 0x65, 0x6e, 0x70,
    0x6c, 0x61, 0x79, 0x0, 0x73, 0x63, 0x72, 0x65, 0x77, 0x0, 0x73, 0x63, 0x72, 0x69, 0x70, 0x74,
    0x75, 0x72, 0x65, 0x0, 0x73, 0x63, 0x72, 0x6f, 0x6c, 0x6c, 0x0, 0x73, 0x63, 0x72, 0x75, 0x62,
    0x0, 0x73, 0x63, 0x72, 0x75, 0x74, 0x69, 0x6e, 0x79, 0x0, 0x73, 0x63, 0x75, 0x6c, 0x70, 0x74,
    0x75, 0x72, 0x65, 0x0, 0x73, 0x63, 0x75, 0x6d, 0x0, 0x73, 0x65, 0x61, 0x66, 0x6f, 0x6f, 0x64,
    0x0, 0x73, 0x65, 0x61, 0x6c, 0x0, 0x73, 0x65, 0x61, 0x72, 0x63, 0x68, 0x0, 0x73, 0x65, 0x61,
    0x73, 0x69, 0x64, 0x65, 0x0, 0x73, 0x65, 0x61, 0x73, 0x6f, 0x6e, 0x61, 0x6c, 0x0, 0x73, 0x65,
    0x61, 0x74, 0x69, 0x6e, 0x67, 0x0, 0x73, 0x65, 0x61, 0x74, 0x73, 0x0, 0x73, 0x65, 0x61, 0x74,
    0x74, 0x6c, 0x65, 0x0, 0x73, 0x65, 0x63, 0x6f, 0x6e, 0x64, 0x61, 0x72, 0x79, 0x0, 0x73, 0x65,
    0x63, 0x72, 0x65, 0x63, 0x79, 0x0, 0x73, 0x65, 0x63, 0x72, 0x65, 0x74, 0x61, 0x72, 0x79, 0x0,
    0x73, 0x65, 0x63, 0x74, 0x69, 0x6f, 0x6e, 0x0, 0x73, 0x65, 0x63, 0x74, 0x6f, 0x72, 0x0, 0x73,
    0x65, 0x63, 0x75, 0x6c, 0x61, 0x72, 0x0, 0x73, 0x65, 0x63, 0x75, 0x72, 0x69, 0x74, 0x79, 0x0,
    0x73, 0x65, 0x64, 0x61, 0x6e, 0x0, 0x73, 0x65, 0x65, 0x64, 0x0, 0x73, 0x65, 0x65, 0x69, 0x6e,
    0x67, 0x0, 0x73, 0x65, 0x65, 0x6b, 0x69, 0x6e, 0x67, 0x0, 0x73, 0x65, 0x67, 0x6d, 0x65, 0x6e,
    0x74, 0x0, 0x73, 0x65, 0x69, 0x7a, 0x75, 0x72, 0x65, 0x0, 0x73, 0x65, 0x6c, 0x65, 0x63, 0x74,
    0x69, 0x6f, 0x6e, 0x0, 0x73, 0x65, 0x6c, 0x66, 0x0, 0x73, 0x65, 0x6c, 0x6c, 0x65, 0x72, 0x73,
    0x0, 0x73, 0x65, 0x6c, 0x6c, 0x69, 0x6e, 0x67, 0x0, 0x73, 0x65, 0x6d, 0x65, 0x73, 0x74, 0x65,
    0x72, 0x0, 0x73, 0x65, 0x6d, 0x69, 0x6e, 0x61, 0x72, 0x79, 0x0, 0x73, 0x65, 0x6d, 0x69, 0x74,
    0x69, 0x63, 0x0, 0x73, 0x65, 0x6e, 0x61, 0x74, 0x65, 0x0, 0x73, 0x65, 0x6e, 0x61, 0x74, 0x6f,
    0x72, 0x0, 0x73, 0x65, 0x6e, 0x64, 0x69, 0x6e, 0x67, 0x0, 0x73, 0x65, 0x6e, 0x69, 0x6f, 0x72,
    0x0, 0x73, 0x65, 0x6e, 0x73, 0x61, 0x74, 0x69, 0x6f, 0x6e, 0x0, 0x73, 0x65, 0x6e, 0x73, 0x65,
    0x0, 0x73, 0x65, 0x6e, 0x73, 0x69, 0x6e, 0x67, 0x0, 0x73, 0x65, 0x6e, 0x73, 0x69, 0x74, 0x69,
    0x76, 0x65, 0x0, 0x73, 0x65, 0x6e, 0x73, 0x6f, 0x72, 0x0, 0x73, 0x65, 0x6e, 0x74, 0x65, 0x6e,
    0x63, 0x65, 0x0, 0x73, 0x65, 0x6e, 0x74, 0x69, 0x6d, 0x65, 0x6e, 0x74, 0x0, 0x73, 0x65, 0x6f,
    0x75, 0x6c, 0x0, 0x73, 0x65, 0x70, 0x61, 0x72, 0x61, 0x74, 0x65, 0x0, 0x73, 0x65, 0x70, 0x61,
    0x72, 0x61, 0x74, 0x69, 0x6f, 0x6e, 0x0, 0x73, 0x65, 0x70, 0x74, 0x65, 0x6d, 0x62, 0x65, 0x72,
    0x0, 0x73, 0x65, 0x71, 0x75, 0x65, 0x6c, 0x0, 0x73, 0x65, 0x71, 0x75, 0x65, 0x6e, 0x63, 0x65,
    0x0, 0x73, 0x65, 0x72, 0x62, 0x69, 0x61, 0x6e, 0x0, 0x73, 0x65, 0x72, 0x67, 0x65, 0x61, 0x6e,
    0x74, 0x0, 0x73, 0x65, 0x72, 0x69, 0x61, 0x6c, 0x0, 0x73, 0x65, 0x72, 0x69, 0x65, 0x73, 0x0,
    0x73, 0x65, 0x72, 0x6d, 0x6f, 0x6e, 0x0, 0x73, 0x65, 0x72, 0x75, 0x6d, 0x0, 0x73, 0x65, 0x72,
    0x76, 0x61, 0x6e, 0x74, 0x0, 0x73, 0x65, 0x72, 0x76, 0x65, 0x72, 0x0, 0x73, 0x65, 0x72, 0x76,
    0x69, 0x63, 0x65, 0x73, 0x0, 0x73, 0x65, 0x72, 0x76, 0x69, 0x6e, 0x67, 0x0, 0x73, 0x65, 0x73,
    0x73, 0x69, 0x6f, 0x6e, 0x73, 0x0, 0x73, 0x65, 0x74, 0x68, 0x0, 0x73, 0x65, 0x74, 0x74, 0x69,
    0x6e, 0x67, 0x0, 0x73, 0x65, 0x74, 0x74, 0x6c, 0x65, 0x6d, 0x65, 0x6e, 0x74, 0x0, 0x73, 0x65,
    0x74, 0x74, 0x6c, 0x69, 0x6e, 0x67, 0x0, 0x73, 0x65, 0x74, 0x75, 0x70, 0x0, 0x73, 0x65, 0x76,
    0x65, 0x6e, 0x74, 0x65, 0x65, 0x6e, 0x0, 0x73, 0x65, 0x76, 0x65, 0x6e, 0x74, 0x68, 0x0, 0x73,
    0x65, 0x76, 0x65, 0x6e, 0x74, 0x79, 0x0, 0x73, 0x65, 0x76, 0x65, 0x72, 0x69, 0x74, 0x79, 0x0,
    0x73, 0x65, 0x77, 0x61, 0x67, 0x65, 0x0, 0x73, 0x65, 0x77, 0x65, 0x72, 0x0, 0x73, 0x65, 0x77,
    0x69, 0x6e, 0x67, 0x0, 0x73, 0x65, 0x78, 0x69, 0x73, 0x6d, 0x0, 0x73, 0x65, 0x78, 0x69, 0x73,
    0x74, 0x0, 0x73, 0x65, 0x79, 0x6d, 0x6f, 0x75, 0x72, 0x0, 0x73, 0x68, 0x61, 0x64, 0x65, 0x73,
    0x0, 0x73, 0x68, 0x61, 0x64, 0x6f, 0x77, 0x0, 0x73, 0x68, 0x61, 0x66, 0x74, 0x0, 0x73, 0x68,
    0x61, 0x68, 0x0, 0x73, 0x68, 0x61, 0x6b, 0x65, 0x0, 0x73, 0x68, 0x61, 0x6b, 0x69, 0x6e, 0x67,
    0x0, 0x73, 0x68, 0x61, 0x6c, 0x65, 0x0, 0x73, 0x68, 0x61, 0x6c, 0x6c, 0x6f, 0x77, 0x0, 0x73,
    0x68, 0x61, 0x6d, 0x65, 0x0, 0x73, 0x68, 0x61, 0x6d, 0x70, 0x6f, 0x6f, 0x0, 0x73, 0x68, 0x61,
    0x6e, 0x67, 0x68, 0x61, 0x69, 0x0, 0x73, 0x68, 0x61, 0x6e, 0x6e, 0x6f, 0x6e, 0x0, 0x73, 0x68,
    0x61, 0x70, 0x65, 0x0, 0x73, 0x68, 0x61, 0x70, 0x69, 0x6e, 0x67, 0x0, 0x73, 0x68, 0x61, 0x72,
    0x65, 0x0, 0x73, 0x68, 0x61, 0x72, 0x69, 0x6e, 0x67, 0x0, 0x73, 0x68, 0x61, 0x72, 0x6b, 0x0,
    0x73, 0x68, 0x61, 0x72, 0x70, 0x0, 0x73, 0x68, 0x61, 0x76, 0x65, 0x0, 0x73, 0x68, 0x61, 0x76,
    0x69, 0x6e, 0x67, 0x0, 0x73, 0x68, 0x61, 0x77, 0x6e, 0x0, 0x73, 0x68, 0x65, 0x64, 0x0, 0x73,
    0x68, 0x65, 0x65, 0x70, 0x0, 0x73, 0x68, 0x65, 0x65, 0x74, 0x0, 0x73, 0x68, 0x65, 0x66, 0x66,
    0x69, 0x65, 0x6c, 0x64, 0x0, 0x73, 0x68, 0x65, 0x69, 0x6b, 0x68, 0x0, 0x73, 0x68, 0x65, 0x6c,
    0x66, 0x0, 0x73, 0x68, 0x65, 0x6c, 0x6c, 0x65, 0x79, 0x0, 0x73, 0x68, 0x65, 0x6c, 0x74, 0x65,
    0x72, 0x0, 0x73, 0x68, 0x65, 0x70, 0x68, 0x65, 0x72, 0x64, 0x0, 0x73, 0x68, 0x65, 0x72, 0x69,
    0x66, 0x66, 0x0, 0x73, 0x68, 0x65, 0x72, 0x6c, 0x6f, 0x63, 0x6b, 0x0, 0x73, 0x68, 0x65, 0x72,
    0x6d, 0x61, 0x6e, 0x0, 0x73, 0x68, 0x69, 0x65, 0x6c, 0x64, 0x0, 0x73, 0x68, 0x69, 0x66, 0x74,
    0x69, 0x6e, 0x67, 0x0, 0x73, 0x68, 0x69, 0x6e, 0x65, 0x0, 0x73, 0x68, 0x69, 0x6e, 0x69, 0x6e,
    0x67, 0x0, 0x73, 0x68, 0x69, 0x70, 0x6d, 0x65, 0x6e, 0x74, 0x0, 0x73, 0x68, 0x69, 0x70, 0x70,
    0x69, 0x6e, 0x67, 0x0, 0x73, 0x68, 0x69, 0x72, 0x74, 0x0, 0x73, 0x68, 0x6f, 0x63, 0x6b, 0x0,
    0x73, 0x68, 0x6f, 0x65, 0x73, 0x0, 0x73, 0x68, 0x6f, 0x6f, 0x6b, 0x0, 0x73, 0x68, 0x6f, 0x6f,
    0x74, 0x65, 0x72, 0x0, 0x73, 0x68, 0x6f, 0x6f, 0x74, 0x69, 0x6e, 0x67, 0x0, 0x73, 0x68, 0x6f,
    0x6f, 0x74, 0x6f, 0x75, 0x74, 0x0, 0x73, 0x68, 0x6f, 0x70, 0x70, 0x69, 0x6e, 0x67, 0x0, 0x73,
    0x68, 0x6f, 0x72, 0x65, 0x0, 0x73, 0x68, 0x6f, 0x72, 0x74, 0x61, 0x67, 0x65, 0x0, 0x73, 0x68,
    0x6f, 0x72, 0x74, 0x73, 0x0, 0x73, 0x68, 0x6f, 0x74, 0x67, 0x75, 0x6e, 0x0, 0x73, 0x68, 0x6f,
    0x75, 0x6c, 0x64, 0x65, 0x72, 0x0, 0x73, 0x68, 0x6f, 0x75, 0x74, 0x69, 0x6e, 0x67, 0x0, 0x73,
    0x68, 0x6f, 0x76, 0x65, 0x6c, 0x0, 0x73, 0x68, 0x6f, 0x77, 0x63, 0x61, 0x73, 0x65, 0x0, 0x73,
    0x68, 0x6f, 0x77, 0x65, 0x72, 0x0, 0x73, 0x68, 0x6f, 0x77, 0x69, 0x6e, 0x67, 0x0, 0x73, 0x68,
    0x72, 0x69, 0x6d, 0x70, 0x0, 0x73, 0x68, 0x72, 0x69, 0x6e, 0x65, 0x0, 0x73, 0x68, 0x72, 0x69,
    0x6e, 0x6b, 0x0, 0x73, 0x68, 0x75, 0x74, 0x64, 0x6f, 0x77, 0x6e, 0x0, 0x73, 0x68, 0x75, 0x74,
    0x74, 0x69, 0x6e, 0x67, 0x0, 0x73, 0x68, 0x75, 0x74, 0x74, 0x6c, 0x65, 0x0, 0x73, 0x69, 0x62,
    0x6c, 0x69, 0x6e, 0x67, 0x0, 0x73, 0x69, 0x63, 0x6b, 0x6e, 0x65, 0x73, 0x73, 0x0, 0x73, 0x69,
    0x64, 0x65, 0x77, 0x61, 0x6c, 0x6b, 0x0, 0x73, 0x69, 0x64, 0x6e, 0x65, 0x79, 0x0, 0x73, 0x69,
    0x65, 0x67, 0x65, 0x0, 0x73, 0x69, 0x65, 0x72, 0x72, 0x61, 0x0, 0x73, 0x69, 0x67, 0x68, 0x74,
    0x73, 0x0, 0x73, 0x69, 0x67, 0x6d, 0x61, 0x0, 0x73, 0x69, 0x67, 0x6e, 0x61, 0x6c, 0x69, 0x6e,
    0x67, 0x0, 0x73, 0x69, 0x67, 0x6e, 0x61, 0x74, 0x75, 0x72, 0x65, 0x0, 0x73, 0x69, 0x67, 0x6e,
    0x69, 0x6e, 0x67, 0x0, 0x73, 0x69, 0x6c, 0x65, 0x6e, 0x63, 0x65, 0x0, 0x73, 0x69, 0x6c, 0x69,
    0x63, 0x6f, 0x6e, 0x0, 0x73, 0x69, 0x6c, 0x6b, 0x0, 0x73, 0x69, 0x6c, 0x6c, 0x79, 0x0, 0x73,
    0x69, 0x6c, 0x76, 0x61, 0x0, 0x73, 0x69, 0x6c, 0x76, 0x65, 0x72, 0x0, 0x73, 0x69, 0x6d, 0x69,
    0x6c, 0x61, 0x72, 0x69, 0x74, 0x79, 0x0, 0x73, 0x69, 0x6d, 0x6f, 0x6e, 0x0, 0x73, 0x69, 0x6d,
    0x70, 0x6c, 0x65, 0x0, 0x73, 0x69, 0x6d, 0x70, 0x6c, 0x69, 0x63, 0x69, 0x74, 0x79, 0x0, 0x73,
    0x69, 0x6d, 0x70, 0x73, 0x6f, 0x6e, 0x0, 0x73, 0x69, 0x6d, 0x75, 0x6c, 0x61, 0x74, 0x69, 0x6f,
    0x6e, 0x0, 0x73, 0x69, 0x6d, 0x75, 0x6c, 0x61, 0x74, 0x6f, 0x72, 0x0, 0x73, 0x69, 0x6e, 0x63,
    0x6c, 0x61, 0x69, 0x72, 0x0, 0x73, 0x69, 0x6e, 0x67, 0x61, 0x70, 0x6f, 0x72, 0x65, 0x0, 0x73,
    0x69, 0x6e, 0x67, 0x65, 0x72, 0x0, 0x73, 0x69, 0x6e, 0x67, 0x69, 0x6e, 0x67, 0x0, 0x73, 0x69,
    0x6e, 0x67, 0x6c, 0x65, 0x73, 0x0, 0x73, 0x69, 0x6e, 0x67, 0x75, 0x6c, 0x61, 0x72, 0x0, 0x73,
    0x69, 0x6e, 0x6b, 0x69, 0x6e, 0x67, 0x0, 0x73, 0x69, 0x73, 0x74, 0x65, 0x72, 0x0, 0x73, 0x69,
    0x74, 0x63, 0x6f, 0x6d, 0x0, 0x73, 0x69, 0x74, 0x65, 0x0, 0x73, 0x69, 0x74, 0x74, 0x69, 0x6e,
    0x67, 0x0, 0x73, 0x69, 0x74, 0x75, 0x61, 0x74, 0x69, 0x6f, 0x6e, 0x0, 0x73, 0x69, 0x78, 0x74,
    0x65, 0x65, 0x6e, 0x0, 0x73, 0x69, 0x78, 0x74, 0x68, 0x0, 0x73, 0x69, 0x78, 0x74, 0x79, 0x0,
    0x73, 0x69, 0x7a, 0x65, 0x0, 0x73, 0x6b, 0x61, 0x74, 0x65, 0x0, 0x73, 0x6b, 0x61, 0x74, 0x69,
    0x6e, 0x67, 0x0, 0x73, 0x6b, 0x65, 0x6c, 0x65, 0x74, 0x6f, 0x6e, 0x0, 0x73, 0x6b, 0x65, 0x74,
    0x63, 0x68, 0x0, 0x73, 0x6b, 0x69, 0x69, 0x6e, 0x67, 0x0, 0x73, 0x6b, 0x69, 0x6c, 0x6c, 0x0,
    0x73, 0x6b, 0x69, 0x6e, 0x6e, 0x65, 0x72, 0x0, 0x73, 0x6b, 0x69, 0x6e, 0x6e, 0x79, 0x0, 0x73,
    0x6b, 0x69, 0x70, 0x70, 0x65, 0x72, 0x0, 0x73, 0x6b, 0x69, 0x72, 0x74, 0x0, 0x73, 0x6b, 0x75,
    0x6c, 0x6c, 0x0, 0x73, 0x6c, 0x61, 0x63, 0x6b, 0x0, 0x73, 0x6c, 0x61, 0x69, 0x6e, 0x0, 0x73,
    0x6c, 0x61, 0x6d, 0x0, 0x73, 0x6c, 0x61, 0x6e, 0x67, 0x0, 0x73, 0x6c, 0x61, 0x70, 0x0, 0x73,
    0x6c, 0x61, 0x73, 0x68, 0x0, 0x73, 0x6c, 0x61, 0x74, 0x65, 0x0, 0x73, 0x6c, 0x61, 0x75, 0x67,
    0x68, 0x74, 0x65, 0x72, 0x0, 0x73, 0x6c, 0x61, 0x76, 0x65, 0x72, 0x79, 0x0, 0x73, 0x6c, 0x65,
    0x65, 0x70, 0x69, 0x6e, 0x67, 0x0, 0x73, 0x6c, 0x65, 0x65, 0x76, 0x65, 0x0, 0x73, 0x6c, 0x69,
    0x63, 0x65, 0x0, 0x73, 0x6c, 0x69, 0x63, 0x6b, 0x0, 0x73, 0x6c, 0x69, 0x64, 0x65, 0x0, 0x73,
    0x6c, 0x69, 0x67, 0x68, 0x74, 0x0, 0x73, 0x6c, 0x69, 0x70, 0x0, 0x73, 0x6c, 0x6f, 0x67, 0x61,
    0x6e, 0x0, 0x73, 0x6c, 0x6f, 0x70, 0x65, 0x0, 0x73, 0x6c, 0x6f, 0x74, 0x0, 0x73, 0x6c, 0x6f,
    0x77, 0x69, 0x6e, 0x67, 0x0, 0x73, 0x6d, 0x61, 0x63, 0x6b, 0x0, 0x73, 0x6d, 0x61, 0x6c, 0x6c,
    0x0, 0x73, 0x6d, 0x61, 0x72, 0x74, 0x0, 0x73, 0x6d, 0x61, 0x73, 0x68, 0x69, 0x6e, 0x67, 0x0,
    0x73, 0x6d, 0x65, 0x6c, 0x6c, 0x69, 0x6e, 0x67, 0x0, 0x73, 0x6d, 0x69, 0x6c, 0x65, 0x0, 0x73,
    0x6d, 0x69, 0x6c, 0x69, 0x6e, 0x67, 0x0, 0x73, 0x6d, 0x69, 0x74, 0x68, 0x0, 0x73, 0x6d, 0x6f,
    0x6b, 0x65, 0x0, 0x73, 0x6d, 0x6f, 0x6b, 0x69, 0x6e, 0x67, 0x0, 0x73, 0x6d, 0x6f, 0x6f, 0x74,
    0x68, 0x0, 0x73, 0x6d, 0x75, 0x67, 0x67, 0x6c, 0x69, 0x6e, 0x67, 0x0, 0x73, 0x6e, 0x61, 0x63,
    0x6b, 0x0, 0x73, 0x6e, 0x61, 0x69, 0x6c, 0x0, 0x73, 0x6e, 0x61, 0x6b, 0x65, 0x0, 0x73, 0x6e,
    0x61, 0x70, 0x0, 0x73, 0x6e, 0x65, 0x61, 0x6b, 0x0, 0x73, 0x6e, 0x69, 0x70, 0x65, 0x72, 0x0,
    0x73, 0x6e, 0x6f, 0x77, 0x0, 0x73, 0x6f, 0x61, 0x6b, 0x0, 0x73, 0x6f, 0x61, 0x70, 0x0, 0x73,
    0x6f, 0x63, 0x63, 0x65, 0x72, 0x0, 0x73, 0x6f, 0x63, 0x69, 0x61, 0x6c, 0x69, 0x73, 0x6d, 0x0,
    0x73, 0x6f, 0x63, 0x69, 0x61, 0x6c, 0x69, 0x73, 0x74, 0x0, 0x73, 0x6f, 0x63, 0x69, 0x65, 0x74,
    0x79, 0x0, 0x73, 0x6f, 0x63, 0x69, 0x6f, 0x6c, 0x6f, 0x67, 0x79, 0x0, 0x73, 0x6f, 0x63, 0x6b,
    0x65, 0x74, 0x0, 0x73, 0x6f, 0x64, 0x61, 0x0, 0x73, 0x6f, 0x64, 0x69, 0x75, 0x6d, 0x0, 0x73,
    0x6f, 0x66, 0x61, 0x0, 0x73, 0x6f, 0x66, 0x69, 0x61, 0x0, 0x73, 0x6f, 0x66, 0x74, 0x62, 0x61,
    0x6c, 0x6c, 0x0, 0x73, 0x6f, 0x66, 0x74, 0x77, 0x61, 0x72, 0x65, 0x0, 0x73, 0x6f, 0x69, 0x6c,
    0x0, 0x73, 0x6f, 0x6c, 0x64, 0x69, 0x65, 0x72, 0x0, 0x73, 0x6f, 0x6c, 0x65, 0x0, 0x73, 0x6f,
    0x6c, 0x69, 0x63, 0x69, 0x74, 0x6f, 0x72, 0x0, 0x73, 0x6f, 0x6c, 0x69, 0x64, 0x61, 0x72, 0x69,
    0x74, 0x79, 0x0, 0x73, 0x6f, 0x6c, 0x69, 0x74, 0x61, 0x72, 0x79, 0x0, 0x73, 0x6f, 0x6c, 0x6f,
    0x6d, 0x6f, 0x6e, 0x0, 0x73, 0x6f, 0x6c, 0x75, 0x74, 0x69, 0x6f, 0x6e, 0x0, 0x73, 0x6f, 0x6c,
    0x76, 0x69, 0x6e, 0x67, 0x0, 0x73, 0x6f, 0x6d, 0x61, 0x6c, 0x69, 0x61, 0x0, 0x73, 0x6f, 0x6d,
    0x65, 0x62, 0x6f, 0x64, 0x79, 0x0, 0x73, 0x6f, 0x6d, 0x65, 0x6f, 0x6e, 0x65, 0x0, 0x73, 0x6f,
    0x6d, 0x65, 0x72, 0x73, 0x65, 0x74, 0x0, 0x73, 0x6f, 0x6d, 0x65, 0x77, 0x68, 0x65, 0x72, 0x65,
    0x0, 0x73, 0x6f, 0x6e, 0x67, 0x77, 0x72, 0x69, 0x74, 0x65, 0x72, 0x0, 0x73, 0x6f, 0x6e, 0x6e,
    0x79, 0x0, 0x73, 0x6f, 0x6f, 0x6e, 0x65, 0x72, 0x0, 0x73, 0x6f, 0x70, 0x68, 0x6f, 0x6d, 0x6f,
    0x72, 0x65, 0x0, 0x73, 0x6f, 0x72, 0x65, 0x0, 0x73, 0x6f, 0x72, 0x72, 0x6f, 0x77, 0x0, 0x73,
    0x6f, 0x72, 0x74, 0x69, 0x6e, 0x67, 0x0, 0x73, 0x6f, 0x75, 0x6c, 0x0, 0x73, 0x6f, 0x75, 0x6e,
    0x64, 0x69, 0x6e, 0x67, 0x0, 0x73, 0x6f, 0x75, 0x6e, 0x64, 0x74, 0x72, 0x61, 0x63, 0x6b, 0x0,
    0x73, 0x6f, 0x75, 0x70, 0x0, 0x73, 0x6f, 0x75, 0x72, 0x63, 0x65, 0x0, 0x73, 0x6f, 0x75, 0x74,
    0x68, 0x65, 0x61, 0x73, 0x74, 0x0, 0x73, 0x6f, 0x75, 0x74, 0x68, 0x77, 0x65, 0x73, 0x74, 0x0,
    0x73, 0x6f, 0x76, 0x65, 0x72, 0x65, 0x69, 0x67, 0x6e, 0x0, 0x73, 0x6f, 0x76, 0x69, 0x65, 0x74,
    0x73, 0x0, 0x73, 0x70, 0x61, 0x63, 0x65, 0x63, 0x72, 0x61, 0x66, 0x74, 0x0, 0x73, 0x70, 0x61,
    0x67, 0x68, 0x65, 0x74, 0x74, 0x69, 0x0, 0x73, 0x70, 0x61, 0x69, 0x6e, 0x0, 0x73, 0x70, 0x61,
    0x6d, 0x0, 0x73, 0x70, 0x61, 0x6e, 0x69, 0x73, 0x68, 0x0, 0x73, 0x70, 0x61, 0x72, 0x65, 0x0,
    0x73, 0x70, 0x61, 0x72, 0x6b, 0x6c, 0x69, 0x6e, 0x67, 0x0, 0x73, 0x70, 0x65, 0x61, 0x6b, 0x65,
    0x72, 0x0, 0x73, 0x70, 0x65, 0x61, 0x6b, 0x69, 0x6e, 0x67, 0x0, 0x73, 0x70, 0x65, 0x61, 0x72,
    0x0, 0x73, 0x70, 0x65, 0x63, 0x69, 0x61, 0x6c, 0x69, 0x73, 0x74, 0x0, 0x73, 0x70, 0x65, 0x63,
    0x69, 0x61, 0x6c, 0x74, 0x79, 0x0, 0x73, 0x70, 0x65, 0x63, 0x69, 0x65, 0x73, 0x0, 0x73, 0x70,
    0x65, 0x63, 0x69, 0x66, 0x69, 0x63, 0x0, 0x73, 0x70, 0x65, 0x63, 0x69, 0x6d, 0x65, 0x6e, 0x0,
    0x73, 0x70, 0x65, 0x63, 0x73, 0x0, 0x73, 0x70, 0x65, 0x63, 0x74, 0x61, 0x63, 0x6c, 0x65, 0x0,
    0x73, 0x70, 0x65, 0x63, 0x74, 0x61, 0x74, 0x6f, 0x72, 0x0, 0x73, 0x70, 0x65, 0x63, 0x74, 0x72,
    0x75, 0x6d, 0x0, 0x73, 0x70, 0x65, 0x65, 0x63, 0x68, 0x0, 0x73, 0x70, 0x65, 0x65, 0x64, 0x69,
    0x6e, 0x67, 0x0, 0x73, 0x70, 0x65, 0x6c, 0x6c, 0x69, 0x6e, 0x67, 0x0, 0x73, 0x70, 0x65, 0x6e,
    0x63, 0x65, 0x72, 0x0, 0x73, 0x70, 0x65, 0x6e, 0x64, 0x69, 0x6e, 0x67, 0x0, 0x73, 0x70, 0x65,
    0x72, 0x6d, 0x0, 0x73, 0x70, 0x68, 0x65, 0x72, 0x65, 0x0, 0x73, 0x70, 0x69, 0x63, 0x65, 0x0,
    0x73, 0x70, 0x69, 0x64, 0x65, 0x72, 0x0, 0x73, 0x70, 0x69, 0x6b, 0x65, 0x0, 0x73, 0x70, 0x69,
    0x6c, 0x6c, 0x0, 0x73, 0x70, 0x69, 0x6e, 0x61, 0x6c, 0x0, 0x73, 0x70, 0x69, 0x6e, 0x65, 0x0,
    0x73, 0x70, 0x69, 0x6e, 0x6e, 0x69, 0x6e, 0x67, 0x0, 0x73, 0x70, 0x69, 0x72, 0x61, 0x6c, 0x0,
    0x73, 0x70, 0x69, 0x72, 0x69, 0x74, 0x73, 0x0, 0x73, 0x70, 0x69, 0x72, 0x69, 0x74, 0x75, 0x61,
    0x6c, 0x0, 0x73, 0x70, 0x69, 0x74, 0x65, 0x0, 0x73, 0x70, 0x6c, 0x61, 0x73, 0x68, 0x0, 0x73,
    0x70, 0x6c, 0x69, 0x74, 0x0, 0x73, 0x70, 0x6f, 0x69, 0x6c, 0x65, 0x72, 0x0, 0x73, 0x70, 0x6f,
    0x6b, 0x65, 0x73, 0x6d, 0x61, 0x6e, 0x0, 0x73, 0x70, 0x6f, 0x6e, 0x67, 0x65, 0x0, 0x73, 0x70,
    0x6f, 0x6e, 0x73, 0x6f, 0x72, 0x0, 0x73, 0x70, 0x6f, 0x6f, 0x6e, 0x0, 0x73, 0x70, 0x6f, 0x72,
    0x74, 0x0, 0x73, 0x70, 0x6f, 0x74, 0x6c, 0x69, 0x67, 0x68, 0x74, 0x0, 0x73, 0x70, 0x6f, 0x74,
    0x73, 0x0, 0x73, 0x70, 0x6f, 0x75, 0x73, 0x65, 0x0, 0x73, 0x70, 0x72, 0x61, 0x79, 0x0, 0x73,
    0x70, 0x72, 0x65, 0x61, 0x64, 0x69, 0x6e, 0x67, 0x0, 0x73, 0x70, 0x72, 0x65, 0x65, 0x0, 0x73,
    0x70, 0x72, 0x69, 0x6e, 0x67, 0x65, 0x72, 0x0, 0x73, 0x70, 0x72, 0x69, 0x6e, 0x74, 0x0, 0x73,
    0x70, 0x75, 0x72, 0x0, 0x73, 0x70, 0x79, 0x69, 0x6e, 0x67, 0x0, 0x73, 0x71, 0x75, 0x61, 0x64,
    0x72, 0x6f, 0x6e, 0x0, 0x73, 0x71, 0x75, 0x61, 0x72, 0x65, 0x0, 0x73, 0x71, 0x75, 0x61, 0x73,
    0x68, 0x0, 0x73, 0x71, 0x75, 0x65, 0x65, 0x7a, 0x65, 0x0, 0x73, 0x71, 0x75, 0x69, 0x72, 0x72,
    0x65, 0x6c, 0x0, 0x73, 0x74, 0x61, 0x62, 0x69, 0x6c, 0x69, 0x74, 0x79, 0x0, 0x73, 0x74, 0x61,
    0x62, 0x6c, 0x65, 0x0, 0x73, 0x74, 0x61, 0x63, 0x6b, 0x0, 0x73, 0x74, 0x61, 0x64, 0x69, 0x75,
    0x6d, 0x0, 0x73, 0x74, 0x61, 0x66, 0x66, 0x0, 0x73, 0x74, 0x61, 0x67, 0x65, 0x0, 0x73, 0x74,
    0x61, 0x67, 0x69, 0x6e, 0x67, 0x0, 0x73, 0x74, 0x61, 0x69, 0x6e, 0x6c, 0x65, 0x73, 0x73, 0x0,
    0x73, 0x74, 0x61, 0x69, 0x72, 0x63, 0x61, 0x73, 0x65, 0x0, 0x73, 0x74, 0x61, 0x69, 0x72, 0x73,
    0x0, 0x73, 0x74, 0x61, 0x6b, 0x65, 0x73, 0x0, 0x73, 0x74, 0x61, 0x6c, 0x69, 0x6e, 0x0, 0x73,
    0x74, 0x61, 0x6c, 0x6b, 0x69, 0x6e, 0x67, 0x0, 0x73, 0x74, 0x61, 0x6c, 0x6c, 0x73, 0x0, 0x73,
    0x74, 0x61, 0x6d, 0x70, 0x0, 0x73, 0x74, 0x61, 0x6e, 0x63, 0x65, 0x0, 0x73, 0x74, 0x61, 0x6e,
    0x64, 0x61, 0x72, 0x64, 0x0, 0x73, 0x74, 0x61, 0x6e, 0x64, 0x69, 0x6e, 0x67, 0x0, 0x73, 0x74,
    0x61, 0x6e, 0x64, 0x70, 0x6f, 0x69, 0x6e, 0x74, 0x0, 0x73, 0x74, 0x61, 0x6e, 0x66, 0x6f, 0x72,
    0x64, 0x0, 0x73, 0x74, 0x61, 0x6e, 0x6c, 0x65, 0x79, 0x0, 0x73, 0x74, 0x61, 0x6e, 0x74, 0x6f,
    0x6e, 0x0, 0x73, 0x74, 0x61, 0x70, 0x6c, 0x65, 0x0, 0x73, 0x74, 0x61, 0x72, 0x65, 0x0, 0x73,
    0x74, 0x61, 0x72, 0x74, 0x65, 0x72, 0x0, 0x73, 0x74, 0x61, 0x72, 0x74, 0x69, 0x6e, 0x67, 0x0,
    0x73, 0x74, 0x61, 0x72, 0x74, 0x75, 0x70, 0x0, 0x73, 0x74, 0x61, 0x72, 0x76, 0x61, 0x74, 0x69,
    0x6f, 0x6e, 0x0, 0x73, 0x74, 0x61, 0x72, 0x76, 0x69, 0x6e, 0x67, 0x0, 0x73, 0x74, 0x61, 0x73,
    0x68, 0x0, 0x73, 0x74, 0x61, 0x74, 0x65, 0x6d, 0x65, 0x6e, 0x74, 0x0, 0x73, 0x74, 0x61, 0x74,
    0x69, 0x63, 0x0, 0x73, 0x74, 0x61, 0x74, 0x69, 0x6f, 0x6e, 0x73, 0x0, 0x73, 0x74, 0x61, 0x74,
    0x69, 0x73, 0x74, 0x69, 0x63, 0x73, 0x0, 0x73, 0x74, 0x61, 0x74, 0x75, 0x65, 0x0, 0x73, 0x74,
    0x61, 0x74, 0x75, 0x73, 0x0, 0x73, 0x74, 0x61, 0x74, 0x75, 0x74, 0x65, 0x0, 0x73, 0x74, 0x61,
    0x79, 0x73, 0x0, 0x73, 0x74, 0x65, 0x61, 0x64, 0x79, 0x0, 0x73, 0x74, 0x65, 0x61, 0x6b, 0x0,
    0x73, 0x74, 0x65, 0x61, 0x6c, 0x69, 0x6e, 0x67, 0x0, 0x73, 0x74, 0x65, 0x61, 0x6c, 0x74, 0x68,
    0x0, 0x73, 0x74, 0x65, 0x61, 0x6d, 0x0, 0x73, 0x74, 0x65, 0x65, 0x6c, 0x65, 0x0, 0x73, 0x74,
    0x65, 0x65, 0x70, 0x0, 0x73, 0x74, 0x65, 0x65, 0x72, 0x69, 0x6e, 0x67, 0x0, 0x73, 0x74, 0x65,
    0x69, 0x6e, 0x0, 0x73, 0x74, 0x65, 0x6c, 0x6c, 0x61, 0x0, 0x73, 0x74, 0x65, 0x6d, 0x0, 0x73,
    0x74, 0x65, 0x70, 0x68, 0x65, 0x6e, 0x0, 0x73, 0x74, 0x65, 0x70, 0x73, 0x0, 0x73, 0x74, 0x65,
    0x72, 0x65, 0x6f, 0x0, 0x73, 0x74, 0x65, 0x72, 0x6c, 0x69, 0x6e, 0x67, 0x0, 0x73, 0x74, 0x65,
    0x72, 0x6e, 0x0, 0x73, 0x74, 0x65, 0x76, 0x65, 0x6e, 0x73, 0x6f, 0x6e, 0x0, 0x73, 0x74, 0x65,
    0x77, 0x61, 0x72, 0x74, 0x0, 0x73, 0x74, 0x69, 0x63, 0x6b, 0x65, 0x72, 0x0, 0x73, 0x74, 0x69,
    0x66, 0x66, 0x0, 0x73, 0x74, 0x69, 0x67, 0x6d, 0x61, 0x0, 0x73, 0x74, 0x69, 0x6c, 0x6c, 0x0,
    0x73, 0x74, 0x69, 0x6d, 0x75, 0x6c, 0x75, 0x73, 0x0, 0x73, 0x74, 0x69, 0x6e, 0x67, 0x0, 0x73,
    0x74, 0x69, 0x6e, 0x74, 0x0, 0x73, 0x74, 0x69, 0x72, 0x72, 0x69, 0x6e, 0x67, 0x0, 0x73, 0x74,
    0x69, 0x74, 0x63, 0x68, 0x0, 0x73, 0x74, 0x6f, 0x63, 0x6b, 0x68, 0x6f, 0x6c, 0x6d, 0x0, 0x73,
    0x74, 0x6f, 0x63, 0x6b, 0x73, 0x0, 0x73, 0x74, 0x6f, 0x6c, 0x65, 0x0, 0x73, 0x74, 0x6f, 0x6d,
    0x61, 0x63, 0x68, 0x0, 0x73, 0x74, 0x6f, 0x6e, 0x65, 0x0, 0x73, 0x74, 0x6f, 0x6f, 0x6c, 0x0,
    0x73, 0x74, 0x6f, 0x70, 0x70, 0x69, 0x6e, 0x67, 0x0, 0x73, 0x74, 0x6f, 0x70, 0x73, 0x0, 0x73,
    0x74, 0x6f, 0x72, 0x61, 0x67, 0x65, 0x0, 0x73, 0x74, 0x6f, 0x72, 0x65, 0x79, 0x0, 0x73, 0x74,
    0x6f, 0x72, 0x6d, 0x0, 0x73, 0x74, 0x6f, 0x72, 0x79, 0x6c, 0x69, 0x6e, 0x65, 0x0, 0x73, 0x74,
    0x6f, 0x76, 0x65, 0x0, 0x73, 0x74, 0x72, 0x61, 0x69, 0x67, 0x68, 0x74, 0x0, 0x73, 0x74, 0x72,
    0x61, 0x69, 0x6e, 0x0, 0x73, 0x74, 0x72, 0x61, 0x69, 0x74, 0x0, 0x73, 0x74, 0x72, 0x61, 0x6e,
    0x64, 0x0, 0x73, 0x74, 0x72, 0x61, 0x6e, 0x67, 0x65, 0x72, 0x0, 0x73, 0x74, 0x72, 0x61, 0x70,
    0x0, 0x73, 0x74, 0x72, 0x61, 0x74, 0x65, 0x67, 0x79, 0x0, 0x73, 0x74, 0x72, 0x61, 0x77, 0x62,
    0x65, 0x72, 0x72, 0x79, 0x0, 0x73, 0x74, 0x72, 0x61, 0x79, 0x0, 0x73, 0x74, 0x72, 0x65, 0x61,
    0x6b, 0x0, 0x73, 0x74, 0x72, 0x65, 0x61, 0x6d, 0x69, 0x6e, 0x67, 0x0, 0x73, 0x74, 0x72, 0x65,
    0x65, 0x74, 0x0, 0x73, 0x74, 0x72, 0x65, 0x6e, 0x67, 0x74, 0x68, 0x0, 0x73, 0x74, 0x72, 0x65,
    0x73, 0x73, 0x0, 0x73, 0x74, 0x72, 0x65, 0x74, 0x63, 0x68, 0x69, 0x6e, 0x67, 0x0, 0x73, 0x74,
    0x72, 0x69, 0x6b, 0x65, 0x72, 0x0, 0x73, 0x74, 0x72, 0x69, 0x6b, 0x69, 0x6e, 0x67, 0x0, 0x73,
    0x74, 0x72, 0x69, 0x6e, 0x67, 0x73, 0x0, 0x73, 0x74, 0x72, 0x69, 0x70, 0x65, 0x73, 0x0, 0x73,
    0x74, 0x72, 0x69, 0x70, 0x70, 0x69, 0x6e, 0x67, 0x0, 0x73, 0x74, 0x72, 0x69, 0x76, 0x69, 0x6e,
    0x67, 0x0, 0x73, 0x74, 0x72, 0x6f, 0x6b, 0x65, 0x0, 0x73, 0x74, 0x72, 0x6f, 0x6c, 0x6c, 0x0,
    0x73, 0x74, 0x72, 0x75, 0x63, 0x74, 0x75, 0x72, 0x65, 0x0, 0x73, 0x74, 0x72, 0x75, 0x67, 0x67,
    0x6c, 0x65, 0x0, 0x73, 0x74, 0x75, 0x61, 0x72, 0x74, 0x0, 0x73, 0x74, 0x75, 0x64, 0x65, 0x6e,
    0x74, 0x0, 0x73, 0x74, 0x75, 0x64, 0x69, 0x6f, 0x0, 0x73, 0x74, 0x75, 0x64, 0x79, 0x69, 0x6e,
    0x67, 0x0, 0x73, 0x74, 0x75, 0x66, 0x66, 0x0, 0x73, 0x74, 0x75, 0x6e, 0x74, 0x0, 0x73, 0x74,
    0x75, 0x70, 0x69, 0x64, 0x69, 0x74, 0x79, 0x0, 0x73, 0x74, 0x79, 0x6c, 0x65, 0x0, 0x73, 0x75,
    0x62, 0x6a, 0x65, 0x63, 0x74, 0x0, 0x73, 0x75, 0x62, 0x6d, 0x61, 0x72, 0x69, 0x6e, 0x65, 0x0,
    0x73, 0x75, 0x62, 0x6d, 0x69, 0x73, 0x73, 0x69, 0x6f, 0x6e, 0x0, 0x73, 0x75, 0x62, 0x73, 0x63,
    0x72, 0x69, 0x62, 0x65, 0x72, 0x0, 0x73, 0x75, 0x62, 0x73, 0x65, 0x74, 0x0, 0x73, 0x75, 0x62,
    0x73, 0x69, 0x64, 0x69, 0x61, 0x72, 0x79, 0x0, 0x73, 0x75, 0x62, 0x73, 0x69, 0x64, 0x79, 0x0,
    0x73, 0x75, 0x62, 0x73, 0x74, 0x61, 0x6e, 0x63, 0x65, 0x0, 0x73, 0x75, 0x62, 0x73, 0x74, 0x69,
    0x74, 0x75, 0x74, 0x65, 0x0, 0x73, 0x75, 0x62, 0x73, 0x74, 0x72, 0x61, 0x74, 0x65, 0x0, 0x73,
    0x75, 0x62, 0x75, 0x72, 0x62, 0x0, 0x73, 0x75, 0x62, 0x77, 0x61, 0x79, 0x0, 0x73, 0x75, 0x63,
    0x63, 0x65, 0x73, 0x73, 0x69, 0x6f, 0x6e, 0x0, 0x73, 0x75, 0x63, 0x63, 0x65, 0x73, 0x73, 0x6f,
    0x72, 0x0, 0x73, 0x75, 0x63, 0x6b, 0x69, 0x6e, 0x67, 0x0, 0x73, 0x75, 0x64, 0x61, 0x6e, 0x0,
    0x73, 0x75, 0x66, 0x66, 0x65, 0x72, 0x69, 0x6e, 0x67, 0x0, 0x73, 0x75, 0x67, 0x61, 0x72, 0x0,
    0x73, 0x75, 0x67, 0x67, 0x65, 0x73, 0x74, 0x69, 0x6f, 0x6e, 0x0, 0x73, 0x75, 0x69, 0x63, 0x69,
    0x64, 0x65, 0x0, 0x73, 0x75, 0x69, 0x74, 0x63, 0x61, 0x73, 0x65, 0x0, 0x73, 0x75, 0x69, 0x74,
    0x65, 0x0, 0x73, 0x75, 0x6c, 0x6c, 0x69, 0x76, 0x61, 0x6e, 0x0, 0x73, 0x75, 0x6c, 0x74, 0x61,
    0x6e, 0x0, 0x73, 0x75, 0x6d, 0x6d, 0x61, 0x72, 0x79, 0x0, 0x73, 0x75, 0x6d, 0x6d, 0x65, 0x72,
    0x0, 0x73, 0x75, 0x6d, 0x6d, 0x69, 0x74, 0x0, 0x73, 0x75, 0x6e, 0x64, 0x61, 0x79, 0x0, 0x73,
    0x75, 0x6e, 0x64, 0x65, 0x72, 0x6c, 0x61, 0x6e, 0x64, 0x0, 0x73, 0x75, 0x6e, 0x67, 0x6c, 0x61,
    0x73, 0x73, 0x65, 0x73, 0x0, 0x73, 0x75, 0x6e, 0x6c, 0x69, 0x67, 0x68, 0x74, 0x0, 0x73, 0x75,
    0x6e, 0x72, 0x69, 0x73, 0x65, 0x0, 0x73, 0x75, 0x6e, 0x73, 0x65, 0x74, 0x0, 0x73, 0x75, 0x6e,
    0x73, 0x68, 0x69, 0x6e, 0x65, 0x0, 0x73, 0x75, 0x70, 0x65, 0x72, 0x69, 0x6f, 0x72, 0x0, 0x73,
    0x75, 0x70, 0x65, 0x72, 0x6d, 0x61, 0x6e, 0x0, 0x73, 0x75, 0x70, 0x65, 0x72, 0x73, 0x74, 0x61,
    0x72, 0x0, 0x73, 0x75, 0x70, 0x65, 0x72, 0x76, 0x69, 0x73, 0x6f, 0x72, 0x0, 0x73, 0x75, 0x70,
    0x70, 0x65, 0x72, 0x0, 0x73, 0x75, 0x70, 0x70, 0x6c, 0x65, 0x6d, 0x65, 0x6e, 0x74, 0x0, 0x73,
    0x75, 0x70, 0x70, 0x6c, 0x69, 0x65, 0x72, 0x0, 0x73, 0x75, 0x70, 0x70, 0x6c, 0x79, 0x69, 0x6e,
    0x67, 0x0, 0x73, 0x75, 0x70, 0x70, 0x6f, 0x72, 0x74, 0x65, 0x72, 0x0, 0x73, 0x75, 0x70, 0x70,
    0x6f, 0x72, 0x74, 0x69, 0x6e, 0x67, 0x0, 0x73, 0x75, 0x70, 0x72, 0x65, 0x6d, 0x61, 0x63, 0x79,
    0x0, 0x73, 0x75, 0x72, 0x66, 0x61, 0x63, 0x65, 0x0, 0x73, 0x75, 0x72, 0x66, 0x69, 0x6e, 0x67,
    0x0, 0x73, 0x75, 0x72, 0x67, 0x65, 0x6f, 0x6e, 0x0, 0x73, 0x75, 0x72, 0x67, 0x65, 0x72, 0x79,
    0x0, 0x73, 0x75, 0x72, 0x6e, 0x61, 0x6d, 0x65, 0x0, 0x73, 0x75, 0x72, 0x70, 0x6c, 0x75, 0x73,
    0x0, 0x73, 0x75, 0x72, 0x70, 0x72, 0x69, 0x73, 0x65, 0x0, 0x73, 0x75, 0x72, 0x72, 0x65, 0x6e,
    0x64, 0x65, 0x72, 0x0, 0x73, 0x75, 0x72, 0x72, 0x65, 0x79, 0x0, 0x73, 0x75, 0x72, 0x72, 0x6f,
    0x75, 0x6e, 0x64, 0x0, 0x73, 0x75, 0x72, 0x76, 0x65, 0x79, 0x0, 0x73, 0x75, 0x72, 0x76, 0x69,
    0x76, 0x61, 0x6c, 0x0, 0x73, 0x75, 0x72, 0x76, 0x69, 0x76, 0x6f, 0x72, 0x0, 0x73, 0x75, 0x73,
    0x68, 0x69, 0x0, 0x73, 0x75, 0x73, 0x70, 0x65, 0x63, 0x74, 0x0, 0x73, 0x75, 0x73, 0x70, 0x65,
    0x6e, 0x73, 0x65, 0x0, 0x73, 0x75, 0x73, 0x70, 0x65, 0x6e, 0x73, 0x69, 0x6f, 0x6e, 0x0, 0x73,
    0x75, 0x73, 0x70, 0x69, 0x63, 0x69, 0x6f, 0x6e, 0x0, 0x73, 0x75, 0x73, 0x73, 0x65, 0x78, 0x0,
    0x73, 0x77, 0x61, 0x6c, 0x6c, 0x6f, 0x77, 0x0, 0x73, 0x77, 0x61, 0x6d, 0x70, 0x0, 0x73, 0x77,
    0x61, 0x6e, 0x73, 0x65, 0x61, 0x0, 0x73, 0x77, 0x61, 0x70, 0x0, 0x73, 0x77, 0x61, 0x79, 0x0,
    0x73, 0x77, 0x65, 0x61, 0x72, 0x69, 0x6e, 0x67, 0x0, 0x73, 0x77, 0x65, 0x61, 0x74, 0x65, 0x72,
    0x0, 0x73, 0x77, 0x65, 0x61, 0x74, 0x69, 0x6e, 0x67, 0x0, 0x73, 0x77, 0x65, 0x64, 0x65, 0x6e,
    0x0, 0x73, 0x77, 0x65, 0x64, 0x69, 0x73, 0x68, 0x0, 0x73, 0x77, 0x65, 0x65, 0x70, 0x69, 0x6e,
    0x67, 0x0, 0x73, 0x77, 0x65, 0x65, 0x74, 0x68, 0x65, 0x61, 0x72, 0x74, 0x0, 0x73, 0x77, 0x65,
    0x65, 0x74, 0x69, 0x65, 0x0, 0x73, 0x77, 0x65, 0x6c, 0x6c, 0x69, 0x6e, 0x67, 0x0, 0x73, 0x77,
    0x69, 0x66, 0x74, 0x0, 0x73, 0x77, 0x69, 0x6d, 0x6d, 0x69, 0x6e, 0x67, 0x0, 0x73, 0x77, 0x69,
    0x6e, 0x67, 0x69, 0x6e, 0x67, 0x0, 0x73, 0x77, 0x69, 0x70, 0x65, 0x0, 0x73, 0x77, 0x69, 0x73,
    0x73, 0x0, 0x73, 0x77, 0x69, 0x74, 0x63, 0x68, 0x69, 0x6e, 0x67, 0x0, 0x73, 0x77, 0x6f, 0x72,
    0x64, 0x0, 0x73, 0x79, 0x64, 0x6e, 0x65, 0x79, 0x0, 0x73, 0x79, 0x6d, 0x62, 0x6f, 0x6c, 0x0,
    0x73, 0x79, 0x6d, 0x6d, 0x65, 0x74, 0x72, 0x79, 0x0, 0x73, 0x79, 0x6d, 0x70, 0x61, 0x74, 0x68,
    0x79, 0x0, 0x73, 0x79, 0x6d, 0x70, 0x68, 0x6f, 0x6e, 0x79, 0x0, 0x73, 0x79, 0x6d, 0x70, 0x6f,
    0x73, 0x69, 0x75, 0x6d, 0x0, 0x73, 0x79, 0x6d, 0x70, 0x74, 0x6f, 0x6d, 0x0, 0x73, 0x79, 0x6e,
    0x64, 0x69, 0x63, 0x61, 0x74, 0x65, 0x0, 0x73, 0x79, 0x6e, 0x64, 0x72, 0x6f, 0x6d, 0x65, 0x0,
    0x73, 0x79, 0x6e, 0x74, 0x61, 0x78, 0x0, 0x73, 0x79, 0x6e, 0x74, 0x68, 0x65, 0x73, 0x69, 0x73,
    0x0, 0x73, 0x79, 0x6e, 0x74, 0x68, 0x65, 0x74, 0x69, 0x63, 0x0, 0x73, 0x79, 0x72, 0x61, 0x63,
    0x75, 0x73, 0x65, 0x0, 0x73, 0x79, 0x72, 0x69, 0x61, 0x6e, 0x0, 0x73, 0x79, 0x72, 0x75, 0x70,
    0x0, 0x73, 0x79, 0x73, 0x74, 0x65, 0x6d, 0x0, 0x74, 0x61, 0x62, 0x6c, 0x65, 0x74, 0x0, 0x74,
    0x61, 0x63, 0x6b, 0x6c, 0x65, 0x0, 0x74, 0x61, 0x63, 0x6f, 0x0, 0x74, 0x61, 0x63, 0x74, 0x69,
    0x63, 0x73, 0x0, 0x74, 0x61, 0x69, 0x6c, 0x6f, 0x72, 0x0, 0x74, 0x61, 0x69, 0x6c, 0x73, 0x0,
    0x74, 0x61, 0x69, 0x77, 0x61, 0x6e, 0x0, 0x74, 0x61, 0x6b, 0x65, 0x6f, 0x76, 0x65, 0x72, 0x0,
    0x74, 0x61, 0x6b, 0x69, 0x6e, 0x67, 0x0, 0x74, 0x61, 0x6c, 0x65, 0x6e, 0x74, 0x0, 0x74, 0x61,
    0x6c, 0x69, 0x62, 0x61, 0x6e, 0x0, 0x74, 0x61, 0x6c, 0x6b, 0x69, 0x6e, 0x67, 0x0, 0x74, 0x61,
    0x6c, 0x6b, 0x73, 0x0, 0x74, 0x61, 0x6c, 0x6c, 0x79, 0x0, 0x74, 0x61, 0x6d, 0x69, 0x6c, 0x0,
    0x74, 0x61, 0x6d, 0x70, 0x61, 0x0, 0x74, 0x61, 0x6e, 0x64, 0x65, 0x6d, 0x0, 0x74, 0x61, 0x6e,
    0x67, 0x6f, 0x0, 0x74, 0x61, 0x6e, 0x6b, 0x0, 0x74, 0x61, 0x6e, 0x6e, 0x65, 0x72, 0x0, 0x74,
    0x61, 0x6e, 0x7a, 0x61, 0x6e, 0x69, 0x61, 0x0, 0x74, 0x61, 0x70, 0x65, 0x0, 0x74, 0x61, 0x70,
    0x70, 0x69, 0x6e, 0x67, 0x0, 0x74, 0x61, 0x70, 0x73, 0x0, 0x74, 0x61, 0x72, 0x61, 0x0, 0x74,
    0x61, 0x72, 0x67, 0x65, 0x74, 0x0, 0x74, 0x61, 0x73, 0x6b, 0x0, 0x74, 0x61, 0x73, 0x6d, 0x61,
    0x6e, 0x69, 0x61, 0x0, 0x74, 0x61, 0x73, 0x74, 0x65, 0x0, 0x74, 0x61, 0x73, 0x74, 0x69, 0x6e,
    0x67, 0x0, 0x74, 0x61, 0x74, 0x65, 0x0, 0x74, 0x61, 0x74, 0x74, 0x6f, 0x6f, 0x0, 0x74, 0x61,
    0x76, 0x65, 0x72, 0x6e, 0x0, 0x74, 0x61, 0x78, 0x61, 0x74, 0x69, 0x6f, 0x6e, 0x0, 0x74, 0x61,
    0x78, 0x69, 0x0, 0x74, 0x61, 0x78, 0x70, 0x61, 0x79, 0x65, 0x72, 0x0, 0x74, 0x61, 0x79, 0x6c,
    0x6f, 0x72, 0x0, 0x74, 0x65, 0x61, 0x63, 0x68, 0x65, 0x72, 0x0, 0x74, 0x65, 0x61, 0x63, 0x68,
    0x69, 0x6e, 0x67, 0x0, 0x74, 0x65, 0x61, 0x6d, 0x6d, 0x61, 0x74, 0x65, 0x0, 0x74, 0x65, 0x61,
    0x72, 0x69, 0x6e, 0x67, 0x0, 0x74, 0x65, 0x61, 0x72, 0x73, 0x0, 0x74, 0x65, 0x61, 0x73, 0x65,
    0x0, 0x74, 0x65, 0x61, 0x73, 0x69, 0x6e, 0x67, 0x0, 0x74, 0x65, 0x63, 0x68, 0x6e, 0x69, 0x63,
    0x61, 0x6c, 0x0, 0x74, 0x65, 0x63, 0x68, 0x6e, 0x69, 0x63, 0x69, 0x61, 0x6e, 0x0, 0x74, 0x65,
    0x63, 0x68, 0x6e, 0x69, 0x71, 0x75, 0x65, 0x0, 0x74, 0x65, 0x63, 0x68, 0x6e, 0x6f, 0x6c, 0x6f,
    0x67, 0x79, 0x0, 0x74, 0x65, 0x64, 0x64, 0x79, 0x0, 0x74, 0x65, 0x65, 0x6e, 0x61, 0x67, 0x65,
    0x72, 0x0, 0x74, 0x65, 0x65, 0x6e, 0x73, 0x0, 0x74, 0x65, 0x65, 0x74, 0x68, 0x0, 0x74, 0x65,
    0x68, 0x72, 0x61, 0x6e, 0x0, 0x74, 0x65, 0x6c, 0x65, 0x63, 0x6f, 0x6d, 0x0, 0x74, 0x65, 0x6c,
    0x65, 0x67, 0x72, 0x61, 0x6d, 0x0, 0x74, 0x65, 0x6c, 0x65, 0x67, 0x72, 0x61, 0x70, 0x68, 0x0,
    0x74, 0x65, 0x6c, 0x65, 0x70, 0x68, 0x6f, 0x6e, 0x65, 0x0, 0x74, 0x65, 0x6c, 0x65, 0x73, 0x63,
    0x6f, 0x70, 0x65, 0x0, 0x74, 0x65, 0x6c, 0x65, 0x76, 0x69, 0x73, 0x69, 0x6f, 0x6e, 0x0, 0x74,
    0x65, 0x6c, 0x6c, 0x69, 0x6e, 0x67, 0x0, 0x74, 0x65, 0x6d, 0x70, 0x65, 0x72, 0x0, 0x74, 0x65,
    0x6d, 0x70, 0x6c, 0x61, 0x74, 0x65, 0x0, 0x74, 0x65, 0x6d, 0x70, 0x6c, 0x65, 0x0, 0x74, 0x65,
    0x6d, 0x70, 0x6f, 0x72, 0x61, 0x6c, 0x0, 0x74, 0x65, 0x6d, 0x70, 0x6f, 0x72, 0x61, 0x72, 0x79,
    0x0, 0x74, 0x65, 0x6d, 0x70, 0x74, 0x61, 0x74, 0x69, 0x6f, 0x6e, 0x0, 0x74, 0x65, 0x6e, 0x61,
    0x6e, 0x74, 0x0, 0x74, 0x65, 0x6e, 0x64, 0x65, 0x6e, 0x63, 0x79, 0x0, 0x74, 0x65, 0x6e, 0x64,
    0x65, 0x72, 0x0, 0x74, 0x65, 0x6e, 0x6e, 0x65, 0x73, 0x73, 0x65, 0x65, 0x0, 0x74, 0x65, 0x6e,
    0x6e, 0x69, 0x73, 0x0, 0x74, 0x65, 0x6e, 0x73, 0x65, 0x0, 0x74, 0x65, 0x6e, 0x73, 0x69, 0x6f,
    0x6e, 0x0, 0x74, 0x65, 0x6e, 0x74, 0x68, 0x0, 0x74, 0x65, 0x6e, 0x75, 0x72, 0x65, 0x0, 0x74,
    0x65, 0x72, 0x65, 0x73, 0x61, 0x0, 0x74, 0x65, 0x72, 0x6d, 0x69, 0x6e, 0x61, 0x6c, 0x0, 0x74,
    0x65, 0x72, 0x6d, 0x73, 0x0, 0x74, 0x65, 0x72, 0x72, 0x61, 0x63, 0x65, 0x0, 0x74, 0x65, 0x72,
    0x72, 0x61, 0x69, 0x6e, 0x0, 0x74, 0x65, 0x72, 0x72, 0x69, 0x74, 0x6f, 0x72, 0x79, 0x0, 0x74,
    0x65, 0x72, 0x72, 0x6f, 0x72, 0x69, 0x73, 0x6d, 0x0, 0x74, 0x65, 0x72, 0x72, 0x6f, 0x72, 0x69,
    0x73, 0x74, 0x0, 0x74, 0x65, 0x72, 0x72, 0x79, 0x0, 0x74, 0x65, 0x72, 0x74, 0x69, 0x61, 0x72,
    0x79, 0x0, 0x74, 0x65, 0x73, 0x6c, 0x61, 0x0, 0x74, 0x65, 0x73, 0x74, 0x61, 0x6d, 0x65, 0x6e,
    0x74, 0x0, 0x74, 0x65, 0x73, 0x74, 0x69, 0x6d, 0x6f, 0x6e, 0x79, 0x0, 0x74, 0x65, 0x73, 0x74,
    0x69, 0x6e, 0x67, 0x0, 0x74, 0x65, 0x78, 0x61, 0x73, 0x0, 0x74, 0x65, 0x78, 0x74, 0x62, 0x6f,
    0x6f, 0x6b, 0x0, 0x74, 0x65, 0x78, 0x74, 0x69, 0x6c, 0x65, 0x0, 0x74, 0x65, 0x78, 0x74, 0x75,
    0x72, 0x65, 0x0, 0x74, 0x68, 0x61, 0x69, 0x6c, 0x61, 0x6e, 0x64, 0x0, 0x74, 0x68, 0x61, 0x6d,
    0x65, 0x73, 0x0, 0x74, 0x68, 0x61, 0x6e, 0x6b, 0x73, 0x0, 0x74, 0x68, 0x65, 0x61, 0x74, 0x65,
    0x72, 0x0, 0x74, 0x68, 0x65, 0x61, 0x74, 0x72, 0x65, 0x0, 0x74, 0x68, 0x65, 0x61, 0x74, 0x72,
    0x69, 0x63, 0x61, 0x6c, 0x0, 0x74, 0x68, 0x65, 0x66, 0x74, 0x0, 0x74, 0x68, 0x65, 0x6d, 0x65,
    0x0, 0x74, 0x68, 0x65, 0x6e, 0x0, 0x74, 0x68, 0x65, 0x6f, 0x6c, 0x6f, 0x67, 0x79, 0x0, 0x74,
    0x68, 0x65, 0x6f, 0x72, 0x65, 0x6d, 0x0, 0x74, 0x68, 0x65, 0x6f, 0x72, 0x79, 0x0, 0x74, 0x68,
    0x65, 0x72, 0x61, 0x70, 0x69, 0x73, 0x74, 0x0, 0x74, 0x68, 0x65, 0x72, 0x61, 0x70, 0x79, 0x0,
    0x74, 0x68, 0x65, 0x72, 0x65, 0x73, 0x61, 0x0, 0x74, 0x68, 0x65, 0x72, 0x6d, 0x61, 0x6c, 0x0,
    0x74, 0x68, 0x65, 0x73, 0x69, 0x73, 0x0, 0x74, 0x68, 0x69, 0x63, 0x6b, 0x6e, 0x65, 0x73, 0x73,
    0x0, 0x74, 0x68, 0x69, 0x65, 0x66, 0x0, 0x74, 0x68, 0x69, 0x67, 0x68, 0x0, 0x74, 0x68, 0x69,
    0x6e, 0x67, 0x73, 0x0, 0x74, 0x68, 0x69, 0x6e, 0x6b, 0x69, 0x6e, 0x67, 0x0, 0x74, 0x68, 0x69,
    0x6e, 0x6e, 0x65, 0x72, 0x0, 0x74, 0x68, 0x69, 0x72, 0x64, 0x0, 0x74, 0x68, 0x69, 0x72, 0x73,
    0x74, 0x0, 0x74, 0x68, 0x69, 0x72, 0x74, 0x65, 0x65, 0x6e, 0x0, 0x74, 0x68, 0x69, 0x72, 0x74,
    0x79, 0x0, 0x74, 0x68, 0x6f, 0x6d, 0x61, 0x73, 0x0, 0x74, 0x68, 0x6f, 0x6d, 0x70, 0x73, 0x6f,
    0x6e, 0x0, 0x74, 0x68, 0x6f, 0x6d, 0x73, 0x6f, 0x6e, 0x0, 0x74, 0x68, 0x6f, 0x72, 0x6e, 0x74,
    0x6f, 0x6e, 0x0, 0x74, 0x68, 0x6f, 0x75, 0x67, 0x68, 0x74, 0x0, 0x74, 0x68, 0x6f, 0x75, 0x73,
    0x61, 0x6e, 0x64, 0x0, 0x74, 0x68, 0x72, 0x65, 0x61, 0x64, 0x73, 0x0, 0x74, 0x68, 0x72, 0x65,
    0x61, 0x74, 0x0, 0x74, 0x68, 0x72, 0x65, 0x65, 0x0, 0x74, 0x68, 0x72, 0x65, 0x73, 0x68, 0x6f,
    0x6c, 0x64, 0x0, 0x74, 0x68, 0x72, 0x69, 0x6c, 0x6c, 0x65, 0x72, 0x0, 0x74, 0x68, 0x72, 0x6f,
    0x61, 0x74, 0x0, 0x74, 0x68, 0x72, 0x6f, 0x6e, 0x65, 0x0, 0x74, 0x68, 0x72, 0x6f, 0x77, 0x0,
    0x74, 0x68, 0x72, 0x75, 0x73, 0x74, 0x0, 0x74, 0x68, 0x75, 0x6d, 0x62, 0x0, 0x74, 0x68, 0x75,
    0x6e, 0x64, 0x65, 0x72, 0x0, 0x74, 0x68, 0x75, 0x72, 0x73, 0x64, 0x61, 0x79, 0x0, 0x74, 0x68,
    0x75, 0x73, 0x0, 0x74, 0x68, 0x79, 0x72, 0x6f, 0x69, 0x64, 0x0, 0x74, 0x69, 0x62, 0x65, 0x74,
    0x61, 0x6e, 0x0, 0x74, 0x69, 0x63, 0x6b, 0x65, 0x74, 0x0, 0x74, 0x69, 0x64, 0x65, 0x0, 0x74,
    0x69, 0x64, 0x79, 0x0, 0x74, 0x69, 0x65, 0x72, 0x0, 0x74, 0x69, 0x66, 0x66, 0x61, 0x6e, 0x79,
    0x0, 0x74, 0x69, 0x67, 0x65, 0x72, 0x73, 0x0, 0x74, 0x69, 0x6c, 0x65, 0x0, 0x74, 0x69, 0x6c,
    0x6c, 0x0, 0x74, 0x69, 0x6c, 0x74, 0x0, 0x74, 0x69, 0x6d, 0x62, 0x65, 0x72, 0x0, 0x74, 0x69,
    0x6d, 0x65, 0x6c, 0x69, 0x6e, 0x65, 0x0, 0x74, 0x69, 0x6d, 0x65, 0x72, 0x0, 0x74, 0x69, 0x6d,
    0x65, 0x73, 0x0, 0x74, 0x69, 0x6d, 0x69, 0x6e, 0x67, 0x0, 0x74, 0x69, 0x6d, 0x6f, 0x74, 0x68,
    0x79, 0x0, 0x74, 0x69, 0x6e, 0x64, 0x65, 0x72, 0x0, 0x74, 0x69, 0x72, 0x65, 0x0, 0x74, 0x69,
    0x73, 0x73, 0x75, 0x65, 0x0, 0x74, 0x69, 0x74, 0x61, 0x6e, 0x69, 0x75, 0x6d, 0x0, 0x74, 0x69,
    0x74, 0x6c, 0x65, 0x0, 0x74, 0x6f, 0x61, 0x73, 0x74, 0x0, 0x74, 0x6f, 0x62, 0x61, 0x63, 0x63,
    0x6f, 0x0, 0x74, 0x6f, 0x62, 0x79, 0x0, 0x74, 0x6f, 0x64, 0x61, 0x79, 0x0, 0x74, 0x6f, 0x64,
    0x64, 0x6c, 0x65, 0x72, 0x0, 0x74, 0x6f, 0x69, 0x6c, 0x65, 0x74, 0x0, 0x74, 0x6f, 0x6b, 0x65,
    0x6e, 0x0, 0x74, 0x6f, 0x6b, 0x79, 0x6f, 0x0, 0x74, 0x6f, 0x6c, 0x65, 0x64, 0x6f, 0x0, 0x74,
    0x6f, 0x6c, 0x65, 0x72, 0x61, 0x6e, 0x63, 0x65, 0x0, 0x74, 0x6f, 0x6c, 0x6c, 0x0, 0x74, 0x6f,
    0x6d, 0x61, 0x74, 0x6f, 0x0, 0x74, 0x6f, 0x6d, 0x62, 0x0, 0x74, 0x6f, 0x6d, 0x6f, 0x72, 0x72,
    0x6f, 0x77, 0x0, 0x74, 0x6f, 0x6e, 0x65, 0x0, 0x74, 0x6f, 0x6e, 0x67, 0x75, 0x65, 0x0, 0x74,
    0x6f, 0x6e, 0x69, 0x67, 0x68, 0x74, 0x0, 0x74, 0x6f, 0x6e, 0x73, 0x0, 0x74, 0x6f, 0x6f, 0x6c,
    0x0, 0x74, 0x6f, 0x6f, 0x74, 0x68, 0x0, 0x74, 0x6f, 0x70, 0x69, 0x63, 0x0, 0x74, 0x6f, 0x70,
    0x70, 0x69, 0x6e, 0x67, 0x0, 0x74, 0x6f, 0x72, 0x63, 0x68, 0x0, 0x74, 0x6f, 0x72, 0x65, 0x0,
    0x74, 0x6f, 0x72, 0x6e, 0x61, 0x64, 0x6f, 0x0, 0x74, 0x6f, 0x72, 0x6f, 0x6e, 0x74, 0x6f, 0x0,
    0x74, 0x6f, 0x72, 0x71, 0x75, 0x65, 0x0, 0x74, 0x6f, 0x72, 0x74, 0x75, 0x72, 0x65, 0x0, 0x74,
    0x6f, 0x72, 0x79, 0x0, 0x74, 0x6f, 0x73, 0x73, 0x0, 0x74, 0x6f, 0x74, 0x61, 0x6c, 0x0, 0x74,
    0x6f, 0x75, 0x63, 0x68, 0x64, 0x6f, 0x77, 0x6e, 0x0, 0x74, 0x6f, 0x75, 0x63, 0x68, 0x69, 0x6e,
    0x67, 0x0, 0x74, 0x6f, 0x75, 0x67, 0x68, 0x0, 0x74, 0x6f, 0x75, 0x72, 0x69, 0x73, 0x6d, 0x0,
    0x74, 0x6f, 0x75, 0x72, 0x69, 0x73, 0x74, 0x0, 0x74, 0x6f, 0x75, 0x72, 0x6e, 0x61, 0x6d, 0x65,
    0x6e, 0x74, 0x0, 0x74, 0x6f, 0x75, 0x72, 0x73, 0x0, 0x74, 0x6f, 0x77, 0x65, 0x6c, 0x0, 0x74,
    0x6f, 0x77, 0x65, 0x72, 0x0, 0x74, 0x6f, 0x77, 0x6e, 0x73, 0x65, 0x6e, 0x64, 0x0, 0x74, 0x6f,
    0x77, 0x6e, 0x73, 0x68, 0x69, 0x70, 0x0, 0x74, 0x6f, 0x78, 0x69, 0x63, 0x69, 0x74, 0x79, 0x0,
    0x74, 0x6f, 0x79, 0x6f, 0x74, 0x61, 0x0, 0x74, 0x72, 0x61, 0x63, 0x65, 0x0, 0x74, 0x72, 0x61,
    0x63, 0x69, 0x6e, 0x67, 0x0, 0x74, 0x72, 0x61, 0x63, 0x6b, 0x65, 0x72, 0x0, 0x74, 0x72, 0x61,
    0x63, 0x6b, 0x69, 0x6e, 0x67, 0x0, 0x74, 0x72, 0x61, 0x63, 0x74, 0x69, 0x6f, 0x6e, 0x0, 0x74,
    0x72, 0x61, 0x63, 0x74, 0x6f, 0x72, 0x0, 0x74, 0x72, 0x61, 0x63, 0x79, 0x0, 0x74, 0x72, 0x61,
    0x64, 0x65, 0x6d, 0x61, 0x72, 0x6b, 0x0, 0x74, 0x72, 0x61, 0x64, 0x65, 0x72, 0x0, 0x74, 0x72,
    0x61, 0x64, 0x69, 0x6e, 0x67, 0x0, 0x74, 0x72, 0x61, 0x64, 0x69, 0x74, 0x69, 0x6f, 0x6e, 0x0,
    0x74, 0x72, 0x61, 0x66, 0x66, 0x69, 0x63, 0x0, 0x74, 0x72, 0x61, 0x67, 0x65, 0x64, 0x79, 0x0,
    0x74, 0x72, 0x61, 0x69, 0x6c, 0x65, 0x72, 0x0, 0x74, 0x72, 0x61, 0x69, 0x6c, 0x69, 0x6e, 0x67,
    0x0, 0x74, 0x72, 0x61, 0x69, 0x6e, 0x65, 0x72, 0x0, 0x74, 0x72, 0x61, 0x69, 0x6e, 0x69, 0x6e,
    0x67, 0x0, 0x74, 0x72, 0x61, 0x69, 0x74, 0x6f, 0x72, 0x0, 0x74, 0x72, 0x61, 0x6a, 0x65, 0x63,
    0x74, 0x6f, 0x72, 0x79, 0x0, 0x74, 0x72, 0x61, 0x6e, 0x73, 0x63, 0x72, 0x69, 0x70, 0x74, 0x0,
    0x74, 0x72, 0x61, 0x6e, 0x73, 0x66, 0x65, 0x72, 0x0, 0x74, 0x72, 0x61, 0x6e, 0x73, 0x69, 0x74,
    0x69, 0x6f, 0x6e, 0x0, 0x74, 0x72, 0x61, 0x6e, 0x73, 0x6c, 0x61, 0x74, 0x6f, 0x72, 0x0, 0x74,
    0x72, 0x61, 0x6e, 0x73, 0x70, 0x6c, 0x61, 0x6e, 0x74, 0x0, 0x74, 0x72, 0x61, 0x6e, 0x73, 0x70,
    0x6f, 0x72, 0x74, 0x0, 0x74, 0x72, 0x61, 0x70, 0x0, 0x74, 0x72, 0x61, 0x73, 0x68, 0x0, 0x74,
    0x72, 0x61, 0x75, 0x6d, 0x61, 0x0, 0x74, 0x72, 0x61, 0x76, 0x65, 0x6c, 0x65, 0x72, 0x0, 0x74,
    0x72, 0x61, 0x76, 0x65, 0x6c, 0x69, 0x6e, 0x67, 0x0, 0x74, 0x72, 0x61, 0x76, 0x65, 0x6c, 0x6c,
    0x69, 0x6e, 0x67, 0x0, 0x74, 0x72, 0x61, 0x79, 0x0, 0x74, 0x72, 0x65, 0x61, 0x64, 0x0, 0x74,
    0x72, 0x65, 0x61, 0x73, 0x6f, 0x6e, 0x0, 0x74, 0x72, 0x65, 0x61, 0x73, 0x75, 0x72, 0x65, 0x72,
    0x0, 0x74, 0x72, 0x65, 0x61, 0x73, 0x75, 0x72, 0x79, 0x0, 0x74, 0x72, 0x65, 0x61, 0x74, 0x6d,
    0x65, 0x6e, 0x74, 0x0, 0x74, 0x72, 0x65, 0x61, 0x74, 0x79, 0x0, 0x74, 0x72, 0x65, 0x65, 0x0,
    0x74, 0x72, 0x65, 0x6b, 0x0, 0x74, 0x72, 0x65, 0x6e, 0x63, 0x68, 0x0, 0x74, 0x72, 0x65, 0x6e,
    0x64, 0x0, 0x74, 0x72, 0x65, 0x6e, 0x74, 0x0, 0x74, 0x72, 0x69, 0x61, 0x6c, 0x0, 0x74, 0x72,
    0x69, 0x61, 0x6e, 0x67, 0x6c, 0x65, 0x0, 0x74, 0x72, 0x69, 0x62, 0x65, 0x0, 0x74, 0x72, 0x69,
    0x62, 0x75, 0x6e, 0x61, 0x6c, 0x0, 0x74, 0x72, 0x69, 0x62, 0x75, 0x6e, 0x65, 0x0, 0x74, 0x72,
    0x69, 0x62, 0x75, 0x74, 0x65, 0x0, 0x74, 0x72, 0x69, 0x63, 0x6b, 0x0, 0x74, 0x72, 0x69, 0x67,
    0x67, 0x65, 0x72, 0x0, 0x74, 0x72, 0x69, 0x6c, 0x6c, 0x69, 0x6f, 0x6e, 0x0, 0x74, 0x72, 0x69,
    0x6c, 0x6f, 0x67, 0x79, 0x0, 0x74, 0x72, 0x69, 0x6d, 0x0, 0x74, 0x72, 0x69, 0x6e, 0x69, 0x64,
    0x61, 0x64, 0x0, 0x74, 0x72, 0x69, 0x6e, 0x69, 0x74, 0x79, 0x0, 0x74, 0x72, 0x69, 0x6f, 0x0,
    0x74, 0x72, 0x69, 0x70, 0x6c, 0x65, 0x0, 0x74, 0x72, 0x69, 0x75, 0x6d, 0x70, 0x68, 0x0, 0x74,
    0x72, 0x6f, 0x6c, 0x6c, 0x0, 0x74, 0x72, 0x6f, 0x6f, 0x70, 0x73, 0x0, 0x74, 0x72, 0x6f, 0x70,
    0x68, 0x79, 0x0, 0x74, 0x72, 0x6f, 0x75, 0x62, 0x6c, 0x65, 0x0, 0x74, 0x72, 0x6f, 0x75, 0x74,
    0x0, 0x74, 0x72, 0x6f, 0x79, 0x0, 0x74, 0x72, 0x75, 0x63, 0x65, 0x0, 0x74, 0x72, 0x75, 0x63,
    0x6b, 0x0, 0x74, 0x72, 0x75, 0x65, 0x0, 0x74, 0x72, 0x75, 0x6d, 0x61, 0x6e, 0x0, 0x74, 0x72,
    0x75, 0x6d, 0x70, 0x65, 0x74, 0x0, 0x74, 0x72, 0x75, 0x6e, 0x6b, 0x0, 0x74, 0x72, 0x75, 0x73,
    0x74, 0x65, 0x65, 0x0, 0x74, 0x72, 0x75, 0x74, 0x68, 0x0, 0x74, 0x73, 0x75, 0x6e, 0x61, 0x6d,
    0x69, 0x0, 0x74, 0x75, 0x62, 0x65, 0x0, 0x74, 0x75, 0x63, 0x6b, 0x65, 0x72, 0x0, 0x74, 0x75,
    0x63, 0x73, 0x6f, 0x6e, 0x0, 0x74, 0x75, 0x65, 0x73, 0x64, 0x61, 0x79, 0x0, 0x74, 0x75, 0x69,
    0x74, 0x69, 0x6f, 0x6e, 0x0, 0x74, 0x75, 0x6d, 0x6f, 0x72, 0x0, 0x74, 0x75, 0x6e, 0x61, 0x0,
    0x74, 0x75, 0x6e, 0x65, 0x0, 0x74, 0x75, 0x6e, 0x69, 0x6e, 0x67, 0x0, 0x74, 0x75, 0x6e, 0x69,
    0x73, 0x69, 0x61, 0x0, 0x74, 0x75, 0x6e, 0x6e, 0x65, 0x6c, 0x0, 0x74, 0x75, 0x72, 0x62, 0x69,
    0x6e, 0x65, 0x0, 0x74, 0x75, 0x72, 0x62, 0x75, 0x6c, 0x65, 0x6e, 0x63, 0x65, 0x0, 0x74, 0x75,
    0x72, 0x66, 0x0, 0x74, 0x75, 0x72, 0x6b, 0x65, 0x79, 0x0, 0x74, 0x75, 0x72, 0x6b, 0x69, 0x73,
    0x68, 0x0, 0x74, 0x75, 0x72, 0x6d, 0x6f, 0x69, 0x6c, 0x0, 0x74, 0x75, 0x72, 0x6e, 0x65, 0x72,
    0x0, 0x74, 0x75, 0x72, 0x6e, 0x69, 0x6e, 0x67, 0x0, 0x74, 0x75, 0x72, 0x6e, 0x6f, 0x75, 0x74,
    0x0, 0x74, 0x75, 0x72, 0x6e, 0x6f, 0x76, 0x65, 0x72, 0x0, 0x74, 0x75, 0x72, 0x74, 0x6c, 0x65,
    0x0, 0x74, 0x75, 0x74, 0x6f, 0x72, 0x69, 0x61, 0x6c, 0x0, 0x74, 0x77, 0x65, 0x65, 0x74, 0x0,
    0x74, 0x77, 0x65, 0x6c, 0x66, 0x74, 0x68, 0x0, 0x74, 0x77, 0x65, 0x6c, 0x76, 0x65, 0x0, 0x74,
    0x77, 0x65, 0x6e, 0x74, 0x69, 0x65, 0x74, 0x68, 0x0, 0x74, 0x77, 0x65, 0x6e, 0x74, 0x79, 0x0,
    0x74, 0x77, 0x69, 0x6c, 0x69, 0x67, 0x68, 0x74, 0x0, 0x74, 0x77, 0x69, 0x6e, 0x73, 0x0, 0x74,
    0x77, 0x69, 0x73, 0x74, 0x0, 0x74, 0x77, 0x69, 0x74, 0x63, 0x68, 0x0, 0x74, 0x77, 0x69, 0x74,
    0x74, 0x65, 0x72, 0x0, 0x74, 0x79, 0x69, 0x6e, 0x67, 0x0, 0x74, 0x79, 0x6c, 0x65, 0x72, 0x0,
    0x74, 0x79, 0x70, 0x65, 0x0, 0x74, 0x79, 0x70, 0x68, 0x6f, 0x6f, 0x6e, 0x0, 0x74, 0x79, 0x70,
    0x69, 0x6e, 0x67, 0x0, 0x74, 0x79, 0x72, 0x61, 0x6e, 0x6e, 0x79, 0x0, 0x74, 0x79, 0x72, 0x65,
    0x0, 0x74, 0x79, 0x73, 0x6f, 0x6e, 0x0, 0x75, 0x67, 0x61, 0x6e, 0x64, 0x61, 0x0, 0x75, 0x6b,
    0x72, 0x61, 0x69, 0x6e, 0x65, 0x0, 0x75, 0x6b, 0x72, 0x61, 0x69, 0x6e, 0x69, 0x61, 0x6e, 0x0,
    0x75, 0x6c, 0x73, 0x74, 0x65, 0x72, 0x0, 0x75, 0x6c, 0x74, 0x69, 0x6d, 0x61, 0x74, 0x65, 0x0,
    0x75, 0x6c, 0x74, 0x72, 0x61, 0x73, 0x6f, 0x75, 0x6e, 0x64, 0x0, 0x75, 0x6d, 0x62, 0x72, 0x65,
    0x6c, 0x6c, 0x61, 0x0, 0x75, 0x6e, 0x63, 0x6c, 0x65, 0x0, 0x75, 0x6e, 0x64, 0x65, 0x72, 0x77,
    0x65, 0x61, 0x72, 0x0, 0x75, 0x6e, 0x65, 0x6d, 0x70, 0x6c, 0x6f, 0x79, 0x65, 0x64, 0x0, 0x75,
    0x6e, 0x65, 0x73, 0x63, 0x6f, 0x0, 0x75, 0x6e, 0x69, 0x63, 0x6f, 0x72, 0x6e, 0x0, 0x75, 0x6e,
    0x69, 0x66, 0x6f, 0x72, 0x6d, 0x0, 0x75, 0x6e, 0x69, 0x6f, 0x6e, 0x0, 0x75, 0x6e, 0x69, 0x74,
    0x79, 0x0, 0x75, 0x6e, 0x69, 0x76, 0x65, 0x72, 0x73, 0x61, 0x6c, 0x0, 0x75, 0x6e, 0x69, 0x76,
    0x65, 0x72, 0x73, 0x65, 0x0, 0x75, 0x6e, 0x69, 0x76, 0x65, 0x72, 0x73, 0x69, 0x74, 0x79, 0x0,
    0x75, 0x6e, 0x6b, 0x6e, 0x6f, 0x77, 0x6e, 0x0, 0x75, 0x6e, 0x72, 0x65, 0x73, 0x74, 0x0, 0x75,
    0x6e, 0x73, 0x65, 0x65, 0x6e, 0x0, 0x75, 0x70, 0x62, 0x65, 0x61, 0x74, 0x0, 0x75, 0x70, 0x64,
    0x61, 0x74, 0x65, 0x0, 0x75, 0x70, 0x64, 0x61, 0x74, 0x69, 0x6e, 0x67, 0x0, 0x75, 0x70, 0x67,
    0x72, 0x61, 0x64, 0x65, 0x0, 0x75, 0x70, 0x70, 0x65, 0x72, 0x0, 0x75, 0x70, 0x72, 0x69, 0x67,
    0x68, 0x74, 0x0, 0x75, 0x70, 0x72, 0x69, 0x73, 0x69, 0x6e, 0x67, 0x0, 0x75, 0x70, 0x73, 0x65,
    0x74, 0x0, 0x75, 0x70, 0x73, 0x69, 0x64, 0x65, 0x0, 0x75, 0x70, 0x73, 0x74, 0x61, 0x69, 0x72,
    0x73, 0x0, 0x75, 0x72, 0x61, 0x6e, 0x69, 0x75, 0x6d, 0x0, 0x75, 0x72, 0x67, 0x65, 0x6e, 0x63,
    0x79, 0x0, 0x75, 0x72, 0x67, 0x69, 0x6e, 0x67, 0x0, 0x75, 0x72, 0x69, 0x6e, 0x65, 0x0, 0x75,
    0x72, 0x75, 0x67, 0x75, 0x61, 0x79, 0x0, 0x75, 0x73, 0x61, 0x67, 0x65, 0x0, 0x75, 0x73, 0x65,
    0x72, 0x0, 0x75, 0x73, 0x68, 0x65, 0x72, 0x0, 0x75, 0x73, 0x69, 0x6e, 0x67, 0x0, 0x75, 0x73,
    0x73, 0x72, 0x0, 0x75, 0x74, 0x61, 0x68, 0x0, 0x75, 0x74, 0x69, 0x6c, 0x69, 0x74, 0x79, 0x0,
    0x75, 0x74, 0x6d, 0x6f, 0x73, 0x74, 0x0, 0x76, 0x61, 0x63, 0x61, 0x6e, 0x63, 0x79, 0x0, 0x76,
    0x61, 0x63, 0x61, 0x74, 0x69, 0x6f, 0x6e, 0x0, 0x76, 0x61, 0x63, 0x63, 0x69, 0x6e, 0x65, 0x0,
    0x76, 0x61, 0x63, 0x75, 0x75, 0x6d, 0x0, 0x76, 0x61, 0x6c, 0x65, 0x6e, 0x63, 0x69, 0x61, 0x0,
    0x76, 0x61, 0x6c, 0x65, 0x6e, 0x74, 0x69, 0x6e, 0x65, 0x0, 0x76, 0x61, 0x6c, 0x69, 0x64, 0x61,
    0x74, 0x69, 0x6f, 0x6e, 0x0, 0x76, 0x61, 0x6c, 0x69, 0x64, 0x69, 0x74, 0x79, 0x0, 0x76, 0x61,
    0x6c, 0x6c, 0x65, 0x79, 0x0, 0x76, 0x61, 0x6c, 0x75, 0x61, 0x62, 0x6c, 0x65, 0x0, 0x76, 0x61,
    0x6c, 0x75, 0x61, 0x74, 0x69, 0x6f, 0x6e, 0x0, 0x76, 0x61, 0x6c, 0x75, 0x65, 0x73, 0x0, 0x76,
    0x61, 0x6c, 0x76, 0x65, 0x0, 0x76, 0x61, 0x6d, 0x70, 0x69, 0x72, 0x65, 0x0, 0x76, 0x61, 0x6e,
    0x63, 0x6f, 0x75, 0x76, 0x65, 0x72, 0x0, 0x76, 0x61, 0x6e, 0x65, 0x73, 0x73, 0x61, 0x0, 0x76,
    0x61, 0x6e, 0x67, 0x75, 0x61, 0x72, 0x64, 0x0, 0x76, 0x61, 0x6e, 0x69, 0x6c, 0x6c, 0x61, 0x0,
    0x76, 0x61, 0x6e, 0x69, 0x74, 0x79, 0x0, 0x76, 0x61, 0x70, 0x6f, 0x72, 0x0, 0x76, 0x61, 0x72,
    0x69, 0x61, 0x62, 0x6c, 0x65, 0x0, 0x76, 0x61, 0x72, 0x69, 0x61, 0x6e, 0x74, 0x0, 0x76, 0x61,
    0x72, 0x69, 0x61, 0x74, 0x69, 0x6f, 0x6e, 0x0, 0x76, 0x61, 0x72, 0x69, 0x65, 0x74, 0x79, 0x0,
    0x76, 0x61, 0x72, 0x73, 0x69, 0x74, 0x79, 0x0, 0x76, 0x61, 0x73, 0x65, 0x0, 0x76, 0x61, 0x74,
    0x69, 0x63, 0x61, 0x6e, 0x0, 0x76, 0x61, 0x75, 0x6c, 0x74, 0x0, 0x76, 0x65, 0x63, 0x74, 0x6f,
    0x72, 0x0, 0x76, 0x65, 0x67, 0x61, 0x6e, 0x0, 0x76, 0x65, 0x67, 0x65, 0x74, 0x61, 0x62, 0x6c,
    0x65, 0x0, 0x76, 0x65, 0x67, 0x65, 0x74, 0x61, 0x72, 0x69, 0x61, 0x6e, 0x0, 0x76, 0x65, 0x67,
    0x65, 0x74, 0x61, 0x74, 0x69, 0x6f, 0x6e, 0x0, 0x76, 0x65, 0x68, 0x69, 0x63, 0x6c, 0x65, 0x0,
    0x76, 0x65, 0x69, 0x6c, 0x0, 0x76, 0x65, 0x69, 0x6e, 0x0, 0x76, 0x65, 0x6c, 0x6f, 0x63, 0x69,
    0x74, 0x79, 0x0, 0x76, 0x65, 0x6c, 0x76, 0x65, 0x74, 0x0, 0x76, 0x65, 0x6e, 0x64, 0x6f, 0x72,
    0x0, 0x76, 0x65, 0x6e, 0x65, 0x7a, 0x75, 0x65, 0x6c, 0x61, 0x0, 0x76, 0x65, 0x6e, 0x67, 0x65,
    0x61, 0x6e, 0x63, 0x65, 0x0, 0x76, 0x65, 0x6e, 0x69, 0x63, 0x65, 0x0, 0x76, 0x65, 0x6e, 0x6f,
    0x6d, 0x0, 0x76, 0x65, 0x6e, 0x74, 0x75, 0x72, 0x65, 0x0, 0x76, 0x65, 0x6e, 0x75, 0x65, 0x0,
    0x76, 0x65, 0x6e, 0x75, 0x73, 0x0, 0x76, 0x65, 0x72, 0x62, 0x0, 0x76, 0x65, 0x72, 0x64, 0x69,
    0x63, 0x74, 0x0, 0x76, 0x65, 0x72, 0x67, 0x65, 0x0, 0x76, 0x65, 0x72, 0x6d, 0x6f, 0x6e, 0x74,
    0x0, 0x76, 0x65, 0x72, 0x6f, 0x6e, 0x69, 0x63, 0x61, 0x0, 0x76, 0x65, 0x72, 0x73, 0x65, 0x0,
    0x76, 0x65, 0x72, 0x73, 0x69, 0x6f, 0x6e, 0x0, 0x76, 0x65, 0x72, 0x74, 0x69, 0x63, 0x61, 0x6c,
    0x0, 0x76, 0x65, 0x73, 0x73, 0x65, 0x6c, 0x0, 0x76, 0x65, 0x73, 0x74, 0x0, 0x76, 0x65, 0x74,
    0x65, 0x72, 0x61, 0x6e, 0x0, 0x76, 0x65, 0x74, 0x65, 0x72, 0x69, 0x6e, 0x61, 0x72, 0x79, 0x0,
    0x76, 0x65, 0x74, 0x6f, 0x0, 0x76, 0x69, 0x62, 0x65, 0x73, 0x0, 0x76, 0x69, 0x62, 0x72, 0x61,
    0x74, 0x69, 0x6f, 0x6e, 0x0, 0x76, 0x69, 0x63, 0x65, 0x0, 0x76, 0x69, 0x63, 0x69, 0x6e, 0x69,
    0x74, 0x79, 0x0, 0x76, 0x69, 0x63, 0x74, 0x69, 0x6d, 0x0, 0x76, 0x69, 0x63, 0x74, 0x6f, 0x72,
    0x69, 0x61, 0x6e, 0x0, 0x76, 0x69, 0x63, 0x74, 0x6f, 0x72, 0x79, 0x0, 0x76, 0x69, 0x64, 0x65,
    0x6f, 0x0, 0x76, 0x69, 0x65, 0x6e, 0x6e, 0x61, 0x0, 0x76, 0x69, 0x65, 0x74, 0x6e, 0x61, 0x6d,
    0x65, 0x73, 0x65, 0x0, 0x76, 0x69, 0x65, 0x77, 0x65, 0x72, 0x73, 0x0, 0x76, 0x69, 0x65, 0x77,
    0x69, 0x6e, 0x67, 0x0, 0x76, 0x69, 0x65, 0x77, 0x70, 0x6f, 0x69, 0x6e, 0x74, 0x0, 0x76, 0x69,
    0x69, 0x69, 0x0, 0x76, 0x69, 0x6b, 0x69, 0x6e, 0x67, 0x0, 0x76, 0x69, 0x6c, 0x6c, 0x61, 0x67,
    0x65, 0x0, 0x76, 0x69, 0x6c, 0x6c, 0x61, 0x69, 0x6e, 0x0, 0x76, 0x69, 0x6e, 0x65, 0x67, 0x61,
    0x72, 0x0, 0x76, 0x69, 0x6e, 0x65, 0x79, 0x61, 0x72, 0x64, 0x0, 0x76, 0x69, 0x6e, 0x74, 0x61,
    0x67, 0x65, 0x0, 0x76, 0x69, 0x6e, 0x79, 0x6c, 0x0, 0x76, 0x69, 0x6f, 0x6c, 0x61, 0x74, 0x69,
    0x6f, 0x6e, 0x0, 0x76, 0x69, 0x6f, 0x6c, 0x65, 0x6e, 0x63, 0x65, 0x0, 0x76, 0x69, 0x6f, 0x6c,
    0x65, 0x74, 0x0, 0x76, 0x69, 0x6f, 0x6c, 0x69, 0x6e, 0x0, 0x76, 0x69, 0x72, 0x67, 0x69, 0x6e,
    0x69, 0x61, 0x0, 0x76, 0x69, 0x72, 0x74, 0x75, 0x65, 0x0, 0x76, 0x69, 0x72, 0x75, 0x73, 0x0,
    0x76, 0x69, 0x73, 0x61, 0x0, 0x76, 0x69, 0x73, 0x69, 0x62, 0x69, 0x6c, 0x69, 0x74, 0x79, 0x0,
    0x76, 0x69, 0x73, 0x69, 0x6f, 0x6e, 0x0, 0x76, 0x69, 0x73, 0x69, 0x74, 0x69, 0x6e, 0x67, 0x0,
    0x76, 0x69, 0x73, 0x69, 0x74, 0x6f, 0x72, 0x0, 0x76, 0x69, 0x73, 0x74, 0x61, 0x0, 0x76, 0x69,
    0x74, 0x61, 0x6d, 0x69, 0x6e, 0x0, 0x76, 0x6f, 0x63, 0x61, 0x62, 0x75, 0x6c, 0x61, 0x72, 0x79,
    0x0, 0x76, 0x6f, 0x63, 0x61, 0x6c, 0x0, 0x76, 0x6f, 0x64, 0x6b, 0x61, 0x0, 0x76, 0x6f, 0x67,
    0x75, 0x65, 0x0, 0x76, 0x6f, 0x69, 0x63, 0x65, 0x0, 0x76, 0x6f, 0x69, 0x64, 0x0, 0x76, 0x6f,
    0x6c, 0x61, 0x74, 0x69, 0x6c, 0x65, 0x0, 0x76, 0x6f, 0x6c, 0x63, 0x61, 0x6e, 0x6f, 0x0, 0x76,
    0x6f, 0x6c, 0x6c, 0x65, 0x79, 0x62, 0x61, 0x6c, 0x6c, 0x0, 0x76, 0x6f, 0x6c, 0x74, 0x61, 0x67,
    0x65, 0x0, 0x76, 0x6f, 0x6c, 0x75, 0x6d, 0x65, 0x0, 0x76, 0x6f, 0x6c, 0x75, 0x6e, 0x74, 0x61,
    0x72, 0x79, 0x0, 0x76, 0x6f, 0x6c, 0x75, 0x6e, 0x74, 0x65, 0x65, 0x72, 0x0, 0x76, 0x6f, 0x6d,
    0x69, 0x74, 0x69, 0x6e, 0x67, 0x0, 0x76, 0x6f, 0x74, 0x65, 0x72, 0x0, 0x76, 0x6f, 0x74, 0x69,
    0x6e, 0x67, 0x0, 0x76, 0x6f, 0x79, 0x61, 0x67, 0x65, 0x0, 0x77, 0x61, 0x64, 0x65, 0x0, 0x77,
    0x61, 0x67, 0x65, 0x73, 0x0, 0x77, 0x61, 0x67, 0x6e, 0x65, 0x72, 0x0, 0x77, 0x61, 0x67, 0x6f,
    0x6e, 0x0, 0x77, 0x61, 0x69, 0x73, 0x74, 0x0, 0x77, 0x61, 0x69, 0x74, 0x65, 0x72, 0x0, 0x77,
    0x61, 0x69, 0x74, 0x69, 0x6e, 0x67, 0x0, 0x77, 0x61, 0x69, 0x74, 0x72, 0x65, 0x73, 0x73, 0x0,
    0x77, 0x61, 0x69, 0x76, 0x65, 0x72, 0x0, 0x77, 0x61, 0x6b, 0x65, 0x0, 0x77, 0x61, 0x6b, 0x69,
    0x6e, 0x67, 0x0, 0x77, 0x61, 0x6c, 0x65, 0x73, 0x0, 0x77, 0x61, 0x6c, 0x6b, 0x65, 0x72, 0x0,
    0x77, 0x61, 0x6c, 0x6b, 0x69, 0x6e, 0x67, 0x0, 0x77, 0x61, 0x6c, 0x6c, 0x61, 0x63, 0x65, 0x0,
    0x77, 0x61, 0x6c, 0x6c, 0x65, 0x74, 0x0, 0x77, 0x61, 0x6c, 0x6c, 0x70, 0x61, 0x70, 0x65, 0x72,
    0x0, 0x77, 0x61, 0x6c, 0x6e, 0x75, 0x74, 0x0, 0x77, 0x61, 0x6c, 0x74, 0x65, 0x72, 0x0, 0x77,
    0x61, 0x6c, 0x74, 0x6f, 0x6e, 0x0, 0x77, 0x61, 0x6e, 0x64, 0x65, 0x72, 0x69, 0x6e, 0x67, 0x0,
    0x77, 0x61, 0x6e, 0x74, 0x0, 0x77, 0x61, 0x72, 0x64, 0x65, 0x6e, 0x0, 0x77, 0x61, 0x72, 0x64,
    0x72, 0x6f, 0x62, 0x65, 0x0, 0x77, 0x61, 0x72, 0x65, 0x68, 0x6f, 0x75, 0x73, 0x65, 0x0, 0x77,
    0x61, 0x72, 0x66, 0x61, 0x72, 0x65, 0x0, 0x77, 0x61, 0x72, 0x6d, 0x65, 0x72, 0x0, 0x77, 0x61,
    0x72, 0x6d, 0x69, 0x6e, 0x67, 0x0, 0x77, 0x61, 0x72, 0x6d, 0x74, 0x68, 0x0, 0x77, 0x61, 0x72,
    0x6e, 0x65, 0x72, 0x0, 0x77, 0x61, 0x72, 0x6e, 0x69, 0x6e, 0x67, 0x0, 0x77, 0x61, 0x72, 0x70,
    0x0, 0x77, 0x61, 0x72, 0x72, 0x61, 0x6e, 0x74, 0x79, 0x0, 0x77, 0x61, 0x72, 0x72, 0x65, 0x6e,
    0x0, 0x77, 0x61, 0x72, 0x72, 0x69, 0x6f, 0x72, 0x0, 0x77, 0x61, 0x72, 0x73, 0x61, 0x77, 0x0,
    0x77, 0x61, 0x72, 0x74, 0x69, 0x6d, 0x65, 0x0, 0x77, 0x61, 0x72, 0x77, 0x69, 0x63, 0x6b, 0x0,
    0x77, 0x61, 0x73, 0x68, 0x69, 0x6e, 0x67, 0x74, 0x6f, 0x6e, 0x0, 0x77, 0x61, 0x73, 0x74, 0x65,
    0x0, 0x77, 0x61, 0x73, 0x74, 0x69, 0x6e, 0x67, 0x0, 0x77, 0x61, 0x74, 0x63, 0x68, 0x69, 0x6e,
    0x67, 0x0, 0x77, 0x61, 0x74, 0x65, 0x72, 0x66, 0x61, 0x6c, 0x6c, 0x0, 0x77, 0x61, 0x74, 0x65,
    0x72, 0x66, 0x72, 0x6f, 0x6e, 0x74, 0x0, 0x77, 0x61, 0x74, 0x65, 0x72, 0x69, 0x6e, 0x67, 0x0,
    0x77, 0x61, 0x74, 0x65, 0x72, 0x6c, 0x6f, 0x6f, 0x0, 0x77, 0x61, 0x74, 0x65, 0x72, 0x70, 0x72,
    0x6f, 0x6f, 0x66, 0x0, 0x77, 0x61, 0x74, 0x65, 0x72, 0x73, 0x68, 0x65, 0x64, 0x0, 0x77, 0x61,
    0x74, 0x73, 0x6f, 0x6e, 0x0, 0x77, 0x61, 0x74, 0x74, 0x73, 0x0, 0x77, 0x61, 0x76, 0x65, 0x0,
    0x77, 0x61, 0x76, 0x69, 0x6e, 0x67, 0x0, 0x77, 0x61, 0x79, 0x6e, 0x65, 0x0, 0x77, 0x61, 0x79,
    0x73, 0x0, 0x77, 0x65, 0x61, 0x6b, 0x6e, 0x65, 0x73, 0x73, 0x0, 0x77, 0x65, 0x61, 0x6c, 0x74,
    0x68, 0x0, 0x77, 0x65, 0x61, 0x70, 0x6f, 0x6e, 0x0, 0x77, 0x65, 0x61, 0x72, 0x69, 0x6e, 0x67,
    0x0, 0x77, 0x65, 0x61, 0x74, 0x68, 0x65, 0x72, 0x0, 0x77, 0x65, 0x61, 0x76, 0x65, 0x72, 0x0,
    0x77, 0x65, 0x61, 0x76, 0x69, 0x6e, 0x67, 0x0, 0x77, 0x65, 0x62, 0x62, 0x0, 0x77, 0x65, 0x62,
    0x65, 0x72, 0x0, 0x77, 0x65, 0x62, 0x73, 0x69, 0x74, 0x65, 0x0, 0x77, 0x65, 0x62, 0x73, 0x74,
    0x65, 0x72, 0x0, 0x77, 0x65, 0x64, 0x64, 0x69, 0x6e, 0x67, 0x0, 0x77, 0x65, 0x64, 0x67, 0x65,
    0x0, 0x77, 0x65, 0x64, 0x6e, 0x65, 0x73, 0x64, 0x61, 0x79, 0x0, 0x77, 0x65, 0x65, 0x64, 0x73,
    0x0, 0x77, 0x65, 0x65, 0x6b, 0x65, 0x6e, 0x64, 0x0, 0x77, 0x65, 0x65, 0x6b, 0x6c, 0x79, 0x0,
    0x77, 0x65, 0x69, 0x67, 0x68, 0x69, 0x6e, 0x67, 0x0, 0x77, 0x65, 0x69, 0x67, 0x68, 0x74, 0x0,
    0x77, 0x65, 0x69, 0x72, 0x64, 0x0, 0x77, 0x65, 0x6c, 0x63, 0x6f, 0x6d, 0x65, 0x0, 0x77, 0x65,
    0x6c, 0x64, 0x69, 0x6e, 0x67, 0x0, 0x77, 0x65, 0x6c, 0x66, 0x61, 0x72, 0x65, 0x0, 0x77, 0x65,
    0x6c, 0x6c, 0x62, 0x65, 0x69, 0x6e, 0x67, 0x0, 0x77, 0x65, 0x6c, 0x6c, 0x69, 0x6e, 0x67, 0x74,
    0x6f, 0x6e, 0x0, 0x77, 0x65, 0x6c, 0x6c, 0x6e, 0x65, 0x73, 0x73, 0x0, 0x77, 0x65, 0x6c, 0x6c,
    0x73, 0x0, 0x77, 0x65, 0x6c, 0x73, 0x68, 0x0, 0x77, 0x65, 0x6d, 0x62, 0x6c, 0x65, 0x79, 0x0,
    0x77, 0x65, 0x73, 0x6c, 0x65, 0x79, 0x0, 0x77, 0x65, 0x73, 0x74, 0x65, 0x72, 0x6e, 0x0, 0x77,
    0x68, 0x61, 0x6c, 0x65, 0x0, 0x77, 0x68, 0x65, 0x61, 0x74, 0x0, 0x77, 0x68, 0x65, 0x65, 0x6c,
    0x63, 0x68, 0x61, 0x69, 0x72, 0x0, 0x77, 0x68, 0x65, 0x65, 0x6c, 0x65, 0x72, 0x0, 0x77, 0x68,
    0x69, 0x6c, 0x65, 0x0, 0x77, 0x68, 0x69, 0x70, 0x0, 0x77, 0x68, 0x69, 0x73, 0x6b, 0x65, 0x79,
    0x0, 0x77, 0x68, 0x69, 0x73, 0x6b, 0x79, 0x0, 0x77, 0x68, 0x69, 0x73, 0x70, 0x65, 0x72, 0x0,
    0x77, 0x68, 0x69, 0x73, 0x74, 0x6c, 0x65, 0x0, 0x77, 0x68, 0x69, 0x74, 0x65, 0x0, 0x77, 0x68,
    0x69, 0x74, 0x6e, 0x65, 0x79, 0x0, 0x77, 0x68, 0x6f, 0x6c, 0x65, 0x73, 0x61, 0x6c, 0x65, 0x0,
    0x77, 0x69, 0x63, 0x6b, 0x65, 0x74, 0x0, 0x77, 0x69, 0x64, 0x6f, 0x77, 0x0, 0x77, 0x69, 0x64,
    0x74, 0x68, 0x0, 0x77, 0x69, 0x66, 0x65, 0x0, 0x77, 0x69, 0x66, 0x69, 0x0, 0x77, 0x69, 0x6c,
    0x64, 0x65, 0x72, 0x6e, 0x65, 0x73, 0x73, 0x0, 0x77, 0x69, 0x6c, 0x64, 0x6c, 0x69, 0x66, 0x65,
    0x0, 0x77, 0x69, 0x6c, 0x6b, 0x69, 0x6e, 0x73, 0x6f, 0x6e, 0x0, 0x77, 0x69, 0x6c, 0x6c, 0x69,
    0x61, 0x6d, 0x73, 0x0, 0x77, 0x69, 0x6c, 0x6c, 0x69, 0x6e, 0x67, 0x0, 0x77, 0x69, 0x6c, 0x6c,
    0x69, 0x73, 0x0, 0x77, 0x69, 0x6c, 0x6c, 0x6f, 0x77, 0x0, 0x77, 0x69, 0x6c, 0x73, 0x6f, 0x6e,
    0x0, 0x77, 0x69, 0x6d, 0x62, 0x6c, 0x65, 0x64, 0x6f, 0x6e, 0x0, 0x77, 0x69, 0x6e, 0x63, 0x68,
    0x65, 0x73, 0x74, 0x65, 0x72, 0x0, 0x77, 0x69, 0x6e, 0x64, 0x69, 0x6e, 0x67, 0x0, 0x77, 0x69,
    0x6e, 0x64, 0x6f, 0x77, 0x73, 0x0, 0x77, 0x69, 0x6e, 0x64, 0x73, 0x6f, 0x72, 0x0, 0x77, 0x69,
    0x6e, 0x65, 0x0, 0x77, 0x69, 0x6e, 0x67, 0x65, 0x72, 0x0, 0x77, 0x69, 0x6e, 0x67, 0x73, 0x0,
    0x77, 0x69, 0x6e, 0x6b, 0x0, 0x77, 0x69, 0x6e, 0x6e, 0x65, 0x72, 0x0, 0x77, 0x69, 0x6e, 0x6e,
    0x69, 0x6e, 0x67, 0x0, 0x77, 0x69, 0x6e, 0x6e, 0x69, 0x70, 0x65, 0x67, 0x0, 0x77, 0x69, 0x6e,
    0x74, 0x65, 0x72, 0x0, 0x77, 0x69, 0x70, 0x65, 0x0, 0x77, 0x69, 0x72, 0x65, 0x6c, 0x65, 0x73,
    0x73, 0x0, 0x77, 0x69, 0x72, 0x69, 0x6e, 0x67, 0x0, 0x77, 0x69, 0x73, 0x63, 0x6f, 0x6e, 0x73,
    0x69, 0x6e, 0x0, 0x77, 0x69, 0x73, 0x64, 0x6f, 0x6d, 0x0, 0x77, 0x69, 0x73, 0x65, 0x0, 0x77,
    0x69, 0x73, 0x68, 0x69, 0x6e, 0x67, 0x0, 0x77, 0x69, 0x74, 0x63, 0x68, 0x0, 0x77, 0x69, 0x74,
    0x68, 0x64, 0x72, 0x61, 0x77, 0x61, 0x6c, 0x0, 0x77, 0x69, 0x74, 0x6e, 0x65, 0x73, 0x73, 0x0,
    0x77, 0x69, 0x7a, 0x61, 0x72, 0x64, 0x0, 0x77, 0x6f, 0x6c, 0x66, 0x0, 0x77, 0x6f, 0x6d, 0x61,
    0x6e, 0x0, 0x77, 0x6f, 0x6d, 0x62, 0x0, 0x77, 0x6f, 0x6e, 0x64, 0x65, 0x72, 0x6c, 0x61, 0x6e,
    0x64, 0x0, 0x77, 0x6f, 0x6e, 0x74, 0x0, 0x77, 0x6f, 0x6f, 0x64, 0x6c, 0x61, 0x6e, 0x64, 0x0,
    0x77, 0x6f, 0x6f, 0x64, 0x73, 0x0, 0x77, 0x6f, 0x6f, 0x64, 0x77, 0x61, 0x72, 0x64, 0x0, 0x77,
    0x6f, 0x6f, 0x6c, 0x0, 0x77, 0x6f, 0x72, 0x63, 0x65, 0x73, 0x74, 0x65, 0x72, 0x0, 0x77, 0x6f,
    0x72, 0x64, 0x69, 0x6e, 0x67, 0x0, 0x77, 0x6f, 0x72, 0x64, 0x73, 0x0, 0x77, 0x6f, 0x72, 0x6b,
    0x65, 0x72, 0x0, 0x77, 0x6f, 0x72, 0x6b, 0x66, 0x6f, 0x72, 0x63, 0x65, 0x0, 0x77, 0x6f, 0x72,
    0x6b, 0x69, 0x6e, 0x67, 0x0, 0x77, 0x6f, 0x72, 0x6b, 0x6f, 0x75, 0x74, 0x0, 0x77, 0x6f, 0x72,
    0x6b, 0x70, 0x6c, 0x61, 0x63, 0x65, 0x0, 0x77, 0x6f, 0x72, 0x6b, 0x73, 0x68, 0x6f, 0x70, 0x0,
    0x77, 0x6f, 0x72, 0x6c, 0x64, 0x0, 0x77, 0x6f, 0x72, 0x6d, 0x0, 0x77, 0x6f, 0x72, 0x72, 0x79,
    0x69, 0x6e, 0x67, 0x0, 0x77, 0x6f, 0x72, 0x73, 0x65, 0x0, 0x77, 0x6f, 0x72, 0x73, 0x68, 0x69,
    0x70, 0x0, 0x77, 0x6f, 0x72, 0x73, 0x74, 0x0, 0x77, 0x6f, 0x72, 0x74, 0x68, 0x79, 0x0, 0x77,
    0x6f, 0x75, 0x6e, 0x64, 0x65, 0x64, 0x0, 0x77, 0x72, 0x61, 0x70, 0x70, 0x69, 0x6e, 0x67, 0x0,
    0x77, 0x72, 0x61, 0x74, 0x68, 0x0, 0x77, 0x72, 0x65, 0x63, 0x6b, 0x0, 0x77, 0x72, 0x65, 0x73,
    0x74, 0x6c, 0x65, 0x72, 0x0, 0x77, 0x72, 0x65, 0x73, 0x74, 0x6c, 0x69, 0x6e, 0x67, 0x0, 0x77,
    0x72, 0x69, 0x67, 0x68, 0x74, 0x0, 0x77, 0x72, 0x69, 0x73, 0x74, 0x0, 0x77, 0x72, 0x69, 0x74,
    0x65, 0x72, 0x0, 0x77, 0x72, 0x69, 0x74, 0x69, 0x6e, 0x67, 0x73, 0x0, 0x77, 0x72, 0x6f, 0x6e,
    0x67, 0x0, 0x77, 0x79, 0x61, 0x74, 0x74, 0x0, 0x77, 0x79, 0x6f, 0x6d, 0x69, 0x6e, 0x67, 0x0,
    0x79, 0x61, 0x63, 0x68, 0x74, 0x0, 0x79, 0x61, 0x68, 0x6f, 0x6f, 0x0, 0x79, 0x61, 0x6c, 0x65,
    0x0, 0x79, 0x61, 0x6e, 0x67, 0x0, 0x79, 0x61, 0x6e, 0x6b, 0x65, 0x65, 0x0, 0x79, 0x61, 0x72,
    0x64, 0x0, 0x79, 0x61, 0x72, 0x6e, 0x0, 0x79, 0x65, 0x61, 0x72, 0x6c, 0x79, 0x0, 0x79, 0x65,
    0x61, 0x72, 0x73, 0x0, 0x79, 0x65, 0x61, 0x73, 0x74, 0x0, 0x79, 0x65, 0x6c, 0x6c, 0x69, 0x6e,
    0x67, 0x0, 0x79, 0x65, 0x6c, 0x6c, 0x6f, 0x77, 0x0, 0x79, 0x65, 0x6d, 0x65, 0x6e, 0x0, 0x79,
    0x65, 0x73, 0x74, 0x65, 0x72, 0x64, 0x61, 0x79, 0x0, 0x79, 0x69, 0x65, 0x6c, 0x64, 0x0, 0x79,
    0x6f, 0x67, 0x61, 0x0, 0x79, 0x6f, 0x67, 0x75, 0x72, 0x74, 0x0, 0x79, 0x6f, 0x72, 0x6b, 0x73,
    0x68, 0x69, 0x72, 0x65, 0x0, 0x79, 0x6f, 0x75, 0x6e, 0x67, 0x0, 0x79, 0x6f, 0x75, 0x74, 0x68,
    0x0, 0x79, 0x75, 0x61, 0x6e, 0x0, 0x79, 0x75, 0x67, 0x6f, 0x73, 0x6c, 0x61, 0x76, 0x69, 0x61,
    0x0, 0x7a, 0x65, 0x61, 0x6c, 0x61, 0x6e, 0x64, 0x0, 0x7a, 0x65, 0x72, 0x6f, 0x0, 0x7a, 0x65,
    0x75, 0x73, 0x0, 0x7a, 0x69, 0x6d, 0x62, 0x61, 0x62, 0x77, 0x65, 0x0, 0x7a, 0x69, 0x6e, 0x63,
    0x0, 0x7a, 0x6f, 0x6d, 0x62, 0x69, 0x65, 0x0, 0x7a, 0x6f, 0x6e, 0x65, 0x0, 0x7a, 0x6f, 0x6e,
    0x69, 0x6e, 0x67, 0x0, 0x7a, 0x6f, 0x6f, 0x6d, 0x0, 0x7a, 0x75, 0x72, 0x69, 0x63, 0x68, 0x0,
};

static const int word_offsets[] = {
    0, 6, 14, 20, 28, 38, 47, 55, 65, 76, 85, 91, 99, 107, 116, 127,
    136, 143, 153, 159, 168, 177, 185, 192, 203, 213, 224, 235, 246, 257, 266, 277,
    285, 290, 295, 304, 314, 320, 327, 334, 345, 352, 361, 370, 379, 385, 393, 398,
    404, 410, 421, 429, 439, 448, 456, 465, 476, 484, 495, 505, 511, 522, 531, 542,
    549, 559, 567, 577, 587, 594, 602, 611, 620, 629, 636, 646, 657, 665, 675, 685,
    694, 701, 709, 719, 729, 734, 741, 748, 754, 764, 775, 781, 787, 797, 802, 807,
    816, 823, 831, 840, 848, 853, 859, 867, 873, 880, 887, 895, 901, 911, 918, 924,
    934, 945, 952, 958, 966, 974, 984, 990, 1000, 1006, 1017, 1028, 1034, 1042, 1048, 1057,
    1064, 1075, 1085, 1091, 1096, 1105, 1112, 1121, 1126, 1132, 1141, 1151, 1160, 1171, 1181, 1190,
    1198, 1205, 1216, 1222, 1231, 1241, 1248, 1255, 1265, 1275, 1284, 1290, 1301, 1309, 1316, 1326,
    1336, 1344, 1353, 1361, 1369, 1377, 1386, 1393, 1401, 1410, 1418, 1426, 1432, 1438, 1444, 1450,
    1457, 1467, 1473, 1479, 1484, 1490, 1500, 1509, 1516, 1523, 1534, 1542, 1551, 1558, 1566, 1577,
    1585, 1593, 1600, 1610, 1620, 1625, 1636, 1643, 1651, 1661, 1669, 1676, 1687, 1697, 1706, 1715,
    1724, 1730, 1740, 1751, 1760, 1769, 1775, 1784, 1792, 1800, 1807, 1814, 1825, 1832, 1842, 1851,
    1858, 1863, 1869, 1879, 1889, 1897, 1906, 1914, 1923, 1933, 1942, 1948, 1955, 1965, 1970, 1977,
    1987, 1993, 2000, 2008, 2018, 2024, 2032, 2039, 2049, 2056, 2064, 2074, 2081, 2086, 2094, 2103,
    2110, 2116, 2122, 2129, 2136, 2144, 2153, 2161, 2170, 2180, 2191, 2198, 2209, 2220, 2230, 2240,
    2251, 2261, 2270, 2277, 2287, 2297, 2304, 2312, 2319, 2327, 2337, 2345, 2354, 2360, 2371, 2376,
    2387, 2396, 2404, 2415, 2425, 2435, 2445, 2451, 2460, 2469, 2480, 2490, 2499, 2507, 2516, 2522,
    2531, 2542, 2550, 2560, 2565, 2570, 2577, 2584, 2591, 2602, 2611, 2621, 2628, 2638, 2649, 2660,
    2669, 2677, 2684, 2694, 2700, 2707, 2714, 2722, 2731, 2741, 2751, 2757, 2767, 2772, 2777, 2782,
    2790, 2799, 2808, 2817, 2828, 2836, 2845, 2854, 2864, 2871, 2880, 2886, 2895, 2901, 2909, 2917,
    2925, 2933, 2940, 2945, 2952, 2959, 2967, 2977, 2985, 2993, 2998, 3003, 3010, 3018, 3025, 3034,
    3041, 3051, 3058, 3065, 3075, 3085, 3093, 3101, 3112, 3119, 3127, 3138, 3144, 3151, 3159, 3167,
    3175, 3183, 3192, 3201, 3208, 3218, 3229, 3235, 3242, 3247, 3253, 3261, 3269, 3274, 3284, 3293,
    3302, 3311, 3316, 3323, 3329, 3335, 3341, 3352, 3357, 3363, 3371, 3380, 3387, 3393, 3403, 3411,
    3419, 3426, 3432, 3439, 3445, 3450, 3455, 3461, 3469, 3475, 3483, 3491, 3497, 3504, 3511, 3516,
    3524, 3532, 3537, 3542, 3549, 3557, 3566, 3576, 3583, 3592, 3602, 3609, 3617, 3623, 3630, 3638,
    3646, 3654, 3661, 3670, 3680, 3686, 3692, 3703, 3711, 3716, 3726, 3734, 3743, 3751, 3758, 3767,
    3776, 3784, 3790, 3795, 3804, 3814, 3821, 3829, 3837, 3843, 3848, 3853, 3858, 3867, 3874, 3883,
    3888, 3894, 3902, 3910, 3915, 3922, 3932, 3942, 3950, 3958, 3964, 3971, 3979, 3985, 3991, 4001,
    4009, 4015, 4020, 4031, 4040, 4049, 4056, 4061, 4068, 4079, 4088, 4096, 4102, 4107, 4113, 4119,
    4125, 4133, 4139, 4145, 4152, 4161, 4167, 4176, 4182, 4188, 4194, 4200, 4209, 4218, 4227, 4235,
    4241, 4248, 4254, 4260, 4268, 4276, 4282, 4288, 4293, 4299, 4308, 4315, 4321, 4326, 4332, 4337,
    4346, 4353, 4361, 4366, 4374, 4384, 4389, 4396, 4403, 4411, 4419, 4425, 4430, 4436, 4443, 4450,
    4458, 4466, 4471, 4479, 4485, 4491, 4497, 4504, 4509, 4516, 4521, 4529, 4539, 4546, 4551, 4558,
    4565, 4572, 4579, 4587, 4597, 4604, 4613, 4622, 4629, 4636, 4644, 4653, 4659, 4665, 4673, 4679,
    4685, 4692, 4700, 4710, 4716, 4725, 4733, 4742, 4750, 4756, 4762, 4769, 4776, 4785, 4792, 4798,
    4806, 4812, 4818, 4828, 4835, 4841, 4851, 4859, 4869, 4878, 4886, 4893, 4903, 4912, 4919, 4925,
    4934, 4942, 4950, 4956, 4962, 4969, 4975, 4983, 4992, 5000, 5011, 5020, 5029, 5035, 5044, 5052,
    5060, 5068, 5074, 5083, 5093, 5102, 5111, 5118, 5124, 5131, 5138, 5147, 5154, 5162, 5168, 5176,
    5185, 5191, 5197, 5207, 5216, 5225, 5235, 5241, 5248, 5257, 5264, 5271, 5280, 5287, 5296, 5305,
    5311, 5318, 5326, 5333, 5340, 5348, 5357, 5362, 5372, 5377, 5386, 5395, 5402, 5408, 5415, 5422,
    5428, 5435, 5442, 5449, 5457, 5464, 5470, 5481, 5487, 5494, 5502, 5508, 5514, 5521, 5526, 5535,
    5540, 5548, 5555, 5565, 5572, 5578, 5585, 5590, 5597, 5603, 5611, 5619, 5625, 5631, 5638, 5643,
    5652, 5657, 5662, 5668, 5673, 5681, 5692, 5701, 5710, 5719, 5724, 5732, 5740, 5751, 5758, 5766,
    5771, 5779, 5786, 5795, 5805, 5812, 5818, 5825, 5834, 5843, 5852, 5860, 5867, 5874, 5883, 5889,
    5898, 5905, 5912, 5922, 5929, 5935, 5940, 5949, 5956, 5963, 5969, 5975, 5982, 5993, 6000, 6007,
    6014, 6025, 6034, 6039, 6050, 6061, 6069, 6077, 6085, 6093, 6101, 6111, 6119, 6127, 6134, 6144,
    6152, 6161, 6167, 6174, 6180, 6190, 6197, 6204, 6213, 6222, 6231, 6241, 6248, 6257, 6265, 6273,
    6280, 6286, 6293, 6300, 6307, 6315, 6325, 6333, 6338, 6346, 6353, 6359, 6367, 6374, 6381, 6390,
    6400, 6409, 6417, 6426, 6435, 6444, 6454, 6464, 6473, 6480, 6487, 6493, 6501, 6509, 6518, 6526,
    6531, 6538, 6544, 6550, 6558, 6568, 6575, 6585, 6592, 6599, 6608, 6619, 6626, 6633, 6641, 6648,
    6656, 6664, 6671, 6680, 6690, 6695, 6702, 6711, 6717, 6728, 6737, 6747, 6756, 6767, 6776, 6783,
    6792, 6801, 6807, 6814, 6822, 6830, 6840, 6849, 6857, 6865, 6876, 6886, 6892, 6900, 6907, 6915,
    6920, 6929, 6938, 6944, 6953, 6960, 6965, 6974, 6984, 6992, 6999, 7005, 7013, 7021, 7029, 7037,
    7043, 7053, 7059, 7065, 7074, 7081, 7089, 7095, 7103, 7109, 7119, 7126, 7132, 7138, 7146, 7151,
    7157, 7164, 7171, 7181, 7190, 7200, 7207, 7217, 7225, 7231, 7241, 7247, 7257, 7268, 7275, 7284,
    7291, 7299, 7308, 7315, 7324, 7329, 7337, 7344, 7349, 7358, 7364, 7369, 7374, 7383, 7391, 7397,
    7403, 7413, 7422, 7433, 7443, 7450, 7455, 7460, 7468, 7477, 7487, 7497, 7506, 7513, 7519, 7529,
    7535, 7542, 7548, 7556, 7563, 7572, 7579, 7587, 7592, 7598, 7604, 7611, 7617, 7624, 7631, 7639,
    7647, 7655, 7664, 7670, 7676, 7681, 7686, 7694, 7701, 7707, 7716, 7726, 7734, 7744, 7752, 7758,
    7766, 7774, 7783, 7789, 7797, 7802, 7809, 7814, 7821, 7828, 7833, 7838, 7843, 7848, 7853, 7858,
    7867, 7874, 7885, 7895, 7906, 7917, 7928, 7938, 7946, 7954, 7964, 7972, 7982, 7990, 7999, 8006,
    8015, 8023, 8032, 8039, 8047, 8052, 8061, 8070, 8080, 8085, 8092, 8100, 8110, 8116, 8127, 8136,
    8145, 8152, 8158, 8166, 8172, 8179, 8189, 8200, 8209, 8220, 8231, 8242, 8252, 8262, 8270, 8280,
    8290, 8300, 8310, 8318, 8326, 8336, 8344, 8352, 8362, 8373, 8384, 8395, 8406, 8416, 8427, 8438,
    8449, 8460, 8471, 8481, 8490, 8500, 8509, 8520, 8529, 8539, 8547, 8558, 8566, 8574, 8585, 8596,
    8605, 8616, 8627, 8634, 8645, 8655, 8660, 8671, 8682, 8693, 8702, 8712, 8723, 8729, 8738, 8749,
    8758, 8765, 8776, 8786, 8794, 8802, 8813, 8824, 8834, 8843, 8853, 8863, 8874, 8883, 8891, 8901,
    8910, 8920, 8931, 8940, 8948, 8956, 8966, 8977, 8988, 8999, 9008, 9017, 9028, 9039, 9050, 9058,
    9069, 9076, 9083, 9091, 9098, 9106, 9113, 9124, 9135, 9142, 9149, 9157, 9167, 9173, 9178, 9183,
    9188, 9196, 9203, 9212, 9221, 9228, 9235, 9246, 9255, 9266, 9273, 9282, 9289, 9295, 9303, 9309,
    9317, 9325, 9332, 9338, 9344, 9355, 9366, 9376, 9386, 9394, 9403, 9412, 9420, 9427, 9434, 9441,
    9449, 9457, 9464, 9473, 9484, 9494, 9504, 9511, 9520, 9529, 9538, 9545, 9552, 9559, 9564, 9569,
    9574, 9583, 9590, 9596, 9602, 9608, 9614, 9621, 9629, 9638, 9647, 9653, 9659, 9668, 9679, 9687,
    9696, 9704, 9710, 9716, 9725, 9734, 9740, 9745, 9753, 9759, 9768, 9776, 9783, 9789, 9799, 9808,
    9816, 9821, 9828, 9837, 9847, 9853, 9859, 9865, 9873, 9881, 9888, 9896, 9905, 9911, 9918, 9926,
    9932, 9937, 9942, 9950, 9958, 9969, 9977, 9982, 9987, 9997, 10005, 10014, 10022, 10033, 10039, 10045,
    10053, 10060, 10066, 10074, 10082, 10091, 10099, 10106, 10114, 10120, 10128, 10136, 10144, 10153, 10161, 10168,
    10174, 10180, 10186, 10193, 10199, 10205, 10211, 10218, 10223, 10230, 10237, 10245, 10254, 10259, 10266, 10272,
    10277, 10282, 10289, 10297, 10304, 10311, 10318, 10324, 10329, 10336, 10345, 10353, 10358, 10363, 10370, 10375,
    10384, 10389, 10396, 10405, 10411, 10417, 10422, 10429, 10438, 10443, 10451, 10458, 10467, 10472, 10479, 10488,
    10493, 10498, 10504, 10511, 10517, 10524, 10529, 10535, 10542, 10548, 10557, 10566, 10574, 10584, 10593, 10602,
    10607, 10615, 10626, 10635, 10642, 10653, 10659, 10664, 10669, 10677, 10686, 10693, 10701, 10711, 10720, 10728,
    10738, 10749, 10757, 10766, 10777, 10784, 10790, 10799, 10805, 10814, 10825, 10831, 10841, 10849, 10858, 10863,
    10869, 10876, 10885, 10892, 10902, 10911, 10922, 10928, 10935, 10941, 10949, 10957, 10964, 10972, 10979, 10988,
    10999, 11009, 11020, 11031, 11041, 11051, 11062, 11073, 11079, 11090, 11096, 11103, 11109, 11120, 11128, 11135,
    11144, 11154, 11161, 11169, 11177, 11187, 11195, 11203, 11211, 11221, 11231, 11239, 11249, 11259, 11269, 11278,
    11288, 11296, 11306, 11317, 11325, 11331, 11337, 11346, 11355, 11365, 11373, 11381, 11390, 11399, 11407, 11413,
    11422, 11428, 11433, 11438, 11446, 11454, 11463, 11474, 11481, 11489, 11500, 11511, 11518, 11526, 11532, 11540,
    11548, 11558, 11568, 11573, 11580, 11587, 11596, 11604, 11612, 11622, 11631, 11641, 11651, 11661, 11666, 11677,
    11686, 11695, 11705, 11716, 11727, 11738, 11747, 11757, 11767, 11778, 11789, 11797, 11806, 11815, 11823, 11828,
    11833, 11841, 11851, 11858, 11867, 11876, 11884, 11895, 11904, 11912, 11922, 11933, 11944, 11952, 11961, 11972,
    11981, 11990, 11996, 12006, 12016, 12025, 12032, 12039, 12048, 12056, 12061, 12068, 12077, 12086, 12092, 12099,
    12105, 12113, 12120, 12129, 12139, 12148, 12158, 12167, 12176, 12181, 12188, 12194, 12200, 12207, 12216, 12224,
    12229, 12235, 12240, 12247, 12252, 12260, 12269, 12275, 12281, 12289, 12295, 12304, 12313, 12322, 12331, 12338,
    12347, 12354, 12363, 12369, 12375, 12382, 12390, 12396, 12405, 12414, 12419, 12428, 12437, 12446, 12451, 12458,
    12467, 12475, 12481, 12486, 12494, 12500, 12505, 12513, 12519, 12525, 12531, 12538, 12546, 12551, 12556, 12561,
    12566, 12571, 12579, 12585, 12593, 12602, 12609, 12617, 12622, 12632, 12641, 12648, 12653, 12659, 12664, 12670,
    12679, 12685, 12691, 12700, 12709, 12717, 12723, 12729, 12734, 12742, 12751, 12762, 12767, 12774, 12781, 12786,
    12792, 12802, 12807, 12815, 12823, 12833, 12843, 12851, 12861, 12869, 12874, 12880, 12885, 12892, 12902, 12909,
    12917, 12925, 12935, 12944, 12954, 12963, 12971, 12977, 12985, 12994, 13005, 13012, 13017, 13026, 13035, 13042,
    13049, 13058, 13066, 13072, 13080, 13087, 13096, 13107, 13116, 13125, 13134, 13143, 13152, 13162, 13171, 13178,
    13185, 13191, 13197, 13207, 13213, 13219, 13227, 13234, 13242, 13252, 13260, 13270, 13280, 13288, 13297, 13302,
    13310, 13318, 13326, 13335, 13342, 13351, 13360, 13371, 13377, 13387, 13397, 13408, 13417, 13424, 13434, 13444,
    13450, 13457, 13468, 13477, 13485, 13493, 13503, 13510, 13521, 13532, 13541, 13550, 13561, 13572, 13581, 13588,
    13597, 13603, 13612, 13617, 13624, 13629, 13638, 13646, 13655, 13664, 13674, 13681, 13692, 13701, 13707, 13712,
    13717, 13723, 13731, 13737, 13746, 13753, 13759, 13767, 13777, 13783, 13790, 13797, 13804, 13813, 13822, 13829,
    13839, 13849, 13856, 13863, 13872, 13883, 13894, 13900, 13908, 13914, 13923, 13928, 13938, 13947, 13955, 13966,
    13976, 13984, 13991, 14000, 14011, 14021, 14031, 14038, 14048, 14058, 14068, 14078, 14087, 14098, 14106, 14117,
    14123, 14133, 14138, 14145, 14155, 14166, 14174, 14185, 14196, 14206, 14214, 14223, 14233, 14243, 14250, 14257,
    14268, 14277, 14288, 14298, 14305, 14314, 14323, 14334, 14345, 14353, 14358, 14363, 14370, 14375, 14382, 14391,
    14398, 14406, 14414, 14422, 14427, 14434, 14442, 14450, 14456, 14465, 14471, 14480, 14485, 14492, 14500, 14506,
    14511, 14520, 14527, 14534, 14540, 14547, 14555, 14564, 14570, 14577, 14585, 14593, 14601, 14609, 14617, 14622,
    14629, 14637, 14643, 14649, 14655, 14664, 14674, 14679, 14685, 14693, 14701, 14710, 14718, 14729, 14738, 14746,
    14755, 14766, 14773, 14778, 14785, 14794, 14803, 14812, 14818, 14826, 14836, 14842, 14852, 14861, 14867, 14874,
    14880, 14885, 14891, 14896, 14902, 14908, 14916, 14925, 14932, 14940, 14946, 14952, 14960, 14969, 14976, 14985,
    14990, 14995, 15002, 15011, 15019, 15027, 15037, 15044, 15051, 15060, 15070, 15076, 15085, 15090, 15097, 15107,
    15115, 15123, 15131, 15141, 15148, 15153, 15159, 15167, 15174, 15182, 15187, 15195, 15203, 15214, 15219, 15226,
    15234, 15243, 15249, 15255, 15261, 15267, 15276, 15282, 15289, 15297, 15302, 15308, 15316, 15322, 15331, 15336,
    15342, 15348, 15355, 15361, 15366, 15375, 15384, 15390, 15399, 15405, 15410, 15416, 15425, 15433, 15442, 15452,
    15460, 15466, 15472, 15478, 15483, 15489, 15496, 15501, 15510, 15515, 15522, 15530, 15536, 15546, 15556, 15561,
    15566, 15574, 15585, 15593, 15603, 15609, 15614, 15623, 15633, 15642, 15650, 15659, 15665, 15670, 15677, 15687,
    15694, 15702, 15708, 15717, 15725, 15731, 15737, 15745, 15752, 15759, 15764, 15775, 15783, 15792, 15801, 15810,
    15817, 15824, 15833, 15842, 15851, 15861, 15871, 15879, 15886, 15896, 15903, 15913, 15922, 15933, 15939, 15945,
    15955, 15963, 15973, 15981, 15991, 15999, 16007, 16016, 16024, 16031, 16041, 16050, 16061, 16070, 16077, 16084,
    16093, 16104, 16110, 16117, 16122, 16131, 16137, 16143, 16148, 16157, 16164, 16171, 16180, 16188, 16199, 16205,
    16213, 16220, 16225, 16231, 16239, 16249, 16254, 16259, 16266, 16271, 16278, 16286, 16291, 16298, 16303, 16311,
    16318, 16325, 16334, 16339, 16346, 16352, 16359, 16368, 16375, 16383, 16393, 16401, 16408, 16416, 16423, 16432,
    16437, 16446, 16452, 16460, 16470, 16476, 16481, 16489, 16494, 16499, 16506, 16514, 16525, 16535, 16543, 16554,
    16562, 16571, 16578, 16585, 16594, 16601, 16607, 16617, 16623, 16633, 16641, 16650, 16661, 16670, 16678, 16686,
    16694, 16702, 16708, 16715, 16721, 16727, 16733, 16740, 16745, 16753, 16758, 16765, 16776, 16785, 16791, 16798,
    16806, 16811, 16819, 16826, 16834, 16842, 16848, 16856, 16864, 16870, 16876, 16887, 16893, 16901, 16909, 16914,
    16921, 16932, 16937, 16945, 16951, 16960, 16968, 16973, 16981, 16989, 16998, 17007, 17013, 17020, 17026, 17031,
    17039, 17046, 17053, 17060, 17071, 17080, 17090, 17101, 17110, 17115, 17120, 17126, 17132, 17140, 17149, 17160,
    17169, 17176, 17182, 17190, 17198, 17206, 17215, 17223, 17230, 17236, 17242, 17251, 17257, 17263, 17273, 17280,
    17287, 17297, 17305, 17310, 17317, 17327, 17334, 17340, 17346, 17353, 17364, 17371, 17381, 17390, 17398, 17406,
    17411, 17416, 17422, 17430, 17439, 17445, 17454, 17459, 17467, 17473, 17480, 17486, 17494, 17500, 17506, 17514,
    17521, 17531, 17540, 17550, 17559, 17565, 17574, 17580, 17586, 17592, 17599, 17609, 17617, 17622, 17630, 17635,
    17640, 17651, 17657, 17665, 17672, 17677, 17685, 17691, 17696, 17705, 17713, 17723, 17731, 17736, 17741, 17747,
    17755, 17764, 17771, 17778, 17788, 17796, 17804, 17813, 17821, 17830, 17838, 17847, 17853, 17859, 17867, 17876,
    17881, 17891, 17901, 17912, 17919, 17927, 17936, 17945, 17951, 17956, 17963, 17971, 17979, 17986, 17995, 18004,
    18012, 18023, 18030, 18035, 18042, 18051, 18057, 18062, 18069, 18074, 18080, 18087, 18093, 18099, 18108, 18116,
    18122, 18129, 18135, 18144, 18151, 18159, 18168, 18176, 18184, 18195, 18200, 18208, 18218, 18225, 18232, 18240,
    18248, 18256, 18262, 18269, 18276, 18282, 18287, 18295, 18300, 18307, 18318, 18324, 18331, 18339, 18350, 18356,
    18366, 18373, 18381, 18390, 18395, 18400, 18409, 18416, 18423, 18431, 18442, 18447, 18454, 18464, 18474, 18484,
    18492, 18497, 18504, 18512, 18518, 18524, 18529, 18534, 18543, 18553, 18561, 18568, 18575, 18583, 18588, 18593,
    18599, 18606, 18614, 18620, 18627, 18635, 18640, 18648, 18656, 18663, 18673, 18680, 18690, 18695, 18702, 18713,
    18722, 18731, 18737, 18746, 18755, 18764, 18775, 18784, 18792, 18802, 18811, 18820, 18828, 18833, 18839, 18846,
    18854, 18862, 18869, 18880, 18888, 18893, 18900, 18906, 18911, 18920, 18928, 18936, 18946, 18952, 18958, 18968,
    18976, 18984, 18991, 18996, 19001, 19006, 19013, 19020, 19025, 19030, 19035, 19046, 19055, 19062, 19071, 19080,
    19086, 19093, 19101, 19111, 19119, 19126, 19133, 19144, 19152, 19162, 19168, 19176, 19184, 19192, 19199, 19206,
    19216, 19225, 19233, 19238, 19243, 19253, 19264, 19272, 19280, 19285, 19291, 19297, 19306, 19315, 19321, 19326,
    19331, 19340, 19350, 19359, 19367, 19376, 19384, 19394, 19402, 19407, 19417, 19426, 19433, 19442, 19449, 19460,
    19471, 19480, 19490, 19501, 19512, 19523, 19531, 19541, 19551, 19561, 19571, 19576, 19586, 19595, 19605, 19612,
    19621, 19630, 19640, 19646, 19654, 19665, 19676, 19686, 19697, 19703, 19714, 19725, 19735, 19744, 19755, 19766,
    19775, 19785, 19794, 19803, 19812, 19822, 19832, 19842, 19849, 19859, 19868, 19879, 19887, 19896, 19907, 19918,
    19928, 19935, 19945, 19952, 19960, 19970, 19979, 19990, 19996, 20004, 20013, 20020, 20031, 20038, 20046, 20054,
    20064, 20075, 20085, 20096, 20105, 20113, 20122, 20132, 20143, 20154, 20165, 20173, 20180, 20190, 20198, 20206,
    20213, 20222, 20232, 20242, 20252, 20262, 20272, 20281, 20291, 20299, 20308, 20317, 20328, 20338, 20349, 20358,
    20368, 20377, 20386, 20392, 20402, 20410, 20419, 20429, 20439, 20449, 20460, 20469, 20480, 20487, 20492, 20497,
    20505, 20511, 20519, 20525, 20531, 20542, 20552, 20563, 20570, 20576, 20583, 20588, 20594, 20601, 20606, 20616,
    20624, 20630, 20638, 20647, 20655, 20661, 20666, 20672, 20679, 20687, 20695, 20702, 20707, 20714, 20719, 20727,
    20736, 20742, 20750, 20759, 20767, 20773, 20780, 20785, 20790, 20799, 20804, 20809, 20819, 20825, 20831, 20838,
    20847, 20854, 20860, 20867, 20877, 20883, 20893, 20901, 20907, 20914, 20919, 20926, 20934, 20943, 20951, 20957,
    20963, 20969, 20975, 20984, 20990, 20995, 21002, 21009, 21016, 21027, 21038, 21046, 21052, 21060, 21070, 21077,
    21085, 21094, 21104, 21111, 21117, 21124, 21129, 21136, 21144, 21153, 21158, 21165, 21172, 21177, 21185, 21194,
    21199, 21207, 21216, 21223, 21232, 21239, 21247, 21254, 21260, 21266, 21274, 21285, 21290, 21297, 21305, 21312,
    21318, 21326, 21334, 21343, 21350, 21357, 21364, 21373, 21378, 21386, 21397, 21404, 21411, 21419, 21428, 21436,
    21445, 21450, 21458, 21466, 21471, 21478, 21484, 21490, 21495, 21501, 21508, 21513, 21522, 21531, 21536, 21544,
    21554, 21559, 21564, 21569, 21576, 21581, 21589, 21596, 21602, 21608, 21619, 21626, 21631, 21636, 21643, 21648,
    21658, 21664, 21669, 21677, 21682, 21687, 21698, 21708, 21714, 21722, 21731, 21740, 21750, 21755, 21764, 21772,
    21779, 21785, 21791, 21796, 21804, 21811, 21818, 21827, 21834, 21843, 21853, 21861, 21868, 21873, 21878, 21887,
    21895, 21902, 21908, 21915, 21922, 21933, 21941, 21946, 21953, 21958, 21966, 21971, 21980, 21986, 21992, 22000,
    22006, 22014, 22023, 22031, 22040, 22046, 22054, 22061, 22068, 22075, 22086, 22091, 22096, 22106, 22112, 22120,
    22126, 22131, 22138, 22146, 22153, 22160, 22165, 22170, 22179, 22185, 22193, 22201, 22208, 22216, 22224, 22232,
    22238, 22247, 22252, 22257, 22263, 22273, 22283, 22291, 22296, 22307, 22318, 22326, 22334, 22344, 22352, 22358,
    22366, 22374, 22382, 22387, 22398, 22408, 22417, 22422, 22430, 22441, 22450, 22460, 22471, 22478, 22483, 22488,
    22493, 22503, 22514, 22522, 22531, 22539, 22547, 22553, 22559, 22566, 22575, 22582, 22588, 22594, 22599, 22608,
    22615, 22622, 22629, 22638, 22648, 22656, 22665, 22673, 22684, 22692, 22702, 22713, 22719, 22726, 22733, 22743,
    22753, 22760, 22767, 22773, 22781, 22787, 22792, 22798, 22806, 22815, 22824, 22833, 22840, 22848, 22859, 22865,
    22870, 22876, 22884, 22890, 22900, 22906, 22913, 22924, 22931, 22941, 22949, 22957, 22965, 22970, 22975, 22980,
    22986, 22993, 22998, 23003, 23011, 23017, 23027, 23038, 23045, 23052, 23058, 23067, 23075, 23081, 23086, 23091,
    23099, 23104, 23111, 23116, 23121, 23127, 23132, 23137, 23142, 23149, 23160, 23167, 23173, 23179, 23184, 23190,
    23200, 23210, 23216, 23223, 23231, 23239, 23247, 23254, 23260, 23269, 23278, 23289, 23296, 23306, 23313, 23321,
    23327, 23336, 23347, 23355, 23364, 23371, 23377, 23384, 23391, 23399, 23409, 23414, 23420, 23425, 23432, 23438,
    23443, 23454, 23462, 23473, 23482, 23490, 23500, 23509, 23515, 23525, 23535, 23542, 23550, 23558, 23564, 23572,
    23579, 23586, 23593, 23604, 23610, 23618, 23627, 23634, 23641, 23650, 23655, 23662, 23668, 23678, 23685, 23693,
    23700, 23710, 23718, 23724, 23733, 23741, 23748, 23757, 23765, 23772, 23779, 23787, 23796, 23803, 23813, 23818,
    23823, 23829, 23838, 23846, 23853, 23861, 23869, 23875, 23884, 23894, 23900, 23906, 23913, 23920, 23927, 23935,
    23944, 23953, 23961, 23969, 23974, 23980, 23986, 23991, 24000, 24010, 24017, 24022, 24030, 24036, 24045, 24055,
    24063, 24073, 24078, 24088, 24098, 24104, 24111, 24121, 24130, 24138, 24147, 24158, 24167, 24178, 24185, 24193,
    24203, 24211, 24218, 24227, 24235, 24246, 24255, 24260, 24267, 24276, 24283, 24291, 24298, 24308, 24316, 24323,
    24328, 24337, 24345, 24351, 24360, 24367, 24373, 24378, 24383, 24391, 24401, 24411, 24419, 24430, 24439, 24448,
    24455, 24461, 24469, 24479, 24485, 24493, 24504, 24512, 24519, 24525, 24533, 24542, 24549, 24560, 24571, 24581,
    24591, 24600, 24609, 24615, 24622, 24630, 24636, 24644, 24654, 24659, 24665, 24673, 24683, 24692, 24701, 24709,
    24714, 24725, 24732, 24740, 24746, 24751, 24758, 24768, 24776, 24784, 24789, 24799, 24807, 24814, 24823, 24832,
    24842, 24851, 24858, 24863, 24869, 24877, 24885, 24892, 24903, 24910, 24918, 24929, 24938, 24946, 24953, 24962,
    24969, 24978, 24984, 24991, 24999, 25006, 25015, 25020, 25029, 25039, 25048, 25055, 25062, 25071, 25080, 25089,
    25094, 25103, 25109, 25118, 25124, 25131, 25140, 25150, 25157, 25163, 25174, 25181, 25190, 25197, 25205, 25213,
    25219, 25230, 25238, 25247, 25256, 25262, 25272, 25278, 25284, 25291, 25300, 25307, 25312, 25319, 25326, 25334,
    25342, 25348, 25357, 25363, 25373, 25380, 25389, 25396, 25403, 25410, 25416, 25423, 25432, 25437, 25443, 25450,
    25457, 25468, 25475, 25486, 25492, 25498, 25507, 25516, 25525, 25531, 25537, 25546, 25552, 25557, 25566, 25577,
    25586, 25596, 25603, 25609, 25616, 25625, 25632, 25639, 25646, 25653, 25662, 25670, 25679, 25686, 25694, 25702,
    25709, 25718, 25723, 25731, 25739, 25746, 25756, 25761, 25769, 25775, 25782, 25788, 25794, 25800, 25807, 25816,
    25826, 25835, 25842, 25847, 25857, 25866, 25873, 25878, 25886, 25893, 25900, 25911, 25916, 25925, 25935, 25945,
    25954, 25961, 25967, 25976, 25984, 25995, 26004, 26014, 26021, 26026, 26032, 26039, 26044, 26051, 26056, 26061,
    26069, 26080, 26087, 26094, 26102, 26112, 26119, 26127, 26138, 26148, 26155, 26161, 26169, 26174, 26180, 26189,
    26196, 26205, 26214, 26220, 26229, 26239, 26249, 26254, 26259, 26264, 26275, 26282, 26288, 26294, 26301, 26310,
    26316, 26321, 26327, 26333, 26340, 26345, 26350, 26356, 26364, 26375, 26383, 26388, 26398, 26407, 26412, 26419,
    26427, 26434, 26441, 26448, 26458, 26467, 26477, 26484, 26494, 26499, 26509, 26517, 26523, 26532, 26540, 26547,
    26554, 26559, 26564, 26573, 26581, 26590, 26599, 26607, 26615, 26624, 26629, 26637, 26645, 26653, 26662, 26672,
    26680, 26686, 26691, 26701, 26709, 26719, 26729, 26740, 26749, 26759, 26768, 26778, 26789, 26800, 26806, 26814,
    26819, 26827, 26835, 26844, 26852, 26862, 26871, 26879, 26888, 26895, 26905, 26910, 26915, 26924, 26931, 26940,
    26946, 26952, 26958, 26964, 26972, 26979, 26987, 26998, 27008, 27017, 27025, 27034, 27043, 27054, 27065, 27072,
    27081, 27089, 27096, 27103, 27108, 27115, 27121, 27129, 27139, 27148, 27158, 27167, 27174, 27182, 27191, 27201,
    27208, 27217, 27226, 27234, 27242, 27249, 27255, 27263, 27269, 27274, 27281, 27289, 27295, 27304, 27312, 27321,
    27328, 27335, 27342, 27349, 27357, 27365, 27372, 27380, 27389, 27398, 27408, 27413, 27418, 27426, 27435, 27444,
    27452, 27461, 27470, 27480, 27490, 27499, 27508, 27519, 27525, 27535, 27542, 27548, 27555, 27562, 27567, 27575,
    27583, 27593, 27600, 27608, 27613, 27619, 27625, 27633, 27639, 27645, 27653, 27662, 27670, 27680, 27687, 27697,
    27705, 27712, 27719, 27725, 27734, 27740, 27746, 27754, 27760, 27765, 27775, 27782, 27792, 27802, 27809, 27818,
    27827, 27835, 27845, 27854, 27864, 27873, 27882, 27889, 27896, 27907, 27914, 27921, 27929, 27935, 27946, 27953,
    27960, 27968, 27976, 27985, 27996, 28005, 28015, 28023, 28029, 28035, 28043, 28053, 28061, 28069, 28077, 28086,
    28095, 28101, 28107, 28116, 28123, 28129, 28136, 28146, 28154, 28163, 28171, 28179, 28190, 28197, 28204, 28212,
    28218, 28223, 28229, 28238, 28247, 28255, 28264, 28271, 28279, 28287, 28293, 28299, 28304, 28312, 28318, 28326,
    28332, 28343, 28348, 28353, 28358, 28366, 28373, 28381, 28391, 28397, 28405, 28414, 28422, 28429, 28440, 28451,
    28457, 28467, 28478, 28488, 28499, 28507, 28517, 28524, 28535, 28545, 28556, 28563, 28569, 28577, 28586, 28596,
    28602, 28607, 28612, 28623, 28632, 28642, 28648, 28656, 28665, 28671, 28682, 28693, 28704, 28712, 28718, 28729,
    28736, 28746, 28754, 28765, 28771, 28779, 28786, 28793, 28801, 28807, 28814, 28821, 28828, 28833, 28839, 28850,
    28857, 28864, 28870, 28876, 28886, 28891, 28896, 28901, 28909, 28918, 28924, 28931, 28938, 28945, 28953, 28962,
    28973, 28978, 28984, 28990, 28996, 29006, 29013, 29023, 29030, 29038, 29047, 29058, 29067, 29074, 29081, 29089,
    29097, 29105, 29114, 29123, 29131, 29138, 29149, 29157, 29166, 29174, 29180, 29189, 29198, 29207, 29214, 29221,
    29226, 29231, 29240, 29247, 29252, 29261, 29271, 29278, 29285, 29290, 29297, 29305, 29315, 29321, 29328, 29333,
    29343, 29350, 29357, 29368, 29377, 29383, 29393, 29398, 29406, 29411, 29416, 29421, 29426, 29434, 29439, 29447,
    29453, 29464, 29475, 29485, 29491, 29496, 29505, 29512, 29519, 29529, 29537, 29546, 29552, 29561, 29571, 29582,
    29591, 29602, 29607, 29614, 29623, 29632, 29643, 29652, 29660, 29667, 29675, 29683, 29693, 29700, 29710, 29718,
    29726, 29735, 29743, 29750, 29757, 29763, 29772, 29779, 29787, 29794, 29800, 29807, 29816, 29826, 29836, 29845,
    29855, 29864, 29875, 29886, 29896, 29906, 29915, 29924, 29932, 29937, 29947, 29957, 29966, 29976, 29985, 29996,
    30006, 30015, 30024, 30033, 30044, 30055, 30066, 30077, 30085, 30090, 30096, 30104, 30110, 30117, 30125, 30132,
    30142, 30151, 30161, 30171, 30181, 30189, 30198, 30207, 30216, 30224, 30232, 30242, 30248, 30257, 30267, 30273,
    30281, 30291, 30302, 30311, 30322, 30333, 30343, 30352, 30363, 30374, 30384, 30392, 30400, 30411, 30420, 30431,
    30442, 30450, 30459, 30469, 30476, 30482, 30493, 30502, 30511, 30520, 30531, 30540, 30546, 30557, 30566, 30577,
    30586, 30597, 30608, 30618, 30626, 30637, 30646, 30656, 30667, 30676, 30685, 30696, 30707, 30717, 30723, 30729,
    30736, 30747, 30755, 30766, 30771, 30781, 30791, 30802, 30807, 30815, 30820, 30828, 30833, 30839, 30847, 30853,
    30864, 30871, 30876, 30882, 30889, 30895, 30904, 30915, 30921, 30928, 30935, 30943, 30949, 30957, 30965, 30973,
    30979, 30987, 30994, 31002, 31009, 31015, 31021, 31026, 31037, 31045, 31054, 31062, 31073, 31080, 31090, 31099,
    31107, 31114, 31121, 31132, 31138, 31144, 31153, 31159, 31165, 31171, 31176, 31186, 31192, 31198, 31205, 31210,
    31217, 31224, 31231, 31238, 31243, 31249, 31259, 31267, 31273, 31280, 31285, 31290, 31299, 31305, 31313, 31321,
    31330, 31336, 31344, 31352, 31358, 31363, 31369, 31374, 31381, 31389, 31396, 31401, 31407, 31414, 31419, 31429,
    31435, 31442, 31452, 31458, 31464, 31473, 31482, 31490, 31497, 31507, 31515, 31521, 31528, 31536, 31544, 31550,
    31555, 31565, 31573, 31583, 31591, 31602, 31609, 31618, 31627, 31634, 31644, 31653, 31663, 31670, 31680, 31689,
    31699, 31708, 31719, 31727, 31737, 31748, 31757, 31767, 31772, 31777, 31782, 31790, 31800, 31811, 31820, 31831,
    31838, 31846, 31854, 31861, 31869, 31876, 31883, 31892, 31899, 31906, 31915, 31924, 31935, 31943, 31951, 31962,
    31973, 31983, 31993, 31998, 32004, 32014, 32024, 32033, 32044, 32050, 32058, 32068, 32077, 32084, 32093, 32103,
    32114, 32124, 32132, 32139, 32146, 32153, 32162, 32169, 32177, 32184, 32194, 32202, 32213, 32220, 32228, 32235,
    32242, 32252, 32262, 32269, 32277, 32283, 32292, 32302, 32313, 32324, 32335, 32343, 32350, 32361, 32372, 32381,
    32391, 32397, 32407, 32417, 32426, 32435, 32443, 32454, 32460, 32471, 32482, 32490, 32500, 32510, 32517, 32526,
    32535, 32544, 32555, 32565, 32572, 32579, 32588, 32597, 32607, 32618, 32626, 32632, 32639, 32647, 32657, 32668,
    32676, 32684, 32693, 32702, 32710, 32717, 32726, 32734, 32741, 32752, 32759, 32768, 32777, 32783, 32790, 32796,
    32803, 32810, 32815, 32826, 32833, 32842, 32847, 32852, 32858, 32864, 32871, 32877, 32882, 32888, 32894, 32902,
    32908, 32913, 32918, 32925, 32930, 32935, 32942, 32950, 32960, 32966, 32974, 32980, 32988, 32998, 33007, 33016,
    33026, 33033, 33041, 33048, 33054, 33059, 33066, 33074, 33082, 33091, 33098, 33107, 33113, 33121, 33128, 33137,
    33143, 33153, 33161, 33167, 33172, 33177, 33186, 33191, 33198, 33205, 33214, 33219, 33225, 33231, 33237, 33244,
    33252, 33258, 33266, 33273, 33281, 33289, 33294, 33300, 33308, 33314, 33321, 33327, 33335, 33342, 33350, 33357,
    33364, 33371, 33379, 33387, 33395, 33400, 33405, 33412, 33420, 33429, 33434, 33445, 33455, 33462, 33470, 33477,
    33487, 33494, 33499, 33504, 33512, 33519, 33525, 33530, 33536, 33543, 33549, 33558, 33568, 33574, 33581, 33587,
    33593, 33598, 33605, 33614, 33622, 33632, 33637, 33644, 33653, 33660, 33668, 33676, 33686, 33696, 33705, 33710,
    33721, 33727, 33736, 33743, 33749, 33757, 33763, 33773, 33780, 33789, 33796, 33802, 33808, 33813, 33821, 33828,
    33837, 33842, 33850, 33857, 33863, 33870, 33876, 33883, 33889, 33897, 33902, 33910, 33918, 33927, 33933, 33939,
    33947, 33956, 33964, 33970, 33979, 33990, 33997, 34005, 34013, 34023, 34031, 34041, 34050, 34056, 34064, 34070,
    34077, 34084, 34092, 34099, 34108, 34114, 34123, 34132, 34138, 34149, 34159, 34169, 34180, 34186, 34196, 34203,
    34209, 34218, 34228, 34233, 34241, 34246, 34253, 34261, 34270, 34278, 34284, 34292, 34302, 34310, 34320, 34328,
    34335, 34343, 34352, 34358, 34363, 34370, 34378, 34386, 34394, 34404, 34409, 34417, 34425, 34434, 34443, 34451,
    34458, 34466, 34474, 34481, 34491, 34497, 34505, 34515, 34522, 34531, 34541, 34547, 34556, 34567, 34577, 34584,
    34593, 34601, 34610, 34617, 34624, 34631, 34637, 34645, 34652, 34661, 34669, 34678, 34683, 34691, 34702, 34711,
    34717, 34727, 34735, 34743, 34752, 34759, 34765, 34772, 34779, 34786, 34794, 34801, 34808, 34814, 34819, 34825,
    34833, 34839, 34847, 34853, 34861, 34870, 34878, 34884, 34892, 34898, 34906, 34912, 34918, 34924, 34932, 34938,
    34943, 34949, 34955, 34965, 34972, 34978, 34986, 34994, 35003, 35011, 35020, 35028, 35035, 35044, 35050, 35058,
    35067, 35076, 35082, 35088, 35094, 35100, 35108, 35117, 35126, 35135, 35141, 35150, 35157, 35165, 35174, 35183,
    35190, 35199, 35206, 35214, 35221, 35228, 35235, 35244, 35253, 35261, 35269, 35278, 35287, 35294, 35300, 35307,
    35314, 35320, 35330, 35340, 35348, 35356, 35364, 35369, 35375, 35381, 35388, 35399, 35405, 35412, 35423, 35431,
    35442, 35452, 35461, 35471, 35478, 35486, 35494, 35503, 35511, 35518, 35525, 35530, 35538, 35548, 35556, 35562,
    35568, 35573, 35579, 35587, 35596, 35603, 35610, 35616, 35624, 35631, 35639, 35645, 35651, 35657, 35663, 35668,
    35674, 35679, 35685, 35691, 35701, 35709, 35718, 35725, 35731, 35737, 35743, 35750, 35755, 35762, 35768, 35773,
    35781, 35787, 35793, 35799, 35808, 35817, 35823, 35831, 35837, 35843, 35851, 35858, 35868, 35874, 35880, 35886,
    35891, 35897, 35904, 35909, 35914, 35919, 35926, 35936, 35946, 35954, 35964, 35971, 35976, 35983, 35988, 35994,
    36003, 36012, 36017, 36025, 36030, 36040, 36051, 36060, 36068, 36077, 36085, 36093, 36102, 36110, 36119, 36129,
    36140, 36146, 36153, 36163, 36168, 36175, 36183, 36188, 36197, 36208, 36213, 36220, 36230, 36240, 36250, 36258,
    36269, 36279, 36285, 36290, 36298, 36304, 36314, 36322, 36331, 36337, 36348, 36358, 36366, 36375, 36384, 36390,
    36400, 36410, 36419, 36426, 36435, 36444, 36452, 36461, 36467, 36474, 36480, 36487, 36493, 36499, 36506, 36512,
    36521, 36528, 36536, 36546, 36552, 36559, 36565, 36573, 36583, 36590, 36598, 36604, 36610, 36620, 36626, 36633,
    36639, 36649, 36655, 36664, 36671, 36676, 36683, 36692, 36699, 36706, 36714, 36723, 36733, 36740, 36746, 36754,
    36760, 36766, 36774, 36784, 36794, 36801, 36808, 36815, 36824, 36831, 36837, 36844, 36853, 36862, 36873, 36882,
    36890, 36898, 36905, 36911, 36919, 36928, 36936, 36947, 36956, 36962, 36972, 36979, 36988, 36999, 37006, 37013,
    37021, 37027, 37034, 37040, 37049, 37057, 37063, 37070, 37076, 37085, 37091, 37098, 37103, 37111, 37117, 37124,
    37133, 37139, 37149, 37157, 37165, 37171, 37178, 37184, 37193, 37199, 37205, 37214, 37221, 37231, 37238, 37244,
    37252, 37258, 37264, 37273, 37279, 37287, 37294, 37300, 37310, 37316, 37325, 37332, 37339, 37346, 37355, 37361,
    37370, 37381, 37387, 37394, 37404, 37411, 37420, 37427, 37438, 37446, 37455, 37463, 37471, 37481, 37490, 37497,
    37504, 37514, 37523, 37530, 37538, 37545, 37554, 37560, 37566, 37576, 37582, 37590, 37600, 37611, 37622, 37629,
    37640, 37648, 37658, 37669, 37679, 37686, 37693, 37704, 37714, 37722, 37728, 37738, 37744, 37755, 37763, 37772,
    37778, 37787, 37794, 37802, 37809, 37816, 37823, 37834, 37845, 37854, 37862, 37869, 37878, 37887, 37896, 37906,
    37917, 37924, 37935, 37944, 37954, 37964, 37975, 37985, 37993, 38001, 38009, 38017, 38025, 38033, 38042, 38052,
    38059, 38068, 38075, 38084, 38093, 38099, 38107, 38116, 38127, 38137, 38144, 38152, 38158, 38166, 38171, 38176,
    38185, 38193, 38202, 38209, 38217, 38226, 38237, 38245, 38254, 38260, 38269, 38278, 38284, 38290, 38300, 38306,
    38313, 38320, 38329, 38338, 38347, 38357, 38365, 38375, 38384, 38391, 38401, 38411, 38420, 38427, 38433, 38440,
    38447, 38454, 38459, 38467, 38474, 38480, 38487, 38496, 38503, 38510, 38518, 38526, 38532, 38538, 38544, 38550,
    38557, 38563, 38568, 38575, 38584, 38589, 38597, 38602, 38607, 38614, 38619, 38628, 38634, 38642, 38647, 38654,
    38661, 38670, 38675, 38684, 38691, 38699, 38708, 38717, 38725, 38731, 38737, 38745, 38755, 38766, 38776, 38787,
    38793, 38802, 38808, 38814, 38821, 38829, 38838, 38848, 38858, 38868, 38879, 38887, 38894, 38903, 38910, 38919,
    38929, 38940, 38947, 38956, 38963, 38973, 38980, 38986, 38994, 39000, 39007, 39014, 39023, 39029, 39037, 39045,
    39055, 39065, 39075, 39081, 39090, 39096, 39106, 39116, 39124, 39130, 39139, 39147, 39155, 39164, 39171, 39178,
    39186, 39194, 39205, 39211, 39217, 39222, 39231, 39239, 39246, 39256, 39264, 39272, 39280, 39287, 39297, 39303,
    39309, 39316, 39325, 39333, 39339, 39346, 39355, 39362, 39369, 39378, 39386, 39395, 39403, 39412, 39420, 39427,
    39433, 39443, 39452, 39459, 39466, 39472, 39479, 39485, 39493, 39502, 39507, 39515, 39523, 39530, 39535, 39540,
    39545, 39553, 39560, 39565, 39570, 39575, 39582, 39591, 39597, 39603, 39610, 39618, 39625, 39630, 39637, 39646,
    39652, 39658, 39666, 39671, 39677, 39685, 39692, 39698, 39704, 39711, 39721, 39726, 39733, 39738, 39747, 39752,
    39759, 39767, 39772, 39777, 39783, 39789, 39797, 39803, 39808, 39816, 39824, 39831, 39839, 39844, 39849, 39855,
    39865, 39874, 39880, 39888, 39896, 39907, 39913, 39919, 39925, 39934, 39943, 39952, 39959, 39965, 39973, 39981,
    39990, 39999, 40007, 40013, 40023, 40030, 40038, 40048, 40056, 40064, 40072, 40081, 40089, 40098, 40106, 40117,
    40128, 40137, 40148, 40159, 40170, 40180, 40185, 40191, 40198, 40207, 40217, 40228, 40233, 40239, 40247, 40257,
    40266, 40276, 40283, 40288, 40293, 40300, 40306, 40312, 40318, 40327, 40333, 40342, 40350, 40358, 40364, 40372,
    40381, 40389, 40394, 40403, 40411, 40416, 40423, 40431, 40437, 40444, 40451, 40459, 40465, 40470, 40476, 40482,
    40487, 40494, 40502, 40508, 40516, 40522, 40530, 40535, 40542, 40549, 40557, 40565, 40571, 40576, 40581, 40588,
    40596, 40603, 40611, 40622, 40627, 40634, 40642, 40650, 40657, 40665, 40673, 40682, 40689, 40698, 40704, 40712,
    40719, 40729, 40736, 40745, 40751, 40757, 40764, 40772, 40778, 40784, 40789, 40797, 40804, 40812, 40817, 40823,
    40830, 40838, 40848, 40855, 40864, 40875, 40884, 40890, 40900, 40911, 40918, 40926, 40934, 40940, 40946, 40956,
    40965, 40976, 40984, 40991, 40998, 41005, 41012, 41021, 41029, 41035, 41043, 41052, 41058, 41065, 41074, 41082,
    41090, 41097, 41103, 41111, 41117, 41122, 41128, 41134, 41139, 41144, 41152, 41159, 41167, 41176, 41184, 41191,
    41200, 41210, 41221, 41230, 41237, 41246, 41256, 41263, 41269, 41277, 41287, 41295, 41304, 41312, 41319, 41325,
    41334, 41342, 41352, 41360, 41368, 41373, 41381, 41387, 41394, 41400, 41410, 41421, 41432, 41440, 41445, 41450,
    41459, 41466, 41473, 41483, 41493, 41500, 41506, 41514, 41520, 41526, 41531, 41539, 41545, 41553, 41562, 41568,
    41576, 41585, 41592, 41597, 41605, 41616, 41621, 41627, 41637, 41642, 41651, 41658, 41668, 41676, 41682, 41689,
    41700, 41708, 41716, 41726, 41731, 41738, 41746, 41754, 41762, 41771, 41779, 41785, 41795, 41804, 41811, 41818,
    41827, 41834, 41840, 41845, 41856, 41863, 41872, 41880, 41886, 41894, 41905, 41911, 41917, 41923, 41929, 41934,
    41943, 41951, 41962, 41970, 41977, 41987, 41997, 42006, 42012, 42019, 42026, 42031, 42037, 42044, 42050, 42056,
    42063, 42071, 42080, 42087, 42092, 42099, 42105, 42112, 42120, 42128, 42135, 42145, 42152, 42159, 42166, 42176,
    42181, 42188, 42197, 42207, 42215, 42222, 42230, 42237, 42244, 42252, 42257, 42266, 42273, 42281, 42288, 42296,
    42304, 42315, 42321, 42329, 42338, 42348, 42359, 42368, 42377, 42388, 42398, 42405, 42411, 42416, 42423, 42429,
    42434, 42443, 42450, 42457, 42465, 42473, 42480, 42488, 42493, 42499, 42507, 42515, 42523, 42529, 42539, 42545,
    42553, 42560, 42569, 42576, 42582, 42590, 42598, 42606, 42616, 42627, 42636, 42642, 42648, 42656, 42663, 42671,
    42677, 42683, 42694, 42702, 42708, 42713, 42721, 42728, 42736, 42744, 42750, 42758, 42768, 42775, 42781, 42787,
    42792, 42797, 42808, 42817, 42827, 42836, 42844, 42851, 42858, 42865, 42875, 42886, 42894, 42902, 42910, 42915,
    42922, 42928, 42933, 42940, 42948, 42957, 42964, 42969, 42978, 42985, 42995, 43002, 43007, 43015, 43021, 43032,
    43040, 43047, 43052, 43058, 43063, 43074, 43079, 43088, 43094, 43103, 43108, 43118, 43126, 43132, 43139, 43149,
    43157, 43165, 43175, 43184, 43190, 43195, 43204, 43210, 43218, 43224, 43231, 43239, 43248, 43254, 43260, 43269,
    43279, 43286, 43292, 43299, 43308, 43314, 43320, 43328, 43334, 43340, 43345, 43350, 43357, 43362, 43367, 43374,
    43380, 43386, 43394, 43401, 43407, 43417, 43423, 43428, 43435, 43445, 43451, 43457, 43462, 43473, 43481, 43486,
    43491, 43500, 43505, 43512, 43517, 43524, 43529,
};

static const int word_count = 5575;

const char* wordnet_nouns_get_word(int idx) {
    if (idx < 0 || idx >= word_count) return nullptr;
    return words_blob + word_offsets[idx];
}

int wordnet_nouns_get_word_count() {
    return word_count;
}
